,IsolationForest_score,IsolationForest_flag,LOF_score,LOF_flag,OneClassSVM_score,OneClassSVM_flag,EllipticEnvelope_score,EllipticEnvelope_flag,Autoencoder_score,Autoencoder_flag
0,0.247961985637274,0,0.024914631758849774,0,0.26585358852309926,0,0.0005407514020327471,0,6.12022706178575,0
1,0.01804294347237396,0,0.00952040106902711,0,0.18572623985681433,0,9.67769184504314e-05,0,1.884502290354066,0
2,0.10833438939451238,0,0.04017222656027232,0,0.263021898290266,0,0.00017114379375540763,0,3.370566102554394,0
3,0.03372893673144344,0,0.0012287537685712687,0,0.09978584075922159,0,9.543957567283379e-05,0,1.5722667864347897,0
4,0.10529503614459218,0,0.009489913167762844,0,0.26403803761226574,0,0.00014702200715349418,0,2.7382654002549125,0
5,0.024025291659028832,0,0.0026346324813661193,0,0.09906799229789787,0,7.391047246483307e-05,0,1.3000642472879338,0
6,0.10721928679920842,0,0.02014118628585014,0,0.2450766820638336,0,0.00015595110547779922,0,3.4290219752244178,0
7,0.31646060853823976,0,0.02554864882818522,0,0.34588305053307594,0,0.0007024593839859681,0,7.435693622988834,0
8,0.07615803943070353,0,0.013598865000865466,0,0.12791662651561655,0,0.0001430224458566676,0,2.8690941765643116,0
9,0.09977958378609543,0,0.01707881629279436,0,0.15016015330911092,0,0.0003202373704451602,0,2.0526053107262805,0
10,0.08713707440555256,0,0.010348289583871578,0,0.25303135555266326,0,0.00012872053005220482,0,2.813896791775908,0
11,0.15613402063971654,0,0.041753476817521125,0,0.2879009243708216,0,0.0003121931380844576,0,5.646390579249982,0
12,0.20476428172549377,0,0.06261473013765653,0,0.3192250520168808,0,0.00023995991425302228,0,5.0099856311397195,0
13,0.2274151661513506,0,0.043188818837363356,0,0.2387773703700045,0,0.0005302696022499193,0,3.9320063307811575,0
14,0.03732954250190434,0,0.008421419789941806,0,0.12269024709056359,0,5.3761211736579125e-05,0,1.1737732122135829,0
15,0.2629156574971496,0,0.0037017219826247956,0,0.29862301045283424,0,0.0005172398833225644,0,7.767003804697481,0
16,0.12216960030593825,0,0.04566161707294633,0,0.2851901725097418,0,0.0001838905517673836,0,4.2242295733425514,0
17,0.056560542809424484,0,0.010706046240949623,0,0.207976146419426,0,0.00013926404057913996,0,2.1722814427866117,0
18,0.024120898912526983,0,0.001557161179788986,0,0.13400251027920157,0,5.901254087313625e-05,0,2.0981251325963655,0
19,0.18127441184148013,0,0.06379777719712117,0,0.22539552317925363,0,0.00038149245196459844,0,5.080796376049142,0
20,0.07464118003996495,0,0.05615550672981939,0,0.1683854999168023,0,9.277855573415535e-05,0,1.8173673528872516,0
21,0.15032415221468734,0,0.013968297171325743,0,0.20716782430807054,0,0.00017554636165749112,0,2.8812371164104036,0
22,0.020453994852156786,0,0.006925557529350708,0,0.11922129685458077,0,5.9173675823120296e-05,0,1.9793425489930723,0
23,0.022419398610676728,0,0.0005748606958628925,0,0.038150275853141624,0,2.1482860850691358e-05,0,0.46759704185159895,0
24,0.012108095388384952,0,0.0018004849433442668,0,0.12279431674205181,0,3.9162203302156674e-05,0,1.4025356060950904,0
25,0.047852237050626675,0,0.004574738402411123,0,0.2260961840806648,0,0.00010403204614173144,0,2.3905785112749527,0
26,0.0767033326457798,0,0.007296862323180797,0,0.17955182766507813,0,0.0001326369585317749,0,2.142927523595816,0
27,0.057547396641794146,0,0.0010404956611867666,0,0.10807276993038398,0,7.192189203193404e-05,0,1.9400979350433105,0
28,0.3321661134180969,0,0.02385539519380182,0,0.2314580318107241,0,0.0007798974337087701,0,9.61195674846604,0
29,0.041895564313372755,0,0.007614972329662192,0,0.06454020562261195,0,5.474545092769644e-05,0,0.8050029625663602,0
30,0.10808368325503155,0,0.029778908734066266,0,0.2848293213108773,0,0.00018839984568997268,0,4.131548766220931,0
31,0.16019683547962862,0,0.01909943259212151,0,0.1833167954558406,0,0.00038396312106246964,0,3.498809231371608,0
32,0.044521967499195014,0,0.0028213094291569345,0,0.1461956603182235,0,0.00010673983595671082,0,1.9877534631012428,0
33,0.18719055827490239,0,0.004450980458654983,0,0.20006454311788346,0,0.00028446592485639277,0,3.677423039083396,0
34,0.10268924349680068,0,0.013811638862196574,0,0.27058685479514766,0,0.0001229671054174182,0,3.5220391655275165,0
35,0.21885092994879207,0,0.03158772768687486,0,0.3441425616101633,0,0.0002906535864215751,0,6.0351266561522365,0
36,0.015201518509458854,0,0.00465724175124761,0,0.1610776161573427,0,6.345248176159885e-05,0,1.6675165846989182,0
37,0.03714338521711896,0,0.015008760859011264,0,0.09002083166421959,0,6.845967004265599e-05,0,1.4667562027245196,0
38,0.07308492336610041,0,0.0072350346775181835,0,0.2007143557684907,0,0.0001351545597689458,0,3.4245562321945364,0
39,0.09464717653548499,0,0.006622684007640972,0,0.2146748027973124,0,0.00017988170321207097,0,2.7931186517590207,0
40,0.1148836120008349,0,0.02087004664555308,0,0.31114076798937923,0,0.00018129572407760464,0,3.2104151428169283,0
41,0.08992393746328438,0,0.013247829820327886,0,0.26656110711996006,0,0.00010748930832529016,0,3.032326596531127,0
42,0.09955988268967632,0,0.008517104493561321,0,0.27035002380960443,0,0.0001556088516808092,0,2.8341990811876223,0
43,0.030792348681976608,0,0.014041548718506562,0,0.12686115470675868,0,8.467092265039856e-05,0,1.8560984846136719,0
44,0.07008100529686483,0,0.004533761198389246,0,0.22459015265431678,0,0.00011618973958780764,0,2.4808571742341785,0
45,0.37255775095863997,0,0.017976534241384432,0,0.36255795934253476,0,0.0009411216671201858,0,8.566121596062274,0
46,0.022068928156844317,0,0.0011002151591603055,0,0.09450244080394146,0,6.0866476268024445e-05,0,1.2352876452896193,0
47,0.05150265750233445,0,0.002823272527142402,0,0.15641789443255125,0,0.00011887823899671997,0,2.253961082021536,0
48,0.13468340216989244,0,0.027048554578613906,0,0.26217708306810655,0,0.0002006238651902203,0,4.7871993429777895,0
49,0.01674098216245856,0,0.008049321902705894,0,0.16894683104572614,0,6.887311192347333e-05,0,1.7518082954668703,0
50,0.04319493480292383,0,0.00680141506615116,0,0.08929884765516141,0,0.00010586486277269579,0,1.7082611737970246,0
51,0.06572257402451476,0,0.0035844271279593964,0,0.18296277740189693,0,0.00011275902765892406,0,3.011413640517346,0
52,0.10063113680499824,0,0.013494208065283465,0,0.24394756205981089,0,8.300544258912354e-05,0,2.700864461567357,0
53,0.1199005574920781,0,0.011595371176394843,0,0.3220579039331902,0,0.00020638019580632706,0,3.506219117709197,0
54,0.11607651588445603,0,0.004839260012223615,0,0.20947308100651404,0,0.0001889181848330135,0,2.8769362509965246,0
55,0.17940496014068244,0,0.04205646013443381,0,0.3140823912687627,0,0.0003752472853660343,0,6.237196955539828,0
56,0.12393944965516784,0,0.03776452944973532,0,0.34664075749927115,0,0.00017534745080381348,0,3.894785987700666,0
57,0.22557239739767293,0,0.03435456434269748,0,0.3060907040919662,0,0.0005202509455406993,0,8.499749052615812,0
58,0.027159796153288902,0,0.003758412663944757,0,0.16684459458825632,0,7.669118378685519e-05,0,2.273534273467247,0
59,0.06277270007461754,0,0.0075332630025043805,0,0.1397212569345825,0,0.0001091564134587345,0,2.0933276115350856,0
60,0.060091415758210025,0,0.030620634064600465,0,0.06941606847065068,0,0.00010153650650353807,0,0.7242281870286994,0
61,0.08046283052362163,0,0.021251369237625637,0,0.17380462242818862,0,0.00012493942172027162,0,2.727422114313481,0
62,0.10373812968772668,0,0.006076422242245718,0,0.14931957508211696,0,0.00011230567237973654,0,2.41650979820147,0
63,0.021683995532594834,0,0.010259788715120066,0,0.1225294885459663,0,4.5653626040836174e-05,0,1.5133646578557378,0
64,0.05981301870897949,0,0.0012041186743752437,0,0.1253512581726891,0,0.00010481819286029867,0,2.277234312651452,0
65,0.05348275202525052,0,0.015660550680140467,0,0.2114439955543472,0,0.00013171293582066676,0,3.050510475657741,0
66,0.10525379381530793,0,0.03046664890952464,0,0.28253080342450543,0,0.00018260974280165235,0,4.096848902951811,0
67,0.3167223976631683,0,0.034491429032128124,0,0.3378818960797699,0,0.0004984925129084827,0,6.935637120333017,0
68,0.04924555091677084,0,0.01147585270417441,0,0.17737177473403945,0,7.811231199812707e-05,0,1.7769553213576892,0
69,0.05990088627940915,0,0.009640982688067307,0,0.2135365634492241,0,0.0001673255857571549,0,2.9285926679035064,0
70,0.24690179665120165,0,0.0035145843288074217,0,0.248557255560419,0,0.0003705501463342909,0,4.56404164164115,0
71,0.14797692364512288,0,0.035053209783832036,0,0.2877075944612865,0,0.000243653751380779,0,5.452886910974952,0
72,0.13871012564962834,0,0.024897290507779016,0,0.2906644809551241,0,0.0002415203055899876,0,5.3122312839037304,0
73,0.09047799388225827,0,0.012314945556440839,0,0.2486972778243964,0,8.40529104908025e-05,0,2.679443666029439,0
74,0.46505250092883943,0,0.04825073011990865,0,0.43121660498790954,0,0.0007539616395891665,0,8.358119970665996,0
75,0.05149922460396352,0,0.002159553356217678,0,0.10967614529820774,0,0.00013082817554895072,0,2.0527036107473426,0
76,0.11014471082736324,0,0.01127443671335313,0,0.29985883778027655,0,0.00018696429782966948,0,3.229305285562269,0
77,0.05657320615062982,0,0.0030879204351380615,0,0.17881201389631848,0,9.847291426446687e-05,0,2.820529683260669,0
78,0.029764247350672898,0,0.006803017827218126,0,0.14292874541618447,0,6.0819581603234027e-05,0,1.7079437540798974,0
79,0.127057703425311,0,0.03194186077991594,0,0.3007597419532677,0,0.00020786392917876957,0,4.467191176430148,0
80,0.10481231810953465,0,0.006025966872947154,0,0.15061365145501365,0,0.00011036303037733235,0,2.2462337348099823,0
81,0.21671936400390263,0,0.028770971896762206,0,0.18731041425975606,0,0.000678571140687152,0,5.437140719096166,0
82,0.39951956907947433,0,0.03779919643116831,0,0.388402230679139,0,0.0006150673388224543,0,8.160936419832355,0
83,0.0402446919056305,0,0.0068408562814212155,0,0.12281507325180938,0,6.638391037319686e-05,0,1.363075621021363,0
84,0.08346662677929423,0,0.0018449943385756018,0,0.13810438561007116,0,0.0001296625061788925,0,2.5701935646870724,0
85,0.08169935459082209,0,0.004096621963805428,0,0.24203285299437244,0,0.000175683676695483,0,3.6758964159821055,0
86,0.03232664117858702,0,0.002683143530989884,0,0.11518359806636495,0,7.13854221245482e-05,0,1.5928856442197563,0
87,0.052621012868920146,0,0.009996682917818378,0,0.1753538742682945,0,0.00012296306219472482,0,2.7845909360073096,0
88,0.038178030899269036,0,0.0016994015487073496,0,0.19505279655494387,0,8.582985593696e-05,0,2.163269453387605,0
89,0.13869789023546494,0,0.004606708874917655,0,0.2777506606311707,0,0.0001395877724146177,0,3.3918201078905676,0
90,0.4322628845410224,0,0.05747156242423528,0,0.3289529955413144,0,0.000869892605616358,0,9.27790031503581,0
91,0.0185854641506672,0,0.0075658069719468065,0,0.11110489283423948,0,5.038251580377851e-05,0,1.3993590449321034,0
92,0.26771934266560815,0,0.0349391142602872,0,0.16469222417249083,0,0.001216362605974849,0,2.572877220970807,0
93,0.056106219182432325,0,0.003540652647637077,0,0.1974610074245055,0,9.307019210771067e-05,0,2.7091962713417685,0
94,0.11283226709707916,0,0.012457747877099927,0,0.17323719217105746,0,0.0002361825916201139,0,3.2373696482901324,0
95,0.018815588483554517,0,0.002677075038799295,0,0.13392345648965417,0,4.968754124135131e-05,0,1.7529086654239492,0
96,0.09824045015966061,0,0.0304111024956495,0,0.14062126272924874,0,0.00014495326083089876,0,3.2247036564682703,0
97,0.013969169324956081,0,0.008944770457550487,0,0.09719018352372026,0,3.068207617509158e-05,0,1.28071352645909,0
98,0.19962925619904912,0,0.013661932943625733,0,0.17226252771648592,0,0.000484836146421791,0,3.7254366869168,0
99,0.15612568295767615,0,0.012085167707456155,0,0.182268288138398,0,0.0004468141314904602,0,4.040759106066813,0
100,0.02229715639180372,0,0.005394147321542666,0,0.13356029466730693,0,9.279793168756034e-05,0,1.5029487319277075,0
101,0.02786031622664725,0,0.005142280837162036,0,0.04585284211516397,0,3.501157038643101e-05,0,0.6211464202416563,0
102,0.5661605036475695,0,0.04284464827453875,0,0.417896340849362,0,0.0014885476196400268,0,17.759928562654068,0
103,0.07700506245752826,0,0.005284652783473276,0,0.248831723691599,0,0.00012467681808323318,0,2.474077011405652,0
104,0.04221014086314962,0,0.002957226224642622,0,0.11208484300768565,0,6.770336965103374e-05,0,1.2251294321179573,0
105,0.09409702800199649,0,0.012264088006447243,0,0.2643720779951847,0,0.00014966991011455529,0,2.7363915139549975,0
106,0.028186103450698528,0,0.00023762410806957312,0,0.12366016007209611,0,5.3376177002636816e-05,0,1.9139671574692312,0
107,0.14731226389153965,0,0.06216942393684225,0,0.19174292822802205,0,0.00019275638217327183,0,2.259535400261176,0
108,0.11929791195185638,0,0.032226834388774536,0,0.15363947359296357,0,0.00014059822904333042,0,1.5607311014420513,0
109,0.5640101901111712,0,0.0314952629657484,0,0.43153023881967895,1,0.0012355434457410209,0,16.078183588755234,0
110,0.4171962723411462,0,0.023265666694838608,0,0.42474979152389264,0,0.0011572636811988438,0,10.376190515902874,0
111,0.5588291170103332,0,0.04384837672321213,0,0.43131693881444444,0,0.0014831777315787934,0,17.398902104705364,0
112,0.03028641491042847,0,0.0015595962061480723,0,0.11920414137447156,0,6.986259904391353e-05,0,2.1825724072749138,0
113,0.3086095303383413,0,0.06291820655793787,0,0.34145089976625415,0,0.0007768521699020496,0,9.71242914162381,0
114,0.15127008163932484,0,0.03239978689802502,0,0.21570800230480328,0,0.00018217114931008455,0,3.7350780966795534,0
115,0.4920881669454497,0,0.026958343125870463,0,0.4114017022198944,0,0.0018002847942570571,0,16.34213247595266,0
116,0.16940157548449689,0,0.03191292678435194,0,0.29264055040568665,0,0.0003048634743162063,0,6.146837861900883,0
117,0.05468535021376895,0,0.0017955462029368718,0,0.1451746732005348,0,0.00014121354341334558,0,2.0704531115446105,0
118,0.13286674942076274,0,0.02621404820404625,0,0.2563785846335062,0,0.00023854619766489337,0,5.110075365690742,0
119,0.23918250383669082,0,0.00287068487222525,0,0.21765983191333327,0,0.0003960194387790181,0,5.216389346495292,0
120,0.010623873191825112,0,0.004270867754256082,0,0.126520170058024,0,4.098468371017589e-05,0,1.394716127352347,0
121,0.061823607829875525,0,0.007929306968385374,0,0.20621719726441912,0,0.00012891861808543364,0,3.3661757394735248,0
122,0.08601520424175374,0,0.011574801623004291,0,0.1383701681529897,0,0.00016121875885487328,0,2.28246967932673,0
123,0.08323304679442459,0,0.015444815963019947,0,0.2770658006488954,0,0.00011663184555837881,0,3.1030376819224648,0
124,0.2912649413699826,0,0.010290620112425408,0,0.43108599212969706,0,0.0003280725006399875,0,5.090840641597657,0
125,0.3275171467576119,0,0.04131510643414592,0,0.30549167985613934,0,0.0003947650585767617,0,5.235623077397324,0
126,0.0723176044937233,0,0.014780515591681342,0,0.267053748358125,0,0.00016890920087605043,0,3.3203682918108157,0
127,0.0668251556122051,0,0.006538846282844614,0,0.22232397947135243,0,9.931208592060101e-05,0,2.7262232477461277,0
128,0.47481346926465484,0,0.07483676628043381,1,0.43135771332935047,1,0.0009731157859295941,0,10.411235903678541,0
129,0.5185316115018607,0,0.03601522148024647,0,0.4315757647020089,1,0.00192956146644765,0,17.00962766822096,0
130,0.5536671880104261,0,0.09934105360115275,1,0.4310828022691244,0,0.0059008779277738505,1,7.785178301470685,0
131,0.11914174359083418,0,0.006124952350949534,0,0.19130778889800887,0,0.00013890783134693925,0,2.647724687062428,0
132,0.18994354802864366,0,0.013465758051780668,0,0.28047135166160275,0,0.00028663410744523464,0,3.7966871675897567,0
133,0.44578074142862506,0,0.03987363400123055,0,0.4270039093978909,0,0.0006888262702686278,0,8.573824480723918,0
134,0.07351586716089284,0,0.00882026174504796,0,0.20516450236279804,0,0.00012919984057122852,0,2.714790020369292,0
135,0.1700103759014517,0,0.010115580280991543,0,0.30782899657220003,0,0.00019723711747390117,0,4.397991801754271,0
136,0.014211412055059628,0,0.004113763751902767,0,0.13657577438842924,0,4.278635082357444e-05,0,1.7383832016455556,0
137,0.17206650532852602,0,0.028160217671070704,0,0.22207239621946825,0,0.00040746453819944667,0,4.845207431528272,0
138,0.014206548965390222,0,0.004277406086128514,0,0.055496624819228166,0,1.5212049970783534e-05,0,0.5542594490514701,0
139,0.019773333282272043,0,0.00411912015349199,0,0.06902240985092077,0,2.745456661456912e-05,0,0.8183270972918745,0
140,0.0986462872886108,0,0.022893558185266685,0,0.2183810130720302,0,0.00017653106422690597,0,3.285475572688367,0
141,0.02635174326576996,0,0.01373227970189902,0,0.0,0,2.537494210455866e-05,0,0.1841881673799737,0
142,0.08901843495831613,0,0.021786558597455024,0,0.15127551671052394,0,0.00016231044960139123,0,2.9527751287674553,0
143,0.18652382602824433,0,0.01475973371244511,0,0.2942205513343035,0,0.0002420596416758571,0,5.197482908906941,0
144,0.08316435972581107,0,0.013988953753247749,0,0.25187426059419277,0,9.814631226963069e-05,0,2.8151940257988497,0
145,0.12711325787005393,0,0.002733227879019752,0,0.20304868524622344,0,0.00018675644046596356,0,3.1300358742762167,0
146,0.18112594246729888,0,0.003449395727643744,0,0.33837148605861767,0,0.0002346930870210165,0,3.9782554869342364,0
147,0.059565227774419194,0,0.0030897882026640956,0,0.18719428071967265,0,9.823032308721177e-05,0,2.861349668545085,0
148,0.03998661980501843,0,0.004701204875505629,0,0.10376282296214473,0,0.00010950637642656195,0,1.7845721726868988,0
149,0.03777477279031523,0,0.002411877962816119,0,0.0929598899425764,0,4.7905847664160634e-05,0,1.0012266800547622,0
150,0.17217259222723325,0,0.009184746445048932,0,0.23657050598399337,0,0.0002942184963717264,0,4.068175176113931,0
151,0.0774204905804797,0,0.004003514912470339,0,0.23893330892081202,0,0.0001292237718133344,0,2.3952548896009063,0
152,0.14992768200231957,0,0.004601497684276958,0,0.2745820304197309,0,0.00015771713944223603,0,3.6379220100077503,0
153,0.021772053699054224,0,0.0014187548088596953,0,0.062068315664689094,0,3.222076788619805e-05,0,0.6524159127412056,0
154,0.04385283236004298,0,0.003628543333045635,0,0.09236171868300784,0,3.141864501854882e-05,0,0.8740062448745215,0
155,0.5107248179131895,0,0.024407022239879915,0,0.38039600604414964,0,0.0011850179470896042,0,16.161410595987988,0
156,0.09008078079787994,0,0.002697588787098386,0,0.12612302771810965,0,0.00011240459652953023,0,2.581737609241039,0
157,0.03270557399093494,0,0.003945414511152008,0,0.0809202998021197,0,4.6826824375372885e-05,0,1.4918008019894378,0
158,0.027622675179733987,0,0.002247629184509356,0,0.07090594007734582,0,4.714713035083202e-05,0,0.7364080860313051,0
159,0.04330913264567612,0,0.01198149474971015,0,0.1975432755096983,0,0.0001502746322574342,0,1.9971331416184384,0
160,0.31948526722917764,0,0.03251796541219442,0,0.3233770896497623,0,0.0004953184249094564,0,6.660725493936868,0
161,0.06710292118159161,0,0.012179210509406437,0,0.25192901831804154,0,0.00011972317915404149,0,2.8510562429636925,0
162,0.40602598462967104,0,0.04138714692322545,0,0.3095401463505912,0,0.0007772747256528603,0,7.9905608607674505,0
163,0.17404999632573018,0,0.03024176434541426,0,0.314173691659149,0,0.0003176389170423412,0,6.197236264470116,0
164,0.1731791448167623,0,0.01658331773920916,0,0.28489628585256693,0,0.0002634709333423976,0,5.317969838640466,0
165,0.05724001322122023,0,0.0005254376207246688,0,0.15296745741461887,0,0.00015045105910121737,0,2.2397747590888075,0
166,0.26126571197640786,0,0.006783390919634157,0,0.228010373212265,0,0.0004074062568698661,0,5.226220465862751,0
167,0.003928791858728436,0,0.004277705200894541,0,0.10784344634152572,0,4.198802492764196e-05,0,1.3232698361229218,0
168,0.0840982084827648,0,0.014851386325852737,0,0.24509154585195694,0,8.949017366625947e-05,0,2.665621166439557,0
169,0.0892333947659731,0,0.0026257483078068605,0,0.17483809323478183,0,0.00014541761316788133,0,2.560848424589776,0
170,0.07694708049017825,0,0.004172358309738226,0,0.10544129091728713,0,0.00015481712044148203,0,2.183794127045572,0
171,0.06820460333981827,0,0.00911233940262559,0,0.20213991036096238,0,0.00011724425748180307,0,3.1931052297682667,0
172,0.16463183229893497,0,0.0031789745859124507,0,0.3262130447445133,0,0.00021748641767063505,0,3.8351935104926382,0
173,0.5264666887245899,0,0.03141547319279421,0,0.43124868230710306,0,0.0010679751046363702,0,14.067759911080406,0
174,0.01761630964074411,0,0.003884862975086439,0,0.10598622187829572,0,4.7212316414464625e-05,0,1.57313784808589,0
175,0.022834916280212066,0,0.008214375044464168,0,0.09277342887820698,0,3.5014765660838815e-05,0,0.9502453159426253,0
176,0.034169945051534395,0,0.004284940354679509,0,0.09992327155240398,0,7.1366428790688e-05,0,1.951625124542898,0
177,0.02520397310367523,0,0.003538457456357583,0,0.13775536818245845,0,4.3369567321732646e-05,0,1.5848289015287356,0
178,0.15133548913959993,0,0.060312321407439314,0,0.32141555471097843,0,0.00031647848606676515,0,3.2313675055285245,0
179,0.10364900267793953,0,0.0024709215339995846,0,0.13454726152389146,0,0.00012440182510257698,0,2.433871788527244,0
180,0.20324748813268045,0,0.059146595519036525,0,0.37640766410299953,0,0.00026963770703808106,0,4.2986701480750344,0
181,0.028896089001706895,0,0.005754180694700365,0,0.1279401180714957,0,8.159033269205515e-05,0,1.6985811047482433,0
182,0.06858554897933271,0,0.001582652816533747,0,0.18588457133067696,0,0.0001731729360301414,0,2.520876719702525,0
183,0.2792553332125459,0,0.0060069212503630134,0,0.24981999635498944,0,0.0005111426340393679,0,6.430949389998553,0
184,0.22527283096561793,0,0.03203680665133856,0,0.29917739914676955,0,0.00035670715293039903,0,6.5736972262918885,0
185,0.22041222252526776,0,0.016016685543875933,0,0.306244044095168,0,0.000395289076434339,0,6.894897702834838,0
186,0.050078773060754554,0,0.0036608864645265647,0,0.16977158414623625,0,0.00010573420236532029,0,2.8982369238927124,0
187,0.13254282999291342,0,0.0020469059339059625,0,0.3053831999030112,0,0.00020009140709802286,0,3.652345411708498,0
188,0.09707815369686959,0,0.014574541472600986,0,0.2586650215203938,0,0.00010000225867704915,0,2.8558607007591315,0
189,0.12088904228773154,0,0.0029606474333409983,0,0.17121242813607696,0,0.00017159828175740153,0,3.130362246486131,0
190,0.06525115104365983,0,0.0067029549038136104,0,0.10397956378980627,0,0.00016579438015918859,0,2.2152177192750173,0
191,0.11155597075031447,0,0.004531328769341495,0,0.13435190756913215,0,0.00011055954092839916,0,2.523137563718525,0
192,0.19517597354343164,0,0.026688011915239413,0,0.2588542132961769,0,0.000574668663813035,0,6.379165316545982,0
193,0.05637651464512534,0,0.009114665207000563,0,0.13149602076112957,0,9.027331000104181e-05,0,2.1916573372817783,0
194,0.12347032972218722,0,0.011919242021779596,0,0.12739922027867162,0,0.0001402238108260802,0,1.950767007976254,0
195,0.49418354580154283,0,0.12833374249816876,1,0.4309936632651761,0,0.0010303202167320793,0,13.68667093990619,0
196,0.34100797038412495,0,0.03301045523100245,0,0.3187486261799628,0,0.0005737271071733822,0,7.66654010611372,0
197,0.3866528043736921,0,0.012785251967959892,0,0.3714651763703711,0,0.0016221753295205192,0,15.898985610403656,0
198,0.024301053880883657,0,0.007716589640814899,0,0.09734667274128785,0,2.3104797215976194e-05,0,1.2349624583557008,0
199,0.30328171294814765,0,0.021578750498606494,0,0.32656111990148223,0,0.00048339273019304294,0,8.384335781660297,0
200,0.03449495404233543,0,0.0008780091464351866,0,0.16358273617492083,0,7.686316818273156e-05,0,1.8137514261140133,0
201,0.5379480640086528,0,0.03929545135791453,0,0.3680222802995066,0,0.001338372298393502,0,15.988490805430512,0
202,0.03000368703914702,0,0.0014610644050539424,0,0.10065845276542872,0,4.494692755234243e-05,0,1.2766478864892914,0
203,0.05173150013364706,0,0.02148310499412832,0,0.04993125030225651,0,7.938235157367492e-05,0,0.5550432636598075,0
204,0.1207415917157745,0,0.014222128208638371,0,0.2660442355697551,0,0.0002119954607007777,0,4.118458815250063,0
205,0.09187347134851942,0,0.0064629812260112605,0,0.16206248356302427,0,0.000141131038105217,0,2.56577776707239,0
206,0.025541446682184745,0,0.0016578396621311712,0,0.10657864400860156,0,4.347331818523209e-05,0,1.261965509980262,0
207,0.12215588713274303,0,0.016240939522926563,0,0.24692692340965314,0,0.0002823791033894989,0,3.159137857959113,0
208,0.35561259700772185,0,0.015539957225937524,0,0.36128372924168933,0,0.0012721609381025787,0,12.530811921614013,0
209,0.1731316942887345,0,0.015870456051769663,0,0.22321442473122816,0,0.00030948701835120575,0,6.083202846518604,0
210,0.32627883812311276,0,0.03166930637023498,0,0.2885554688991554,0,0.0005599671046206679,0,7.442259855338752,0
211,0.051524412535118726,0,0.005166392374781912,0,0.1754046156155255,0,8.719693310676336e-05,0,2.422744954875978,0
212,0.1567925822724835,0,0.003008288065641747,0,0.24480129666312284,0,0.000496477067790479,0,4.915514891076585,0
213,0.057561107041309074,0,0.005680096919618996,0,0.18911688520212272,0,0.00010249035485798768,0,2.7871542633127673,0
214,0.029547794925701747,0,0.00641338020579982,0,0.07712688286706774,0,5.595237097846927e-05,0,0.8712098029967723,0
215,0.017039922310837376,0,0.0029529248119218366,0,0.1474700843448791,0,6.34000254110825e-05,0,1.8440168646858042,0
216,0.08373938902756298,0,0.01109093605151289,0,0.08787538408852884,0,0.00013407235798435055,0,2.5217557478309374,0
217,0.13702751576705807,0,0.006087222629882174,0,0.27553218126273654,0,0.00018035012251960578,0,3.1564691450144706,0
218,0.07016959281341821,0,0.014304416357883706,0,0.18536090086867962,0,0.00011011344812855444,0,2.2635720180034946,0
219,0.04021002123717593,0,0.004153153072284743,0,0.09288734547446094,0,6.765517411651879e-05,0,0.9451087790502527,0
220,0.40056831175774843,0,0.015450364677967914,0,0.4107374624127257,0,0.0007994219472853343,0,11.063650731333292,0
221,0.08174785886812151,0,0.018620842581174107,0,0.05872394958289714,0,0.00014016433256556062,0,0.9495723809759735,0
222,0.060712030548486694,0,0.005124405440214512,0,0.14374897981501833,0,0.00010698756225964161,0,1.8912113963698105,0
223,0.04307275795579757,0,0.0008653468085791595,0,0.08247525740602146,0,7.003566474923045e-05,0,1.2042881108226056,0
224,0.05335086605449946,0,0.0067339532595273865,0,0.1384021250883011,0,0.00011788499750146482,0,1.710823879856719,0
225,0.2730518672545542,0,0.00433836314119076,0,0.27915721432084856,0,0.0004597155771610081,0,5.583996421038363,0
226,0.18577280739677865,0,0.028617427916294614,0,0.323701569851371,0,0.0003059385004975933,0,6.206486390579018,0
227,0.15319397478067046,0,0.02939167646069449,0,0.282111499074051,0,0.000197294955476424,0,4.474822897442872,0
228,0.06644588746120217,0,0.004096815142351512,0,0.19579774769008365,0,0.00016364957601437216,0,2.5066984608690848,0
229,0.04647653267146244,0,0.0042494957436433065,0,0.08949046057762435,0,0.00012671763881335756,0,1.7615000601550392,0
230,0.11995609301744795,0,0.002683656975840592,0,0.29749457109413313,0,0.0002018743686771834,0,3.577607563886466,0
231,0.11837575672541384,0,0.003507026077013684,0,0.16875404946453726,0,0.00017888929994248405,0,2.94637021698797,0
232,0.05056558650509303,0,0.004188632466874092,0,0.17052163138724466,0,0.00011975913464591107,0,3.1035613142939726,0
233,0.08890118839180174,0,0.016665643780204107,0,0.25671108903971984,0,0.00010965431776158173,0,2.940753638476827,0
234,0.028922385815853845,0,0.0011502543426032232,0,0.06634104624059756,0,4.3190932387399525e-05,0,0.89733289326654,0
235,0.06885110693640538,0,0.019775475266299365,0,0.051764511752212354,0,9.006466041707962e-05,0,0.5761587660611689,0
236,0.02508942220240119,0,0.0017537970819124426,0,0.16692434285090801,0,6.124638037615508e-05,0,2.0287226134539793,0
237,0.08569402748185515,0,0.01462459573376873,0,0.258653531088032,0,0.00017333810672093177,0,3.597399565012842,0
238,0.02553965846336345,0,0.0016774280413971888,0,0.060129665772861704,0,3.500322252652543e-05,0,0.6218398717809983,0
239,0.06662086062884427,0,0.006485677893866221,0,0.21853934147184273,0,0.00013018147404418278,0,2.3378460192708386,0
240,0.2333218102361755,0,0.016497139246226488,0,0.22423866318876393,0,0.000455754523563675,0,8.110644212562002,0
241,0.0372319381463576,0,0.0028788823568455025,0,0.06963592982211766,0,4.311410305992879e-05,0,0.7088974741881914,0
242,0.2906640762769238,0,0.006400343492266433,0,0.3387440442155142,0,0.0011532586802479835,0,12.283532996227207,0
243,0.3578295667175989,0,0.03795607303005209,0,0.32347727318350616,0,0.0006245157164722101,0,8.441874849801664,0
244,0.039777970500167306,0,0.0034409614016029056,0,0.10409598839962891,0,7.380766831270541e-05,0,1.523927670354456,0
245,0.06320884841234195,0,0.001184978697459952,0,0.20464527944308705,0,0.00015974350038630602,0,3.3526556051831156,0
246,0.10484546853380787,0,0.003291815064791759,0,0.16533363280565713,0,0.00015793252095416162,0,2.8631557810675043,0
247,0.15402151968315175,0,0.031942637533261604,0,0.18155776736931603,0,0.0002848696565210092,0,3.2243370170000056,0
248,0.22976251924701968,0,0.02320384879222189,0,0.29671381257060775,0,0.0006371754705597861,0,7.161092121175663,0
249,0.17273701760634033,0,0.017090096062425064,0,0.10994283334490514,0,0.0003254218479277123,0,2.506976326403103,0
250,0.06207249511552109,0,0.005613473194544548,0,0.10475577150905101,0,8.140452813166459e-05,0,1.0575495722099082,0
251,0.1719232649042624,0,0.004063650613643528,0,0.21776387476902223,0,0.00027279674952157936,0,4.221782902597239,0
252,0.03900209422955872,0,0.0036907346189114687,0,0.1196670624101337,0,4.580786359619632e-05,0,1.1382094816041248,0
253,0.09531807828363778,0,0.02479690488377223,0,0.11828447930196895,0,0.00025976978188087095,0,1.9063734097560694,0
254,0.09423526350871031,0,0.012417942302211611,0,0.046960873542219915,0,0.00030277278424942726,0,1.616785543936611,0
255,0.06826381331963319,0,0.010937894861837423,0,0.13002376624664724,0,0.00013955393881820368,0,1.9538732702942343,0
256,0.05451968994012226,0,0.011973064246678723,0,0.13783665661750208,0,8.373459466776285e-05,0,1.4921119670987344,0
257,0.0757285615975572,0,0.008446184036962071,0,0.08535624228354184,0,0.00014959016521267095,0,2.3719938022944347,0
258,0.08288035330611393,0,0.01467766418170221,0,0.07710753854028662,0,0.00010219491157879127,0,1.549383761124534,0
259,0.1292966768054978,0,0.0037138371741581152,0,0.11239660591348219,0,0.00019490031464332989,0,3.2854288696145475,0
260,0.007770775116711628,0,0.004450107334414374,0,0.04758703080287715,0,9.576712660584474e-06,0,0.6427825716099721,0
261,0.03258629549042244,0,0.010005458347434763,0,0.08474995771803924,0,0.00014009443132970885,0,1.30274423605018,0
262,0.33043469593356917,0,0.024788766615150483,0,0.21119519946628257,0,0.0006104437210272196,0,6.622520473715589,0
263,0.23812261893806766,0,0.016167754383641538,0,0.220676218365051,0,0.0005009420896580634,0,8.931485902863368,0
264,0.06671084433545212,0,0.007756335542677086,0,0.18586346813115068,0,0.00012956392329607002,0,2.184957856822294,0
265,0.04540539222583036,0,0.0017644751666520905,0,0.10050069264128665,0,7.87700729470155e-05,0,1.8666928587309706,0
266,0.31679639749401384,0,0.0035727267039527555,0,0.32340516877356473,0,0.001577143310798423,0,17.301174488337306,0
267,0.08049455290097816,0,0.005873122640509667,0,0.21904807157003847,0,0.0001406489596143796,0,2.1869837160286907,0
268,0.05483328389929386,0,0.01384306329865071,0,0.07789483806318966,0,7.242616713835097e-05,0,0.9225554927409254,0
269,0.15731914694582141,0,0.009847298113013166,0,0.15875810399441678,0,0.0005184381385920556,0,2.912672525322291,0
270,0.03126314671091634,0,0.002653173921150496,0,0.0918451525847916,0,3.844176023831129e-05,0,1.0832133439570573,0
271,0.0744196459782411,0,0.0036197163811270325,0,0.23003399878107547,0,0.00017336753668046717,0,3.574172151006459,0
272,0.06099425475401922,0,0.005795852926362184,0,0.1247624556866887,0,9.787871930624045e-05,0,1.920561989251518,0
273,0.03189690809543399,0,0.0010322126316754706,0,0.04562606972545257,0,2.5536115329075365e-05,0,0.5210970029815771,0
274,0.15024935789811397,0,0.03278868556853523,0,0.26978269328040777,0,0.0002787054713567435,0,5.449193941219134,0
275,0.266289258836666,0,0.022812978584929887,0,0.32935257022046416,0,0.00047736910656135306,0,8.013555458243202,0
276,0.2496179124830972,0,0.022901675963999543,0,0.24171911331454965,0,0.0004658318203500294,0,6.254814515107517,0
277,0.09198780627309969,0,0.013337672442941182,0,0.11688218196798536,0,0.00015353253951451334,0,1.8437214737397234,0
278,0.014465993498783416,0,0.017919720271558744,0,0.08799927583063666,0,4.971848200300538e-05,0,1.164921318123588,0
279,0.14896103641296723,0,0.0036099864765891886,0,0.2983290278197651,0,0.00019539129365461224,0,3.6791351898147724,0
280,0.07309673644472116,0,0.007419263294004915,0,0.15226413423456378,0,0.00011180079267008282,0,2.399018975314122,0
281,0.05749523520572012,0,0.004525437477988321,0,0.07757361652443673,0,0.00014322577779086996,0,1.668833852286618,0
282,0.15102132264860776,0,0.018796524027978528,0,0.28224535764705244,0,0.0001220198553519807,0,2.716368311937093,0
283,0.047069795286532747,0,0.0029231555797568517,0,0.14068575607092854,0,8.835695687617902e-05,0,2.5561236168858934,0
284,0.23908029565546382,0,0.00330831655051335,0,0.2810204957598503,0,0.0011258289115289623,0,12.556073218479284,0
285,0.05914236489512899,0,0.020271887378792885,0,0.089766709117608,0,0.00011697415501895497,0,2.181218582802413,0
286,0.2369064117358029,0,0.02472373872371021,0,0.2729281099505705,0,0.0006988720419158845,0,7.106519696023701,0
287,0.09522468125876236,0,0.007817522944535887,0,0.07521181639395076,0,0.0002514845322442078,0,2.0652348966897334,0
288,0.03461354695290073,0,0.009378656732019621,0,0.06671562791465002,0,5.9059877004091844e-05,0,1.632054204806947,0
289,0.04714749582676311,0,0.012963377535029071,0,0.05034232027572407,0,6.708547071400606e-05,0,0.8242820511632623,0
290,0.11980644549361497,0,0.004157776269576802,0,0.24291604487074067,0,0.00011758616774118391,0,2.9416426059435867,0
291,0.17717314361755473,0,0.006288713271228747,0,0.11706586164739692,0,0.0005083092744761525,0,2.817898111864319,0
292,0.028650724994209866,0,0.012010426802185068,0,0.10470818756201365,0,0.0001646319592301779,0,1.5122544176050892,0
293,0.049938197096080966,0,0.011484755319218318,0,0.17597440923589888,0,0.00010964831052717388,0,2.7732562490385506,0
294,0.04564460885036522,0,0.008513084931208061,0,0.10745196196233547,0,7.772633375428125e-05,0,1.582966036500753,0
295,0.023092757059559287,0,0.006968112780333418,0,0.1278453802569505,0,5.0063240021515025e-05,0,1.8054395097799738,0
296,0.1860413206120795,0,0.0022909258999954654,0,0.23365863668973,0,0.0006160872494692611,0,5.952667889723936,0
297,0.21826907916668087,0,0.02021667324260525,0,0.20070765449707775,0,0.0008252827944473333,0,1.7508385145391299,0
298,0.2166003203372363,0,0.05600525490191766,0,0.39602962769029965,0,0.00027966581812654916,0,4.42560005336195,0
299,0.05649003308824953,0,0.0038952588504278596,0,0.18629447585900344,0,0.00014636761891554417,0,3.1256613518190064,0
300,0.07914758820159054,0,0.012211331953816516,0,0.2126443827819393,0,0.00015918250484484188,0,3.3648575701439656,0
301,0.09756183925932164,0,0.010798610106167719,0,0.05635164909179724,0,0.00014107610047662899,0,0.7461595125806311,0
302,0.015162171078046264,0,0.0036649741496950845,0,0.06522981325061979,0,2.016794865323127e-05,0,0.768934201877074,0
303,0.029939925793582272,0,0.005628407886503736,0,0.1595705786874429,0,9.70935585529506e-05,0,2.4710839388974497,0
304,0.13491661541919128,0,0.010424137496140257,0,0.18223255335071542,0,0.00019241090740074556,0,3.9904109354253174,0
305,0.49529319041424064,0,0.024680962712898668,0,0.33475088135581654,0,0.001148028443199621,0,14.790936721609693,0
306,0.02279961152809487,0,0.0017977687323853162,0,0.049276796276938,0,3.536151769992442e-05,0,0.5412016141902634,0
307,0.07415456607679517,0,0.008107853858429721,0,0.08680815174692808,0,0.00013124099285792174,0,2.400532567815345,0
308,0.12010491687821516,0,0.0036710135751663628,0,0.26494534299920364,0,0.0001627831284971612,0,3.23232474938316,0
309,0.019622165742943308,0,0.005885323639083596,0,0.1368202855255506,0,4.844440551673183e-05,0,1.6391204531924224,0
310,0.050071036895882784,0,0.0020871500497628803,0,0.16876723443614858,0,9.025976128280216e-05,0,1.8427091505530353,0
311,0.02783464588659895,0,0.0016213152596584845,0,0.08930314533984525,0,3.504756887168864e-05,0,1.0955039341711599,0
312,0.04170468900515018,0,0.003845779395421464,0,0.1367319271092239,0,5.331321968834361e-05,0,1.3767138795018867,0
313,0.03960943796674003,0,0.003784385198709664,0,0.08855589028181646,0,4.721911632973739e-05,0,0.8319775301684957,0
314,0.3684854140259503,0,0.035499835057321634,0,0.3315496576039164,0,0.000635799688269694,0,7.819245041389825,0
315,0.38462835098454334,0,0.012975276263013235,0,0.31925647616373826,0,0.0006762443790468152,0,7.196207196877775,0
316,0.3138069282038958,0,0.014422927034520115,0,0.2817352022839435,0,0.0006571423307923322,0,11.352008674146926,0
317,0.09431911239074246,0,0.01271783164345371,0,0.2635006037579953,0,0.0001696709233822808,0,2.529924679996551,0
318,0.11722156075696347,0,0.01508905982849225,0,0.2154774561869149,0,0.00019030397561902481,0,3.0638701404521855,0
319,0.331270568859459,0,0.033560147633960945,0,0.4345683814966961,1,0.0005487327857736241,0,9.908062055722826,0
320,0.19180374875483955,0,0.013006735644835857,0,0.30842304357072653,0,0.0002584297775420428,0,5.354625016932319,0
321,0.06852348784312386,0,0.002900672871866348,0,0.18912385062803844,0,0.0001882694065922067,0,2.7494469852257186,0
322,0.01619443008534802,0,0.004091512759818076,0,0.08181789501099875,0,6.95013807607253e-05,0,1.2196476805319705,0
323,0.3256294667262808,0,0.03569143244600389,0,0.17386748757392712,0,0.0010238489950167183,0,10.72622462736605,0
324,0.17328417345256447,0,0.0016967612659219815,0,0.33235884617742206,0,0.00022886813565535256,0,4.165624281653304,0
325,0.036912763186265365,0,0.0039975898030796125,0,0.1569759892053834,0,7.863499551461988e-05,0,2.5246128847566838,0
326,0.07365368592660694,0,0.0029517972677788407,0,0.15925601431311193,0,0.00011971314625741672,0,2.319173354515064,0
327,0.06469517084937455,0,0.003846689622489961,0,0.14262919290931328,0,0.00016976609829414833,0,2.2023483882322745,0
328,0.11733930807091016,0,0.013683167854207059,0,0.2757285729164694,0,0.00010329754732430587,0,2.8302973857246565,0
329,0.07712746637464268,0,0.005337886079713974,0,0.10821541588509662,0,0.0001574911631114164,0,2.773299416182355,0
330,0.2295744193470608,0,0.009930724558728635,0,0.2927935637599351,0,0.0006822370861694457,0,7.377816693382688,0
331,0.01792354867751623,0,0.0017862611621551577,0,0.06254653112858538,0,3.821728030396146e-05,0,0.7032874456337901,0
332,0.17082281555131193,0,0.03626077388456918,0,0.1962862282370834,0,0.0002972306775478317,0,3.6706965999807792,0
333,0.017452771307090886,0,0.0026697988766478135,0,0.1503720734573461,0,8.33303338930636e-05,0,2.2619110629302197,0
334,0.018064399814827492,0,0.001239707735436717,0,0.041771432981490005,0,3.023213063381534e-05,0,0.6642175554428695,0
335,0.024888523145326698,0,0.001961532332199961,0,0.0945266037094734,0,3.14911100428272e-05,0,1.0278487213453924,0
336,0.15727693683850136,0,0.0038896110064591486,0,0.17967958683374965,0,0.0002521516029632971,0,3.86975641791676,0
337,0.06369954902012229,0,0.004051979989938479,0,0.12418483257790748,0,9.473772269133752e-05,0,1.7634584654005174,0
338,0.02836743546585246,0,0.001505509083849124,0,0.06399113691370774,0,4.183926528468829e-05,0,0.6250974682069949,0
339,0.09272885541604617,0,0.00648075869679826,0,0.18851817445787383,0,0.00016113864679680588,0,2.845896430529736,0
340,0.09808694794873658,0,0.01132261903094486,0,0.27860290416239486,0,0.00019250388539328683,0,3.7782560066543667,0
341,0.07625861990158377,0,0.002765829054481524,0,0.102317248577172,0,9.417909989686452e-05,0,1.3848608828924303,0
342,0.14533402765426304,0,0.0048241208332539705,0,0.2697736702116638,0,0.00016214060425181058,0,3.6010401994336023,0
343,0.40493059190471414,0,0.02205836486766848,0,0.3129235356802537,0,0.0007321513146526633,0,8.057174315784886,0
344,0.0373199180979582,0,0.0049338219639998415,0,0.1613998173130749,0,6.076319340933286e-05,0,1.8098607920259582,0
345,0.037612392500038755,0,0.001187958100772744,0,0.09876242816376103,0,6.644439393539269e-05,0,1.741920118414867,0
346,0.05526025210834124,0,0.005378129631023015,0,0.21241158972977262,0,0.00012182911487651138,0,2.1300955331668776,0
347,0.15570996976822607,0,0.009399583582112103,0,0.155265244394463,0,0.0004719456471945637,0,2.996763421218419,0
348,0.1616072589142772,0,0.0030038124053013023,0,0.22104993978561066,0,0.0005194693227468057,0,4.9782059310297555,0
349,0.04208200093818341,0,0.006459710592840397,0,0.1665517150139042,0,0.00010287589936740342,0,2.6184873119526437,0
350,0.11950826689402955,0,0.01587856153821863,0,0.14843176060746963,0,0.00017122076504233298,0,1.9236710471609322,0
351,0.2960421300968689,0,0.02971818206708722,0,0.38620452928982224,0,0.0005165542950099863,0,9.078127297462924,0
352,0.06142013287151771,0,0.003029907926798682,0,0.2041638743581966,0,0.00017225884624307193,0,2.642665810838098,0
353,0.118727484362623,0,0.005877067277823895,0,0.15647782078665765,0,0.0002593554800897154,0,3.3113710995880736,0
354,0.20812349604533925,0,0.00401876081996079,0,0.34805419187341824,0,0.0002605200550682533,0,4.243225523619962,0
355,0.08702810828577306,0,0.00287621865319297,0,0.17345673356018068,0,0.00013676427511567546,0,2.4692705764340017,0
356,0.12823595612357225,0,0.016646231721471803,0,0.2819133211344168,0,9.527768621460203e-05,0,2.7451559819340825,0
357,0.03489732267391525,0,0.005547926152831459,0,0.1708110430535833,0,9.6738851352234e-05,0,2.764463921265539,0
358,0.03801654116983535,0,0.0018422425702521233,0,0.11483681829127422,0,4.3038182607431634e-05,0,1.1862947777282913,0
359,0.3023191592403801,0,0.014415698936730835,0,0.20911070723072658,0,0.0007044042625070063,0,11.112898450584254,0
360,0.08983858221355716,0,0.00881761626840203,0,0.10464100261285092,0,0.00021044971991553612,0,1.9197271384415457,0
361,0.19337957907732342,0,0.01921587460120011,0,0.23293390225644925,0,0.00035676541066860426,0,4.9599822043830475,0
362,0.14358114789661408,0,0.01643826965423346,0,0.07711509021937896,0,0.00025430801845954516,0,1.6818686481212126,0
363,0.03594693039136207,0,0.009299247787260016,0,0.08643344483095262,0,2.3374380716614132e-05,0,0.9363739076723316,0
364,0.026187093141522892,0,0.0028145243199667437,0,0.17072684520149506,0,6.590549602838217e-05,0,2.141319285994165,0
365,0.0757847845187228,0,0.005973588772657248,0,0.218613984835069,0,0.0001227272622708852,0,3.085902774087187,0
366,0.31513250460970965,0,0.005386123298484964,0,0.39820448805884334,0,0.0011743426855749886,0,13.212584011187664,0
367,0.2575821447860694,0,0.011081630110113252,0,0.37107429160402533,0,0.0007327928508503344,0,8.464179922224025,0
368,0.03272214660730934,0,0.002468551555058858,0,0.17523254747571904,0,6.76504441696112e-05,0,1.9627791977939768,0
369,0.08104294319261145,0,0.015568092823655129,0,0.11619155872690984,0,0.00011344310774632009,0,1.3538769794684806,0
370,0.059102676768102005,0,0.008703342114976037,0,0.16426636220287028,0,8.832397826766185e-05,0,2.0156064007727172,0
371,0.026987316488105397,0,0.004442428268044556,0,0.19305989863179748,0,0.00010869004873173602,0,2.08468286434648,0
372,0.10807574238110484,0,0.017869790455013527,0,0.20128128739685403,0,0.00029384139866008745,0,2.38277289760945,0
373,0.04635229094181348,0,0.013491104308161053,0,0.2246629773150384,0,0.00012014664450037246,0,2.8116798198101027,0
374,0.031374432824004435,0,0.0013332594887249846,0,0.06453140963493048,0,5.1950798284405324e-05,0,0.8577657734978528,0
375,0.046710871814471464,0,0.009059957159332103,0,0.08505200461469355,0,9.997293876386445e-05,0,2.098576857019804,0
376,0.164846102348111,0,0.04497744779597471,0,0.3030046546117993,0,0.0002503435826871483,0,4.002397716223403,0
377,0.25730151116100314,0,0.003869862581916714,0,0.2643559627151578,0,0.00042660677218022054,0,5.616319937287522,0
378,0.0746908587367485,0,0.005002397354843543,0,0.23626299277607887,0,0.0001859709899720176,0,3.080685569953373,0
379,0.026034551080613935,0,0.006379671819328373,0,0.07677456243650163,0,0.00012282215324464614,0,1.3477311960309475,0
380,0.2514567849867893,0,0.02061211918535506,0,0.32633884782063105,0,0.0004366062086148828,0,7.814638794639762,0
381,0.14371286381188092,0,0.02490101616433941,0,0.31900884176455535,0,0.00013612979525158125,0,3.188925639372886,0
382,0.03894290579497983,0,0.0067016684983228795,0,0.1290033250578353,0,6.669749519816585e-05,0,2.1223334967636096,0
383,0.14953823784580886,0,0.001742293612039942,0,0.2907514563019524,0,0.00020053905901755797,0,3.7468455204329842,0
384,0.16155160807144972,0,0.020201401935548636,0,0.3112182121358884,0,0.00014573751532171006,0,2.882748386159362,0
385,0.04616253495090716,0,0.0030836706372766773,0,0.14481148680241845,0,0.00010485355716634909,0,2.271163900936501,0
386,0.10461505703177264,0,0.0060265630236263235,0,0.10622480323359278,0,0.00024424910488385403,0,2.7495710801351754,0
387,0.301898662806476,0,0.0024106037025496845,0,0.21261382681235313,0,0.00048327830236460847,0,5.389057958156883,0
388,0.14265928967066543,0,0.006683716205409691,0,0.11976878989406355,0,0.00046994102346947303,0,2.4765577687989277,0
389,0.030025800176307644,0,0.0037997572926995672,0,0.13712529507853918,0,7.052447448409556e-05,0,2.020310359235753,0
390,0.045423275996887155,0,0.0035093275240720904,0,0.1391666499903458,0,7.840457230958978e-05,0,1.578732074279738,0
391,0.02698374676956742,0,0.006502508690211526,0,0.0852700291109411,0,5.86565237109441e-05,0,1.6561387550930864,0
392,0.05022815163160242,0,0.010229884734509235,0,0.12861311671452738,0,0.00012002248021276258,0,2.6974095709768657,0
393,0.1687984884969615,0,0.004520447603048328,0,0.23627121072842772,0,0.0005970186948076511,0,5.9532226781503645,0
394,0.3066883113600923,0,0.05630887702264591,0,0.31377347566404773,0,0.0014152767533999989,0,3.401697939935776,0
395,0.030439048991693123,0,0.005971222970254376,0,0.13419240442568753,0,6.537391784919077e-05,0,1.4752442137841901,0
396,0.22824073320782262,0,0.0086760341009219,0,0.19035645108876395,0,0.0008787730803723647,0,2.790565484835816,0
397,0.03415217781506319,0,0.007373747774450486,0,0.02095084155092106,0,3.885977849472985e-05,0,0.7273839957684893,0
398,0.3271641999849656,0,0.018443296412004966,0,0.2055929936649911,0,0.0007330770484496093,0,9.813313513262639,0
399,0.1307233588964395,0,0.015319357924077508,0,0.22941124754958792,0,0.0003707909815349675,0,3.7762052568021325,0
400,0.04745737535589838,0,0.0016209393971712018,0,0.1836669244430263,0,0.00012631269717144715,0,2.963339223465682,0
401,0.12596346274153128,0,0.003868625035600529,0,0.25887715068999484,0,0.0001319624903166636,0,3.185157138090342,0
402,0.05762664349855123,0,0.005049930415396101,0,0.11022392504248989,0,0.00015693831306442206,0,2.000108595440003,0
403,0.109106405841289,0,0.004152581677936751,0,0.24971984133536962,0,0.00014734000418330473,0,2.8584575536690617,0
404,0.17223480195501198,0,0.02889341038847087,0,0.3212568440145934,0,0.0002472301083933112,0,3.944942517338803,0
405,0.1724865329298463,0,0.00973795111813194,0,0.17249339301030972,0,0.00040078122608932457,0,6.091239742035497,0
406,0.06677453324866606,0,0.01285599423468203,0,0.1705733741978271,0,0.00014846450970185863,0,3.157938823848861,0
407,0.026611355019753345,0,0.010762944854688143,0,0.01406773919123382,0,1.6518450051709838e-05,0,0.2847435578776353,0
408,0.1092336937762392,0,0.005645503414044338,0,0.1626217467274553,0,0.00019824617876724443,0,3.1324819422835435,0
409,0.07742426529660991,0,0.007054935014449733,0,0.093549746165202,0,0.00016614934089906336,0,2.839107982117322,0
410,0.07514318017511172,0,0.009521601758877491,0,0.02949305049725891,0,0.00010835376373774309,0,0.5979833302297475,0
411,0.29908697477148344,0,0.0028232289632297426,0,0.2860288249834717,0,0.0005245259077738273,0,8.072152497727187,0
412,0.18198936736614482,0,0.01780948209461375,0,0.20535158863000214,0,0.00022549235665194638,0,4.346718565006894,0
413,0.03236772627254384,0,0.020626297785469292,0,0.0650752581280493,0,2.6787322272600902e-05,0,0.5693440253840294,0
414,0.024567172477080276,0,0.0018067591149800053,0,0.05330618777764715,0,3.0186945938384658e-05,0,0.5188147861008471,0
415,0.04224357111299645,0,0.006151322375362408,0,0.1728643214277357,0,8.910853977147284e-05,0,2.6463083389383444,0
416,0.05519174242753585,0,0.00262601795762256,0,0.1367912213158018,0,7.357283252534848e-05,0,1.9003126397369818,0
417,0.03088897988010052,0,0.0028136538077905156,0,0.09234137725070435,0,5.919352637287554e-05,0,0.9818493045481713,0
418,0.06643832493241988,0,0.00210760756978478,0,0.18175854742312053,0,9.318436983393207e-05,0,2.694915415290396,0
419,0.0564085048857809,0,0.015961338528057527,0,0.15254132039796983,0,9.184650400491075e-05,0,1.6489248400861531,0
420,0.041768021700112935,0,0.0037712903476311422,0,0.19258612427136637,0,7.75717425381435e-05,0,2.1496050184089497,0
421,0.4884294922399708,0,0.006573335895446034,0,0.4314831716520826,1,0.0023849526874408482,0,26.03656608839632,0
422,0.05048224646584891,0,0.011595545585616223,0,0.169736712503456,0,8.121502784871048e-05,0,2.0152891604564847,0
423,0.3206759714911683,0,0.03941710007904182,0,0.3226212376514773,0,0.001595123162579416,0,3.7764456045206543,0
424,0.1220321772165749,0,0.010894300252028677,0,0.1793322607805581,0,0.00016579636395392669,0,2.4116326756247806,0
425,0.035116043256325634,0,0.00470401579149863,0,0.14269148816389338,0,5.118108281248515e-05,0,1.6991193049974918,0
426,0.03432803345694738,0,0.00445331705077897,0,0.08040177968023157,0,3.610367147864728e-05,0,1.2265774585917582,0
427,0.020808376294296382,0,0.004198513472685026,0,0.018087210427272737,0,2.1590738380511727e-05,0,0.4924342295640285,0
428,0.053339598887750334,0,0.01786941502704268,0,0.17095719188042383,0,0.00010657434886233251,0,2.028186872967343,0
429,0.16114488839808788,0,0.004508993404673956,0,0.27919131152846194,0,0.00042820931243166667,0,4.675095739076591,0
430,0.031321276121821874,0,0.0040336596308308825,0,0.18101993124815702,0,8.611962541669701e-05,0,1.9029172829554166,0
431,0.05345144297173515,0,0.007852542016732602,0,0.1299777350861096,0,0.00014085223664875342,0,1.954843428255129,0
432,0.14445936438274962,0,0.0010068757066563825,0,0.316719293240688,0,0.0001998585206696559,0,3.8171137719748316,0
433,0.13952261394866106,0,0.00411111985479137,0,0.16200422799808906,0,0.00022810331839023264,0,3.358246167379641,0
434,0.01671663313387626,0,0.006116031583985566,0,0.06049739327381328,0,1.0404638556288284e-05,0,0.6481192864910224,0
435,0.06459712253948696,0,0.003115867838746807,0,0.1852847523394891,0,0.00011776850277841635,0,3.1348082312434653,0
436,0.01334627969153252,0,0.003996279488116451,0,0.13767359674947147,0,4.61390669807626e-05,0,1.823176656031361,0
437,0.23216877721156529,0,0.02596137484456483,0,0.3900090876646877,0,0.00027926979654961187,0,5.860009619712558,0
438,0.04538300739963046,0,0.00481368320464085,0,0.130066829800335,0,9.655377862927021e-05,0,1.7809246135981873,0
439,0.02406876164194194,0,0.003854480554371674,0,0.12480005344454419,0,4.895428855049484e-05,0,1.688223062208063,0
440,0.19216378719882793,0,0.017963460937925745,0,0.3782796226445516,0,0.0002329256332686765,0,4.530773813184309,0
441,0.03682240110417104,0,0.006116860926373672,0,0.12222803182763539,0,5.525817307408044e-05,0,1.783532712781683,0
442,0.1125573761298594,0,0.01734596258197932,0,0.145840563498451,0,0.00026342457741167805,0,2.5869394256251015,0
443,0.15806419904292515,0,0.024414006162373127,0,0.33123226259324684,0,0.00015730046437154743,0,2.9594770906518506,0
444,0.06989196043502806,0,0.005104577479452261,0,0.15961216767521078,0,0.00011246989223006492,0,2.5399014803501223,0
445,0.19429256295097663,0,0.003783857951271211,0,0.3449165921788273,0,0.00026056772862775694,0,4.687319282086579,0
446,0.009709667304756447,0,0.005682521423397432,0,0.09896378644198116,0,4.6838925647799554e-05,0,1.5030075923486819,0
447,0.11746840558785866,0,0.005445865332808214,0,0.16914305441969693,0,0.00023240086051202116,0,3.3299903398034103,0
448,0.0368366309965025,0,0.0099563890206698,0,0.15590552041327949,0,6.60515966859506e-05,0,2.123398875627477,0
449,0.3154188144669978,0,0.021775519861687978,0,0.4313798475885515,1,0.0003355116860698237,0,6.4731873095290196,0
450,0.14919272380917972,0,0.0096443671915066,0,0.12253946426275013,0,0.0003352674312806738,0,4.919992853207947,0
451,0.03803082299133869,0,0.0033182911523614257,0,0.14738186823142405,0,6.903849022703728e-05,0,1.5736007386719195,0
452,0.055851934627153106,0,0.0016007617269881973,0,0.15376507877545384,0,7.101281585851153e-05,0,2.3619557325894722,0
453,0.03876657698250087,0,0.004878659049344555,0,0.07906725753300992,0,0.00011284702280722914,0,1.6340513744148908,0
454,0.06411409817801886,0,0.007033558622475369,0,0.17738650345114776,0,0.00013543368301308821,0,2.9696122930082387,0
455,0.01606854674484019,0,0.006256047450503775,0,0.044435125031063345,0,3.442597455087524e-05,0,0.5131366209015712,0
456,0.026723488252153416,0,0.004939648680888942,0,0.07053094745625609,0,4.1499274762755066e-05,0,1.0008346040253708,0
457,0.09297904199112086,0,0.024898985128477727,0,0.14665848505749232,0,0.00030145108850497695,0,1.6652445522931767,0
458,0.11114413130644793,0,0.013733952353530046,0,0.07202933974632887,0,0.00018628351290141498,0,1.1417166734891713,0
459,0.19088216089030066,0,0.005341573306020672,0,0.2994408410370229,0,0.0002566853582610186,0,4.575185351135664,0
460,0.08649058555500752,0,0.017667947594844583,0,0.09400336967607738,0,0.00014801608845848652,0,2.4196396222578094,0
461,0.30791004101121455,0,0.011787952330169799,0,0.3536148350636377,0,0.0006413308151454037,0,8.611947922543099,0
462,0.049095344700119295,0,0.01581718558345549,0,0.13295764767804513,0,6.249451890634982e-05,0,1.2239004528106074,0
463,0.3265067777164147,0,0.035193437359391254,0,0.3806996356150476,0,0.001269941113336013,0,3.3505251024387865,0
464,0.15734184280695265,0,0.00892088287222945,0,0.2983645280501872,0,0.00016974552783083593,0,3.4494294964410437,0
465,0.22439406349146795,0,0.05832623673001193,0,0.43141956366504347,1,0.000326634158378288,0,4.648474080085928,0
466,0.0830940911263008,0,0.005794831794794487,0,0.2455393133580497,0,0.00016743777346420278,0,3.5014121326337007,0
467,0.05606227503911805,0,0.0030807587526327754,0,0.22151459346763103,0,0.00014218659211329927,0,3.1607719390012745,0
468,0.07590964385367192,0,0.014707508297057087,0,0.051804639281447906,0,0.00010518741466663239,0,1.3990285817863266,0
469,0.0649291437968099,0,0.014281563532136604,0,0.1894336032150337,0,0.00013814672978534518,0,2.559375421596118,0
470,0.15250598426505071,0,0.014298172757863407,0,0.2886859434704888,0,0.00041680023805198724,0,4.49225518135766,0
471,0.029744172601940594,0,0.0030227308622542384,0,0.1614615373117246,0,5.1647867383328345e-05,0,1.748882320240615,0
472,0.3208146212658412,0,0.003572726703952776,0,0.28548626830463375,0,0.0015679432754164189,0,16.714941249007488,0
473,0.049195952096349894,0,0.001737654526471598,0,0.12540546442746783,0,5.2036965975959874e-05,0,1.3393711570466071,0
474,0.06180594799345149,0,0.00426357249015114,0,0.19366952138170151,0,9.436588242722697e-05,0,2.1587442264534715,0
475,0.24105816472018549,0,0.006614706547516011,0,0.2567504722047948,0,0.0003764061867658464,0,4.271907920934173,0
476,0.17261159053170982,0,0.006743410759213487,0,0.15991538904437272,0,0.0005254348994233728,0,3.2343512642238927,0
477,0.12012149815778263,0,0.029843875387009566,0,0.3038119819398044,0,0.00026732370914310684,0,3.7303772044018806,0
478,0.037682209980064094,0,0.0043151994402985385,0,0.12114509784722119,0,5.5839708468177684e-05,0,1.7638634270622835,0
479,0.03828653934140181,0,0.01189518949601767,0,0.10809144532290561,0,5.827447692264818e-05,0,1.4965738885281492,0
480,0.015087061359821068,0,0.007751465739901823,0,0.05154369645606947,0,5.116439249020835e-06,0,0.6073248567961952,0
481,0.22124302987671096,0,0.0160668077701963,0,0.2163906113925106,0,0.0016253029890801933,0,2.681191009578848,0
482,0.13443383912541132,0,0.01962894547288911,0,0.10046737416142891,0,0.00029493382631466566,0,2.3944968244587876,0
483,0.14234811725182975,0,0.01600187416946991,0,0.2451080333818912,0,0.00010120202521470211,0,3.049351972639299,0
484,0.2608904189095186,0,0.003869862581916724,0,0.292752766953426,0,0.0004222588052956255,0,5.469506161523159,0
485,0.27411378692523625,0,0.02318591826126699,0,0.35751741470206966,0,0.00047510999366390824,0,8.47606609569899,0
486,0.05806159398965338,0,0.0007627463130031549,0,0.15567267956612055,0,0.0001378906322026096,0,1.8131089871577744,0
487,0.10546908298027054,0,0.018887585567720216,0,0.25197556968904034,0,8.515187654419858e-05,0,2.5200106071481816,0
488,0.08077531843198654,0,0.001815416431808215,0,0.16849712074414158,0,0.0001436015752908898,0,2.599578563664468,0
489,0.22384299907045757,0,0.004701520127712991,0,0.36843343559887215,0,0.00029074565589843953,0,4.818992592826083,0
490,0.03125627348781599,0,0.002379353538321317,0,0.12273630907099131,0,7.413951119931224e-05,0,2.2095629618872454,0
491,0.08452342368726891,0,0.0027687994109989846,0,0.14928716121174848,0,0.00019693916711793552,0,2.6431567416029265,0
492,0.1358616648213223,0,0.04644225739568708,0,0.24139128880896504,0,0.0002503457174680233,0,4.365778373275425,0
493,0.128907597864252,0,0.006533815835073999,0,0.16152613287734097,0,0.00024034453055982006,0,3.456974132877085,0
494,0.18785970333341495,0,0.007450733807352402,0,0.16545482273480241,0,0.000508030956837893,0,3.4423054718133876,0
495,0.03126056948014551,0,0.0015600066762529224,0,0.09088993397043706,0,4.549317364518839e-05,0,0.9707101025084196,0
496,0.05877052016344592,0,0.0014176099310465292,0,0.17717068969382077,0,0.0001297770088787684,0,2.9580009624225214,0
497,0.033594139443287305,0,0.0015690615071164726,0,0.15174632418318937,0,0.00010174399388364131,0,2.505585387169509,0
498,0.03584977439424382,0,0.007294328736589023,0,0.10734436319675882,0,6.350053594283126e-05,0,1.651295664980426,0
499,0.1827221106630531,0,0.013509418614835582,0,0.08917459749089644,0,0.00041156355147324054,0,5.6191018022350985,0
500,0.04955954788190301,0,0.00300657382489196,0,0.1901977555042077,0,0.0001425381661301495,0,3.1152196434178148,0
501,0.024541579752916466,0,0.00621553860829031,0,0.12030449306909645,0,6.13266961474359e-05,0,1.9617553096869558,0
502,0.14341966571076506,0,0.019846417425040827,0,0.13709939185598569,0,0.00026701784956289994,0,2.121171321937807,0
503,0.10896877879696704,0,0.003206208507811309,0,0.28041408451228095,0,0.00018179260328759779,0,3.4193642508671873,0
504,0.341615048794036,0,0.003005068837892157,0,0.245233872446911,0,0.0017052841834392651,0,18.65055269929343,0
505,0.11195043664397622,0,0.02489747225499609,0,0.15141599121192287,0,0.0003414858621565388,0,1.6993498322640435,0
506,0.22636220130275891,0,0.016610192757823595,0,0.21560366094529038,0,0.0009434059083770672,0,2.19194744601207,0
507,0.051070273351917835,0,0.005990268961371763,0,0.030909618061657842,0,5.3515836467118604e-05,0,0.9492598831672872,0
508,0.03462582014037383,0,0.006144416969692179,0,0.16877453441143006,0,7.235171209059802e-05,0,1.7811711590523451,0
509,0.271900489117175,0,0.017240162958621075,0,0.23261759666325355,0,0.00200425643999733,0,3.2482168859581675,0
510,0.14283973477296796,0,0.002290176821161672,0,0.29752206692371164,0,0.00041004449651012087,0,4.901420263587065,0
511,0.2530885267562152,0,0.01971021395992,0,0.26765268288992156,0,0.00038824270318359676,0,6.581299517433164,0
512,0.08874651492703015,0,0.01769277154107826,0,0.04946980541072148,0,0.0001341352400268423,0,0.7381294383972036,0
513,0.11219004333003788,0,0.003084544688406164,0,0.15397971574144595,0,0.00016342733296999842,0,3.081130310715374,0
514,0.0467779769662057,0,0.0031100268317736245,0,0.12191465036936072,0,7.947157893229787e-05,0,1.7328399354024948,0
515,0.031627343563997504,0,0.0033867509423544037,0,0.16517366352230442,0,6.281409307726525e-05,0,2.152683068078077,0
516,0.028956060392940786,0,0.0019414373083544779,0,0.12224543492952716,0,6.846766996059051e-05,0,1.3504041123432053,0
517,0.08223685804004723,0,0.004346616814370528,0,0.09159932026886079,0,0.00014760077387619377,0,2.6628493570737524,0
518,0.26979031245964,0,0.002977196855290816,0,0.3117358826564675,0,0.000497387381705689,0,7.161979589966724,0
519,0.12660587218263322,0,0.007224992505825095,0,0.2801603600749989,0,0.0001435599181650772,0,3.0714200198079795,0
520,0.04698881211838349,0,0.014482654836048733,0,0.12190618360969278,0,5.810739346452124e-05,0,1.060113988462403,0
521,0.07590141281364952,0,0.008492777370318477,0,0.2228521865291714,0,0.00013511143552822274,0,3.2624993372119895,0
522,0.03889492907802538,0,0.0053995945753044575,0,0.20246114730500478,0,8.569021660844124e-05,0,2.1262183883802317,0
523,0.19474681071681277,0,0.027407840507703292,0,0.2342061389093614,0,0.0002887321304126505,0,3.3607958874260455,0
524,0.07352010200342253,0,0.027886212802322938,0,0.1861689951166967,0,8.723622969144419e-05,0,1.6753995740328769,0
525,0.10447231334423368,0,0.013260893297387383,0,0.27188619514228735,0,0.00012596452404592417,0,2.6218845897762653,0
526,0.08426111031738852,0,0.024105238291817165,0,0.13800521617006622,0,0.00010783899813659563,0,1.2021396681351808,0
527,0.29333779547263145,0,0.01416138815874499,0,0.3906304344303107,0,0.00045992070394370324,0,5.238671208436292,0
528,0.2078309028532004,0,0.0061594546631402285,0,0.3577403196791707,0,0.0005457034003969759,0,5.961786640935374,0
529,0.05236085056020271,0,0.013690019254107722,0,0.18011755589751208,0,0.00014751875614395482,0,1.7531631259145768,0
530,0.2921880086569726,0,0.00976729349200715,0,0.39389512080046873,0,0.0004827260201736251,0,6.089819569129095,0
531,0.2575639435842931,0,0.0296997429317159,0,0.19467377251744847,0,0.00044142884323154357,0,3.2275719588494214,0
532,0.16043839202398125,0,0.01756593479312403,0,0.25701487454703265,0,0.00015690104717526368,0,3.675719448992865,0
533,0.2852877380465951,0,0.029251557243454858,0,0.4059599643935905,0,0.0005830611041794101,0,10.097874456823808,0
534,0.07594762301459661,0,0.004839446773811773,0,0.23637096324154525,0,0.00019912476586902744,0,2.807093974699056,0
535,0.13369971663461183,0,0.0071714065167166165,0,0.26461837677534245,0,8.84923718073995e-05,0,2.80711295382046,0
536,0.14212813810437616,0,0.0045739688789385715,0,0.20055789577222757,0,0.00020572641603402184,0,3.2043570806049724,0
537,0.2989499454791726,0,0.005625581579392292,0,0.3872987955801849,0,0.00031316490116289696,0,5.168771224307733,0
538,0.03714783695704723,0,0.004986695322526452,0,0.12803609451809495,0,8.469602278463176e-05,0,2.36724990039022,0
539,0.0866876463517756,0,0.003120028182612162,0,0.14678550784946462,0,0.00021143867848883954,0,2.807540035027813,0
540,0.17144333950646934,0,0.0023392379604354383,0,0.27720055414469885,0,0.0005228326714835934,0,5.666858957120649,0
541,0.2897485986649527,0,0.010581678827920552,0,0.3135425600093966,0,0.0009927860930064333,0,10.217999340455286,0
542,0.04266431761758004,0,0.006780827700132122,0,0.11557529701424506,0,0.00014903162523220828,0,1.9588218746849524,0
543,0.10198506839528383,0,0.018430582370432387,0,0.07007701888328177,0,0.00013364337807008887,0,1.9798241402721088,0
544,0.2205570972530025,0,0.025282387541842397,0,0.19501371194529166,0,0.0012507560697875193,0,2.504274322621746,0
545,0.06615118556436404,0,0.010545375500932814,0,0.2118803628124721,0,8.626908199837883e-05,0,2.50725813215782,0
546,0.03425149102840708,0,0.0055544191090017144,0,0.09911478922239032,0,3.511941878413996e-05,0,1.271417899228727,0
547,0.07099060810763029,0,0.010343388819356527,0,0.17438235769776125,0,0.00011395447996969391,0,2.8509247576693837,0
548,0.45130038694580754,0,0.004719320414631142,0,0.36850428603696117,0,0.0023059736916432186,0,26.117151029455158,0
549,0.19364752056886678,0,0.024352955191485767,0,0.21420447305740276,0,0.00023410053533175784,0,4.981797463078141,0
550,0.08330264314383092,0,0.009297431868776128,0,0.04209968575540012,0,0.00012042943333845173,0,0.6553918286246502,0
551,0.0369975301381949,0,0.007598028566032214,0,0.11527912746469816,0,7.20877519518975e-05,0,1.821562878678171,0
552,0.19711899437584546,0,0.0017342127298478063,0,0.21026497481983608,0,0.00032978485578199546,0,5.1409458368476875,0
553,0.13372692020648397,0,0.009440472671647618,0,0.06687125893244462,0,0.00022851378659686686,0,3.446627968652237,0
554,0.06113616645014424,0,0.009872740507636363,0,0.12360623328001791,0,0.0001152154751629458,0,2.3179453076257714,0
555,0.08012153896375304,0,0.0066616853853324436,0,0.2452335757058164,0,0.00010734632967489676,0,2.62775588579199,0
556,0.022371865472579553,0,0.005682991533557426,0,0.07693180019668683,0,3.1669139014825995e-05,0,0.695249448849153,0
557,0.26413140098834853,0,0.010896545335984666,0,0.35807611117780597,0,0.000420441445963669,0,7.110517791497183,0
558,0.21822486902887178,0,0.11190240197478553,1,0.3982227734471188,0,0.0004460761897241561,0,7.0466108951638535,0
559,0.20387681560175813,0,0.016965965605416636,0,0.11012506484819597,0,0.000458438758728012,0,6.558859466556389,0
560,0.16685916622612482,0,0.002184197478885546,0,0.3060226512844036,0,0.00022195728283273396,0,4.078088833154554,0
561,0.014833610277402388,0,0.0023766137500973276,0,0.05927880908893897,0,3.779811184912173e-05,0,0.6071962212919996,0
562,0.21731935404820613,0,0.026682012235444384,0,0.2711403412047811,0,0.00038469152928021633,0,5.632588761285156,0
563,0.2559096716746564,0,0.013367492795581571,0,0.22361424962612164,0,0.000759069076180989,0,2.031732648075817,0
564,0.02653983077163315,0,0.0033030125262361863,0,0.07662702836388899,0,9.968417280568537e-05,0,0.8399125597215983,0
565,0.07476258976554612,0,0.0029800296232966894,0,0.20447813527217262,0,0.00015769435352434516,0,3.4257843958233325,0
566,0.06963703804289738,0,0.005808608791075962,0,0.15825264924085194,0,7.909785594250815e-05,0,2.3053058765820276,0
567,0.048472100217835816,0,0.004007924518812225,0,0.18445714323684123,0,7.961955280205296e-05,0,2.400750533488214,0
568,0.18971868524946098,0,0.007800608549232786,0,0.17464032752389053,0,0.0005535754801825692,0,3.2824731427065266,0
569,0.19092674573268043,0,0.037945301814215085,0,0.18850291430601765,0,0.0006223038323144278,0,1.9296270055968967,0
570,0.027289069790870573,0,0.004309631704413009,0,0.17120026979525707,0,7.908099112986862e-05,0,2.2929707599259537,0
571,0.04991759631293471,0,0.007199446012285643,0,0.14678562263492545,0,7.247777859341135e-05,0,1.7800030474054378,0
572,0.02123186266110163,0,0.0015134277326813014,0,0.15473468591304831,0,5.546828826464855e-05,0,1.892009904125991,0
573,0.054727242188897296,0,0.0018778405391350692,0,0.17527797623634755,0,0.00010009760123609085,0,2.7835509234469558,0
574,0.22284292018672505,0,0.0065192123649314565,0,0.2622205787390266,0,0.00033387003284194417,0,4.1858122543144205,0
575,0.08456254137986971,0,0.008150866835250115,0,0.13974087998934875,0,0.0001241810554718515,0,2.1368101464990894,0
576,0.04553685521089238,0,0.001965014731099932,0,0.20057020202989786,0,0.00012461164140762938,0,2.8491383471361633,0
577,0.03990222688067343,0,0.005024336051111338,0,0.20084933306795646,0,9.343742808655087e-05,0,2.1052513911361226,0
578,0.1344649768641735,0,0.019954859600851266,0,0.18395270045567877,0,0.0003147226072090046,0,1.6998512282268596,0
579,0.08231463519155802,0,0.006240790100471155,0,0.2753495646685634,0,0.00022340004603970843,0,3.272500366171078,0
580,0.25639744798562364,0,0.02379902673282359,0,0.18924366293131648,0,0.0005342167081698373,0,4.044920003940621,0
581,0.116963656716606,0,0.02100244085683408,0,0.27455619001451453,0,0.00019765596907310714,0,4.689611689098663,0
582,0.2693192038836056,0,0.004061484409200232,0,0.24685494259486418,0,0.0004458623592092497,0,5.941892848875256,0
583,0.1509656618878396,0,0.009969888949647633,0,0.26076914548329966,0,0.00018620529187589959,0,3.9185973753451817,0
584,0.09827005303585692,0,0.013546021516302516,0,0.242382303843087,0,7.560505287758665e-05,0,2.411505543890274,0
585,0.03354903265564148,0,0.005403431120231289,0,0.12179767074208508,0,8.057243969348754e-05,0,2.316296993209858,0
586,0.2533405480670039,0,0.004417359539410902,0,0.371041421707633,0,0.0002893008461657794,0,5.036433357939694,0
587,0.12227075676407431,0,0.00931764424626134,0,0.15355166057711392,0,0.00027858577661624335,0,3.4588347593641005,0
588,0.1244711649143717,0,0.005084140177838496,0,0.15971787953106228,0,0.00017909139489529963,0,3.1509845081138272,0
589,0.09253447415790036,0,0.005994698970742319,0,0.0589993003026922,0,0.0001733202888192851,0,2.6724288145152566,0
590,0.1910552285073744,0,0.009612822589576627,0,0.21610750480952676,0,0.0002906487005660812,0,3.6740260958596798,0
591,0.18537016312869495,0,0.013879960379130878,0,0.2004608555749189,0,0.000567769748926943,0,3.708963293407389,0
592,0.20281941046864294,0,0.0015028822256375697,0,0.22690198731061265,0,0.0003285408063541242,0,5.10527740884654,0
593,0.04300112054212974,0,0.0019540579677309452,0,0.0968222594766528,0,4.800093279239394e-05,0,1.0562069963031901,0
594,0.056655069437990986,0,0.0006645274360577633,0,0.18040137575368786,0,0.000135369559493135,0,3.0613555041230027,0
595,0.23567076618641045,0,0.00779885688235293,0,0.15665271233580005,0,0.0005609006635068517,0,3.890540580989554,0
596,0.33039207129198195,0,0.003088301197582152,0,0.29330975001002463,0,0.001538294273457461,0,17.96614823877154,0
597,0.017416610432780807,0,0.008779641949199798,0,0.06850001775807453,0,9.469692777887776e-05,0,0.775283666648458,0
598,0.2882469966894738,0,0.019615048998709316,0,0.10963627920994307,0,0.0006915514153916221,0,9.040685476630065,0
599,0.09485411924025455,0,0.012712499270420646,0,0.15776341201547125,0,0.0002054874971427839,0,2.055175553630457,0
600,0.04993716028416885,0,0.006076250270064609,0,0.053498140891360325,0,9.41651529883985e-05,0,1.800210041314464,0
601,0.2068255313630579,0,0.009127325447720118,0,0.21232796148287064,0,0.000618783593463615,0,1.9034451605233311,0
602,0.015223233412070396,0,0.0031984964662189128,0,0.061850095675648115,0,2.1007169704304443e-05,0,0.5710398822179663,0
603,0.15422749275175457,0,0.031428461118769464,0,0.18122656696404643,0,0.0004464224623775223,0,1.949472844243881,0
604,0.036394219251082514,0,0.0030649188791229375,0,0.12640546467096614,0,8.445265927360006e-05,0,1.6196609283374623,0
605,0.03860874651147924,0,0.011060064417191501,0,0.22460508923274458,0,0.00012540349967874245,0,2.697583487708688,0
606,0.0460510946505444,0,0.00458655969185418,0,0.2057742735827688,0,8.234822502778855e-05,0,2.1967790243949827,0
607,0.15587625272963657,0,0.005158201329622863,0,0.23192196621793026,0,0.00020257780067742414,0,3.810589822915703,0
608,0.3103990161155444,0,0.02677560443518874,0,0.43104780391197106,0,0.000513019998604771,0,9.184198807502238,0
609,0.1161204544696418,0,0.008868781004132601,0,0.13716329024069507,0,0.00023691742502991942,0,2.6785654154572534,0
610,0.030050769318916117,0,0.005608230732814682,0,0.19043281702127712,0,9.093508422277159e-05,0,1.9956110602557018,0
611,0.06340739511739586,0,0.0035280001951274215,0,0.07455951178296319,0,7.680644805849305e-05,0,1.0823241925156526,0
612,0.32809042930368554,0,0.027628295479552936,0,0.27071645030682356,0,0.0014520565776452324,0,3.6629207100748964,0
613,0.15015723922759716,0,0.0028583775467289,0,0.3132052396715408,0,0.00021428753750152017,0,3.845245857446263,0
614,0.058801198268472354,0,0.007726312014702217,0,0.230808851296815,0,0.0001415052015481073,0,2.9160434302099394,0
615,0.20076026025430108,0,0.002885303225155081,0,0.2590098917318344,0,0.000607654955095018,0,6.059788457747694,0
616,0.12610187223674382,0,0.013986000615527766,0,0.0691514167816866,0,0.00021462520413680503,0,1.338721836707102,0
617,0.06064781122240013,0,0.012068681709459492,0,0.15991728111798442,0,8.939525897608466e-05,0,1.936349024602458,0
618,0.05676007586400482,0,0.005378761610451154,0,0.18970166433401958,0,0.00010697052424583472,0,2.931722184971844,0
619,0.03833354910797955,0,0.007120330501016626,0,0.21180318135051246,0,0.00010957817442706738,0,2.7063047353332967,0
620,0.14069381850174084,0,0.007567299512375074,0,0.17029806416401572,0,0.00028487019612709254,0,3.5320840633097177,0
621,0.1558594671348902,0,0.0024846673955894504,0,0.31973670117460057,0,0.0004852776923490648,0,5.707963616125375,0
622,0.05956829797493736,0,0.004218748055975485,0,0.1822681289524487,0,7.854637513832092e-05,0,2.0983960620519158,0
623,0.02517035776344275,0,0.0022334853465159226,0,0.09681641088327247,0,3.387690864951903e-05,0,1.310262872325192,0
624,0.1969845641851562,0,0.10167870870994716,1,0.28049664767860777,0,0.00038605323735426447,0,6.381040806274324,0
625,0.029437383163085272,0,0.0032781204523822088,0,0.14566379386608752,0,6.520879700749685e-05,0,2.1439844918497304,0
626,0.07716801674930572,0,0.005967257103907565,0,0.23607228009618927,0,0.00010221353315415387,0,2.6323402924945127,0
627,0.17186552741298122,0,0.020951103014574108,0,0.13443534275510155,0,0.0005257259615034643,0,2.9074460374703213,0
628,0.12977651239361293,0,0.024631497317727655,0,0.2653441880298124,0,0.0001900966352430544,0,4.680664399868219,0
629,0.2337748719260127,0,0.0012058739124666163,0,0.22347720976395524,0,0.00033566724601971496,0,4.755713456012141,0
630,0.06880590975682986,0,0.002141475355837126,0,0.19769911395101167,0,0.00019087373119538014,0,2.4804247404581576,0
631,0.14401138060757748,0,0.02588502445419842,0,0.2919400828616656,0,0.0001838595819844032,0,2.7070466564002147,0
632,0.13440444538864418,0,0.014413729131500564,0,0.2640764110623029,0,0.00010062136517138606,0,2.5444415815892443,0
633,0.02406294771395256,0,0.0024152272943701787,0,0.11421180142530744,0,5.722613964182132e-05,0,1.9823783979574316,0
634,0.12422894780015051,0,0.00887091997682837,0,0.18081450814983194,0,0.00020927035911217027,0,3.738877347782521,0
635,0.07205711400654244,0,0.002841598198426846,0,0.13726362453314153,0,0.0001819681833971153,0,2.156979943738964,0
636,0.1655308269950506,0,0.0028004218018459533,0,0.32387977981180255,0,0.00023579622211001918,0,4.203171522954273,0
637,0.029279932271656168,0,0.00638566083623513,0,0.038766768187902825,0,8.39069540604365e-05,0,0.5584750164064364,0
638,0.2095096433798681,0,0.013175921262037298,0,0.24523816328076053,0,0.00029328880329866565,0,3.622220428480626,0
639,0.053329170977670357,0,0.003295534943255276,0,0.1115326386701381,0,5.638236224453476e-05,0,1.650021667871218,0
640,0.08718318711116906,0,0.00571674999853644,0,0.07337213381814131,0,0.00016494784972980836,0,1.854609939325951,0
641,0.13494746053247667,0,0.030300965302123128,0,0.14245432722697013,0,0.00041498874136965564,0,1.588245166618454,0
642,0.006925629032783972,0,0.003361084046497707,0,0.1313511104598205,0,5.34337839839752e-05,0,1.4556253799664305,0
643,0.020316710562037498,0,0.002990486670310579,0,0.09056570406873497,0,3.3189780828704236e-05,0,1.3172022815564017,0
644,0.03299151966741137,0,0.003207030311151244,0,0.10646626813588267,0,7.109381751779533e-05,0,1.424679008741626,0
645,0.06972218709224005,0,0.00854649265734916,0,0.17199186983800535,0,0.00012243382812075383,0,3.1622353360190143,0
646,0.18484885709966578,0,0.010992408788826142,0,0.2163033359411276,0,0.0005127939216352607,0,2.244598623934228,0
647,0.15186699463231162,0,0.0,0,0.30325477374678744,0,0.0002156695854232065,0,4.050048760652873,0
648,0.05203487270820235,0,0.005165789492867862,0,0.1272456272325164,0,6.44061225359949e-05,0,1.2630793762989743,0
649,0.19667771501976555,0,0.09401437177571258,1,0.37918224419034313,0,0.00042353431906105865,0,6.6489640181924115,0
650,0.1074542842720437,0,0.012307114951778978,0,0.18649530460869293,0,0.0002189214904862363,0,1.7680452387326007,0
651,0.2029645499381048,0,0.0057160579726657276,0,0.15859079198694595,0,0.0005223964379939221,0,3.6315143154780207,0
652,0.24481206598786703,0,0.030820019527347347,0,0.08236705893665329,0,0.0006803579236225703,0,8.46723834160454,0
653,0.11172948191672462,0,0.004464459115555777,0,0.14796295001464801,0,0.00021222070428758664,0,2.9163937048288457,0
654,0.04558815646523346,0,0.0008729100017043028,0,0.1907371356450031,0,0.00013276709841463866,0,2.959692851808485,0
655,0.038256607435465315,0,3.586891300911445e-05,0,0.17002611065369033,0,0.00010541029673986434,0,2.5447295626065785,0
656,0.00899370832777733,0,0.008848688464635443,0,0.10773233523988504,0,2.7124882544217448e-05,0,1.3889771557396655,0
657,0.03441484042078948,0,0.006988166200259223,0,0.19304297091226919,0,0.00010489445877233078,0,2.648452751478632,0
658,0.020601506366089487,0,0.0033835145658809933,0,0.14970220071184934,0,4.63129608063445e-05,0,1.6345438290670693,0
659,0.507613783209417,0,0.10290393217470938,1,0.43104688247483725,0,0.016732352022289846,1,13.721231387899149,0
660,0.20645819953383004,0,0.0024783856053134466,0,0.2534509029212309,0,0.0006526562594458948,0,6.439075239520442,0
661,0.0551034509988631,0,0.0027671639197731643,0,0.18828353791166466,0,0.00013751050845565811,0,2.9566298555189867,0
662,0.09276166262291217,0,0.005438179628376154,0,0.15190493950248457,0,0.000162177281872347,0,3.119678681418305,0
663,0.18396198609928843,0,0.004610125158345058,0,0.3529809899309466,0,0.00027242387685120784,0,4.805374074258732,0
664,0.14796888275124498,0,0.015151021134767606,0,0.18177455879663668,0,0.00031311622274886894,0,3.7871588651542205,0
665,0.08260759855354866,0,0.006287270596432264,0,0.23679607328641705,0,9.073114666317798e-05,0,2.497618318322455,0
666,0.01825241717554079,0,0.0004614028781485578,0,0.1332201161108708,0,3.597777686949634e-05,0,1.5263536985087987,0
667,0.023994192167928575,0,0.005192512736603154,0,0.15590833236514284,0,8.692858575619094e-05,0,2.2296461876902995,0
668,0.022474556536813066,0,0.003522873996998624,0,0.02962735105092075,0,2.5374662343599795e-05,0,0.33066226096943907,0
669,0.3296023855294176,0,0.042601594121635826,0,0.11152847472971768,0,0.0008918534756006641,0,10.930458173870957,0
670,0.12352397338571841,0,0.01714081215033935,0,0.1722893562543476,0,0.00024044820040269136,0,1.6374694481995928,0
671,0.05131669865768653,0,0.0005847708717484696,0,0.16923460079920824,0,0.000127788515050061,0,2.9155309622202594,0
672,0.3221006390140762,0,0.08171233406154906,1,0.3848089728964415,0,0.0039136689053502986,0,4.31865456737774,0
673,0.019504580302701698,0,0.00279350041305351,0,0.06296102815231258,0,1.818426286695173e-05,0,0.928017064204137,0
674,0.10391073988758293,0,0.014098624369050109,0,0.06275109854571578,0,0.00018477992266281606,0,1.0038963608400346,0
675,0.05941405367419999,0,0.007547999611852949,0,0.17010951527834908,0,0.00011367409372360693,0,2.7463565645522316,0
676,0.024959236469602485,0,0.005056633290527257,0,0.05936468192271139,0,4.515984206432648e-05,0,0.9868894155189014,0
677,0.07432324010751143,0,0.011305332296669877,0,0.16293438528725232,0,0.00013032273340155364,0,3.255794195833065,0
678,0.16953711237134597,0,0.0050309509669825584,0,0.24100050986952334,0,0.00020905175014006134,0,4.009100175004765,0
679,0.24900671400354651,0,0.006277860621921616,0,0.18700931873713153,0,0.0005856683231564867,0,3.968782052150054,0
680,0.05789939670025121,0,0.004875156153052439,0,0.1571582854729419,0,9.845737952762093e-05,0,2.2995774310925676,0
681,0.34259213922639165,0,0.002992378712509969,0,0.37037641734502946,0,0.0014370269183702096,0,17.46926636427589,0
682,0.2404710915022405,0,0.010604355564041795,0,0.29461370466191716,0,0.0003547660971084476,0,4.320567204590798,0
683,0.020974435776038355,0,0.002815335924651088,0,0.15592946567802726,0,5.8684345083872945e-05,0,1.9523368639382528,0
684,0.03766218573620258,0,0.0027261962681271465,0,0.06124110190725222,0,0.00011480614349365279,0,0.8378576394920796,0
685,0.1498943533147145,0,0.012301678069529696,0,0.19160309164913572,0,0.00031766480517440713,0,4.297972775442144,0
686,0.042388583139993045,0,0.002203992164983247,0,0.19524097239808783,0,0.0001415986079398692,0,2.927507906677334,0
687,0.28363957394146055,0,0.02040968618240098,0,0.2083099225741363,0,0.0011421656957730873,0,3.046322303954845,0
688,0.14446567026531146,0,0.0042046156934489876,0,0.2774642392201419,0,0.00020522783057630372,0,3.894733444912479,0
689,0.06493981747173011,0,0.00618196107106926,0,0.0999954421192829,0,0.00019245820824634685,0,1.9473272950148863,0
690,0.15140889192320872,0,0.010968096321376216,0,0.1676241784680323,0,0.00046113475034587374,0,1.515666472650219,0
691,0.18345514072888797,0,0.0037421864968461335,0,0.25968246276975887,0,0.0007697535979318446,0,8.037315623963709,0
692,0.18853392850784065,0,0.09782303228971811,1,0.24854460459432712,0,0.00036048835544457656,0,5.954018002935014,0
693,0.41115645101860704,0,0.027120143612895237,0,0.43135217654218716,1,0.0015711833713596762,0,15.76975380879254,0
694,0.2769545048344546,0,0.013461685426875996,0,0.38987541464930614,0,0.0004932144363161215,0,9.381190853540142,0
695,0.06087838373515384,0,0.005936906966210693,0,0.11945562026047826,0,5.7374580140907735e-05,0,1.5225130013549975,0
696,0.02639050328741144,0,0.002230761820193987,0,0.17357399352781358,0,7.628285153787721e-05,0,1.8380652961321093,0
697,0.12001332607317808,0,0.02570541940714666,0,0.15431279743648782,0,0.000318144947053759,0,1.7929880932595297,0
698,0.03195807524998518,0,0.0033981328280073505,0,0.11290309219322736,0,7.983049554594778e-05,0,1.5148490216800192,0
699,0.02383323625047272,0,0.002188945984587056,0,0.05810398971827077,0,4.861125561007024e-05,0,0.858677959944038,0
700,0.21229333234852993,0,0.0020656484600318956,0,0.2812793071446372,0,0.00036076915103797394,0,6.125741664012873,0
701,0.06766621560531658,0,0.0038352790622023115,0,0.1724466201589066,0,8.68646165192459e-05,0,2.3975395548333553,0
702,0.25023455241286036,0,0.0028740234310608384,0,0.2926736582098945,0,0.00040029266880261584,0,5.518241858167758,0
703,0.18063645100115516,0,0.02847246232768653,0,0.2379037699924272,0,0.00026799764496622953,0,6.0089700375199,0
704,0.18519550992996264,0,0.010694198812310362,0,0.3355423002876469,0,0.00023396482976652326,0,3.598749864312068,0
705,0.10791799431166574,0,0.020962780047462548,0,0.08414989649082331,0,0.0005057585523387277,0,2.3459569390430697,0
706,0.0767352118405999,0,0.0019370049115353086,0,0.19054846562892433,0,0.00021537046895709364,0,2.499888391876611,0
707,0.03063244958067016,0,0.0024152272943701986,0,0.11415882772643753,0,6.302324181887812e-05,0,2.0637469865716396,0
708,0.2160146059676215,0,0.006732159847875015,0,0.3761910146490111,0,0.0002937642931998302,0,5.182898296790434,0
709,0.11290763997318258,0,0.011997535888426192,0,0.2303816272721563,0,7.774784215874945e-05,0,2.495673554661687,0
710,0.07788942794112548,0,0.0006617542812404602,0,0.1494058791268613,0,0.00018718362799622365,0,2.467366244700502,0
711,0.12641198930708486,0,0.0073923005184222046,0,0.1575453533700704,0,0.00019663664327012307,0,3.404489587393017,0
712,0.1967254085934784,0,0.0045108767870860635,0,0.2535629619249307,0,0.0007398016817098893,0,7.580345681612345,0
713,0.054420706387922416,0,0.01335665445795794,0,0.01777125394945005,0,7.191584801958217e-05,0,0.6058472147351575,0
714,0.18950387155016407,0,0.0006360258650153207,0,0.2131634030596698,0,0.00030855993452956313,0,4.974545662774682,0
715,0.20314944939071183,0,0.030048400407569738,0,0.19896774916669843,0,0.0011326993351264772,0,2.9876730776250375,0
716,0.012015522856390534,0,0.0030181808282992773,0,0.12779124349641682,0,4.542905234820029e-05,0,1.7795351827174728,0
717,0.04456261238909574,0,0.004838685078519537,0,0.12034613750154705,0,7.579118574587942e-05,0,1.8335842465924628,0
718,0.21763126406263253,0,0.005435535190924649,0,0.1250177855849272,0,0.0005604815564198225,0,2.9834610982300047,0
719,0.17840436805639784,0,0.033415292312865844,0,0.17757074932380387,0,0.0006377200949147883,0,1.8594918668701983,0
720,0.04734059928742758,0,0.014164002854850288,0,0.10017783278120648,0,7.216111458774973e-05,0,2.088141434786535,0
721,0.027561381817917115,0,0.003942515172916869,0,0.030865179839909065,0,3.077956662631426e-05,0,0.5888161075986692,0
722,0.25218106286237213,0,0.01657412380019984,0,0.3089591599242764,0,0.0003652191837783013,0,4.415002426209259,0
723,0.02164559914434691,0,0.008210498126942696,0,0.0388939041277674,0,2.2531045260251664e-05,0,0.7131442242431647,0
724,0.041375957994305324,0,0.014032665327819152,0,0.2310042594582734,0,0.00012165601748346193,0,2.6090350628921084,0
725,0.07123614375649123,0,0.005389589002634319,0,0.19158141192083628,0,9.244880628731963e-05,0,2.5390188316638276,0
726,0.23799193219114503,0,0.010880969666488851,0,0.2612832279590142,0,0.0004918006501218093,0,2.3722177947151186,0
727,0.1034472571087037,0,0.007495919827118638,0,0.274120630753049,0,0.000141119156035209,0,3.0146810917113185,0
728,0.14523107833383317,0,0.038721836610927055,0,0.2784184168080918,0,0.00024586318571296294,0,4.351405694163681,0
729,0.08141585530274588,0,0.010096865005792677,0,0.16352671569294897,0,0.00021574532905281791,0,2.81492065212667,0
730,0.6234182682735104,0,0.15503658790322392,1,0.47199631813565085,1,0.04865730030909173,1,38.02851390395024,0
731,0.6513429000105873,0,0.04580747191619395,0,0.43108440493064254,0,0.0017598991650764546,0,20.267460703052667,0
732,0.0770572118746695,0,0.011953802844101944,0,0.2070204739061983,0,9.500019583451949e-05,0,2.3719254662983813,0
733,0.16327447785097313,0,0.007287152045578566,0,0.16788161401349908,0,0.00030994145309174055,0,3.5096529582206637,0
734,0.11512263329671373,0,0.017716542282982955,0,0.08079602398368653,0,0.00019880210634871386,0,1.3046152461424032,0
735,0.11827657810645045,0,0.013222172929993295,0,0.22214040890549874,0,0.00024587120841852413,0,1.838774614828275,0
736,0.2858762808121571,0,0.007102647008904675,0,0.4123641689980664,0,0.0005238143414480106,0,9.406147296231365,0
737,0.08183658928166937,0,0.004823327195191988,0,0.23825613739628826,0,0.00015371199404800017,0,3.252607618962508,0
738,0.10683838188194054,0,0.0018769690196630477,0,0.2502319584593367,0,0.00016390844374905713,0,3.0504171283383474,0
739,0.43818038575326757,0,0.00528914230315522,0,0.35430975504542195,0,0.0022814793671749106,0,26.87147716274732,0
740,0.040541767567125915,0,0.00478814933406075,0,0.15665396634192488,0,9.846046547765829e-05,0,2.406630427530645,0
741,0.014816281265721619,0,0.003036225373459047,0,0.13067225206100858,0,4.262607693341751e-05,0,1.6110541100076894,0
742,0.04853140069406059,0,0.006905484778041792,0,0.11887607603838944,0,6.247801475431362e-05,0,1.6362651584994592,0
743,0.15902019805036702,0,0.004786123510587714,0,0.2229236917844361,0,0.000210553246365286,0,4.162174724780912,0
744,0.03370179042009544,0,0.004699803006887332,0,0.11465668254360759,0,5.745175518497602e-05,0,1.3277636372365542,0
745,0.07043796531619698,0,0.011432173112483837,0,0.14825255409226687,0,0.00012783907758491856,0,3.148530426870022,0
746,0.053205135292183,0,0.029537969344796453,0,0.15958812260834362,0,0.00014607622827811028,0,3.0378314386333107,0
747,0.3834038824329623,0,0.019767415907720555,0,0.3863912862039851,0,0.0014979790018157472,0,14.839005946969229,0
748,0.03817188063610383,0,0.005786739030937102,0,0.19193433571634033,0,8.399311424977667e-05,0,1.9546478462954613,0
749,0.028897052917847606,0,0.00616979130204621,0,0.06385098322698579,0,0.0001370976055345313,0,0.6689700900192552,0
750,0.08783699360714525,0,0.0037190671795950055,0,0.24502363512706732,0,0.00023698168951723686,0,3.109547461111227,0
751,0.26482539502530633,0,0.0028740234310608587,0,0.28425690419154576,0,0.000420376622028846,0,5.902219406656849,0
752,0.13694737165189694,0,0.010188839449681943,0,0.2625823025969513,0,0.0002693858937302996,0,3.8876659948966568,0
753,0.19260656722786257,0,0.02522434736566913,0,0.11200996705519424,0,0.0008874418759884413,0,2.808131049191742,0
754,0.19082009464213726,0,0.01940282309106682,0,0.2010696771806747,0,0.00034394700830739285,0,6.71548481169674,0
755,0.025016980469428816,0,0.003849863062192996,0,0.09936326770915327,0,6.286163545140614e-05,0,1.9541328924497403,0
756,0.08958237510879749,0,0.004424071592778272,0,0.14581598463034745,0,0.00014764001279892277,0,2.890872142118403,0
757,0.23397612960163108,0,0.008637945431964906,0,0.3878863625064148,0,0.0003105181308018804,0,5.374274037572401,0
758,0.11622022476940162,0,0.013349642292250243,0,0.22459800811328065,0,8.668170787677447e-05,0,2.569623024995975,0
759,0.08618795774689765,0,0.0034470999830192393,0,0.15077397607743415,0,0.00021074667061419326,0,2.6043169778525055,0
760,0.047171900278172106,0,0.0065358675937036755,0,0.1953427498817822,0,8.172397576002939e-05,0,1.9723779226759892,0
761,0.29516128519013507,0,0.043252282839652656,0,0.2536418161199901,0,0.002320601950195595,0,3.7108930422617186,0
762,0.04554185030186714,0,0.012229259977789264,0,0.1583634795778184,0,0.00015796097941393847,0,2.9660928597434673,0
763,0.5676388464685415,0,0.04030652713775003,0,0.34360520610662787,0,0.0017878779759290379,0,20.96687005426697,0
764,0.1225457761808796,0,0.011278367705964064,0,0.05821536457005779,0,0.00019059620816751257,0,1.1222206234351302,0
765,0.04924966340006009,0,0.011142865342559993,0,0.09600172751914915,0,6.184230748501879e-05,0,1.4282610088375858,0
766,0.03926283051016379,0,0.002693631880991525,0,0.10204428732200968,0,4.574710347082843e-05,0,1.4477627940742628,0
767,0.041794607204277384,0,0.009562546045842009,0,0.1391132096171713,0,0.0001176311993281223,0,2.6365396295360672,0
768,0.03307018583297681,0,0.008516804420506242,0,0.021498953570243694,0,3.490625570023507e-05,0,0.493482578695071,0
769,0.21442958520311461,0,0.0024328209100061187,0,0.22564090617608878,0,0.0004035465153195363,0,6.6730619095918815,0
770,0.1619023726915987,0,0.00862799594652271,0,0.1897892956603106,0,0.00037830684573195053,0,2.201532078185548,0
771,0.2868173235627347,0,0.005146119387545021,0,0.33418484886403477,0,0.0005502682631514389,0,9.69421682962163,0
772,0.14541358016674633,0,0.0024735425736945433,0,0.2089003346879814,0,0.00026989417257165327,0,3.610235583584007,0
773,0.02543828374061152,0,0.006892867100762372,0,0.050427773475221455,0,3.379351164702164e-05,0,0.750102397987729,0
774,0.02413006333931273,0,0.0029503322505301834,0,0.03948373576446786,0,2.2607318771248088e-05,0,0.35872233976055623,0
775,0.37038649581591354,0,0.0024203715365049114,0,0.3370016407520566,0,0.0016465994859568352,0,20.08223584206237,0
776,0.06570352135487798,0,0.005642168027904137,0,0.23062514851513738,0,9.341152070863099e-05,0,2.4882786984066305,0
777,0.43570969303131735,0,0.028057748362645095,0,0.4312112965471058,0,0.0017182477859103082,0,16.714088804623707,0
778,0.04345848407816015,0,0.0031969255964007645,0,0.1824548375707257,0,0.00012550693083782837,0,2.6798712593931593,0
779,0.0921583763468245,0,0.007081141080643749,0,0.08772214304268379,0,0.00020063239175868632,0,2.2955922225415173,0
780,0.1340867305237933,0,0.00954498632139932,0,0.16768386850521103,0,0.0003206421666319802,0,3.5558592981118506,0
781,0.12401704118624932,0,0.0032132844342542283,0,0.2714091666101961,0,0.00018969883681376292,0,3.527968523314739,0
782,0.1131423850494629,0,0.00943453361859826,0,0.179066311469932,0,0.00021117433440162996,0,4.412143869676564,0
783,0.02919373365242813,0,0.0024254850433574177,0,0.08642604181253428,0,2.2949343249550165e-05,0,1.106744119995736,0
784,0.0122821170921323,0,0.0049226274960683745,0,0.11925384951299697,0,4.516405650303611e-05,0,1.621809887888121,0
785,0.5342118386352103,0,0.11370961967412313,1,0.3591304323228421,0,0.025487398699749576,1,20.36091399438796,0
786,0.18455231825012086,0,0.0037421864968461335,0,0.29057966693902626,0,0.0007693954316312428,0,8.258303548318874,0
787,0.0592102679055429,0,0.007640765045809415,0,0.1489350013027769,0,8.281604485328384e-05,0,1.753319615811718,0
788,0.2554030573383227,0,0.011336944297135538,0,0.2529961126330876,0,0.0003297443181114541,0,3.943093949848067,0
789,0.17975529112536207,0,0.006638605107398059,0,0.13332018509391422,0,0.0005361477171529308,0,2.8174429645569243,0
790,0.19049409976272252,0,0.03435360824324592,0,0.18293682369296346,0,0.0005519867951540869,0,1.935354811855,0
791,0.03860535135176229,0,0.003922046971873206,0,0.1281436782553302,0,7.187121196787907e-05,0,1.4849409928966442,0
792,0.034363535564121944,0,0.002199137401126135,0,0.04718709239408219,0,4.5981588342862546e-05,0,0.7657819905720957,0
793,0.040333756665033506,0,0.00395967630051207,0,0.16214397955927115,0,9.646084199284957e-05,0,2.362861875688778,0
794,0.026548177542281042,0,0.00047772138180889804,0,0.18371770216959887,0,6.553879638925472e-05,0,1.953737294411838,0
795,0.0015663900344752067,0,0.0066838547657165235,0,0.02415840371963804,0,0.0,0,0.3469597097406808,0
796,0.05074551614178227,0,0.012946483449016295,0,0.20095147314519546,0,0.00010712866230640186,0,2.3156608064181046,0
797,0.05167446499330234,0,0.004728192813090492,0,0.09708395462070586,0,0.00015565455325348377,0,1.068172803872421,0
798,0.12769370905827235,0,0.018239829700833973,0,0.21340235889524584,0,0.00022741443090929715,0,1.7061816393698375,0
799,0.11148513851224337,0,0.01107704866061775,0,0.3069995126961083,0,0.0002604303376414388,0,3.800173551105158,0
800,0.2654590081778,0,0.004333807244048619,0,0.3316957286841262,0,0.00042239548780021114,0,5.617550906783189,0
801,0.43469130133141143,0,0.016495242856526995,0,0.40824047613055586,0,0.0008985176431799093,0,15.013185577927814,0
802,0.28029708097806494,0,0.03190963279500487,0,0.18184736743229224,0,0.0013016498821967766,0,4.1169331892133645,0
803,0.1580724846421346,0,0.009507386643203667,0,0.2311603229454445,0,0.0002933604169756568,0,4.212697558563079,0
804,0.03659514008497777,0,0.012768266393069673,0,0.06512158060446609,0,3.652887901761707e-05,0,0.5079925674988577,0
805,0.24392546614210175,0,0.01090045501326785,0,0.3863566108705507,0,0.0003360100045794244,0,5.741785685104421,0
806,0.02919224215079814,0,0.002724644352013725,0,0.10976985476098555,0,6.32331397139353e-05,0,2.0389062073234263,0
807,0.14140602835242552,0,0.014297582752858317,0,0.26316506155507824,0,0.00014099222926939424,0,3.3563491553934455,0
808,0.07003566910284147,0,0.0035860995463921873,0,0.14503176540398122,0,0.00011892594297570962,0,2.5274579071573626,0
809,0.047618265934522674,0,0.011257785324683904,0,0.11916038032375353,0,0.00010211050980570608,0,2.2125352185576728,0
810,0.032804973529099606,0,0.006543614321267785,0,0.164808203894046,0,7.359708693534729e-05,0,1.737573858025239,0
811,0.11204823693019923,0,0.006549605603059192,0,0.25110974843123346,0,0.0001818246567060659,0,3.404312415771737,0
812,0.1471906396777927,0,0.007577475679847368,0,0.15467613461342783,0,0.00033005243664688814,0,3.231043596830775,0
813,0.060413316020692505,0,0.006111149440226374,0,0.020205201128288875,0,0.0001161763537782735,0,0.7774887990657483,0
814,0.3509933040220441,0,0.037121097174388086,0,0.3507379754886844,0,0.00537050094368541,0,5.167804076880236,0
815,0.022877351376531775,0,0.006686613575329423,0,0.08202211191115974,0,3.842725983514503e-05,0,1.0068918087760959,0
816,0.3426567492525343,0,0.03870104619380048,0,0.2775680073853515,0,0.002823543490394889,0,4.912422989809355,0
817,0.029015196707920885,0,0.00388373904646757,0,0.12374178265753769,0,5.0041618620612504e-05,0,1.885135397913831,0
818,0.29579600207337237,0,0.012187025397135412,0,0.22249813248196137,0,0.0006769512629930233,0,7.873175237960138,0
819,0.20788235984030382,0,0.004442564120936501,0,0.286244621338467,0,0.0010672103660278201,0,11.690010417694136,0
820,0.015428688199375687,0,0.004687727272492038,0,0.03038474153479863,0,1.6899888285708022e-05,0,0.47579818616328406,0
821,0.05502787838060629,0,0.0048160067016399565,0,0.15137626085658248,0,9.020950870269399e-05,0,1.9599613104736484,0
822,0.057496359357688966,0,0.009255835128702044,0,0.22354552295664795,0,0.00014638717807742753,0,3.0076767303019816,0
823,0.22900477250768597,0,0.008186647313679947,0,0.2591668413581526,0,0.0003236780293156469,0,4.156295669081656,0
824,0.2541801539284358,0,0.003267036032427391,0,0.3353028648461723,0,0.00045708114412721247,0,7.010648738485605,0
825,0.2196978313438004,0,0.0076036739521993454,0,0.18790927083943246,0,0.0005235599360097747,0,3.629569693370441,0
826,0.19025409090867587,0,0.09302180754827864,1,0.3109853129629629,0,0.00038874119484838754,0,6.369025435184569,0
827,0.03136404172555031,0,0.002824595628743453,0,0.10856477788007947,0,3.348148542432037e-05,0,1.1460383377060155,0
828,0.06878481307012264,0,0.005310833013464754,0,0.19078867592069315,0,8.728710334010444e-05,0,2.3356867572462194,0
829,0.03877705976930065,0,0.003744596475056941,0,0.05874283660411927,0,0.00015532179107854237,0,0.9990518199064893,0
830,0.03450737836233136,0,0.0048097289559494395,0,0.06440573881907773,0,3.429619365750734e-05,0,0.5469957283438072,0
831,0.2971247850129865,0,0.0029959590600952875,0,0.3657666222119337,0,0.0005545149404785188,0,9.13120550046279,0
832,0.10992787893403494,0,0.004004295864466956,0,0.2029922530099645,0,0.00022437270119080976,0,1.9418269705290279,0
833,0.0321928056496546,0,0.007258327437924045,0,0.029031207367229077,0,3.824618098024285e-05,0,0.8238169902782669,0
834,0.1142579140453254,0,0.01221997137506646,0,0.1948615410070615,0,0.00022351989732283294,0,4.433193261537622,0
835,0.18296349226386327,0,0.010779749697633432,0,0.25293824523419983,0,0.00039271720525337327,0,2.372243126206052,0
836,0.3501383921861861,0,0.003316050692227159,0,0.34562981644423857,0,0.0014995954658309288,0,18.059335315837583,0
837,0.14092903168848636,0,0.0019821098131324673,0,0.22374548037089798,0,0.0002192324657233798,0,3.668490480900006,0
838,0.12650577554781894,0,0.031763325660425966,0,0.15401341606149493,0,0.00042280162770628527,0,1.5481502409233088,0
839,0.3634973480589434,0,0.018054124039641822,0,0.40912145432578056,0,0.0014574518012478981,0,14.84704563818644,0
840,0.13331179009359534,0,0.004616702296984686,0,0.2770662392011147,0,0.00015458129257303255,0,3.3383352606212156,0
841,0.016599762617617107,0,0.0033247281123358233,0,0.15177387378192475,0,5.176048674694877e-05,0,1.6569800920696642,0
842,0.046796804929028366,0,0.006448255015049301,0,0.19404466411672897,0,0.00012638774643361644,0,2.7435478270863247,0
843,0.05433626010787722,0,0.004752916741389576,0,0.04850281263054369,0,7.104151763860432e-05,0,1.092768499229991,0
844,0.6112811408782384,0,0.042918577475538164,0,0.37061081228683634,0,0.0018774955825250456,0,21.650165771105986,0
845,0.03486019877515708,0,0.006322954215506144,0,0.09562676892336197,0,5.9451592102916275e-05,0,1.3939233237992605,0
846,0.021820363036041696,0,0.006597950240375494,0,0.14390575868864716,0,8.212885601188737e-05,0,2.125713996002458,0
847,0.28969168254550914,0,0.04047981847996291,0,0.18984506299883042,0,0.0015873326881709992,0,4.541667442514756,0
848,0.07688825844289764,0,0.00403613176373929,0,0.2055054880409745,0,0.00017298001570032208,0,2.359406846912207,0
849,0.23969383029024544,0,0.007794938809152749,0,0.29583095042013585,0,0.0003764465967491724,0,4.831005375763903,0
850,0.4667986133681203,0,0.014285401995662443,0,0.2903549924638335,0,0.0009464078021458953,0,14.567163472133341,0
851,0.19804074610055897,0,0.002363136278856539,0,0.19055704886982128,0,0.0002984659094821844,0,4.767710682582008,0
852,0.1029431370932105,0,0.01862710675866376,0,0.16506031579700403,0,0.0002269243310918583,0,2.220899645489271,0
853,0.05361758152695194,0,0.007542634927197453,0,0.12113000021579476,0,0.00010200957487607923,0,2.2302869874293223,0
854,0.17154433965232727,0,0.008477428243988968,0,0.3211005490228689,0,0.00026390526270559484,0,4.635153071322068,0
855,0.1601030232273333,0,0.013747875973943275,0,0.2741403069516507,0,0.00016726505622166493,0,3.455144751459694,0
856,0.02227826603762278,0,0.002941654461175282,0,0.10567167938254897,0,4.801047088600335e-05,0,1.7735806235664253,0
857,0.6288863431948641,0,0.042703757575655504,0,0.431501623097441,1,0.002188361150731477,0,24.808524605110463,0
858,0.02854275720753067,0,0.01214517121812101,0,0.135166221566733,0,4.539394280426413e-05,0,1.3866977879205726,0
859,0.19040439930838368,0,0.008407269612131552,0,0.15612998650306306,0,0.000272060192177748,0,3.3718141748274775,0
860,0.11379563463966119,0,0.006576723693370311,0,0.10674574989567905,0,0.0002992882237915298,0,1.3374953985487454,0
861,0.2140937552946991,0,0.008298037440497877,0,0.10408308330151071,0,0.0006059193655929933,0,3.627719028431085,0
862,0.12112219233307653,0,0.015734959397205813,0,0.17982445354202028,0,0.0003088083591565405,0,2.5857941854783606,0
863,0.10964200462999339,0,0.015144814727076468,0,0.08518417444279974,0,0.00020557225793508966,0,2.74279612918281,0
864,0.042691069762939474,0,0.014541855039734068,0,0.12241843157039518,0,9.698010620593673e-05,0,2.2203414014055456,0
865,0.09857108999009652,0,0.008874024974896744,0,0.12209652051672562,0,0.0001874864119764097,0,3.638328667612865,0
866,0.21442967960488862,0,0.005180955422503772,0,0.32856707953058506,0,0.001019944783958455,0,10.968859453903953,0
867,0.12319211217658799,0,0.05293538827953919,0,0.24195509115652095,0,0.00033940047097359206,0,2.2350799390898937,0
868,0.15252627547221845,0,0.012601018250804785,0,0.1643861720253494,0,0.0003688871293190302,0,3.7840661165793485,0
869,0.01947968031587541,0,0.0017275306156563663,0,0.05782101345069207,0,2.005947551890592e-05,0,0.6674069503621343,0
870,0.042313964700861004,0,0.003773424738855088,0,0.13864204957845605,0,8.291687720172733e-05,0,1.572200211225067,0
871,0.06903832672340074,0,0.013606875405384527,0,0.03878611102362659,0,0.00012449599948514216,0,0.9760742773080352,0
872,0.03171937117378127,0,0.0032425116333440695,0,0.14476441681020238,0,7.967246760171336e-05,0,2.0511894323283526,0
873,0.13424571801030652,0,0.0015462649980168151,0,0.20786345632695666,0,0.00021957041168458154,0,3.6127876751600545,0
874,0.040333756665033506,0,0.003276001303171175,0,0.16447087532196003,0,0.00010086677361850889,0,2.44345743589118,0
875,0.1364910683792527,0,0.004629637216947485,0,0.26233644407536955,0,0.00013974197680508092,0,3.283804927936891,0
876,0.3377386741074116,0,0.02802582441467409,0,0.33955993931992184,0,0.004131342623319063,0,4.868104855729185,0
877,0.041695395878533215,0,0.010586303202943325,0,0.06805064171592018,0,5.43045811417256e-05,0,0.6319277504554,0
878,0.2767714027685293,0,0.029057070641003827,0,0.19561220528301632,0,0.0011156770358980007,0,4.3773110899152865,0
879,0.11347937177827508,0,0.004225232281887495,0,0.19939710792749052,0,0.0002505780311790084,0,1.903226758879263,0
880,0.029984509773266988,0,0.0030800489803227468,0,0.15613332585059603,0,6.45210290810528e-05,0,2.0728604094784364,0
881,0.36573893332862834,0,0.013909515202629672,0,0.4207191131309601,0,0.0016425145984117885,0,16.90279815675008,0
882,0.38103825224440613,0,0.0045951093445757265,0,0.3927842322650223,0,0.001840511401579372,0,22.665381641077904,0
883,0.07344302749891389,0,0.019224572608275915,0,0.1932120109217498,0,0.00011246209900796777,0,2.478726552014341,0
884,0.12710710730925004,0,0.025780475875567293,0,0.1424153572102566,0,0.0003940983346051456,0,1.4510850424651593,0
885,0.28707535569107073,0,0.0034181540784493196,0,0.3411471137770942,0,0.0005186313115180544,0,7.547270207944294,0
886,0.038291350264291944,0,0.005686963558875833,0,0.2166239514647314,0,0.00011111123971824132,0,2.1975335419066258,0
887,0.04217844488226946,0,0.00837483703919612,0,0.04020328889818761,0,5.038708284543246e-05,0,1.0386290054628668,0
888,0.06094950062612953,0,0.0051476257605152405,0,0.2170267138081696,0,9.647567604873381e-05,0,2.4186627952942255,0
889,0.060046147019944644,0,0.010521335518545623,0,0.2078905315905575,0,0.00013702932168027816,0,2.9276553788202593,0
890,0.1727125357347251,0,0.012030013842363602,0,0.3106660965643109,0,0.0002682642409360694,0,4.816253066116488,0
891,0.03190397359896049,0,0.006505457097893699,0,0.028538899609934176,0,9.345331887284332e-05,0,0.5882000056060809,0
892,0.31470482586473547,0,0.004502823104280557,0,0.25985624362392024,0,0.0006043195089370901,0,9.684504056603911,0
893,0.025769081417884535,0,0.005005502513016346,0,0.06977612178588011,0,3.215393628402444e-05,0,1.2418861611507814,0
894,0.029831685365760925,0,0.00588983774770477,0,0.018624957458270777,0,3.228741836491946e-05,0,0.21818045437788194,0
895,0.279554366871813,0,0.03431401851608929,0,0.19486734910482054,0,0.003028386965675197,0,4.57512213866131,0
896,0.48998566610983546,0,0.018970331975576977,0,0.33011988890127436,0,0.0010814433109993403,0,16.942317328429674,0
897,0.08452976689536781,0,0.006157819878681443,0,0.20224865669150321,0,0.00017444713285654049,0,2.3966587725643906,0
898,0.2232612155046927,0,0.009366007751661435,0,0.29394817179112104,0,0.0005241452228217827,0,4.670683768514455,0
899,0.20252785510015694,0,0.004463204649810558,0,0.18126552402346047,0,0.00027384147555419155,0,4.59471863054244,0
900,0.14663756407176948,0,0.007468976972761409,0,0.28829530566857364,0,0.00023996495579338948,0,4.242698283693747,0
901,0.025582408535927796,0,0.005318654515347113,0,0.10876291116775179,0,4.693060247930039e-05,0,1.6435573948456121,0
902,0.19361101766197894,0,0.00957323427060573,0,0.3128314040799244,0,0.0002452953167173006,0,4.328672433827615,0
903,0.0549939968444377,0,0.005608354914808719,0,0.11696531779969746,0,0.00010785491053505918,0,2.245593232840948,0
904,0.1835608211627483,0,0.03289953723925064,0,0.23298322128367374,0,0.00040167573439198407,0,4.192492142063308,0
905,0.08016349995687956,0,0.014643943045220183,0,0.1129185717163111,0,0.00014283582315562148,0,2.5145431553992874,0
906,0.0626373984198339,0,0.014482258970986265,0,0.1555611977985243,0,8.822457086163181e-05,0,1.6360371266843152,0
907,0.024216085917490728,0,0.0063563180567116975,0,0.022815622984112754,0,3.773470473640415e-05,0,0.8340867911834307,0
908,0.0687042182166323,0,0.010965802774173446,0,0.08291786820421528,0,0.00011780622621383232,0,1.8488580914548856,0
909,0.012979261668665223,0,0.008829360478046298,0,0.018470471977221698,0,4.453470047997219e-06,0,0.22191361085810798,0
910,0.09279128028877487,0,0.011269785089937279,0,0.2269591412942578,0,0.00017129912458176515,0,2.7766879362534906,0
911,0.03809448006761445,0,0.010569226442397597,0,0.054158241996047275,0,0.00014354716299937685,0,0.5422650500066558,0
912,0.5123574758404744,0,0.02383383499777052,0,0.43103887734712504,0,0.003258095551151137,0,39.87359523542508,1
913,0.05674558282166912,0,0.027413745010938406,0,0.06628313197344231,0,7.372688828706176e-05,0,0.7991063047298683,0
914,0.19459406471705998,0,0.007062058326677147,0,0.16141318772578378,0,0.00028950290160774064,0,3.506213645693743,0
915,0.3194276500133771,0,0.039304489766790705,0,0.27869334160791925,0,0.0006974670613136554,0,5.409958875654695,0
916,0.1845555444851618,0,0.016087885695495574,0,0.14986706321719348,0,0.0007430025786355896,0,1.4124806921437634,0
917,0.662780330896115,1,0.03136085325491675,0,0.39775241719794835,0,0.0021822827126765235,0,23.66428769028008,0
918,0.14321240098979418,0,0.020012268397861528,0,0.12868070216742367,0,0.00032516668543311293,0,2.255111899337735,0
919,0.06201738340540735,0,0.013207926711687025,0,0.07215878182426334,0,0.00018030595431900684,0,1.3251238032084136,0
920,0.1318854996394041,0,0.002903803809891734,0,0.17006968619158583,0,0.00021539755539317731,0,3.7791527010278414,0
921,0.059909828087784896,0,0.007266595506928598,0,0.23605639319782964,0,9.182900606802372e-05,0,2.3736781803239344,0
922,0.3419242107907025,0,0.008817803208722361,0,0.33708266551385674,0,0.0006695809976891709,0,11.23098910895286,0
923,0.2543661476311671,0,0.003557131989933192,0,0.22691138815406056,0,0.0005062577507957907,0,7.342871342398032,0
924,0.06273207521395174,0,0.020343948137893024,0,0.13456922146092126,0,0.00012743991110560082,0,2.581638998788974,0
925,0.29004143606324784,0,0.009114600311791921,0,0.4150503536259363,0,0.0012628070478897936,0,13.342369146515503,0
926,0.07163107682747893,0,0.012947406717016304,0,0.19353863742705144,0,0.00012670000626073972,0,3.2037213515969576,0
927,0.19411527408852464,0,0.005618134748280903,0,0.34212771243203594,0,0.0007170172715420762,0,8.255322582572253,0
928,0.24375970178219908,0,0.02319643950036249,0,0.1862134315462436,0,0.0012457035631288022,0,3.349151831369151,0
929,0.047262669883611684,0,0.01823228182565962,0,0.10660652823500094,0,7.862590006617892e-05,0,2.2402633183705585,0
930,0.12091244383259989,0,0.006642208849874447,0,0.16405959200633172,0,0.0001759746398159872,0,3.890988160015071,0
931,0.4458756875367569,0,0.07653973049694476,1,0.4313366131689278,1,0.010623512556503706,1,9.210309848973528,0
932,0.07192934511344178,0,0.014675388519848294,0,0.04498726493448328,0,8.885712652732077e-05,0,1.1820571064221284,0
933,0.02592176318051346,0,0.008962095325666686,0,0.13134455467016096,0,6.34934499794107e-05,0,1.3976679223032384,0
934,0.06171385107004268,0,0.011913434836835986,0,0.02859363244452258,0,9.57989104157746e-05,0,1.3399431230024132,0
935,0.06574411457703094,0,0.024913005086689203,0,0.25692983051689366,0,0.0001432815554639573,0,3.017481653930576,0
936,0.026096507128071936,0,0.006390471166925831,0,0.04938473818783287,0,2.5480887746638916e-05,0,0.8620649175365429,0
937,0.03286576881043492,0,0.005898337645130949,0,0.1691056456582658,0,8.93261072408914e-05,0,2.2482753682001073,0
938,0.099883718772404,0,0.012788880776749391,0,0.1782060304668133,0,0.00011017931240222235,0,1.5876028792327368,0
939,0.051670186053323915,0,0.01637505452188605,0,0.15780910519272323,0,7.53507724511852e-05,0,1.7554241982643872,0
940,0.09588847009090566,0,0.007246493380786327,0,0.17489517795723059,0,0.00011978127794276566,0,2.9861113946715476,0
941,0.15292070928168502,0,0.010847332569295745,0,0.18342815055634146,0,0.00043330764542963396,0,3.700902180383116,0
942,0.16783295831469414,0,0.012183421292532866,0,0.22898691572257243,0,0.0003552314214130359,0,2.2153999460922447,0
943,0.05021352668337678,0,0.003966100148676767,0,0.17804449285239374,0,0.00012884032478876415,0,2.868626349505475,0
944,0.49675794467938933,0,0.07089473639507377,1,0.3845463391133748,0,0.011091336587705421,1,11.787161278806337,0
945,0.2332695043968377,0,0.000796841236745556,0,0.24642886034430292,0,0.00034855414653914356,0,5.448514819842563,0
946,0.5056006610739819,0,0.021573901797932088,0,0.35688972235594496,0,0.0011744667689596233,0,18.23109044337891,0
947,0.38883850026958655,0,0.0336985041453698,0,0.43124360821697333,0,0.0009673253472769274,0,12.558068120830693,0
948,0.12017984458064489,0,0.015483157724496965,0,0.17223440927636469,0,0.0001391173162972266,0,2.9782634575516047,0
949,0.032784529868150065,0,0.003976129249687565,0,0.14780185887254954,0,5.718886986073457e-05,0,2.063824024545567,0
950,0.15994703706586028,0,0.0028089804201048905,0,0.29993524820856204,0,0.00023125998703650192,0,3.911053776677042,0
951,0.13856536530121924,0,0.02082719881690875,0,0.22359573095771254,0,0.0002624430743218511,0,3.5785034375346725,0
952,0.20268479285852659,0,0.008927949905859387,0,0.30349536972532576,0,0.00028122513469636226,0,4.713537088110185,0
953,0.08149032760442966,0,0.008024210567844896,0,0.15404549122215547,0,0.00015919878677685408,0,3.151760151080098,0
954,0.031433389381576284,0,0.013207874851684395,0,0.10807635752184004,0,5.9181431336500386e-05,0,1.5352152679477862,0
955,0.16676782720489855,0,0.015336679419461898,0,0.2776112770908866,0,0.0002686877633737678,0,4.123038730897909,0
956,0.24846310603937527,0,0.006008739198544291,0,0.36369560984291766,0,0.0010997993274512315,0,10.825776598447899,0
957,0.05006150134586386,0,0.005078371062656246,0,0.06133437653144178,0,7.604171474109164e-05,0,1.7758279736402796,0
958,0.05693056202870072,0,0.014090184355128814,0,0.05476611014270733,0,0.00015581423344359445,0,0.5548046591302714,0
959,0.03639540983519242,0,0.014869965992466094,0,0.07918491525212666,0,4.293101945636724e-05,0,1.0016588746996782,0
960,0.0,0,0.010504231090731515,0,0.023541389704614755,0,3.609900258556977e-06,0,0.4071014274478359,0
961,0.5282696775610954,0,0.029976506413980655,0,0.2322441334685509,0,0.0016573771251534462,0,17.33934733506033,0
962,0.2669341239765654,0,0.026028888531578323,0,0.1990021883194404,0,0.0016324964826697473,0,1.7049766710140013,0
963,0.03386071608179016,0,0.011623572629387431,0,0.12934512977812274,0,6.87557509232375e-05,0,1.7819627498401456,0
964,0.05428678365242501,0,0.00269571825022286,0,0.11026774134047261,0,5.711877380602812e-05,0,1.5358763556954196,0
965,0.3418921015124347,0,0.013656078064195824,0,0.3251360427253883,0,0.0007586679272858323,0,12.774342655344235,0
966,0.2589351638637946,0,0.002540498282744421,0,0.2351714796410648,0,0.0005170500117005728,0,8.221671436699935,0
967,0.030806379203742497,0,0.006678517975310446,0,0.053900746185083184,0,4.202728994350957e-05,0,1.359237882595733,0
968,0.036521215828620404,0,0.006452963128917041,0,0.039414463930468054,0,6.528399857918923e-05,0,0.5320928622275224,0
969,0.026287180356101076,0,0.007462026293001881,0,0.10898452573920014,0,5.1056716024895165e-05,0,1.6041332031899451,0
970,0.11308831388455085,0,0.006194116252378777,0,0.14452626724589876,0,0.00018225272986219313,0,2.07291386392896,0
971,0.3427940021293804,0,0.03465775515989077,0,0.3438110385781804,0,0.005151660083239322,0,4.969242129457763,0
972,0.14210428352918977,0,0.003108443960256264,0,0.15784486255955923,0,0.0002339700296576482,0,4.13024186821308,0
973,0.39762900351778957,0,0.004678500179848572,0,0.2542791892721362,0,0.002163157602531558,0,25.634653253798454,0
974,0.20130946142537035,0,0.006346785747366397,0,0.11782187920047021,0,0.0005361219401918771,0,2.914163209793763,0
975,0.18591727668489405,0,0.021838500073389663,0,0.21238630993084365,0,0.0005902668422142484,0,5.009692747824984,0
976,0.07894805104147429,0,0.004494454499743271,0,0.24404315558995746,0,0.0001111297318175004,0,2.719561528422103,0
977,0.01660397369982366,0,0.007188031189579641,0,0.11591279229487923,0,7.553474409298079e-05,0,1.9351998565431834,0
978,0.055902047472013966,0,0.007926767813448619,0,0.07250116891076484,0,0.00017186074601221817,0,1.3399208677969443,0
979,0.12788260154884837,0,0.008009680617367267,0,0.15115009920519246,0,0.00023455477088643392,0,4.490057377489881,0
980,0.06367064602292813,0,0.01867868843181529,0,0.02958760474060952,0,0.00013084855052482956,0,1.3800654290118362,0
981,0.07005753041152499,0,0.026054433856136094,0,0.014484128721843828,0,0.00016554522764051084,0,1.349779793453191,0
982,0.05656475659540658,0,0.014925538044483988,0,0.14388545805545414,0,0.00014323983251924574,0,2.74545996100238,0
983,0.25056823983190585,0,0.0025598036823676366,0,0.2002397565358434,0,0.0003623502539170498,0,4.303274026034396,0
984,0.050379610622789825,0,0.010511265451513896,0,0.09949190148137241,0,0.00010839312741107334,0,1.7264767233469402,0
985,0.12959278651075548,0,0.01848473313195321,0,0.17966090986216146,0,0.00033736299136129727,0,1.6880626358401298,0
986,0.2997175547395494,0,0.006908298893297905,0,0.37591544671045907,0,0.0015119719410904913,0,15.654722155554541,0
987,0.07743300746186815,0,0.014091563365128755,0,0.12295181907214052,0,0.00013156687840584725,0,2.618371735108089,0
988,0.20918763037355761,0,0.021149855483214696,0,0.1441986065627359,0,0.0006720905280055669,0,2.551936782061016,0
989,0.03717131537425301,0,0.010057825592093615,0,0.014686922215134035,0,2.803524855591319e-05,0,0.22510012709148985,0
990,0.03304032469406835,0,0.002863237730044289,0,0.15723418809276987,0,7.290995676939116e-05,0,1.6630625210240144,0
991,0.039247451940992016,0,0.007004816742060099,0,0.03296488953133687,0,4.702549019003278e-05,0,0.7312299428205818,0
992,0.056470579266501925,0,0.004527230739588919,0,0.13331202231657613,0,5.69985295927232e-05,0,1.2229741881618783,0
993,0.4590020406144624,0,0.024290723111616418,0,0.43147812043413336,1,0.0012756213734089672,0,19.767007328659332,0
994,0.06367298301987699,0,0.004929874168361968,0,0.1860244574635886,0,9.800918478470158e-05,0,2.3181677790919766,0
995,0.5182430726223743,0,0.07217466935198581,1,0.43114479327529415,0,0.009712553670808777,1,11.319780183950314,0
996,0.2464324931357563,0,0.001435655927760177,0,0.28147066034284557,0,0.000346886635305813,0,5.349402971931601,0
997,0.26137425205392006,0,0.031090942107359062,0,0.2905986194044808,0,0.0006953816607634391,0,8.210524616312593,0
998,0.23064300316832992,0,0.009760026148488683,0,0.3603220708729178,0,0.0003095622890956074,0,5.278339571497501,0
999,0.015783764452614965,0,0.004843778808410122,0,0.11904199669682061,0,3.664679727348224e-05,0,1.5653219189528644,0
1000,0.07067653641301258,0,0.005296786677374663,0,0.1272339401700798,0,0.00014238642348700473,0,2.7536838842724047,0
1001,0.0446327829504819,0,0.011445436104150374,0,0.08370340917252679,0,4.395634604477284e-05,0,0.9537708892636367,0
1002,0.26703728419558903,0,0.01590897163933032,0,0.4311541136903515,0,0.0005386332914025618,0,9.132003608929356,0
1003,0.01700066808182341,0,0.015343192428217765,0,0.03331437103896483,0,2.3145526005183542e-05,0,0.4902356144775698,0
1004,0.20614950230669207,0,0.0074385846280371724,0,0.09651849969567132,0,0.0006213035098443303,0,2.9236718611092156,0
1005,0.03215721125381067,0,0.008735103121313348,0,0.04114078853917628,0,3.579788365122884e-05,0,0.701345146653937,0
1006,0.2421119585813798,0,0.004343980492098861,0,0.17559273366642245,0,0.000489197796349949,0,7.656001405292644,0
1007,0.09890245423236284,0,0.012432109581326418,0,0.09526790480034601,0,0.00012521715815223618,0,2.0498477025000525,0
1008,0.5964982682415512,0,0.01850036577441082,0,0.30904936090769847,0,0.0019935859057740946,0,20.900059280165223,0
1009,0.05155524967149428,0,0.011415009637441536,0,0.049358455185176564,0,0.0001879853497887068,0,0.5032956060524043,0
1010,0.20316931391896972,0,0.010278899208131369,0,0.15229331783363856,0,0.0004797618731433537,0,7.059103581308605,0
1011,0.24872443211900452,0,0.020670647218206724,0,0.24127375167670356,0,0.0008209912038762688,0,5.271888868178345,0
1012,0.032867990559284195,0,0.014624172027182131,0,0.10135348352624639,0,5.764886096004258e-05,0,1.4461079171693931,0
1013,0.056241611521605325,0,0.01668169970768819,0,0.1522083918991836,0,0.00011025136304278018,0,2.4105684206885867,0
1014,0.042519630732390096,0,0.004135294419151231,0,0.0675688144898182,0,4.685710646972232e-05,0,1.3559661501618119,0
1015,0.0884308965387096,0,0.012505003547040056,0,0.08883001233794507,0,0.00023377922852143638,0,1.889143947053141,0
1016,0.04502989864399532,0,0.013557669829790757,0,0.011267699360297652,0,4.667585632711356e-05,0,0.608589013677191,0
1017,0.25042806757222147,0,0.023495916586174212,0,0.19294990639987364,0,0.001804542197969122,0,2.0072259579858587,0
1018,0.1766779359699262,0,0.0156007806882424,0,0.13223202345957166,0,0.000453850081227705,0,2.3097992896880064,0
1019,0.17340862396136278,0,0.017096573849453123,0,0.22011212800211583,0,0.0004689722937840653,0,2.5256425106307434,0
1020,0.04021136355640467,0,0.008667915010445865,0,0.05960290316048364,0,5.655972518517444e-05,0,1.6187360057648355,0
1021,0.05653683345609872,0,0.009528487956796103,0,0.15937024301785288,0,0.00011330277498312073,0,2.7959413066003322,0
1022,0.2818311127382516,0,0.004961028197662229,0,0.3643774211935423,0,0.001168677907778037,0,12.345698938828495,0
1023,0.20415292109661257,0,0.07208465399092483,1,0.22237843580064265,0,0.0017881887081831577,0,2.2475889250805094,0
1024,0.05870884059041043,0,0.004336803620628523,0,0.131763783212193,0,6.24819488554619e-05,0,1.342468803195646,0
1025,0.13229390106438832,0,0.012355170977872178,0,0.2611793429774794,0,0.0002532001245137098,0,4.0861884834474305,0
1026,0.0005039471058180218,0,0.008043245190632426,0,0.027401089067627726,0,3.9328510727855575e-06,0,0.5040475352616511,0
1027,0.038134534942476206,0,0.009735910590478772,0,0.01651446703301297,0,3.410416918894675e-05,0,0.25618424346113244,0
1028,0.03972685793015429,0,0.00842552507931213,0,0.06223817225417881,0,0.00013871581654352317,0,1.0618225232897622,0
1029,0.2403209668980711,0,0.004296253058006284,0,0.18290861398248198,0,0.00037115014920596377,0,4.352807999442126,0
1030,0.3430309909009261,0,0.001078953591370373,0,0.24547912903402294,0,0.0017566172323077267,0,20.354800579377955,0
1031,0.1473851458182158,0,0.0017887626915001993,0,0.168271345140402,0,0.0002448427392439021,0,4.1108017842798885,0
1032,0.08271477476108124,0,0.02512035311027137,0,0.16177634486845305,0,0.00017229546328155848,0,3.3686673465434502,0
1033,0.044985952946964454,0,0.007296043937707516,0,0.07957723342677961,0,5.3405075998584414e-05,0,1.0843987127179286,0
1034,0.0981858111445782,0,0.003718055637961652,0,0.2492716065555145,0,0.00012279960190379085,0,2.9248717506062487,0
1035,0.35315995692595764,0,0.013432310132147272,0,0.3015687827169018,0,0.0008395568834763491,0,13.042622136458661,0
1036,0.027114070027884966,0,0.006920643170816567,0,0.10944073197025049,0,8.045376986173634e-05,0,1.983195356090917,0
1037,0.04589372844199318,0,0.009874752394866184,0,0.12985704640320722,0,7.296498889199848e-05,0,1.5003149912006595,0
1038,0.22419677490035586,0,0.0038787983195359144,0,0.25003345355089157,0,0.0011716540704078055,0,12.105545408281412,0
1039,0.049460282738726435,0,0.01644217162141801,0,0.03527449984925076,0,7.272249161528475e-05,0,0.20909980285870455,0
1040,0.11679639991773473,0,0.006841166684440192,0,0.12863100130584396,0,0.00016440328509149314,0,1.6787886305893682,0
1041,0.4320004192205898,0,0.07424568935493056,1,0.3327654256597559,0,0.005934966748904419,1,8.386697553570125,0
1042,0.19161446221304973,0,0.02077968937565338,0,0.22804361329297626,0,0.0004204642861868297,0,6.110703302767289,0
1043,0.4472551612223406,0,0.015881533478550116,0,0.3047958327379601,0,0.0010828923199590191,0,16.556175411262583,0
1044,0.19924351207898947,0,0.002241362818074438,0,0.23134219421273908,0,0.0002816260661523379,0,4.874080039261421,0
1045,0.07148024119716744,0,0.006825148953306512,0,0.1541065657469816,0,0.00010378929125283663,0,2.177179259407006,0
1046,0.2621864564283249,0,0.014340702828024892,0,0.3887335090825157,0,0.0005164801906195705,0,8.331958601104104,0
1047,0.0480818683427893,0,0.004612721377187075,0,0.04613960520583905,0,5.520573117785946e-05,0,0.7299230261387579,0
1048,0.10007708276729789,0,0.010815817460794935,0,0.1469135236575983,0,0.00017390203585603857,0,3.307528804420266,0
1049,0.24891995084636276,0,0.022821401823994787,0,0.3893346958036419,0,0.00039676957850054786,0,6.76088867985177,0
1050,0.027715207597303938,0,0.009350077701190677,0,0.11235632278785125,0,5.892059132171994e-05,0,1.3240345293051798,0
1051,0.2278860492219948,0,0.007215912283808636,0,0.10205553278025309,0,0.000649717265942926,0,3.444389508846517,0
1052,0.039898565666946,0,0.012207847096911363,0,0.07735174607015029,0,6.34850808571882e-05,0,1.050057981891738,0
1053,0.04215711449601103,0,0.02180508763229899,0,0.11267808699404219,0,7.635301395484399e-05,0,1.4081564797838517,0
1054,0.4404442615581869,0,0.006526608274311398,0,0.18642384886944197,0,0.002491714898275448,0,27.490155194875587,0
1055,0.023515956031203083,0,0.003699425527705864,0,0.03444856673362689,0,2.8965511756370958e-05,0,0.8514320788370939,0
1056,0.0999838861691361,0,0.01297392536207022,0,0.10834480035764617,0,0.00018983613078185966,0,1.0391112501559931,0
1057,0.15499936396582065,0,0.0027895475954438733,0,0.12613065380169763,0,0.0002641373489563002,0,4.628870217039055,0
1058,0.12169929355421696,0,0.00800085484500911,0,0.12694071474448507,0,0.00028742657543676223,0,2.1616738483113664,0
1059,0.0744490629473903,0,0.009200849023091201,0,0.07325586176531855,0,0.0001095052280001009,0,1.646029892201145,0
1060,0.2360432680570189,0,0.006998645956311584,0,0.15759686012417817,0,0.0004110631969329186,0,4.785362547587582,0
1061,0.04762262898588667,0,0.013042856430886563,0,0.007328702431225757,0,3.2018315327911274e-05,0,0.381237602475831,0
1062,0.18517409473446722,0,0.003199528752151134,0,0.27863437484874687,0,0.0003552640275785854,0,5.498133396229774,0
1063,0.1766914769675736,0,0.023366556272466674,0,0.15255366100008438,0,0.0011316312786731337,0,1.8314174497550024,0
1064,0.15675901970844044,0,0.010692971555235894,0,0.1429747281317339,0,0.0004126197250705131,0,2.509684533443648,0
1065,0.04486322719182367,0,0.0070377956031,0,0.05629710802712853,0,0.00013889162062454642,0,1.0677701741546906,0
1066,0.037762807197350395,0,0.010256103733267841,0,0.01249558740956669,0,3.942309687439514e-05,0,0.20679055174446465,0
1067,0.01834908079562793,0,0.0064676027620770215,0,0.08281666960714082,0,3.6453489920035765e-05,0,1.3454717176951256,0
1068,0.08123135982063796,0,0.007045329241757699,0,0.2336550976727929,0,0.00010142398661541707,0,2.505915483788006,0
1069,0.13172028787493625,0,0.004504855044527038,0,0.14069005740637588,0,0.00021690070521217562,0,4.18640965273582,0
1070,0.031007555305594105,0,0.0069809516888783025,0,0.14390698431797103,0,6.461190350810174e-05,0,1.5099638269344442,0
1071,0.054985683271235763,0,0.005870873197168415,0,0.10980587805136972,0,5.239447622153662e-05,0,1.23178558972293,0
1072,0.03141560123576045,0,0.009535011504694449,0,0.05255345770661065,0,0.00014577134117893954,0,0.518411503637428,0
1073,0.01101925055082038,0,0.005988717099721162,0,0.053874294025806825,0,2.2416368477310123e-05,0,0.7642371970652377,0
1074,0.33524399870393856,0,0.005219175242328512,0,0.3730292787413757,0,0.0017152427206297077,0,18.348866075674213,0
1075,0.256570285061254,0,0.004297782771187194,0,0.26887229099472937,0,0.001336953631480534,0,13.754119844082814,0
1076,0.3055774253227994,0,0.007218876982225985,0,0.26699483915907296,0,0.0006698460926186228,0,9.684272020481284,0
1077,0.3753508030632191,0,0.015499241424589185,0,0.380581809258001,0,0.0008987233363148229,0,14.277136541570423,0
1078,0.020139830255333616,0,0.004632416432524697,0,0.06152023996935708,0,1.7769621598082464e-05,0,0.60560457142751,0
1079,0.035779109208676385,0,0.008097156247875362,0,0.1295557875132326,0,5.874713517955208e-05,0,1.9909781101016588,0
1080,0.12016260375757783,0,0.006955572787472007,0,0.14410404060672083,0,0.00019515708621584474,0,2.110141992476379,0
1081,0.08845929176269927,0,0.013114701519303773,0,0.19234693852658183,0,0.00011301137143067779,0,1.626281848488978,0
1082,0.052902087916460006,0,0.016414706735815094,0,0.20451111005015885,0,0.00010515081510249954,0,2.1391779253888044,0
1083,0.26646956226742724,0,0.06513467378713042,0,0.2417621118619825,0,0.002420880078623743,0,2.823743898294635,0
1084,0.4345988998913134,0,0.021331165938205766,0,0.28298681035648726,0,0.0019176807452620434,0,12.641927162008876,0
1085,0.18195026107318732,0,0.020685970869466195,0,0.17521104748503913,0,0.0005339260109806167,0,2.3426313055612273,0
1086,0.018625391658335926,0,0.005401000355598977,0,0.10531862244964181,0,4.899172230571226e-05,0,1.4977915971365303,0
1087,0.5715737936827755,0,0.01999873383439609,0,0.3006294099751515,0,0.0016557346727059778,0,17.414702150287148,0
1088,0.18781553570199933,0,0.021438585900493527,0,0.21602808775162527,0,0.0004144595161263482,0,5.998515082975365,0
1089,0.021483225531780573,0,0.009330326154768745,0,0.014363899166089752,0,9.755310705254164e-06,0,0.29766345812666095,0
1090,0.12988761554385753,0,0.004428520323705164,0,0.15208339013259267,0,0.00022549664691539855,0,4.297659996690716,0
1091,0.4753117448286612,0,0.016411713959004846,0,0.37685744194841236,0,0.0028789284901933354,0,35.03262409330087,0
1092,0.3744056921306749,0,0.017485907866557453,0,0.31672507425407065,0,0.0008389217781843984,0,13.528049458413221,0
1093,0.17911894274618373,0,0.03749447362888828,0,0.17382018901220767,0,0.0005052493039251973,0,2.693097604004596,0
1094,0.12460729749996832,0,0.01435005211755279,0,0.17787061834614612,0,0.00030773258121791214,0,3.304004076549853,0
1095,0.034763043918084116,0,0.013566351643599804,0,0.0677286372042785,0,0.00012064082534935106,0,1.1783724848315977,0
1096,0.15047007639627355,0,0.016262676148281707,0,0.22871561589409622,0,0.0004452211813647471,0,3.897738441993792,0
1097,0.04899792477239677,0,0.02113525764032146,0,0.13273293612919015,0,7.035145057112713e-05,0,2.240409810802563,0
1098,0.26167885545544606,0,0.0014372597419568757,0,0.1908183241206696,0,0.00041977783141530236,0,4.818228619272007,0
1099,0.04805852053615119,0,0.00667944682702947,0,0.01909227721215383,0,6.847061385556328e-05,0,0.46249129298244746,0
1100,0.015691771962552236,0,0.008903717969615083,0,0.048857268607256796,0,1.544207478000216e-05,0,0.5392144679842823,0
1101,0.04155453159281021,0,0.004243999510566494,0,0.15754405556099868,0,7.659293786040258e-05,0,1.6460722207054612,0
1102,0.01761474563781667,0,0.005890253284020698,0,0.11320347498677666,0,4.544626310361469e-05,0,1.5322145221869168,0
1103,0.19655622045782992,0,0.029676252425753155,0,0.2098144360344065,0,0.0011497057431958076,0,2.327512578079078,0
1104,0.2630294718149693,0,0.009108967899576813,0,0.17437155404582502,0,0.0006532472474783637,0,3.558854989206958,0
1105,0.2630078691492769,0,0.029960854453694674,0,0.21446591661910214,0,0.0005790960939143624,0,4.690986896584586,0
1106,0.1295209055601695,0,0.029926707197240845,0,0.06288582221401959,0,0.00023719328135407897,0,1.8103712465162665,0
1107,0.072870022225171,0,0.004308120152396109,0,0.1695428147694222,0,0.0001102639454164297,0,2.2054489873754752,0
1108,0.015222955434563472,0,0.00882672700520791,0,0.10662273265864686,0,4.949412869798445e-05,0,1.364569714008579,0
1109,0.05964205989113618,0,0.0088148461563291,0,0.13601751642723445,0,0.0001043795707543369,0,1.6838584732608655,0
1110,0.33547980966447105,0,0.004288790942492071,0,0.3550343156628092,0,0.00065381684581138,0,9.257391647830733,0
1111,0.06632786988535473,0,0.019705835114316825,0,0.24602904395466274,0,0.00014183698392120883,0,2.664985384176108,0
1112,0.027306017505573512,0,0.018267076607341993,0,0.11637139026983873,0,6.0793341788825485e-05,0,1.1611987194700988,0
1113,0.07394110864984724,0,0.021482569200126735,0,0.15841016054295196,0,9.237388816345113e-05,0,2.6022576878352166,0
1114,0.08404527253586139,0,0.0037512793966797413,0,0.1421638174548743,0,0.0001231121649278204,0,2.7291278096232467,0
1115,0.5848951653191983,0,0.018704954745091165,0,0.40080083082885404,0,0.0017016938544217727,0,16.044982016319622,0
1116,0.030983059985694596,0,0.002769082558235887,0,0.05926077301753828,0,3.702789492547508e-05,0,0.5869533217283717,0
1117,0.2875368526072755,0,0.0017780816361369428,0,0.3225894979461533,0,0.000451550755392908,0,6.682537282438903,0
1118,0.05667551508446163,0,0.006267619374235105,0,0.13935411966489078,0,7.945498787499344e-05,0,1.3883010099739916,0
1119,0.5737730226857655,0,0.08492553890400663,1,0.41730060973575894,0,0.0055280237654497365,1,10.416075930472207,0
1120,0.38233877844642283,0,0.015058711089723896,0,0.31895233840744047,0,0.0008930956994622271,0,14.337175164874873,0
1121,0.2221573178125076,0,0.005780918547270359,0,0.29774743379059926,0,0.0004489854439456691,0,7.965522288537878,0
1122,0.036979451038145726,0,0.01132053488160263,0,0.09136998585143233,0,7.469979894302149e-05,0,1.5670886381686147,0
1123,0.12193845282121453,0,0.011805103438757443,0,0.17289951449486432,0,0.00020084304441633796,0,3.9942584613908636,0
1124,0.26807919454625606,0,0.023196768016929062,0,0.3993841922510158,0,0.00039272305088811717,0,6.839154678488429,0
1125,0.2855256521912439,0,0.01296084970351594,0,0.3512420570673861,0,0.0004699516553257854,0,7.506602112937894,0
1126,0.02963416485695001,0,0.007033315685667908,0,0.03637408276210963,0,7.911744114167571e-05,0,0.28048302866063146,0
1127,0.08357539455040792,0,0.02087525487579713,0,0.16158997241348252,0,0.0002129489792981458,0,2.174483352739378,0
1128,0.18738425468554112,0,0.047567398336614684,0,0.10532329542500679,0,0.0005961043039973592,0,5.294327764308751,0
1129,0.2416755511602329,0,0.010725361038243187,0,0.18923214513126005,0,0.0006289520631174831,0,3.338204643675701,0
1130,0.016179245744546305,0,0.006461857679173855,0,0.07749885046942617,0,2.761081200572079e-05,0,1.2023794898431468,0
1131,0.21940012143769183,0,0.007424977849512354,0,0.16526720456610275,0,0.0003634192553128134,0,4.041139108362926,0
1132,0.2384674471040186,0,0.0022575551220805727,0,0.1974182768609042,0,0.00043429641288264965,0,6.938831424371782,0
1133,0.07511896093628398,0,0.00958059452287738,0,0.08915344251276142,0,0.00013400976191598374,0,1.5293195359341099,0
1134,0.09353482231876746,0,0.004982659297342891,0,0.06645255163090616,0,0.0001172932739077563,0,2.5291760836928487,0
1135,0.045506728196498765,0,0.006385660084143262,0,0.06362918055628224,0,0.00013186691127821458,0,1.0701564174266136,0
1136,0.0659816694760887,0,0.015273235789061671,0,0.09580983266438642,0,8.640983895949386e-05,0,1.9822546250521498,0
1137,0.028647153611085347,0,0.005116772711371612,0,0.027458560590630406,0,2.7254198858393985e-05,0,0.5647339268381644,0
1138,0.09491108087180537,0,0.021383632961437266,0,0.0395971879055682,0,0.00017269449515836799,0,1.184631535115839,0
1139,0.20437593120721573,0,0.03091689197729033,0,0.15713028778858215,0,0.0015257050547843863,0,2.1572634880790336,0
1140,0.30904604958459736,0,0.007701967580475136,0,0.2620539348646816,0,0.0016616735233853713,0,15.949055896106339,0
1141,0.05756512360930555,0,0.01727999762643821,0,0.09362454529904427,0,5.7944587870138514e-05,0,1.165817715945701,0
1142,0.05690555295441027,0,0.01348676255159422,0,0.08950722507659217,0,0.0001020991646879603,0,2.3811004828962434,0
1143,0.1042359933912648,0,0.015747050383699987,0,0.058784910868282185,0,0.00024165593721645976,0,2.1894587228051723,0
1144,0.046440770661788526,0,0.009823320440658739,0,0.04676308927056006,0,0.00014835530007326525,0,1.1080413890209964,0
1145,0.013473370291249084,0,0.0062918905448435935,0,0.03267782603245725,0,6.943676757377174e-06,0,0.362521836533821,0
1146,0.36589287627292477,0,0.002101002342486962,0,0.22517828652097246,0,0.0019289476820598453,0,21.472208616030194,0
1147,0.23847822409425146,0,0.006365073154351956,0,0.31019732945979084,0,0.0004354496189602549,0,7.15986859314869,0
1148,0.3357737147062253,0,0.01300329637589083,0,0.23377733054326583,0,0.0008170078082546715,0,12.413617844269165,0
1149,0.3161390028248016,0,0.020465797898888298,0,0.32095006256051223,0,0.0011777236972827644,0,7.999159680247139,0
1150,0.31729977525167746,0,0.006965075590714075,0,0.3677939320658995,0,0.001606982272731913,0,16.6929725707969,0
1151,0.06563016886736751,0,0.021064587003020878,0,0.15340558113566147,0,0.0001150385527781427,0,1.4870963820220613,0
1152,0.14315516727045938,0,0.0033381052252853434,0,0.10917052039081682,0,0.00023333886139502623,0,3.975082839306772,0
1153,0.014501760542655596,0,0.009400871329607046,0,0.00873509672074738,0,6.216835177837682e-06,0,0.17397497903026107,0
1154,0.017850688017678477,0,0.005509524473975859,0,0.024863385802483224,0,2.3617276408891018e-06,0,0.308989767261336,0
1155,0.16425722550723645,0,0.030274611369825812,0,0.1758333306006664,0,0.0009490486059909796,0,1.7398294964339223,0
1156,0.1598959091130172,0,0.011082519654016198,0,0.2144783839253562,0,0.0005112486617119073,0,3.861774901574473,0
1157,0.0939358271864363,0,0.034733951273873014,0,0.09960641696231637,0,0.00038807835918773384,0,1.24172144150947,0
1158,0.030713074877071953,0,0.007486945715563634,0,0.09640670672376424,0,4.827029512055273e-05,0,1.52197310045521,0
1159,0.113943989635547,0,0.007073843991065608,0,0.13149836377600485,0,0.0002043457310659779,0,3.9906286559126642,0
1160,0.09140142194823456,0,0.0361266219406553,0,0.06568535646226252,0,0.00012761966013655657,0,1.433493055218101,0
1161,0.08446663846832163,0,0.008673536368037497,0,0.1602615285665677,0,0.0001034632944733874,0,2.272089451743554,0
1162,0.2572774887989969,0,0.008289190761799708,0,0.118080054236121,0,0.0005844950705313209,0,4.017914049512218,0
1163,0.11042172326158875,0,0.0035052553680024086,0,0.10493456059941206,0,0.0001657719587995087,0,2.606628431332209,0
1164,0.06594548377244279,0,0.009285645806937904,0,0.0149255841879817,0,9.699551442805608e-05,0,0.6265744044771052,0
1165,0.2277627000718503,0,0.0028008035354635434,0,0.22495135166044403,0,0.0003259867968916869,0,5.5528809090966815,0
1166,0.5133208119836948,0,0.09464439907939434,1,0.37227537453605547,0,0.009455050534209863,1,12.483676817287426,0
1167,0.4004004154080807,0,0.017661514771870848,0,0.3638697727543995,0,0.0010468599254743656,0,16.27735025314279,0
1168,0.04764480974720631,0,0.01111169574799163,0,0.1018313474185098,0,6.502633403276707e-05,0,1.0029910327865785,0
1169,0.2671827170595475,0,0.005204885009910594,0,0.31703087000121133,0,0.0004997701307762152,0,8.508742284976567,0
1170,0.296589546160707,0,0.027880490125741304,0,0.41888046288826675,0,0.00042109840981728375,0,7.288340359336837,0
1171,0.13398882595804792,0,0.016698883603414472,0,0.17941744994392403,0,0.00022656920785791074,0,4.339913395685928,0
1172,0.03136727189027297,0,0.007438120330731137,0,0.03018727796046474,0,7.576828493580142e-05,0,0.17353469208680897,0
1173,0.023832206783321996,0,0.006572311052694421,0,0.08990372603694181,0,5.657529945471941e-05,0,1.3666606994070403,0
1174,0.23040409300717477,0,0.009913380109952224,0,0.3085928390364913,0,0.00041390106640038887,0,6.4039718307775315,0
1175,0.10090228766298269,0,0.008978805665804907,0,0.058965987232849924,0,0.0001583351142735457,0,1.7764298029346055,0
1176,0.28932142381539944,0,0.011764377706030803,0,0.2113990953053529,0,0.0006584419078033559,0,10.676066167854685,0
1177,0.2725470781163888,0,0.007304753623237573,0,0.10572280395586561,0,0.0006875248479613387,0,4.595869156305863,0
1178,0.09474377281576002,0,0.01728413469188443,0,0.1097723954074125,0,0.00011842119045960856,0,1.5821161844302492,0
1179,0.1054783855200548,0,0.009086820046591806,0,0.15249471680688967,0,0.00022621495604667604,0,3.4439201558915045,0
1180,0.04210456439582262,0,0.011142020197935221,0,0.022542568359088966,0,5.728270012254701e-05,0,0.40767296668651454,0
1181,0.0657599436356355,0,0.006991918562774621,0,0.06874922476300262,0,9.398683267992542e-05,0,1.5770984717428693,0
1182,0.12574215490916907,0,0.01265150509725264,0,0.12350464993535085,0,0.00038851851663187543,0,2.8990770140758597,0
1183,0.06476668473352983,0,0.006656612317210864,0,0.04874015396204329,0,9.475908871113305e-05,0,1.8043007923379542,0
1184,0.1793187397413918,0,0.010006574799376382,0,0.22230273179330481,0,0.000625723555745329,0,5.033692423627557,0
1185,0.1125436447841149,0,0.005607083154113195,0,0.04927000700557868,0,0.00014945118320068852,0,2.8423885622337464,0
1186,0.08150905398738108,0,0.028318567296224444,0,0.05840223764301022,0,0.00011404004734076034,0,1.1934820859103268,0
1187,0.01448933258720107,0,0.009592658548114726,0,0.03027275694764479,0,1.6792766595526666e-05,0,0.44339457323118153,0
1188,0.0865618871289364,0,0.023492703899110817,0,0.10116489907505818,0,0.00032435653822462826,0,1.3149830029182241,0
1189,0.14742178396829406,0,0.0034976992961328105,0,0.11673716268790968,0,0.00023772222171663247,0,4.1348910133241095,0
1190,0.08401762241575113,0,0.010303135175883715,0,0.04122627900176051,0,0.00015476727369087844,0,1.0154265030043863,0
1191,0.10373304679853179,0,0.02663251800477494,0,0.12873120539403998,0,0.0005608049941973293,0,1.3294991187446463,0
1192,0.021308303923306127,0,0.012844897294345303,0,0.04129426894333454,0,1.6529119586277892e-05,0,0.405931423553436,0
1193,0.05201456919227959,0,0.008035574389555145,0,0.046191544862098415,0,0.00016660045038413608,0,0.9888005060950384,0
1194,0.39497777150113766,0,0.0013005163051381117,0,0.356177458607565,0,0.001988145399664077,0,21.26316380807118,0
1195,0.11361807701065893,0,0.001931579003342268,0,0.21592199683559019,0,0.00022083767063750724,0,2.936393836776579,0
1196,0.07702448783345846,0,0.031300828263296984,0,0.10175744994318865,0,0.00012662049727310462,0,2.6076360900599815,0
1197,0.0641089978681624,0,0.010341995170591917,0,0.08564869771987318,0,0.00018211561999809556,0,1.6012168167742327,0
1198,0.2072101806333463,0,0.027381656297593655,0,0.149475670402854,0,0.0009315614388185291,0,1.8721287555997965,0
1199,0.24889910659415912,0,0.05734148310648561,0,0.1287576987830482,0,0.0005914247425139169,0,5.272189247373167,0
1200,0.037133591635002815,0,0.005173987342119695,0,0.0792181075685072,0,7.590314459327742e-05,0,0.9209404583833039,0
1201,0.05029440037349106,0,0.018814672356684662,0,0.16273826133259647,0,8.39425501338834e-05,0,1.8589495418309485,0
1202,0.27395234816747627,0,0.0007576701856902,0,0.21361914296535284,0,0.000461745409942431,0,5.111310136406355,0
1203,0.04346676238465104,0,0.011574625090586687,0,0.1328282951886313,0,9.299267962112711e-05,0,2.208044245403546,0
1204,0.36935644939946516,0,0.002580072452427311,0,0.2516974786037246,0,0.0018487742827366415,0,20.306076613909347,0
1205,0.2789988061782168,0,0.0022315197993901096,0,0.3126193709540109,0,0.0005143780598060225,0,8.052862427869467,0
1206,0.3173035257740755,0,0.012463692315254658,0,0.3675053958376437,0,0.0006060652819615543,0,10.237792165208047,0
1207,0.39898738504146986,0,0.021649691699963423,0,0.43137047406501156,1,0.0016314035168564702,0,11.449763106703335,0
1208,0.24888408999757364,0,0.008431972416280591,0,0.21929494462831442,0,0.0006705289837715799,0,4.358375183376997,0
1209,0.3595597694081241,0,0.011507839052751006,0,0.30064520119074045,0,0.0020834837389789294,0,19.72637528444859,0
1210,0.07972610471523583,0,0.01828123721711001,0,0.0963243541934888,0,8.506346286831954e-05,0,1.233504223654126,0
1211,0.061700022789122226,0,0.022413441116395743,0,0.14554278600686715,0,0.00011391381030843255,0,1.4625429812321742,0
1212,0.544016490138318,0,0.139507437331833,1,0.43148179492198996,1,0.021861363117640583,1,21.20444482723277,0
1213,0.5760072556998409,0,0.021323528683343623,0,0.3664468421082256,0,0.001200015348638615,0,16.990656617503916,0
1214,0.235542293696708,0,0.0025690245340363026,0,0.29124017743383723,0,0.0004677533565522092,0,6.973662539635964,0
1215,0.04357280650340292,0,0.007434122771201096,0,0.060644680151954025,0,6.481149613965722e-05,0,0.5644612887043619,0
1216,0.2301990338026846,0,0.006930460370871682,0,0.20349930415851633,0,0.00035284345522649917,0,5.675899157278016,0
1217,0.20820032332508626,0,0.009341569527767185,0,0.30380771926006656,0,0.00042888305788514776,0,5.943936572169607,0
1218,0.04372377691798654,0,0.00702017572859291,0,0.09451478269330739,0,8.297340708876627e-05,0,1.2514951404360295,0
1219,0.10640439142046054,0,0.01102569302990483,0,0.1325618775415374,0,0.00017197692715343232,0,3.2048435692516315,0
1220,0.04495538758845256,0,0.0048683097550467165,0,0.050645403676638376,0,0.00011776457617457248,0,0.5818695984346981,0
1221,0.2950670737087021,0,0.021234001086650817,0,0.3956036087105329,0,0.0005259886298731162,0,8.814152694098993,0
1222,0.42637737343761467,0,0.005936056729004218,0,0.20798892033761016,0,0.0024548787575177492,0,26.507378946760753,0
1223,0.1231261383662204,0,0.024975295730400766,0,0.23828718395418322,0,0.0002472095437168222,0,2.9259708844541112,0
1224,0.05991469287276988,0,0.014782614227203481,0,0.06076568135362437,0,7.56226161496376e-05,0,1.0710058325199001,0
1225,0.16352641972677293,0,0.00819021953456332,0,0.08870361332327178,0,0.0002476022739957529,0,4.131661637462733,0
1226,0.0837333988171609,0,0.0074601671534183745,0,0.08057270898745128,0,0.00014374446306783235,0,1.4489962297157148,0
1227,0.22575975973813212,0,0.010817107196798598,0,0.14641076862006333,0,0.0003839542892301551,0,4.232510047379129,0
1228,0.059414270487703945,0,0.007312921487752091,0,0.06570405005138746,0,9.972118579783324e-05,0,1.5985161660632918,0
1229,0.1803348014477048,0,0.015706402494246034,0,0.24991410737649694,0,0.0005567235352700136,0,5.670578463132402,0
1230,0.21676355872933245,0,0.04834025062940171,0,0.167618552517161,0,0.000616578276880969,0,4.813867891870084,0
1231,0.08664752117368445,0,0.012103496245302032,0,0.0940838951384757,0,0.00011854266633510838,0,1.312689670358486,0
1232,0.14599383388813963,0,0.01100281383385583,0,0.13835378912069374,0,0.0003806458842127715,0,2.6697855151455956,0
1233,0.05198513808450452,0,0.006339035694306607,0,0.04986126076934036,0,0.0001672551918538484,0,1.002549661829589,0
1234,0.0943726465365035,0,0.04118480608739333,0,0.11295714334708712,0,0.00016273186670683586,0,2.5562108177764804,0
1235,0.047965692911757805,0,0.009791590876147397,0,0.10829323413293582,0,0.0001404410418054434,0,1.2346545827847124,0
1236,0.35333598626400875,0,0.010230906004870588,0,0.29579572152918715,0,0.0020456256104551193,0,19.64912268573028,0
1237,0.11415576812986307,0,0.026978993074485154,0,0.10003793538179714,0,0.0003916909669429366,0,1.2749550694891485,0
1238,0.019244816635733467,0,0.01078888656660957,0,0.015701586933309156,0,1.5922886289760398e-05,0,0.32117028947605386,0
1239,0.04817969494643777,0,0.021253748287972867,0,0.04148392283164817,0,5.3024497743825044e-05,0,0.5480459380015735,0
1240,0.06262079018984933,0,0.016268588351472654,0,0.15110247996122333,0,9.004254110046621e-05,0,2.0366156636418165,0
1241,0.19088573988269372,0,0.012862678028125563,0,0.17093694197737005,0,0.00047179501225743514,0,3.8751274453974034,0
1242,0.27372597505008095,0,0.0029143834191698273,0,0.32188779472390916,0,0.0004932187368715318,0,7.868424120528107,0
1243,0.22414877039061476,0,0.007769719428440274,0,0.13410394571083958,0,0.0005416162652150237,0,3.82529915190631,0
1244,0.04065647811047495,0,0.01203103168351458,0,0.13316552947801324,0,8.361060096843731e-05,0,2.201713297364914,0
1245,0.1168940079198554,0,0.0026772656107250216,0,0.14073841723340597,0,0.00016822456260184474,0,2.503477444396061,0
1246,0.15666549019954035,0,0.00838682034450663,0,0.1600968111946677,0,0.0003024981377964663,0,5.338872497623116,0
1247,0.19784749265719814,0,0.0322199903083795,0,0.12699965409708897,0,0.0007079783329001579,0,1.8261075312855322,0
1248,0.09001107206242341,0,0.004124980310274631,0,0.09733190690393555,0,7.764713726503988e-05,0,1.851752081393299,0
1249,0.052164981470857595,0,0.010178925107415873,0,0.0071719781720916065,0,4.9332647582585315e-05,0,0.3092305360122145,0
1250,0.055599937747179355,0,0.012581799087185071,0,0.023971701746950277,0,0.00015159515104404045,0,0.7747228068604917,0
1251,0.36871660408675005,0,0.001049958803183439,0,0.3230418447151574,0,0.0019436894873556335,0,20.863023862454963,0
1252,0.0828554376522021,0,0.025141683409147252,0,0.140121966977635,0,0.00043238511772538085,0,1.5955498564337638,0
1253,0.023673589057398994,0,0.010491508637798358,0,0.045814761867369935,0,1.7755613827660432e-05,0,0.4840423469361089,0
1254,0.0031528796075344827,0,0.0021123856585537676,0,0.03916730230857066,0,7.226803199186124e-06,0,0.4321679753940738,0
1255,0.3887085655121229,0,0.026385169033592715,0,0.3870087056921893,0,0.0016123882279288665,0,10.19983143613671,0
1256,0.3227831087837923,0,0.010944483900847587,0,0.24383057077968387,0,0.0007447352324889989,0,11.470660422342986,0
1257,0.21691234673487755,0,0.0023444906855817553,0,0.25728409826326065,0,0.0004370788416072907,0,6.38255391387238,0
1258,0.0608103151783574,0,0.01773213184772342,0,0.05925036497697766,0,8.394915317506854e-05,0,1.0213046689252228,0
1259,0.4826837108459748,0,0.015123603775656117,0,0.28014743569470124,0,0.0010129908704552767,0,13.803741430803337,0
1260,0.52495845883201,0,0.15564999592424916,1,0.43136085040784616,1,0.027424559153764967,1,25.977596173143855,0
1261,0.24065377804390597,0,0.002421253383952991,0,0.2927058819269849,0,0.0005046643086132884,0,7.183806936293669,0
1262,0.03562526618039812,0,0.006392994653084852,0,0.04806026724277754,0,5.176261481751914e-05,0,0.4578833851045719,0
1263,0.23753881679937122,0,0.008536207269544217,0,0.20863493565907004,0,0.0003755931700923292,0,5.7957917503732475,0
1264,0.09334152077979727,0,0.012647438915661651,0,0.11828169832526743,0,0.00016008637276336343,0,2.98054862792722,0
1265,0.24962857100854263,0,0.009944603871534383,0,0.29834511591010593,0,0.00046589178230262515,0,6.777819273276694,0
1266,0.04618933127511054,0,0.008364200112843813,0,0.0938978645068662,0,9.331383511960135e-05,0,1.3621209986539338,0
1267,0.08732193004246509,0,0.006918210428245927,0,0.06443430536703568,0,0.00017469704144187505,0,0.6811233336848893,0
1268,0.32264642640472013,0,0.016957801735695437,0,0.4035233293668082,0,0.0005493027922245236,0,9.19782149872842,0
1269,0.08267847721956953,0,0.007865203782151038,0,0.058419312382694155,0,0.000158653019801896,0,0.805917341674727,0
1270,0.1577053261692972,0,0.00962715435640437,0,0.15865033691795846,0,0.0004915677877470149,0,3.6279703158908667,0
1271,0.1548545840048012,0,0.008383453096686354,0,0.19906337454655845,0,0.00031212185382002765,0,5.056629928557656,0
1272,0.10256418424681775,0,0.02338747445841254,0,0.06533237586785684,0,0.00011616091192174967,0,1.185061758877224,0
1273,0.304006326482151,0,0.009095433569394162,0,0.11954089592331167,0,0.0007744623894045206,0,4.727727821116625,0
1274,0.19399788646445423,0,0.00810945038912619,0,0.1656854745538978,0,0.00046359027067294044,0,2.7234469526109018,0
1275,0.053105403340431304,0,0.007323383079591898,0,0.06568760661316232,0,6.910289696895848e-05,0,1.338158453209614,0
1276,0.09967857580241078,0,0.015679053965678712,0,0.11770919820893547,0,0.0002016123781700818,0,3.0723580081794997,0
1277,0.11448603059590097,0,0.02542156364741626,0,0.13649690586576077,0,0.00028610149542219646,0,2.153645596355529,0
1278,0.04643178168659565,0,0.008818463345933208,0,0.040655770968182826,0,6.139683365580286e-05,0,0.7634407377243813,0
1279,0.2164315112457261,0,0.0013653435920348634,0,0.23047853746292501,0,0.0004688659726405957,0,6.657385277577161,0
1280,0.14668624227048757,0,0.02851412792754724,0,0.23589451578764428,0,0.0002526409561532214,0,2.6035841732449567,0
1281,0.41162489622640347,0,0.019242931080901082,0,0.42974755767296735,0,0.0018022904275555069,0,12.717274673122978,0
1282,0.20880269683529112,0,0.0379703783011823,0,0.10464823647409098,0,0.0008801454416550667,0,1.7082433359476519,0
1283,0.20374641336042265,0,0.021890200174227055,0,0.12684404108403552,0,0.0003312265693775936,0,3.837407008323109,0
1284,0.21865114322914167,0,0.038824285439534215,0,0.17199980172928797,0,0.0015286431757343794,0,2.272459292076807,0
1285,0.021565890853156383,0,0.006477992036068987,0,0.012040402534205996,0,1.5747985344622803e-05,0,0.33122812320361833,0
1286,0.20485931668513555,0,0.03303634511014439,0,0.20754003239409632,0,0.0013257837176448779,0,1.9713787561291298,0
1287,0.10689295531635619,0,0.0030294127184024825,0,0.11082351197581539,0,0.00017082097006752275,0,2.592610331771088,0
1288,0.40757155671907686,0,0.010833531766483495,0,0.3166487372462302,0,0.002517500065010044,0,24.65971591728678,0
1289,0.15726283622596346,0,0.00596247234501405,0,0.14186587648500087,0,0.00026054656438440803,0,4.904682422309657,0
1290,0.04224810686567108,0,0.00802432839978011,0,0.033393571191114274,0,0.00010156966245450322,0,0.39784202909244326,0
1291,0.05152816726730545,0,0.0063975590850569,0,0.06048913754288475,0,6.542754758582954e-05,0,1.0145821135038715,0
1292,0.11157214332594705,0,0.01335925504998469,0,0.10229517942606306,0,0.00014447739906950352,0,1.8553095515944424,0
1293,0.29623546655411687,0,0.018021805595062765,0,0.3309702669237407,0,0.0006124599578593556,0,11.31117405366315,0
1294,0.27100393193762595,0,0.006279955418677259,0,0.2655382217876126,0,0.0005235629846514671,0,9.138130045691653,0
1295,0.10490970553728071,0,0.014789164475866931,0,0.0949428706757094,0,0.0001425320882017415,0,2.866328908286486,0
1296,0.22705759393323938,0,0.009870934732403523,0,0.2582752908487067,0,0.0004990245760687827,0,7.035513898536097,0
1297,0.07008275885088776,0,0.011295248357953308,0,0.055378560851746604,0,0.00013050622541306843,0,1.976775265475446,0
1298,0.25063340163110176,0,0.04665420089564623,0,0.23357924375699368,0,0.0008487670794247745,0,7.129115722954749,0
1299,0.06810509590974972,0,0.013287212711322837,0,0.09892998868890414,0,0.00011158604792355206,0,1.2509198886985868,0
1300,0.05226241933915583,0,0.006688791454263882,0,0.06086092048935235,0,0.0001853062942710865,0,1.1008391497827137,0
1301,0.08800786524075196,0,0.004873429139111729,0,0.0626813216188075,0,7.932385784674245e-05,0,1.892640423657981,0
1302,0.04570585187635627,0,0.02350818124991406,0,0.10525162049532548,0,7.20411781819077e-05,0,1.583264998939278,0
1303,0.05952204685513197,0,0.0057235405450853215,0,0.058575639712403704,0,9.537406768744725e-05,0,1.9243939226655478,0
1304,0.39758272536709643,0,0.0014614685066908055,0,0.3096607126750551,0,0.002130460459135434,0,23.509780957298716,0
1305,0.03327391483682068,0,0.011339135333701268,0,0.019876746962976744,0,2.971136436254539e-05,0,0.36874136878183184,0
1306,0.19030463685700413,0,0.01655501197746286,0,0.20306898456296196,0,0.0006710750106097465,0,7.052106550615288,0
1307,0.554526816163952,0,0.012852066485399296,0,0.2940101424551213,0,0.003886703744513775,0,41.51450109371194,1
1308,0.06068571964281003,0,0.006177753839821471,0,0.12571143081712438,0,9.036655836731574e-05,0,1.7680499742596212,0
1309,0.38506146664702634,0,0.06613612865745074,0,0.25658029230046464,0,0.0036183061159719945,0,7.568700248419004,0
1310,0.5311071459755066,0,0.017212658234985675,0,0.28608134998744605,0,0.0010125861466590465,0,13.701135388289435,0
1311,0.25950862651277923,0,0.00896780905825486,0,0.21949852634498487,0,0.000407293661936833,0,6.477848791139396,0
1312,0.25789567735522184,0,0.002421253383952991,0,0.29041913323780627,0,0.0004950724374551554,0,6.9478570793949785,0
1313,0.0332354859551958,0,0.0083919144468057,0,0.09541169255822646,0,7.924181893283906e-05,0,1.2453072771496108,0
1314,0.3650744883875574,0,0.016737526809927464,0,0.35395496880484734,0,0.0008141588941009577,0,11.593359247548438,0
1315,0.12281065376097637,0,0.009153456006711065,0,0.1556554223990095,0,0.00020577297084707584,0,3.663515865420051,0
1316,0.34309935657603224,0,0.02054133294672469,0,0.43110553949333985,0,0.0005600310226613445,0,9.52171124543931,0
1317,0.06410828556524871,0,0.009289349597157727,0,0.05329935533855876,0,0.00017802297299818822,0,0.43426001009302,0
1318,0.15860793242468374,0,0.01846435595458329,0,0.10994659289195378,0,0.00033963619199403795,0,2.6611040439933284,0
1319,0.07604449721140315,0,0.022647038130255124,0,0.12492612226364082,0,0.00010762068490181842,0,1.627070230091323,0
1320,0.3681083663829072,0,0.010704532325805724,0,0.15522115760160005,0,0.0009784770827036531,0,6.772200168990338,0
1321,0.04777398074658748,0,0.007694982493858584,0,0.07158361214631512,0,0.0001296788577832429,0,0.9877229205069403,0
1322,0.17845250151951922,0,0.007881186651488405,0,0.19286079691031807,0,0.0004590821315383543,0,2.234114380619703,0
1323,0.04513421876167642,0,0.0162746038831795,0,0.053021019290655357,0,0.00013567410116443004,0,0.5519774334282734,0
1324,0.08700088617574434,0,0.008992485414203404,0,0.05145442857886224,0,0.00014276265058984556,0,2.4442129778666226,0
1325,0.11402497787157442,0,0.011745769996214203,0,0.02052854124635882,0,0.00015440098859226977,0,2.147394758221017,0
1326,0.029616146165926595,0,0.010193499172476563,0,0.017207882887790328,0,4.1212877305304505e-05,0,0.4000560004657996,0
1327,0.3723113348704207,0,0.022389732058729933,0,0.27401310163267656,0,0.0013937762582927004,0,7.07445953346091,0
1328,0.09922551817606941,0,0.02173106784522364,0,0.1282245199015821,0,0.000204116230902378,0,2.8413053261516406,0
1329,0.19861597450365853,0,0.0307932994791449,0,0.19334589308073732,0,0.0012496454885949633,0,1.8299824826556523,0
1330,0.20972954201618998,0,0.016246858490063354,0,0.20399402264299218,0,0.000727189151976169,0,7.097890321618583,0
1331,0.0995010894628449,0,0.014309300792078905,0,0.06148215060134193,0,0.0001276702604895467,0,1.8032865547712522,0
1332,0.11606104437051186,0,0.012587878472213465,0,0.10551211801155029,0,0.0003165715937922337,0,2.1893619418624097,0
1333,0.09108477991144273,0,0.008768636482678407,0,0.05529541263613874,0,0.00013293495681600194,0,2.4471001652824986,0
1334,0.02954183120267561,0,0.008473910955470267,0,0.013898040368615512,0,2.4624452311268958e-05,0,0.45723824483574144,0
1335,0.2581615170966664,0,0.01737393679449141,0,0.27673544109366277,0,0.00039835719970399423,0,7.187722035030011,0
1336,0.4116748291828408,0,0.010598419969061877,0,0.33123031294645855,0,0.0025067415429632684,0,24.25606973748664,0
1337,0.10258544893363875,0,0.0033346719500293694,0,0.09890061446589439,0,0.0001529773701701043,0,2.386451130166635,0
1338,0.22708949807641926,0,0.010732456982571305,0,0.1742458862200704,0,0.0003190252945414775,0,4.0398594616592955,0
1339,0.06851160973306121,0,0.007827886085256528,0,0.10980845584059137,0,8.596632956355621e-05,0,2.0245984058408144,0
1340,0.012423245525372191,0,0.005338003113754163,0,0.02337125481451379,0,1.666390341285227e-05,0,0.2144112857530093,0
1341,0.10727304041663607,0,0.0253119973885802,0,0.22327926027916153,0,0.00019968539588969658,0,2.3956760405191493,0
1342,0.21148700897612344,0,0.05611766865051418,0,0.12073218931174964,0,0.0010134732475022285,0,1.6820560833127594,0
1343,0.02466162082420906,0,0.004694582782276272,0,0.0749282021935314,0,4.475571982977621e-05,0,1.3281052555678479,0
1344,0.0255794836636011,0,0.010565503022743563,0,0.11894553157875963,0,5.635391663376255e-05,0,1.2598110167434262,0
1345,0.2647367759775797,0,0.007279580726103221,0,0.28725271610027153,0,0.0004629630128361747,0,8.19440453866631,0
1346,0.24494111242481809,0,0.0021025040484836935,0,0.2672477331332713,0,0.0005404563726872738,0,7.9406263808979975,0
1347,0.40129993516680057,0,0.003162360747176501,0,0.1911061244905402,0,0.0022406960890103125,0,21.957459919574582,0
1348,0.1651034076981168,0,0.006213289434536245,0,0.0796824712731576,0,0.00021130538821639578,0,3.7099327282141417,0
1349,0.04629527215239336,0,0.004426142974552428,0,0.048127951207697466,0,9.720506051869624e-05,0,0.6139829948023696,0
1350,0.10137422502155412,0,0.014965605930267155,0,0.05926013432378211,0,0.00018629627734478496,0,1.2216867473737965,0
1351,0.38354919595438663,0,0.034003701408270276,0,0.23001856483808955,0,0.0010991846859186557,0,9.847824309096215,0
1352,0.3370198996030706,0,0.0015230884394753052,0,0.31995072931951923,0,0.0017829388097811826,0,19.0821843825614,0
1353,0.10013192264190518,0,0.005373086038353605,0,0.0422549299119528,0,0.00011023757435098011,0,2.3857056241770116,0
1354,0.21104769605700288,0,0.036825621102449205,0,0.17487937963979894,0,0.001140365900709721,0,2.039436403011234,0
1355,0.1152048085706778,0,0.0062493529982089345,0,0.16129588190487046,0,0.00020238414533206906,0,3.7087204201545525,0
1356,0.6564091663353596,1,0.030066041296489036,0,0.4315929120608384,1,0.0016435023584962702,0,21.24207748979264,0
1357,0.35358924941968306,0,0.06649146955448648,1,0.25044526522723,0,0.0031938900347402723,0,7.6378449256131775,0
1358,0.2681973050949846,0,0.007342005285751959,0,0.23132193099295187,0,0.0004338613485908566,0,6.394016487029177,0
1359,0.2006926582475011,0,0.0019727832366655913,0,0.24919227686792014,0,0.0003965110729391444,0,5.425473896496506,0
1360,0.03705090764027321,0,0.0064548631703361704,0,0.04265100382344314,0,3.86888950254402e-05,0,0.4640218771980532,0
1361,0.36554729323236534,0,0.02130912697982371,0,0.41375217844456075,0,0.0007037525333391854,0,11.638487544804656,0
1362,0.10494196319659292,0,0.022896666068626823,0,0.2210139073095226,0,0.00019959047544184077,0,2.149999575009321,0
1363,0.4645364670801118,0,0.014089951182084818,0,0.3576584650270946,0,0.0012028706847591261,0,15.583177669395232,0
1364,0.17920106552107998,0,0.0021366239929764097,0,0.21017916811318466,0,0.00039985331274680635,0,6.071513846108452,0
1365,0.11348716767660742,0,0.008961673274838617,0,0.12415961423327718,0,0.00042931675511235546,0,0.9000003945615063,0
1366,0.4467630102954511,0,0.010084535303134126,0,0.40940224406552506,0,0.0018409017266825436,0,14.152958887637258,0
1367,0.07932059669139482,0,0.013424434250217738,0,0.12005842789542082,0,0.00020279684226583736,0,1.428189284619897,0
1368,0.0812604342142789,0,0.002856216940167978,0,0.10538252059296717,0,0.0001850655331172721,0,0.983320443524352,0
1369,0.1811813498058795,0,0.02254628236520324,0,0.2083613208442712,0,0.0009217864776896213,0,2.122936536898992,0
1370,0.5219888387795509,0,0.007189336592026975,0,0.3484082521868286,0,0.003179318672501388,0,29.149975333817718,0
1371,0.07226395999469395,0,0.004841629674922631,0,0.06318886072184896,0,0.0001456814390564041,0,0.6235753020214281,0
1372,0.11500747784882862,0,0.006118829003279298,0,0.026093576122157118,0,0.00017548536118513173,0,2.5675022101262828,0
1373,0.4701872395279944,0,0.02156593159499998,0,0.20545909595157807,0,0.0011416500667315243,0,9.946021101872127,0
1374,0.4970093422016119,0,0.009603821290633472,0,0.41921624205801494,0,0.0031785783930458884,0,30.031332387857155,0
1375,0.3738704694403925,0,0.00842569886320402,0,0.2249703905432932,0,0.0008754962364236291,0,11.213619645284025,0
1376,0.38136683704513497,0,0.036943028446930606,0,0.14592571119961426,0,0.0007788743884008162,0,7.817561989087794,0
1377,0.11801762617161007,0,0.006901702528639155,0,0.04254055422870447,0,0.0002633236458757549,0,2.8028444564373083,0
1378,0.3858584560172066,0,0.028668243101409283,0,0.1581730386298239,0,0.0007107309546555524,0,9.250743934778075,0
1379,0.25030738987629486,0,0.008462038538251237,0,0.26662954285419616,0,0.0007750353042024059,0,5.539249518307123,0
1380,0.31014815006781826,0,0.018258563707676492,0,0.12702865826922338,0,0.0004853703486195277,0,7.004439714771496,0
1381,0.10820847051076135,0,0.0054277506815091576,0,0.10936182732111124,0,0.00023616072781900473,0,1.259810680596744,0
1382,0.3427692731237263,0,0.023423291008632014,0,0.26224488106518584,0,0.0013658363518052694,0,12.583583892595202,0
1383,0.1291279180096128,0,0.010749342654389756,0,0.21966383342074958,0,0.00028853277077244916,0,2.3491991973304924,0
1384,0.07267667416511331,0,0.01402684122976529,0,0.10633686180110094,0,0.00015062094930791628,0,1.6792850549911655,0
1385,0.0930351195983812,0,0.010006208497189285,0,0.0540848736571905,0,0.00016933880964891066,0,2.313946863723261,0
1386,0.35054790056900476,0,0.005668522183449534,0,0.4314555692925954,1,0.0017938600491768952,0,20.07765029803342,0
1387,0.11435318206744792,0,0.015607571727831468,0,0.10519338997847359,0,0.00039040573256990933,0,1.9708338211330854,0
1388,0.46003620473940576,0,0.04609583158371237,0,0.29089375509278304,0,0.0009104459444593131,0,12.661450156319848,0
1389,0.059053328893021,0,0.012760905113057393,0,0.06299938084933844,0,0.00021040664848721502,0,0.6256249676774133,0
1390,0.27135666412960213,0,0.03750190383226862,0,0.0744388559839948,0,0.0004461141647866131,0,5.96843668958753,0
1391,0.04276431959692214,0,0.013814968408644858,0,0.022422853201239393,0,7.25415127808026e-05,0,0.8689197168370185,0
1392,0.14981664716948845,0,0.008981568756305137,0,0.17160469683268778,0,0.0002975977297249319,0,4.4139663674771805,0
1393,0.14276251767491704,0,0.026732061099139587,0,0.24554799890986448,0,0.0002550947880867985,0,2.805348986932913,0
1394,0.11733430600093889,0,0.0026833381063022447,0,0.13967517976368696,0,0.00016407274291066527,0,2.5313589009928066,0
1395,0.6124043478996272,0,0.013939491566377879,0,0.34227174380429515,0,0.0017522159437930193,0,17.430968425864076,0
1396,0.0497677233196866,0,0.008733654830779881,0,0.06538803146157213,0,5.522573995586747e-05,0,1.0717985882355099,0
1397,0.15233593572851772,0,0.009766105359732465,0,0.22204426397292193,0,0.00037178699842335206,0,3.2009940337615306,0
1398,0.07626118727754101,0,0.010303499307154514,0,0.10882273304536226,0,0.00014794068275716317,0,2.1051921259923643,0
1399,0.058164573666844674,0,0.01176078158059187,0,0.06465103569388317,0,0.00010226473412264814,0,0.9781185705481601,0
1400,0.133572381714349,0,0.0228797777685343,0,0.04302212282259893,0,0.00021008158528798812,0,2.8510336779469987,0
1401,0.17959556264357301,0,0.03097786668376488,0,0.15025018978817353,0,0.00077637236849964,0,2.3313555168819753,0
1402,0.07221277346626646,0,0.02863640448991219,0,0.06912804451376292,0,7.332075640605241e-05,0,1.4229729716471358,0
1403,0.2854926206798731,0,0.016856697462290706,0,0.22635920562732173,0,0.0005439014464520527,0,7.786447134311631,0
1404,0.40651349789019864,0,0.011303664290064165,0,0.19324570729273272,0,0.0007949828869222962,0,10.933520637839313,0
1405,0.040075544349795475,0,0.008808115303317926,0,0.09191291477704126,0,6.122354228929102e-05,0,1.034129431644633,0
1406,0.3291143935995379,0,0.00437334625149211,0,0.27601834303213885,0,0.0006980157253885452,0,10.447009393897527,0
1407,0.6121279680666951,0,0.5423673292730502,1,0.9999379848417846,1,0.25201443660409323,1,195.94570027576967,1
1408,0.13739419844340467,0,0.01681001267988847,0,0.10065339963031922,0,0.0005361270656352027,0,0.653701864521452,0
1409,0.6102527489028707,0,0.01746040948408806,0,0.4311029611815022,0,0.002559084362126905,0,35.260368238063464,0
1410,0.23663231387518546,0,0.0024174881326739636,0,0.2063654207349154,0,0.0005611878297378601,0,7.472711994612825,0
1411,0.12708667884404515,0,0.008337530171407263,0,0.23986008035492334,0,0.0003355566004178012,0,2.3833484219413443,0
1412,0.4372834483737062,0,0.02269630116153399,0,0.3254922623512755,0,0.0009908988476692831,0,14.602218941561464,0
1413,0.2229903763737542,0,0.007207367280126749,0,0.33995252391456215,0,0.0005899430182901434,0,4.995849567790725,0
1414,0.6140972171329059,0,0.007595582473144487,0,0.3445938695410225,0,0.004143407800431803,0,34.55851284530132,0
1415,0.29947118024760927,0,0.007842983740196994,0,0.2892203414243661,0,0.0009019273619560883,0,6.670556797612258,0
1416,0.3136365723578123,0,0.01829923230971925,0,0.12940299416914694,0,0.00045991963182483663,0,6.911867198540198,0
1417,0.17740884778433164,0,0.009122834246293166,0,0.2666381511891355,0,0.0007248739832186942,0,2.8721531919764174,0
1418,0.1207595857737784,0,0.0037514647489169336,0,0.1524200544158122,0,0.0002602425273542078,0,2.1282088205920173,0
1419,0.1469905925515926,0,0.007054541355482745,0,0.0887615762175032,0,0.0002786759246133955,0,2.9269494529386364,0
1420,0.5088796188814574,0,0.00983815221489159,0,0.38879196059873466,0,0.003474401679212465,0,33.03322411444701,0
1421,0.16778126491458317,0,0.01321350640101672,0,0.10208312013434546,0,0.0003325802915306528,0,3.9658466505512626,0
1422,0.4786088151209321,0,0.014808794328112595,0,0.27410182239682757,0,0.001736178880282492,0,15.921233191490169,0
1423,0.4142613762069892,0,0.015750007306764964,0,0.2351157929972215,0,0.0006921778086228557,0,10.656335566647297,0
1424,0.10634224084298327,0,0.00469704549890126,0,0.12036560436262549,0,0.00026613108959512734,0,1.298354489186698,0
1425,0.19790327809164007,0,0.011305543319142373,0,0.2300372434438657,0,0.0006047066671166092,0,1.9633825789327795,0
1426,0.07680183783398127,0,0.0035236192909182205,0,0.1014857086541083,0,0.00018943623302521687,0,1.0346585271620605,0
1427,0.3319790114181583,0,0.01960587203730053,0,0.15895749061196662,0,0.00048629452218715974,0,7.50767168038242,0
1428,0.1284047812960758,0,0.005592541624125894,0,0.13891534877250988,0,0.0004814051114571471,0,1.877644448579905,0
1429,0.3013673590387906,0,0.029480516327733616,0,0.12245485529674269,0,0.0004746149410613743,0,6.298397559263398,0
1430,0.20840706792106908,0,0.0075587165622781165,0,0.1921855060719837,0,0.0005339763931817976,0,2.8962330577855826,0
1431,0.170242362555998,0,0.00915840864479996,0,0.18412852145265665,0,0.0003406841659939516,0,5.256088761936203,0
1432,0.5190648236389023,0,0.0071444951434157244,0,0.27186206231190024,0,0.0014110520102077286,0,21.499829053438315,0
1433,0.09765788657272641,0,0.006235744671885789,0,0.08134144150343933,0,0.00021209590999673607,0,1.9466617917534872,0
1434,0.3027477941716709,0,0.012870058052759915,0,0.35955543009560326,0,0.0005901253769987562,0,6.482309688191668,0
1435,0.1513514290186085,0,0.03336552624510714,0,0.17009907364808335,0,0.0003959085999642931,0,4.244724366394424,0
1436,0.18726642777031854,0,0.012933862104151645,0,0.19865742692405053,0,0.0007874742414737512,0,2.525406691006914,0
1437,0.5021829157546012,0,0.019707048131041398,0,0.2134927478403344,0,0.0012745609196386934,0,10.1870122505956,0
1438,0.12138797709711949,0,0.010305597029045767,0,0.11166909985452916,0,0.0002538365218966721,0,1.2395344214241852,0
1439,0.22812410003426833,0,0.00780231791428566,0,0.0520463628835462,0,0.00044366209929946274,0,5.049810069288161,0
1440,0.15792029172300787,0,0.003943131035632862,0,0.052170012080978344,0,0.00025448112555710137,0,2.832951707196105,0
1441,0.47469118412850025,0,0.012060059406257309,0,0.37475500573694925,0,0.0020702291017471084,0,10.988913242031133,0
1442,0.12917639075985698,0,0.0029931139132760584,0,0.13248751385450067,0,0.0002879378214130134,0,1.787803114193914,0
1443,0.18662358655533082,0,0.0046458935538781585,0,0.051322664641120334,0,0.00032861985757139475,0,3.8773610088036206,0
1444,0.17090774333096725,0,0.00935607495982278,0,0.19196409783055274,0,0.00040057675059548977,0,2.463669727425296,0
1445,0.40221038031202533,0,0.017831271826376564,0,0.2578995619924542,0,0.001900178676408318,0,18.05028896656044,0
1446,0.1186608307915786,0,0.007472813966845264,0,0.028630067827024548,0,0.00021760548082860637,0,2.290238581277843,0
1447,0.46829786294994435,0,0.009092505615966941,0,0.42978522527266677,0,0.002581439251618915,0,28.20580705314996,0
1448,0.16840216106667247,0,0.004579886898000731,0,0.1434688720775482,0,0.00037916737651669464,0,2.9712181090098913,0
1449,0.11829796014735981,0,0.0027101101815834735,0,0.13112824143594953,0,0.00030280867973507547,0,2.1635786718661363,0
1450,0.08171950586188689,0,0.008151384021535708,0,0.08848449089870158,0,0.00014572646229496784,0,1.1876908253668508,0
1451,0.6350586522513735,0,0.0796229232617703,1,0.309046523407197,0,0.018538179880880964,1,21.435993099023992,0
1452,0.3338790222103558,0,0.025365625116150453,0,0.2670308124706964,0,0.0005894750876917472,0,8.240115915076933,0
1453,0.3644677914802081,0,0.010024398302567749,0,0.25446700882160644,0,0.0009025691649127727,0,10.900771743154928,0
1454,0.4530919971874565,0,0.01935949853098812,0,0.31646542465081834,0,0.0008936929438599404,0,8.926925568868699,0
1455,0.5981088116674885,0,0.007637742974702049,0,0.33319808570795084,0,0.002093453293104801,0,27.58529037751014,0
1456,0.4659855722184862,0,0.018525933135850863,0,0.33726477266056265,0,0.0012058676384753327,0,18.176306194138817,0
1457,0.2239201125945573,0,0.014151565840781444,0,0.23197087779897754,0,0.0009594809460749525,0,1.9043078036913677,0
1458,0.21734620838130259,0,0.0017142735086223082,0,0.189040355783111,0,0.0005263166921777248,0,6.590775653559345,0
1459,0.1679609050681366,0,0.009573534266778155,0,0.2469314984801968,0,0.0003699709588512636,0,2.4804034348559894,0
1460,0.12199741008433773,0,0.006426126012756905,0,0.15226356986587228,0,0.0004184634264647613,0,1.6627073742106924,0
1461,0.14302633588976607,0,0.004968268422648733,0,0.10060359314089588,0,0.0002927866172650244,0,2.7339502550782684,0
1462,0.09827165743719676,0,0.003944776218279468,0,0.06859090192144295,0,0.0002132909673151409,0,1.522745761974884,0
1463,0.09305175600629774,0,0.004365001943170065,0,0.10902186488889516,0,0.00024285842244572747,0,1.1626165987971255,0
1464,0.1733006143890226,0,0.009940779620085303,0,0.11404714424434378,0,0.0003585411119040412,0,3.543293377704263,0
1465,0.17308189477054484,0,0.0030829187803772355,0,0.0439612132534059,0,0.00026831031032327875,0,3.008754227422872,0
1466,0.4741512518304021,0,0.08461632130243901,1,0.4267400425242693,0,0.0009375818600258295,0,11.316938742491306,0
1467,0.18346340925312374,0,0.007471576513767294,0,0.06823286651309414,0,0.0003310849849941438,0,4.645042771319244,0
1468,0.6016707928665239,0,0.007444937582756667,0,0.2949425635956105,0,0.004126650424072976,0,40.08974669393889,1
1469,0.1342524802287906,0,0.007275396986245695,0,0.1478449543928343,0,0.0002877864137322224,0,2.273589515406381,0
1470,0.4230073922798564,0,0.014349271767288072,0,0.19248910034125366,0,0.0022141782216997963,0,23.489107663035277,0
1471,0.20597989489511692,0,0.010317888216539723,0,0.04642765388856499,0,0.00038619771111866034,0,4.511476352251899,0
1472,0.5772708043997156,0,0.077071673973173,1,0.43107756105995565,0,0.001345596764043718,0,16.91988775029098,0
1473,0.7335472583373726,1,0.010236017159152596,0,0.22047399673830917,0,0.00705220464999069,1,65.79782612102363,1
1474,0.4410298780326801,0,0.009009318471985725,0,0.24026071458643863,0,0.001404737708777417,0,17.099827976897437,0
1475,0.09830052109266127,0,0.01056744962140411,0,0.17023834533516657,0,0.000265844254689283,0,2.281493345272245,0
1476,0.1457906329041288,0,0.012662278323933482,0,0.17060583885565686,0,0.000630012040322114,0,1.9496536039647083,0
1477,0.059152017904756125,0,0.005563493901738233,0,0.09174725502663891,0,0.0001452628397333592,0,1.0206544029628524,0
1478,0.49890010309551186,0,0.009624928171841369,0,0.311985819588232,0,0.0031794728336008164,0,35.6773568540464,0
1479,0.09672721575393745,0,0.004983679761229467,0,0.09582170170563391,0,0.00021839508216093994,0,1.1825039041394394,0
1480,0.24591167164572425,0,0.014373193651167078,0,0.3302431158096722,0,0.0004908918423197774,0,5.156123011081998,0
1481,0.419836441155177,0,0.02196463609457807,0,0.20876356631999438,0,0.0006183357337135408,0,9.772510689915082,0
1482,0.5644116667459577,0,0.012869555936660225,0,0.4253824067574623,0,0.0025180914896440676,0,16.922222661290885,0
1483,0.18508397170471647,0,0.00518611184420274,0,0.1873077412324413,0,0.0004319022811813207,0,3.0601676905508675,0
1484,0.2666673057821815,0,0.007627479686985286,0,0.07462963625712679,0,0.0004896007495671359,0,6.0804352461688795,0
1485,0.30661936637256026,0,0.042931189821153105,0,0.2696827996838856,0,0.0006765646930130359,0,6.957942235216075,0
1486,0.6770037730003724,1,0.005664273030302064,0,0.19971430240222005,0,0.002283139532059477,0,30.062162067536736,0
1487,0.4324089170716133,0,0.015344970389865197,0,0.42139814945515186,0,0.0014373226752685143,0,10.521664120347584,0
1488,0.7399781139036433,1,0.15925087011475075,1,0.5542759186283509,1,0.04999347388056099,1,39.624164200528,1
1489,0.2345363423258502,0,0.00760172358722892,0,0.2671810797164708,0,0.0005174136936486404,0,3.721501994938349,0
1490,0.22784158703176058,0,0.008430077979903746,0,0.32194829701265903,0,0.0009206743293171138,0,4.514581046265817,0
1491,0.568426175059723,0,0.026744372807314693,0,0.29359025215628504,0,0.002434749774965606,0,23.309922719322678,0
1492,0.29949836270148217,0,0.006137515689198089,0,0.09361334881646033,0,0.0005520060961448321,0,5.654559322679264,0
1493,0.17350174729886994,0,0.015919957740166808,0,0.1133941693251236,0,0.0003632537611478048,0,3.9055773225943278,0
1494,0.1678937645541862,0,0.005726350234408763,0,0.2594593078687075,0,0.0004384072056565668,0,3.4076411898597234,0
1495,0.12941699201024678,0,0.00906051543420363,0,0.11905716558349022,0,0.000264123672470393,0,1.357147232469583,0
1496,0.2670084726030534,0,0.010365562814460738,0,0.29936835601454365,0,0.0008050338447632982,0,3.7149248449877716,0
1497,0.2912686336956444,0,0.013342256097329919,0,0.23084655674716212,0,0.0005849814134664204,0,6.738318242930137,0
1498,0.6505811423584168,0,0.01814338023318275,0,0.2577196620451507,0,0.0014873723827467254,0,16.120641814278844,0
1499,0.3282096905323541,0,0.027772080613289854,0,0.21172859715893289,0,0.0005185301290357583,0,8.030340435781785,0
1500,0.4295238437893833,0,0.07042449338738323,1,0.2593389438659093,0,0.007067757122727207,1,9.338344735355532,0
1501,0.43320169648922136,0,0.018174441980714082,0,0.28354133708231954,0,0.0008332656371500796,0,8.142501530078142,0
1502,0.10250013855553958,0,0.010173451683101981,0,0.11034927585864536,0,0.00015368315038193856,0,1.486068689957784,0
1503,0.5017279865624791,0,0.0054960679676380846,0,0.19625627729675707,0,0.0014813484533226554,0,17.85361355997383,0
1504,0.2100588377704296,0,0.015572184751113851,0,0.22618641795928301,0,0.0009098587313591368,0,1.7848916995677562,0
1505,0.13463630255186176,0,0.009217116875867543,0,0.21536071537788032,0,0.0003190764531695995,0,2.2186476728685793,0
1506,0.14838055052012047,0,0.0019643265616217623,0,0.14991699975635464,0,0.0003264069906663567,0,4.510913258310692,0
1507,0.39689736631993644,0,0.02668870060915762,0,0.4025713440953519,0,0.0007399456095386486,0,11.720066312747935,0
1508,0.44328448821285876,0,0.008872224974446037,0,0.32903605848594164,0,0.00137234318536121,0,18.661280024340744,0
1509,0.25348438160825454,0,0.007468152741311851,0,0.30061595571371624,0,0.0004910829970902013,0,5.842580310512596,0
1510,0.19635476502326984,0,0.015934229445869665,0,0.1427440094546744,0,0.0006566567379170991,0,3.595282390540349,0
1511,0.5274353387310984,0,0.004683706503436421,0,0.1581606405882466,0,0.0016180703681814418,0,22.451676318806488,0
1512,0.0573490834939296,0,0.004092668305928815,0,0.08330710020403632,0,0.00018038362560769854,0,1.2863176667716674,0
1513,0.109093833165945,0,0.009944389754785463,0,0.11385160060156344,0,0.00025176818455543206,0,2.081175185704501,0
1514,0.5706636926626112,0,0.012486436216745798,0,0.414291097934037,0,0.002513641497194955,0,16.915969481337385,0
1515,0.20692575549027709,0,0.012359884788140789,0,0.24402164826865755,0,0.0004829138266847658,0,3.852540147892836,0
1516,0.4759031554139961,0,0.015400439841857294,0,0.3365332333402567,0,0.0024632704163085146,0,24.626130042374232,0
1517,0.272354812326215,0,0.004887026669138828,0,0.18858512356403329,0,0.0006714611031294468,0,5.776364670837762,0
1518,0.2755678323090384,0,0.0048027599111127315,0,0.23376849721479212,0,0.0006727795419686919,0,4.897050317667091,0
1519,0.23589739908594232,0,0.008887648188153541,0,0.13167270303249737,0,0.0005299851384869393,0,4.8008196499989895,0
1520,0.3465882356633645,0,0.008292491224778549,0,0.13374330071945126,0,0.0006686676471605996,0,7.116887824891977,0
1521,0.4804244168766629,0,0.02103599750796404,0,0.2532841333618172,0,0.0010975474119229655,0,11.184181487438304,0
1522,0.2596177303565625,0,0.01214002537605963,0,0.3314385634130929,0,0.0009624556567162286,0,3.9842824669887236,0
1523,0.1795042330836265,0,0.007092043034643703,0,0.24331582360652315,0,0.0004691157021369425,0,3.154102331461911,0
1524,0.2210923638755481,0,0.004833344519593946,0,0.11047400001276962,0,0.000474163749153588,0,4.757363309974138,0
1525,0.619690024003298,0,0.009511442250644124,0,0.3709154391038792,0,0.004314695288488788,0,41.09363852131147,1
1526,0.1972037445977251,0,0.012336649864290736,0,0.29126542178340936,0,0.0006736639311230938,0,2.929025003471205,0
1527,0.5808903688393544,0,0.023247021946249707,0,0.31605882335138596,0,0.002590287745703389,0,24.54559618749918,0
1528,0.10596619098939378,0,0.0017122306958316964,0,0.15264470367333674,0,0.0002764020822709214,0,1.7373234325879885,0
1529,0.12198381628011513,0,0.005522640331450963,0,0.1510707047881367,0,0.0003811056854097447,0,1.6286053921689903,0
1530,0.41595250537924483,0,0.02234766513811308,0,0.30070793528715534,0,0.0007586843465290348,0,13.116793260742076,0
1531,0.08787210867621496,0,0.002571453663347768,0,0.10532065769453831,0,0.000238765750132868,0,1.154667555454182,0
1532,0.09144737999733889,0,0.0038083356408414063,0,0.08528552838190742,0,0.000235592692527411,0,1.9025737057795353,0
1533,0.6629144979527336,1,0.019869177533060545,0,0.2343677380043616,0,0.0015584820310835647,0,16.877075672290516,0
1534,0.11333323631825494,0,0.019747961385810864,0,0.0802964004681121,0,0.00042101842133774204,0,1.1671519349712136,0
1535,0.0843099733976978,0,0.006908617781414475,0,0.0693476476895245,0,0.00011376337823341524,0,2.51815303278812,0
1536,0.11730120834585507,0,0.0028754105274019846,0,0.1208289717808337,0,0.0001334482816634606,0,3.2447148009451405,0
1537,0.3506983976327605,0,0.040142658398979646,0,0.43096313759164645,0,0.0005406119002736763,0,11.004130703354491,0
1538,0.15630009819232016,0,0.008962505893269716,0,0.15995116330621822,0,0.0005175135220887152,0,3.852763199584637,0
1539,0.20957095240050633,0,0.0324780092599184,0,0.17087011662933144,0,0.0004600364568794036,0,4.4263641530036235,0
1540,0.5480770253738831,0,0.010437433784483042,0,0.34904737062984453,0,0.0038636444352761388,0,42.451869007173215,1
1541,0.07137660665186671,0,0.009713796086987357,0,0.06581971971456065,0,9.517189585841124e-05,0,1.0483990642606773,0
1542,0.11269118860688304,0,0.015604167255622447,0,0.0848318724983823,0,0.0002264606395538785,0,1.5490156803572908,0
1543,0.08377955291963793,0,0.007041674086487023,0,0.03621745323550662,0,0.00018070678210732857,0,1.0826189812631026,0
1544,0.690090867775143,1,0.007286061002266646,0,0.4112861015311601,0,0.005676333115662069,1,50.93300935046814,1
1545,0.13062208397546457,0,0.005938980733628448,0,0.10430725158628797,0,0.00021165695601764627,0,3.093987976028086,0
1546,0.5341704208883482,0,0.005251813599713822,0,0.1806860308901525,0,0.0015145385437010878,0,21.682578745177803,0
1547,0.05622433733531286,0,0.008180896107654267,0,0.0834896993368327,0,0.00014180716244435463,0,0.7633934229780986,0
1548,0.7403530690929165,1,0.10643156301057959,1,0.4310773417644957,0,0.021588264054828193,1,30.721278970538624,0
1549,0.3219405144332724,0,0.023054202673520027,0,0.2697029679916083,0,0.0005489216814969962,0,7.659035909388787,0
1550,0.46752968313058,0,0.020384895631200238,0,0.2806509105792826,0,0.0010567471858527547,0,10.074271358310614,0
1551,0.10933780142161678,0,0.0062301160745013625,0,0.15590259569221848,0,0.0002604303182474766,0,1.846064945941872,0
1552,0.4412882407485376,0,0.023663793821058026,0,0.36825126394435254,0,0.0010150449994642914,0,15.349347817879737,0
1553,0.24134962011187205,0,0.0028683082876261186,0,0.1688841067871876,0,0.0006033429895249795,0,8.37434622826632,0
1554,0.5478865384656668,0,0.006539047273051281,0,0.3215820955073164,0,0.001909300788185442,0,23.865927756745894,0
1555,0.31461889924210396,0,0.03945889806680648,0,0.3636347734146708,0,0.0027021728875248185,0,3.29263094720591,0
1556,0.330396625078741,0,0.01687079828962686,0,0.34124629274206,0,0.001311275754234651,0,6.192993822216489,0
1557,0.12307608712966284,0,0.006624698237184885,0,0.16379240392186722,0,0.0004131086760429877,0,2.0340549043156955,0
1558,0.6537211054645328,1,0.008237424635401041,0,0.28198042390324624,0,0.0049678609823807715,0,47.361287571105905,1
1559,0.09351775311358117,0,0.00305224556566585,0,0.12122346314584458,0,0.00025879076924632593,0,1.870574386861668,0
1560,0.15395916834401582,0,0.00847114455088727,0,0.15222386139679217,0,0.0005085638880937549,0,2.8881408168670823,0
1561,0.20392590054883974,0,0.011798179298769633,0,0.08938894938035793,0,0.00038717072330763573,0,4.1895794534816275,0
1562,0.6698994032122639,1,0.02039928883757716,0,0.23693045694424816,0,0.001653479129436358,0,16.384549100629595,0
1563,0.33560431544187247,0,0.01677965572961687,0,0.21616386612131133,0,0.0008164383738373707,0,8.883867518543205,0
1564,0.11904495774257494,0,0.0029721746896731022,0,0.1369523393176018,0,0.0002622962980492081,0,1.9181403663488232,0
1565,0.24559376183900092,0,0.015986978294970592,0,0.10164143578513611,0,0.0003750397174237141,0,4.537574650687402,0
1566,0.33886483923044036,0,0.035121669632455464,0,0.31729717393510193,0,0.0007203295619067352,0,12.873422246508222,0
1567,0.15439568348734906,0,0.010606361586167684,0,0.13081007470766468,0,0.0006518997787160406,0,1.8571826777084552,0
1568,0.27587341904044427,0,0.010564037648388988,0,0.2759404405275347,0,0.0008473881976498294,0,5.728454057475584,0
1569,0.16231637600606758,0,0.014098527601053736,0,0.1719382384020206,0,0.0003452746693638909,0,2.201106234372713,0
1570,0.09947858729921562,0,0.011557828336297775,0,0.08405550902465836,0,0.00027978938455428833,0,1.2219754935770537,0
1571,0.15476874699377893,0,0.01231733524482511,0,0.1770706379383528,0,0.0006933399623683799,0,2.8685544825908815,0
1572,0.6473793223665018,0,0.009001994493215263,0,0.4313735567873643,1,0.004804399190802316,0,51.925425467787605,1
1573,0.13333933163206724,0,0.00835648904791891,0,0.10908203358345042,0,0.00026602716319697325,0,3.6048754558966016,0
1574,0.04298212256418933,0,0.012980225359528367,0,0.001239864897675532,0,5.464986717386255e-05,0,0.2418382173935833,0
1575,0.765901977456261,1,0.033958937668950265,0,0.46564205827343036,1,0.003360471520353299,0,33.97147770648349,0
1576,0.23663580832556522,0,0.00721327314182888,0,0.30232266078500025,0,0.0004507080196207496,0,6.411010743108408,0
1577,0.723833181238391,1,0.005762762326580547,0,0.3592504870697032,0,0.00594507850970017,1,49.47835175050214,1
1578,0.4127530734078291,0,0.013534234919391753,0,0.1393139195583654,0,0.002298194566340914,0,24.44261842020524,0
1579,0.09453947768927631,0,0.018909050782127627,0,0.03311908480918793,0,0.0001315789384734293,0,1.9583929351711808,0
1580,0.1657051927809534,0,0.00454814149864101,0,0.15938768908975562,0,0.0003854804421753897,0,2.828851265039961,0
1581,0.07539877107928537,0,0.01047722097931368,0,0.04910149587131234,0,8.972406402614339e-05,0,1.2954260202846117,0
1582,0.24940367020733029,0,0.009429026227696334,0,0.2881245334467365,0,0.0006118921938224226,0,4.009910007176989,0
1583,0.592708726708683,0,0.013209606255194097,0,0.4315392264493849,1,0.0026295720092003034,0,17.860117247315575,0
1584,0.18159819893172777,0,0.00889107403958032,0,0.19532893383262398,0,0.0004368169620466053,0,2.730162957018595,0
1585,0.23856030252591587,0,0.009541642337642042,0,0.2772793725111307,0,0.0005920064377066108,0,4.450351071055781,0
1586,0.6220891316251913,0,0.004245755358937406,0,0.18019034829378489,0,0.0021368045142332783,0,25.738734382962157,0
1587,0.28081669383571356,0,0.008887281075701558,0,0.24642153164246552,0,0.0006596162962167608,0,5.248176676940602,0
1588,0.1927936780044124,0,0.005206041006767644,0,0.2397524049570683,0,0.0005499727498561435,0,3.545843870445767,0
1589,0.4730736312300252,0,0.014191468040453957,0,0.2249159231581799,0,0.0009072778104773907,0,11.621987706340922,0
1590,0.3015913493542049,0,0.008219564592028326,0,0.17832876983709717,0,0.0007098491297125339,0,6.274897176347482,0
1591,0.33343406852087754,0,0.021420836850368323,0,0.3728912211408044,0,0.0007842599262627616,0,5.564678498397443,0
1592,0.70158762562171,1,0.08981335941604297,1,0.43132824731377584,0,0.015501632060915885,1,22.7152683130554,0
1593,0.643064451936314,0,0.014902003559561856,0,0.4312286649127406,0,0.0020979055633659647,0,20.291581141989322,0
1594,0.6042880210968223,0,0.03895236487497769,0,0.4313309238395884,1,0.002254595842045125,0,19.33821595334812,0
1595,0.26871028248489576,0,0.011289591465529172,0,0.3505788686530172,0,0.0007212156659789615,0,4.384915638115553,0
1596,0.5110504483734083,0,0.024307552543075865,0,0.43160943482009906,1,0.0009680622433640416,0,11.34374879671845,0
1597,0.3110452618238514,0,0.018323478412141554,0,0.400617425023106,0,0.0008436041749091355,0,5.297173371830301,0
1598,0.7046859496085679,1,0.2683637327734734,1,0.9043627872706641,1,0.06339137313890277,1,52.063540904115186,1
1599,0.3455133113790409,0,0.009814341141804706,0,0.2569090196881888,0,0.0011086962661024974,0,10.86695121952013,0
1600,0.7015881737388975,1,0.030121378379736278,0,0.4048163796894767,0,0.003696890327748712,0,42.596482058706314,1
1601,0.5632031362254328,0,0.007662664223142948,0,0.36507215525096,0,0.0018203514309614818,0,26.00297671059916,0
1602,0.4543911199925451,0,0.01995551345610644,0,0.4315318266816961,1,0.0011317565146158565,0,11.085707594433698,0
1603,0.797742452014111,1,0.008557285205450751,0,0.24369486637414742,0,0.007280153212584546,1,60.28407488159731,1
1604,0.21048875394805028,0,0.0021422330089259545,0,0.22092128149164175,0,0.0005320766467820793,0,3.2433345684593697,0
1605,0.2655130321743742,0,0.012572571414210957,0,0.2793222906691246,0,0.000638402159144794,0,3.117042676666764,0
1606,0.5386166868982352,0,0.012820521383884226,0,0.4117199820729736,0,0.002363322139752986,0,13.998950743280725,0
1607,0.23745518391394305,0,0.015406428693578072,0,0.316609395248986,0,0.0006549404159453655,0,4.150339320114709,0
1608,0.3336787235875668,0,0.015009832668506059,0,0.3787993025551495,0,0.0015143569624591416,0,6.288848266592446,0
1609,0.4506981643532818,0,0.02144344031063259,0,0.2316748083874792,0,0.0010391388493343218,0,10.644493389026138,0
1610,0.6193229700412812,0,0.004801587163957434,0,0.16118520760224717,0,0.0022150362066442396,0,27.74678065960465,0
1611,0.7251260289636656,1,0.023665688939843905,0,0.2687068378149652,0,0.0018982215237101194,0,17.518529937021654,0
1612,0.6940645988809467,1,0.008340222546608019,0,0.3829417910717954,0,0.00571963966049431,1,62.9004927379464,1
1613,0.4702522513906155,0,0.0203583521776584,0,0.35645583748434945,0,0.0023503899596580397,0,25.874010970761162,0
1614,0.42541703536618236,0,0.015795757524589563,0,0.2509143569157051,0,0.0009136987990095837,0,13.77651897783179,0
1615,0.3124271632296798,0,0.009175089805858502,0,0.371474676305038,0,0.0008351833520242584,0,6.463909384058653,0
1616,0.33082026745683035,0,0.01857393248269633,0,0.21596436456020357,0,0.0006145332607125504,0,6.3526095649299466,0
1617,0.2805361883042974,0,0.004684678045711781,0,0.13050502298963246,0,0.0005804412329148477,0,5.057735280295316,0
1618,0.2650601387693319,0,0.004025544653509424,0,0.17090618700357377,0,0.0005496624803728046,0,4.9220582002770366,0
1619,0.11251376936981485,0,0.003582614557512697,0,0.1256130390002376,0,0.000287675517005595,0,1.4760963726665213,0
1620,0.1711651478263916,0,0.005187837386058676,0,0.22564588062764254,0,0.0005147261188657603,0,3.2335437819505346,0
1621,0.28415460415665134,0,0.02326291618845684,0,0.31935953639717124,0,0.0006625682085777592,0,4.689843174909314,0
1622,0.372302291389042,0,0.013096233909887579,0,0.2721075444010191,0,0.0008528486400425596,0,7.0085339056701885,0
1623,0.29225077020283935,0,0.017310742190842356,0,0.3610005966849543,0,0.0007554775258966971,0,5.059034896023926,0
1624,0.4960468922233047,0,0.01732095559707258,0,0.24196536437720778,0,0.0010151044973501268,0,13.904223236943466,0
1625,0.33456786032775976,0,0.012989574365591491,0,0.1889072773806353,0,0.0007924823583712246,0,7.351005536761699,0
1626,0.3693801834093276,0,0.02778811641445785,0,0.4310971662733217,0,0.001133749944560582,0,8.919426982586058,0
1627,0.2996715321316837,0,0.008577459576890368,0,0.3566280301560227,0,0.0008936510454327025,0,5.046029256184891,0
1628,0.7781420719191044,1,0.009977696007042229,0,0.4312098740835457,0,0.006155267986475289,1,58.85487705804294,1
1629,0.20350050408968418,0,0.006673909523204923,0,0.2539886141134449,0,0.0006103200235975872,0,3.718517329827108,0
1630,0.27048030202768014,0,0.011406513001940205,0,0.1820239013237246,0,0.000734468728596923,0,6.958212616626874,0
1631,0.2579404024761843,0,0.008423286542576793,0,0.32641454758536026,0,0.0006958290490154175,0,4.353540656329308,0
1632,0.3188216899945055,0,0.012829026729335391,0,0.34826600153170056,0,0.0010600588464985015,0,4.652782265904142,0
1633,0.42894506512117864,0,0.01807423824271426,0,0.4315680576123167,1,0.0014300289498262071,0,9.824536722650475,0
1634,0.24868195071953791,0,0.006913384963471574,0,0.3208861785633194,0,0.0009573004070728466,0,5.18305915514342,0
1635,0.15539164249849866,0,0.0022409591180530485,0,0.19335234583097663,0,0.0004469578187483154,0,2.64089254362563,0
1636,0.3423323960247981,0,0.01943138085955821,0,0.3373869539085723,0,0.0008147451419351364,0,7.084809044975287,0
1637,0.31102432215236797,0,0.015964482095539478,0,0.1622771061193025,0,0.0007635382344025902,0,9.256751790046803,0
1638,0.6496199382633854,0,0.04642157642351345,0,0.4311007181143098,0,0.0032248312077955118,0,31.53858529460153,0
1639,0.1050630980892538,0,0.007341472728140878,0,0.08405055822140425,0,0.00020418975669888874,0,1.5615690438545784,0
1640,0.28864068859419906,0,0.01911765174474063,0,0.24794785572319764,0,0.00048607937583200467,0,7.569624215966554,0
1641,0.5808310357326066,0,0.0037723860596763884,0,0.13929584843440468,0,0.0019321354553744714,0,25.552680657255113,0
1642,0.6918879137062073,1,0.053023060532043295,0,0.4289277972604936,0,0.002323365923762578,0,23.708538839660633,0
1643,0.06555529435897708,0,0.009782696802916314,0,0.09319280037666693,0,0.00016288507515844493,0,0.7412454667054404,0
1644,0.7972518355910236,1,0.16310858307467652,1,0.7124129340243625,1,0.06758233531171672,1,61.36385505783037,1
1645,0.5610011551810892,0,0.009372556496919395,0,0.431303596269386,0,0.0018613838903264594,0,28.490140131797403,0
1646,0.16343321779976475,0,0.007820642870028304,0,0.23538506742558696,0,0.0004559601309544194,0,3.684235003985775,0
1647,0.26949254617800367,0,0.024362005166095498,0,0.3018336988502761,0,0.0009216180593096807,0,3.179258989853184,0
1648,0.7370759316268438,1,0.08401281618914397,1,0.5591169948339554,1,0.005414241616742151,1,51.64723459904367,1
1649,0.37723385083067607,0,0.0113126931952244,0,0.1834700568694363,0,0.0011720592426501732,0,13.231711046272768,0
1650,0.2688023301643342,0,0.011888316322057751,0,0.3737332469036973,0,0.0007336611746373505,0,4.859215386423482,0
1651,0.5096185978860297,0,0.020312128759312348,0,0.431568217052971,1,0.001304004609750638,0,13.377717224158825,0
1652,0.22957944078528025,0,0.007184727394520784,0,0.3043011431713797,0,0.0007295093601194527,0,3.8029485220238186,0
1653,0.32326743470298347,0,0.010693738177750175,0,0.4101030114704655,0,0.00114208297872669,0,6.4626003052587695,0
1654,0.19695397614038687,0,0.0038541403765868227,0,0.2021664773722196,0,0.0005236467129741434,0,3.6739164816708745,0
1655,0.2767040452058117,0,0.02414703876405824,0,0.3176229009780135,0,0.0006487626103694346,0,5.136279795182079,0
1656,0.2891927813598957,0,0.004979024527788375,0,0.1924626273969673,0,0.0006887079346155134,0,5.5006806764883605,0
1657,0.17335769471097234,0,0.009662303767064444,0,0.18707440121183289,0,0.0006191988095434678,0,4.0352197563513945,0
1658,0.28756376930850686,0,0.01070323917692649,0,0.12654097578545417,0,0.0006673395895640352,0,7.177613344985216,0
1659,0.7145501706805423,1,0.013802197998281421,0,0.4309400370298705,0,0.006437868820568291,1,71.3199994713369,1
1660,0.31579460908461277,0,0.008908699273398503,0,0.3616019720417202,0,0.0008729204113587936,0,6.64050489362369,0
1661,0.8610710789556048,1,0.0354117809452073,0,0.5520880107763085,1,0.011063004879393759,1,101.40178709201462,1
1662,0.7466636085793565,1,0.009642267361363806,0,0.32807679065621514,0,0.006441585394526712,1,61.759055040680366,1
1663,0.40680045045709967,0,0.028814491849987505,0,0.4126273483224454,0,0.0020901358105727217,0,6.833633571600356,0
1664,0.4241420125604879,0,0.03257753586032104,0,0.2601350098761866,0,0.0012622485847696135,0,19.060184045691603,0
1665,0.40213369059584286,0,0.015656671721243826,0,0.2347817999426311,0,0.0009836839348526696,0,10.006007418421618,0
1666,0.7206166442281721,1,0.0561014189492041,0,0.5064020281914918,1,0.004627856855593792,0,60.6068155597898,1
1667,0.22185197431374373,0,0.00881171562968225,0,0.28903454801993583,0,0.0009674363703001093,0,4.123261819143842,0
1668,0.3792291855548992,0,0.01541858783623078,0,0.24420103519399095,0,0.0008874944003062012,0,11.431681782874652,0
1669,0.26289220882909276,0,0.005119617639222629,0,0.22230135937723025,0,0.0005947426645152705,0,5.095357031257263,0
1670,0.17012502122395237,0,0.003180132449191293,0,0.18275732986515555,0,0.00045757192310545556,0,2.829795717865354,0
1671,0.5809789345794379,0,0.04532759987353626,0,0.40631910183831466,0,0.0028118036772980543,0,26.945121933206735,0
1672,0.5213175820005784,0,0.0113534793576835,0,0.3829562521309026,0,0.0023349085370583354,0,14.756735274737736,0
1673,0.7858378453464198,1,0.04576181503475987,0,0.43105428070881835,0,0.002834546229978813,0,25.180403768672072,0
1674,0.18753277036199223,0,0.006929354508213751,0,0.2719766753469222,0,0.0006154145197982637,0,3.405511982124584,0
1675,0.15550493345963762,0,0.0036063737174986863,0,0.18167915677078705,0,0.00040149196669198424,0,2.4061711404206814,0
1676,0.3198544296024929,0,0.012863052361432268,0,0.16452501760994168,0,0.0008184184088762538,0,10.639568296186818,0
1677,0.25131338405860043,0,0.0077222537720989665,0,0.2996069292512495,0,0.0006372670863299928,0,4.115453629717805,0
1678,0.28810996707452263,0,0.00456848813907751,0,0.148627494126366,0,0.0006395789646761435,0,5.55169237389097,0
1679,0.24769408898721834,0,0.025008436795981248,0,0.3681793882551298,0,0.0007534708292158165,0,5.085078474668428,0
1680,0.5400611810173018,0,0.02169744809950437,0,0.4313650729360208,1,0.003162470547303966,0,37.386147465279194,0
1681,0.27109236281586563,0,0.02207776570369573,0,0.347144324052328,0,0.0006677020615089425,0,4.160154270966762,0
1682,0.3590716716355859,0,0.023800333849640493,0,0.3720634452285425,0,0.0007860620305117015,0,5.646299953532143,0
1683,0.2669766070696086,0,0.015409322087308915,0,0.2763717360696272,0,0.0006742069862716327,0,3.0655276067350647,0
1684,0.3041467680035737,0,0.006743543007533219,0,0.136200904809764,0,0.0006410593769299185,0,6.331239110182213,0
1685,0.2052157569266994,0,0.012304174490471354,0,0.12619073585329818,0,0.0003949704175155394,0,4.96628961406573,0
1686,0.7158282491359295,1,0.015448387091647491,0,0.43120658647449117,0,0.002934297428878393,0,41.4873402593452,1
1687,0.3418137611242765,0,0.013469170945193846,0,0.31574531829406577,0,0.0012459902204125625,0,9.27352867831454,0
1688,0.6943225474725542,1,0.013474372000692564,0,0.23515554516138856,0,0.002987560355929237,0,38.11163709305248,1
1689,0.6445816257476271,0,0.11282530202420951,1,0.4312071461461543,0,0.021962837393875455,1,32.18751193695637,0
1690,0.20458413784610227,0,0.008475606509119717,0,0.26953559511953157,0,0.0005383666631359603,0,2.9319193133752313,0
1691,0.657610150645775,1,0.057690809285111014,0,0.4718534678005039,1,0.002727827437734023,0,24.146199663376574,0
1692,0.47424563125706204,0,0.03925742599492677,0,0.42184424299006595,0,0.0008511125572259699,0,10.561424062994899,0
1693,0.5694979644675158,0,0.009663666754338898,0,0.3057119580015781,0,0.0022722844401727974,0,25.55801379334259,0
1694,0.3696220823306819,0,0.028371086603373594,0,0.43133090664020424,0,0.001598505705721656,0,5.180332904414572,0
1695,0.6300049386879453,0,0.008379721116541991,0,0.4309702918701789,0,0.0020958359445041,0,27.417097018285432,0
1696,0.29020111155700046,0,0.011857724148627534,0,0.3974518158264425,0,0.0007695233366296388,0,5.075836151652135,0
1697,0.3401823789227337,0,0.009780213678550432,0,0.2559472694016053,0,0.001081266717335791,0,10.806652862718071,0
1698,0.4390023166506305,0,0.015786490009341972,0,0.2553592566422011,0,0.0011086045858976696,0,13.347710443131305,0
1699,0.37915657942785186,0,0.014352921425848883,0,0.33654514395694046,0,0.0008198859214875681,0,6.58918327406967,0
1700,0.2598746555884008,0,0.008519519167075074,0,0.32452737586978453,0,0.0006974029195700959,0,4.116771859580256,0
1701,0.33559144896528176,0,0.02576865615451727,0,0.39810006153321176,0,0.0008724928561285618,0,7.255455934584225,0
1702,0.3344938478398037,0,0.006735301931720381,0,0.24092991730770755,0,0.0008012931979079068,0,6.326997197578443,0
1703,0.5430169723878965,0,0.01433670378382547,0,0.42061603920067575,0,0.002370130051052832,0,13.297981522826452,0
1704,0.2718645458071294,0,0.011861973876872626,0,0.30048677198755924,0,0.000631636931959012,0,3.9506090949892445,0
1705,0.5209717519089183,0,0.024360456313314346,0,0.43100050422436864,0,0.0022659680943581994,0,26.743204930453185,0
1706,0.14464429824120859,0,0.0007269326414535078,0,0.18654350782902304,0,0.00037550118528476885,0,2.1582898601136713,0
1707,0.4587071068317673,0,0.03103880681539969,0,0.3460691068248871,0,0.0013732468609317914,0,20.55635965384641,0
1708,0.3607882480293375,0,0.02880679489737389,0,0.306137880544506,0,0.0010341414640405845,0,9.504180954586415,0
1709,0.2860364176714788,0,0.012898864998356532,0,0.2512102836412421,0,0.0006459304596974513,0,5.460109581111455,0
1710,0.1197712969273345,0,0.005016882772772517,0,0.1502106127071731,0,0.0004170041133490634,0,1.9871034263129075,0
1711,0.3807815280052676,0,0.01589935669436154,0,0.21987189163181392,0,0.0009937967507992302,0,9.98714529166644,0
1712,0.23288747234172022,0,0.011562177683695718,0,0.0907370863888813,0,0.0004381993728706135,0,5.3291359085683645,0
1713,0.6482597100923072,0,0.005977582511318999,0,0.20957288528389428,0,0.005573862588691004,1,61.09622371636277,1
1714,0.292172921316258,0,0.019774815448648498,0,0.16988073786606572,0,0.0007101675611663375,0,11.392292686957889,0
1715,0.5194937002826239,0,0.023702887244617627,0,0.3518595408756785,0,0.0016312090228284878,0,15.340228944172157,0
1716,0.8111554578189496,1,0.012392903672312792,0,0.43108933551475503,0,0.008355546362914369,1,70.81251786291632,1
1717,0.0996882224451927,0,0.012358026454775989,0,0.025669959067497493,0,0.00013252151287078057,0,1.6577299182663396,0
1718,0.08776594827078703,0,0.013103237338336994,0,0.02144170775889723,0,0.00013405024719324998,0,0.924022955608215,0
1719,0.7126292036088253,1,0.022778662888112568,0,0.32707569081055,0,0.002218955224059037,0,20.737199042408655,0
1720,0.04076156988119908,0,0.011426751070359602,0,0.032517824727234704,0,3.908398032242338e-05,0,0.1615666810808789,0
1721,0.18279602090686795,0,0.0102050995330481,0,0.08889284081682691,0,0.00029011126362879394,0,4.155985753015192,0
1722,0.12866745176166716,0,0.018854875828026783,0,0.07635260348977628,0,0.00024321092892774746,0,1.8383121155908064,0
1723,0.10576508944853066,0,0.002433935816828372,0,0.1051749832231019,0,0.00011932351887891268,0,2.8690361697152658,0
1724,0.3210939675920638,0,0.02826296449936148,0,0.22053585079338786,0,0.0006377624575767259,0,7.390642408631514,0
1725,0.09541022568708621,0,0.0016044639417744683,0,0.16196644403388552,0,0.00032170387079604444,0,1.9744488746056401,0
1726,0.31909247896983617,0,0.007003128849282238,0,0.22790362118381502,0,0.0008970409648005965,0,9.276941255570419,0
1727,0.21934631602506505,0,0.011073257091030067,0,0.11943715618320609,0,0.0006512893193794572,0,6.2730700934186086,0
1728,0.35161962887180026,0,0.016351969228894033,0,0.3853288907362773,0,0.001295701344672214,0,6.667769143247272,0
1729,0.28440011739989335,0,0.010086110333609179,0,0.2602553238186291,0,0.0010466981327628563,0,7.884262475466178,0
1730,0.6915854883460544,1,0.011050297846449552,0,0.4310604149145687,0,0.005593430725796106,1,53.23401248133207,1
1731,0.10160786052883951,0,0.003407305715162174,0,0.12186575054267841,0,0.0003029870371733565,0,1.5681652015716825,0
1732,0.17738314309433426,0,0.0066414235107596755,0,0.19533522108265414,0,0.0007936649575330123,0,2.9710450919661637,0
1733,0.6793881210227842,1,0.006809989186668344,0,0.2666270639664273,0,0.0023191171169737695,0,31.137997539454318,0
1734,0.21098484989033223,0,0.008300134591930465,0,0.21749377974078374,0,0.0005280920968964702,0,3.0602046217630434,0
1735,0.3138473577134848,0,0.009139770459436826,0,0.27165934693253235,0,0.0011740845008948956,0,8.38019951752935,0
1736,0.6268846233451528,0,0.16958080609696652,1,0.4823431375492513,1,0.04274428106502576,1,45.41874945648593,1
1737,0.16695375092712553,0,0.004343072087147963,0,0.1898473139758597,0,0.00036207557901393863,0,2.1216422703300553,0
1738,0.505367493948382,0,0.02096717084080571,0,0.32844088904317276,0,0.00139141264613878,0,11.739887969131853,0
1739,0.6254895989573883,0,0.006272529355732491,0,0.16827167170331842,0,0.0024790657866173987,0,31.217165634075297,0
1740,0.35516462806969973,0,0.03720585764146191,0,0.29987529773056226,0,0.0006408490204711435,0,8.258695005172786,0
1741,0.5249124085821906,0,0.010678610329251789,0,0.37729572132941563,0,0.0015675127254904091,0,22.78515693907471,0
1742,0.21374058159040193,0,0.004225191223714581,0,0.1583088021670174,0,0.0006498249278321255,0,7.559259400319438,0
1743,0.4437557090885064,0,0.012749483001795257,0,0.2535738893910287,0,0.0015659039286220005,0,16.26786735614539,0
1744,0.09958270199268913,0,0.008068668425487906,0,0.155681503515148,0,0.00022570928730901264,0,1.6380837296892046,0
1745,0.28421269361979457,0,0.05990491038391815,0,0.2842736078363848,0,0.0019299594251735372,0,3.256450490145687,0
1746,0.43097208286423594,0,0.045714958835717474,0,0.4312557721080953,0,0.0011448770651348045,0,13.912800479335157,0
1747,0.3846762334236919,0,0.009359397897279357,0,0.2647567750711511,0,0.0017977271051963857,0,9.275752594287727,0
1748,0.46676117113782334,0,0.02807797994373084,0,0.30079033246325093,0,0.00182292950086767,0,25.267449203268264,0
1749,0.6288566439781319,0,0.004852466950406862,0,0.22642939859429412,0,0.001858623848502868,0,23.663233335828185,0
1750,0.20395089504103192,0,0.003923516441389524,0,0.08955295721974849,0,0.0004088721966169613,0,4.040752896976097,0
1751,0.23824100261246636,0,0.025381696871623,0,0.37493659908815635,0,0.0007507606802314377,0,5.016425144638997,0
1752,0.277938549452041,0,0.05289896664601699,0,0.3371840521212417,0,0.001112562982569691,0,9.334196488898273,0
1753,0.22007666716717683,0,0.006003197733180959,0,0.23955756855352986,0,0.0008586318079337461,0,2.7609200365455884,0
1754,0.23185830867548388,0,0.003478319192327865,0,0.07814164673571586,0,0.000478659705976493,0,4.872795439363249,0
1755,0.2271608087035392,0,0.0036551960413290304,0,0.08765748508988115,0,0.0004600621762048541,0,4.295616135729437,0
1756,0.25131407239269826,0,0.013108958624902028,0,0.22261792084126397,0,0.0004530806941472264,0,3.4330193002256024,0
1757,0.8146490648900266,1,0.04168618375634311,0,0.4311684016076315,0,0.0027346718918679,0,25.5595982088549,0
1758,0.12973237570489268,0,0.009825959906028456,0,0.15079155700144706,0,0.00031109211173116567,0,2.053415878761104,0
1759,0.21129458781786023,0,0.003215756010139592,0,0.08909421818166777,0,0.0003964248543481682,0,4.273482690424796,0
1760,0.13146691420676795,0,0.007891271574967627,0,0.12031605065327908,0,0.0002575079458127645,0,1.4071045854073216,0
1761,0.7235871689979373,1,0.0052665491142907745,0,0.2228428855496513,0,0.006480813068153695,1,53.99519125325552,1
1762,0.20012887384250988,0,0.013121773658264908,0,0.28116317503418287,0,0.0005419621677677879,0,5.857012605290741,0
1763,0.3931240509220297,0,0.03471773044597157,0,0.3691283362918418,0,0.0014150469807363147,0,21.450119494856807,0
1764,0.22521177937557396,0,0.009976015995108585,0,0.22364663519974984,0,0.0009303211776912783,0,5.118453842085249,0
1765,0.09166025204601837,0,0.005473049502136411,0,0.10796032189572773,0,0.00028761569891642546,0,1.2296551456291436,0
1766,0.12204213091137145,0,0.0035628515436910623,0,0.09920672641195712,0,0.0003132308780783189,0,2.6656786505752335,0
1767,0.26365976310915146,0,0.013954949383238777,0,0.16680824330047891,0,0.0006715992753608182,0,7.42389050314415,0
1768,0.017051756640546416,0,0.01110647612516982,0,0.013390537982068084,0,8.0416322547576e-06,0,0.2329254181554806,0
1769,0.25129029902670147,0,0.0076101712217266715,0,0.17603277774751488,0,0.0007534537393968958,0,3.3199140950151196,0
1770,0.030648580156904796,0,0.013739850913596289,0,0.003929164445963473,0,5.793215608579295e-05,0,0.18240285863772843,0
1771,0.6035323897566174,0,0.011837790046976302,0,0.4263199944613693,0,0.004557073966236733,0,50.91772888285596,1
1772,0.27093925531146146,0,0.0157527920567307,0,0.1772029098836637,0,0.0007048587035431943,0,11.482206799194916,0
1773,0.6290346241710986,0,0.0071221264389273835,0,0.3678460491335069,0,0.00476763884443845,0,47.886351843121844,1
1774,0.0990376400985635,0,0.010059151386769626,0,0.11158161892581098,0,0.0004252089341118016,0,3.0388196553315914,0
1775,0.17814149138458452,0,0.021589835054180603,0,0.08329356904525154,0,0.00030364553059833226,0,3.4021303633618785,0
1776,0.1370948108600824,0,0.015991832669646364,0,0.09693361005675244,0,0.00041474385021038595,0,4.364071830255893,0
1777,0.5174338124469092,0,0.034049209938700024,0,0.43165962721611645,1,0.0021256403812491284,0,30.20432815595396,0
1778,0.0908381615718215,0,0.009671777261723144,0,0.0761755165606818,0,0.00015108336532548524,0,0.5294242434351283,0
1779,0.15454166290342242,0,0.01349921044777021,0,0.10177455164518685,0,0.000390478915585332,0,1.3934219439902649,0
1780,0.25624417350534096,0,0.012965130627574635,0,0.32923485309256173,0,0.0004930063428862409,0,5.330080569346835,0
1781,0.052264891670882614,0,0.0026204925597775406,0,0.06259842006920324,0,0.00015412693112158644,0,1.1636089196693375,0
1782,0.1668106974194787,0,0.007231651089332573,0,0.1712210361073148,0,0.0003990273163827587,0,3.8780228774595216,0
1783,0.618649725651283,0,0.0075511586351986225,0,0.1885940036758969,0,0.002482639459533262,0,34.02448609105061,0
1784,0.42650430315236915,0,0.008071823368907691,0,0.2967941581438432,0,0.0008870775010251753,0,7.40198763554708,0
1785,1.0,1,1.0,1,1.0,1,1.0,1,743.5904079182885,1
1786,0.10333193572267986,0,0.003493474218388385,0,0.1341492517736954,0,0.0002465815582976328,0,1.4759877223776467,0
1787,0.3963218223922548,0,0.030104672972111213,0,0.31191487899062664,0,0.0006605262111836675,0,9.357749912770572,0
1788,0.358684893176463,0,0.009781430557615794,0,0.2301015078563187,0,0.0010653529289632998,0,12.674291956603657,0
1789,0.23906726334764533,0,0.0034330262625095033,0,0.15092258860674235,0,0.0006387783495474143,0,7.956844317599635,0
1790,0.3671914360071762,0,0.07065230257595867,1,0.40533573249323057,0,0.0027526545241090185,0,4.293803841819971,0
1791,0.12055903513507946,0,0.006637826479112421,0,0.16465574648030762,0,0.0002480424865218929,0,1.664691054344863,0
1792,0.573786288628758,0,0.013755567768374577,0,0.4251094317871772,0,0.0015942010305329843,0,22.89981868180481,0
1793,0.23371409743543226,0,0.005998726152798574,0,0.2688412844675137,0,0.0006938674845177411,0,5.927460866085309,0
1794,0.2501460148673571,0,0.03697959942482469,0,0.2664348572456453,0,0.0006271810035652328,0,4.984332107673124,0
1795,0.11288363962607494,0,0.0006568699072063638,0,0.16268527518988532,0,0.00030462485265706266,0,1.9335175124184236,0
1796,0.20452581490952965,0,0.0038149182494461326,0,0.1984437724169021,0,0.0004289142264157134,0,2.5854412478154916,0
1797,0.20461259032865076,0,0.017115092092894735,0,0.2645732698132996,0,0.0005240928994179534,0,3.5014685166392168,0
1798,0.26110637386562735,0,0.009089804652428663,0,0.2807769783961194,0,0.0009265212394165925,0,3.406055694676475,0
1799,0.36208940269840617,0,0.02566385539145819,0,0.18775843016845253,0,0.0009871410531309085,0,14.531856457358796,0
1800,0.21136247601218774,0,0.01771672791984696,0,0.31148063490575184,0,0.0005366192454677792,0,5.299021217241149,0
1801,0.23637473643178555,0,0.0033184071551160686,0,0.06929858193226883,0,0.00046151757447675197,0,4.706365325203246,0
1802,0.566376473950604,0,0.008909859358095712,0,0.25522108693585854,0,0.001616518869621016,0,19.014913393725525,0
1803,0.20998759180059037,0,0.007877972224468267,0,0.1639263603335281,0,0.0004519263286583668,0,1.8764392169060304,0
1804,0.6308942773615126,0,0.006701344401821707,0,0.1561915082809895,0,0.004877353007428505,0,49.47024142852396,1
1805,0.2979403790048358,0,0.009384393924711213,0,0.2647411836491356,0,0.0011313354667318275,0,7.841678583109006,0
1806,0.11318915872820465,0,0.003310548481856625,0,0.13787042735434601,0,0.00032450895221376074,0,1.6542803920524456,0
1807,0.2021730546324992,0,0.01042466250012528,0,0.25102121863044563,0,0.0007260665975498145,0,4.526135175497473,0
1808,0.1296327799529407,0,0.010670633145024328,0,0.11478648404128149,0,0.00037180228999370826,0,3.0858435989615116,0
1809,0.10366629610957448,0,0.0008798702836375107,0,0.11710908011714555,0,0.00030332061505270824,0,2.172528256560922,0
