,IsolationForest_score,IsolationForest_flag,LOF_score,LOF_flag,OneClassSVM_score,OneClassSVM_flag,EllipticEnvelope_score,EllipticEnvelope_flag,Autoencoder_score,Autoencoder_flag
0,0.25011232160568087,0,0.032397289289651916,0,0.19788605458964634,0,0.0005275043737266519,0,6.0534618596681256,0
1,0.023216739678957567,0,0.01027503266674314,0,0.14341710428062596,0,9.293863142607936e-05,0,1.8517216892705648,0
2,0.10081431916564212,0,0.0356382923868498,0,0.1922824186428356,0,0.00016869886672217076,0,3.3317013251066667,0
3,0.048752642627720756,0,0.0013363319114388262,0,0.08959181919525318,0,9.454212577762295e-05,0,1.5353204709782522,0
4,0.12051183195970053,0,0.00999319968299039,0,0.1879202431980526,0,0.00014427238354396436,0,2.715537308222559,0
5,0.036533034879683034,0,0.004099059712435958,0,0.0885526079962431,0,7.138844503840705e-05,0,1.2562484140396097,0
6,0.11477360315596055,0,0.020178783255620374,0,0.17531026996554766,0,0.00015191987701241485,0,3.379066392829594,0
7,0.34175804601824555,0,0.029573363160808008,0,0.2526825046827925,0,0.0006962395091972699,0,7.38047274076987,0
8,0.09625218168335295,0,0.01347655251065433,0,0.10023214670743934,0,0.00013724464584508668,0,2.8118220440773816,0
9,0.11863932593503032,0,0.016993203265493948,0,0.12026898938112664,0,0.00031641481761567807,0,1.9862608521004117,0
10,0.07343879731484085,0,0.010221922359559588,0,0.17990026721345712,0,0.0001255538175055437,0,2.78844489993442,0
11,0.16306090908697132,0,0.04292354967353036,1,0.2002895615377685,0,0.0003060086816967511,0,5.555625169022129,0
12,0.19181638707166782,0,0.06018492791463766,1,0.23128263022204537,0,0.00023829610330849558,0,4.994088480235929,0
13,0.23068382608925128,0,0.0439276008192735,1,0.18425586153639462,0,0.0005288225612107559,0,3.917854758026526,0
14,0.03778338610613348,0,0.007762381338236148,0,0.10212202474481895,0,4.982583768061706e-05,0,1.1330018392986354,0
15,0.26301716491383687,0,0.004016637983724992,0,0.22285579856286872,0,0.0005005826813949581,0,7.680499285221339,0
16,0.12403168491788072,0,0.0449138266754411,1,0.21285229596028724,0,0.00018174576437476867,0,4.1908320865481254,0
17,0.07097786776901259,0,0.011298471840387441,0,0.15964413084651005,0,0.00013541003608520078,0,2.12615078563948,0
18,0.026190424276550127,0,0.001618440316942722,0,0.10619157362793148,0,5.762851138734667e-05,0,2.0793268163329413,0
19,0.1962427642192283,0,0.06419872216449492,1,0.17449881756248786,0,0.00037857849664446765,0,5.0400959660409175,0
20,0.06489183137022346,0,0.05470496214437915,1,0.1326221055819178,0,8.949658838547283e-05,0,1.76844792286079,0
21,0.14182959174597493,0,0.016433788222104846,0,0.16370573288440746,0,0.00017271984305836075,0,2.8403143361047034,0
22,0.02558342229633662,0,0.007194937757034861,0,0.09605720333617347,0,5.963079729321034e-05,0,1.9790340046027874,0
23,0.018082381803801922,0,0.001286321144058622,0,0.049090887736509235,0,1.9901854159058616e-05,0,0.4514696074765814,0
24,0.01667739744729409,0,0.0020443016688974918,0,0.09945765535458626,0,3.754858286649777e-05,0,1.3876581240117996,0
25,0.04988153265890956,0,0.0036892658514168166,0,0.1636692415028557,0,0.00010253311000327589,0,2.383853421689278,0
26,0.13023813116806798,0,0.02508907612125154,0,0.09824079548051548,0,0.00015260493722284936,0,1.5575102948084563,0
27,0.05601452191525914,0,0.0017837635191362898,0,0.08787345647562657,0,7.09857521105906e-05,0,1.9207038353706605,0
28,0.3205081141572436,0,0.02864115022121493,0,0.1744424642882658,0,0.0007591262497023975,0,9.539776495026876,0
29,0.03886128258730043,0,0.007132917945704696,0,0.06989625072693402,0,5.2332597949687384e-05,0,0.7821008889275036,0
30,0.0976066037353751,0,0.030415096147891497,0,0.20579611908697124,0,0.00018923105526679967,0,4.130304105025048,0
31,0.1436268737633771,0,0.019063741256495587,0,0.14077639220316188,0,0.0003746290778853823,0,3.469180356510644,0
32,0.044412490668943656,0,0.00278109006138057,0,0.12435506061694669,0,0.00010568091886830282,0,1.989983374240674,0
33,0.16727308552680223,0,0.004863774510056078,0,0.16380448158820438,0,0.00027662803731069876,0,3.6288405478755763,0
34,0.07708363250920519,0,0.013069140992738778,0,0.1903902757299357,0,0.0001204933916440349,0,3.5008763972261745,0
35,0.2523321225644788,0,0.033113206118412286,0,0.26037208418235464,0,0.00029187030377023543,0,6.035957426715628,0
36,0.02181703228145541,0,0.004152104707584888,0,0.12579684824349566,0,6.043452108076556e-05,0,1.64386673224243,0
37,0.03726271572736099,0,0.013460412549711434,0,0.08606714384285606,0,6.804789269092031e-05,0,1.5056974705640016,0
38,0.07646492554477899,0,0.008971479148263082,0,0.15105845813144014,0,0.00013321764738511238,0,3.39553700501468,0
39,0.10594524276602892,0,0.007904740330517867,0,0.16007578935236985,0,0.0001745999404918641,0,2.7271772241761214,0
40,0.1044613286921132,0,0.02065230956739984,0,0.22706194067468213,0,0.00017603715963514875,0,3.172261210450506,0
41,0.059694876356489866,0,0.013260030507490415,0,0.18730523814923897,0,0.00010515677336825104,0,3.014711754225342,0
42,0.1263742781149883,0,0.008577804582388267,0,0.19283055802843063,0,0.00015186781524242595,0,2.8008346507336617,0
43,0.026139875298561068,0,0.014550884023967986,0,0.10439895956538751,0,8.10916928314923e-05,0,1.8167014162628843,0
44,0.08695973016400375,0,0.0043654891047276295,0,0.16283641193530302,0,0.0001113105392824351,0,2.4288498929195046,0
45,0.4078756407354807,0,0.017253042001659252,0,0.25979802110445055,0,0.0009322468710642836,0,8.497356241447871,0
46,0.018986565169603765,0,0.0018692332532710926,0,0.08470785114688946,0,5.654146382540396e-05,0,1.1862252763359877,0
47,0.06171682458583624,0,0.0032366773015281504,0,0.13177036982502344,0,0.0001174838209830844,0,2.236666981149642,0
48,0.12823610322604964,0,0.02711515785947278,0,0.1831707866513978,0,0.0001994961031215447,0,4.771162496963935,0
49,0.029210102359662232,0,0.007824786421285066,0,0.1303707368416306,0,6.55360320589353e-05,0,1.7213380887405534,0
50,0.06522999249678017,0,0.007008764584968112,0,0.0847779583016291,0,0.00010385172903600576,0,1.7055833501778188,0
51,0.05890139020539403,0,0.003788683312278076,0,0.13912478331144107,0,0.00011123484194970142,0,2.9909591196636978,0
52,0.07931193695989001,0,0.014387401312031133,0,0.1715658671463262,0,8.159910431595442e-05,0,2.691257900592453,0
53,0.12455520694129013,0,0.010715709522251699,0,0.2364173517548872,0,0.0002020724239022418,0,3.4721769397655384,0
54,0.12286998988313477,0,0.006213314376400898,0,0.1592159293450479,0,0.00018494341109907012,0,2.811716988387977,0
55,0.20663280734386957,0,0.03780545828790552,0,0.21703354379220885,0,0.00036865463571368406,0,6.129430843006767,0
56,0.12292496933327074,0,0.03443153682424756,0,0.2376136699729911,0,0.00017017513734599921,0,3.851078498233831,0
57,0.26464976430895637,0,0.03419417904944178,0,0.20817199991352192,0,0.0005157727911038063,0,8.43167639693296,0
58,0.0326940065986038,0,0.0038577098753828603,0,0.12878581904726685,0,7.47158552334268e-05,0,2.253492432043019,0
59,0.053657994215339205,0,0.007272231539168139,0,0.11622031059395521,0,0.00010809667066802894,0,2.084284041010515,0
60,0.06969421315889444,0,0.02503621594923189,0,0.06894802041972443,0,9.723806483679826e-05,0,0.6946653371170186,0
61,0.0702368817640928,0,0.01988884670056661,0,0.13902200565356998,0,0.00012233201469019457,0,2.7034890389136437,0
62,0.10430691039695761,0,0.007609301058281637,0,0.128629255616219,0,0.00010795483295011828,0,2.367918128402665,0
63,0.03689240448487053,0,0.012827615819282597,0,0.09953133987948169,0,4.51565943608178e-05,0,1.4985052441189937,0
64,0.07719962212117346,0,0.0013049522765593898,0,0.10487483731828823,0,0.00010454105260163785,0,2.2584737950769624,0
65,0.05603278183268998,0,0.017094491801352207,0,0.16328202055399715,0,0.00013465236403002653,0,3.092963149730762,0
66,0.08396316119348783,0,0.028747222332168004,0,0.20393639883085363,0,0.00018093970848162972,0,4.062249765169737,0
67,0.34821029563232425,0,0.03207489695138475,0,0.23591074072628598,0,0.00049398352978719,0,6.840072426161285,0
68,0.0360076526583549,0,0.011320810503627361,0,0.13591385223455393,0,7.394417939346281e-05,0,1.7370188491842593,0
69,0.08589351640268489,0,0.009513281719441866,0,0.1683779075057984,0,0.00016384897343784495,0,2.8683528803915417,0
70,0.22336780395758363,0,0.004091453229546114,0,0.19444614513955363,0,0.0003595257900052475,0,4.485003876597948,0
71,0.14081472614252322,0,0.03250442070817495,0,0.19952455873054545,0,0.00024065489225802547,0,5.411419296726318,0
72,0.161371093223917,0,0.025873376122047972,0,0.21991086491114945,0,0.00024157814363860985,0,5.290866598830365,0
73,0.08290914335603705,0,0.013011118445111826,0,0.17381121844421882,0,8.266623400971808e-05,0,2.6669540189476804,0
74,0.4926128293624112,0,0.04148088533266107,1,0.30293711732574136,0,0.0007388152995616812,0,8.087282218398618,0
75,0.06357732629712459,0,0.003875613087476863,0,0.09857856802794533,0,0.00012630647848179687,0,2.009955104166393,0
76,0.10952719200414733,0,0.010189136004758008,0,0.22015253544632263,0,0.00018103121758689954,0,3.1802306146336483,0
77,0.050510089422681516,0,0.00336960124369907,0,0.13439589126747586,0,9.585050330223015e-05,0,2.7857676005108716,0
78,0.016655745340951607,0,0.007093937768708629,0,0.11164320379627539,0,5.7444086824741584e-05,0,1.6728938014947334,0
79,0.12434527855295367,0,0.03323829045339955,0,0.2165004726339125,0,0.00020690672226604003,0,4.443184798493672,0
80,0.08560946845573988,0,0.00716757934451563,0,0.12802078969712324,0,0.00010446284768041386,0,2.2011505783764065,0
81,0.08415740289274806,0,0.021696415328961154,0,0.06594472159500972,0,0.00012173224190872995,0,0.7904213519518223,0
82,0.4517931669177049,0,0.039376274783532166,0,0.2689330293195789,0,0.0006198987727013549,0,8.059965626764427,0
83,0.031381866497942015,0,0.005622310241519465,0,0.10267276903073756,0,6.146899143673448e-05,0,1.2717898004763868,0
84,0.07858116261344536,0,0.0025883333940179116,0,0.10449645952606894,0,0.00012886349463345228,0,2.452142787134985,0
85,0.09030405113398286,0,0.004037722884293705,0,0.1785375157746173,0,0.0001692933885718298,0,3.6100219031195073,0
86,0.026360660322434358,0,0.0027855037720145182,0,0.09048945138348273,0,6.63551219488093e-05,0,1.4873821796702067,0
87,0.04249283674934686,0,0.010996744256832872,0,0.13172687869445213,0,0.00011494780308730347,0,2.592118890648894,0
88,0.03137709411344923,0,0.0021383790892828738,0,0.13991661488584328,0,8.115523342132341e-05,0,2.0984102134074822,0
89,0.15483058109475475,0,0.004430446076709989,0,0.19080464237815917,0,0.00013532710072445517,0,3.315256623930157,0
90,0.42593832712581126,0,0.06768799196505608,1,0.24197161495269898,0,0.0009085130529419745,0,9.734430303943459,0
91,0.0036201299704757862,0,0.008000271872137643,0,0.08928710724302269,0,4.2043541026934466e-05,0,1.25866700158327,0
92,0.28373873364428953,0,0.03299839046700444,0,0.12905893191573273,0,0.0012299509403887238,0,2.5113573722919247,0
93,0.04987566865265333,0,0.003135416325404355,0,0.14497843275432312,0,9.069011756658966e-05,0,2.664473523518219,0
94,0.125302448896561,0,0.0199758953226099,0,0.15515824973304873,0,0.00027047471384646847,0,3.548768788284009,0
95,0.017552563969392605,0,0.003973832172352489,0,0.10189394756122598,0,4.528870855188016e-05,0,1.6658608714521033,0
96,0.09798981177755064,0,0.019823085384834415,0,0.122759301978218,0,0.00013851482900325413,0,3.132734973161784,0
97,0.025394739248042378,0,0.010201104720293765,0,0.07821189594918292,0,2.7750164968406154e-05,0,1.2240658474300585,0
98,0.23085084382553686,0,0.010946091813863187,0,0.1477105837822966,0,0.0004845731284914278,0,3.7065175712336327,0
99,0.16629294274584874,0,0.011149562246165602,0,0.1457440000308127,0,0.0004895657140095985,0,4.510990079609505,0
100,0.046013302940723096,0,0.005471915564402092,0,0.10496627211636321,0,8.891502576930668e-05,0,1.4211429601300485,0
101,0.026791178494984094,0,0.006280164434647066,0,0.05567048177686734,0,3.262932150027262e-05,0,0.601730136066547,0
102,0.5846552496432696,1,0.05045940103852509,1,0.29911121210779845,0,0.0014539907748778072,0,17.647577887007323,0
103,0.07140151055490027,0,0.0062397030246346425,0,0.18110402507857284,0,0.00012371513807989676,0,2.481045275558035,0
104,0.03931326926652484,0,0.003455044412183581,0,0.10096338808565694,0,6.657339388195251e-05,0,1.208664531723631,0
105,0.100604979744589,0,0.011133897034003875,0,0.18965788968864825,0,0.00014556647490133125,0,2.711520338446996,0
106,0.022013419535030103,0,0.0012779124233099986,0,0.10004920739021247,0,5.29089866786676e-05,0,1.9109217075144542,0
107,0.15303880609043258,0,0.0646256157081035,1,0.16176546318757287,0,0.00018812109407726515,0,2.2169389284366607,0
108,0.11412677545827778,0,0.03146369481630464,0,0.13598360239637441,0,0.00014035425936543812,0,1.5422120437833804,0
109,0.5016011219590452,0,0.0349535150921312,0,0.30838367284405627,1,0.0012029626462999577,0,15.926305134845697,0
110,0.4267603133032517,0,0.024328537006366068,0,0.30296044465338096,0,0.0011494491173269404,0,10.337979713673857,0
111,0.5807611250545376,1,0.0497183152792875,1,0.3029890032890761,0,0.0014256412228807018,0,17.036092196843633,0
112,0.041782936284078524,0,0.0018777237222506367,0,0.09970286449070805,0,6.888727192162494e-05,0,2.190121173736908,0
113,0.3082297114910404,0,0.07385873687682161,1,0.27946827801417695,0,0.000758104799690489,0,9.617858804091458,0
114,0.14960952660577345,0,0.03316513816108316,0,0.17011845077039783,0,0.00018397091037714448,0,3.7528982072179824,0
115,0.4917910269838903,0,0.026482513503904008,0,0.3029421430038221,0,0.0017428226558202729,0,15.966739558415645,0
116,0.2039304250288507,0,0.03299826508850599,0,0.23149081632903967,0,0.00030881918680378663,0,6.156376893215499,0
117,0.06463105235604526,0,0.0022767445650198515,0,0.12402512268568545,0,0.00014162125974417387,0,2.0631823927826383,0
118,0.12224703284169777,0,0.023885997119879376,0,0.17972693977763637,0,0.0002399720816458589,0,5.113340030400565,0
119,0.21833038065959523,0,0.00285416577558533,0,0.17371424689382275,0,0.00038214736144256175,0,5.138103654010273,0
120,0.019982365924507122,0,0.003748909788197713,0,0.10233764902351199,0,3.891620027361099e-05,0,1.376657563815302,0
121,0.05494353100687763,0,0.008681372541711306,0,0.15646473241736966,0,0.0001275401269305405,0,3.348224135149151,0
122,0.07094310039321361,0,0.012024512692922002,0,0.11840448943784557,0,0.00015766404816453357,0,2.2523405159930068,0
123,0.07090038951267481,0,0.014307281193062052,0,0.19519766187768023,0,0.00011466569615831485,0,3.0916520350138272,0
124,0.26854451730070905,0,0.00857091041764523,0,0.31023501187170677,1,0.00032448978025884795,0,5.053588958453709,0
125,0.3067845408689405,0,0.04380005424701612,1,0.2311574255012727,0,0.0003924507884423319,0,5.15379472706713,0
126,0.06795558722029657,0,0.013938619178031008,0,0.19394701314312005,0,0.00016560691785050242,0,3.309669432021443,0
127,0.04360482243230759,0,0.006802253622078926,0,0.16111909584010084,0,9.79012284823223e-05,0,2.7103033559118677,0
128,0.4630941942664257,0,0.08627482754414904,1,0.306871366889415,1,0.000956951572796288,0,10.33910535538971,0
129,0.5602151231717266,0,0.037267175507271065,0,0.32749320761869155,1,0.001915303381026587,0,17.046422515022254,0
130,0.5598977925180083,0,0.09878117117153179,1,0.34822723963746377,1,0.005877623782916804,1,7.707364344226093,0
131,0.11655527765041189,0,0.005922168699403048,0,0.15452146038085623,0,0.0001337232851700758,0,2.6116283691703126,0
132,0.19156481939179848,0,0.012962819934893531,0,0.2108124370180702,0,0.00027481399005686115,0,3.703574505304027,0
133,0.4776832837502046,0,0.03897089105374647,0,0.30296944294109834,0,0.0006886760203188634,0,8.45196310372808,0
134,0.08230610581413925,0,0.010144388666920629,0,0.157258238254924,0,0.00012632369273050056,0,2.6870845215687686,0
135,0.18753283370119594,0,0.009304569733711932,0,0.21663365358235878,0,0.00019693029461587494,0,4.391894595613934,0
136,0.021585934045716536,0,0.003989131605718902,0,0.10520101634020733,0,4.1302521532096947e-05,0,1.7190970458670634,0
137,0.18405174598675295,0,0.0300455572837202,0,0.18497275957396905,0,0.0004013016164413785,0,4.8589541368174824,0
138,0.019207603479361766,0,0.00777516371920871,0,0.05281801699968254,0,1.2780072617487432e-05,0,0.46911330879696067,0
139,0.004639882935724707,0,0.004312732285936986,0,0.06631799669937724,0,2.6507398340417508e-05,0,0.7992592282177068,0
140,0.09604681523971349,0,0.0244896535199122,0,0.1629743514945257,0,0.00018078977245544517,0,3.2941439286337753,0
141,0.031145666271407888,0,0.014345833726491442,0,0.017924268288927216,0,2.394663981174463e-05,0,0.17950640497460277,0
142,0.10471814183471694,0,0.019028064250980886,0,0.1268850673708057,0,0.0001652612180964443,0,2.942469222195487,0
143,0.20944251254017276,0,0.01542073723532274,0,0.19880041254474853,0,0.00024294399795470392,0,5.198377973481701,0
144,0.07589588732647481,0,0.014340103246118641,0,0.17707757420131615,0,9.821413942138121e-05,0,2.817863580792079,0
145,0.1363787491748566,0,0.0023906593987575455,0,0.15565590386255374,0,0.00018317710735011984,0,3.090851724212977,0
146,0.16104480163038817,0,0.003767596941867046,0,0.24700547919003776,0,0.00023132838820899286,0,3.959788912830452,0
147,0.04907121401173586,0,0.003523745276930376,0,0.14084019132209114,0,9.713112575124346e-05,0,2.850284796652728,0
148,0.06214297320879837,0,0.005144111720771868,0,0.09356628722595359,0,0.0001045091046464689,0,1.751113613324525,0
149,0.035078153519270065,0,0.0018270990682035478,0,0.08264720646095848,0,4.522734542916442e-05,0,0.9810946499828074,0
150,0.17245942907425263,0,0.008936728481473626,0,0.17813501493138117,0,0.0002772276635805281,0,3.945826472539617,0
151,0.06451218043287249,0,0.00480032183905141,0,0.17403237828369963,0,0.0001293877031100544,0,2.40553522823022,0
152,0.16463259145333944,0,0.005704205752398693,0,0.19925455837784461,0,0.00015750302286674035,0,3.649363341378404,0
153,0.01940950593717101,0,0.002327247234736526,0,0.06640297604105365,0,2.9268744619742505e-05,0,0.6452272971462941,0
154,0.04582320663300943,0,0.003840499324680379,0,0.08085300350054629,0,2.7951100868043326e-05,0,0.8595963151975061,0
155,0.4714441025209897,0,0.028527215302859735,0,0.2814930518008087,0,0.0011373917906517055,0,15.870143289643362,0
156,0.09440237583889528,0,0.0039685266215571755,0,0.11223697532467702,0,0.00010978231047527502,0,2.5654502700267234,0
157,0.02675514899182975,0,0.0043307666765124275,0,0.07094825475723567,0,4.5374399541885046e-05,0,1.4970191354297744,0
158,0.022907013929135505,0,0.0034607463826242255,0,0.07396268045213117,0,4.4385986067615625e-05,0,0.7120867785713263,0
159,0.06069863118699145,0,0.011971827046874571,0,0.15199544205822796,0,0.0001470538349269436,0,1.9639016486552445,0
160,0.37124522600419874,0,0.03087868547578969,0,0.23321275448247292,0,0.0005022985914370737,0,6.709879513027014,0
161,0.05813186170308799,0,0.012573161340148527,0,0.1799242528130238,0,0.00011622037668921466,0,2.8232092411966088,0
162,0.3882714126664805,0,0.0490214726947748,1,0.22937544476770763,0,0.0007604821067523065,0,7.895725766762436,0
163,0.1950565468648012,0,0.031252986198486085,0,0.24185355425660784,0,0.00031977606416188286,0,6.179674344396818,0
164,0.1866631065193465,0,0.01776221188564308,0,0.19377361515335104,0,0.00026575884454322637,0,5.325185038994062,0
165,0.06212594465648269,0,0.000906700952352562,0,0.1291720226389091,0,0.00014983183281238764,0,2.214468019075212,0
166,0.2371209526185332,0,0.0071980719309022115,0,0.18028808511245253,0,0.00039763652481089845,0,5.169196841935293,0
167,0.011579159166266773,0,0.004870839189596386,0,0.08992837385247465,0,3.96126039568897e-05,0,1.295614727527679,0
168,0.06761387939109123,0,0.01566997321047841,0,0.17147559247495325,0,8.9974011670806e-05,0,2.66773165684313,0
169,0.09055782871838394,0,0.003500307888393885,0,0.13543707338697827,0,0.000141159801991463,0,2.5111440233609006,0
170,0.06662623364405973,0,0.004570216975102485,0,0.09790060635488279,0,0.00015225829018658,0,2.176818634053682,0
171,0.06535105546998195,0,0.010168515536520017,0,0.1531772277863574,0,0.00011595912013498888,0,3.1754560167868426,0
172,0.13478487299636382,0,0.0032823465225635244,0,0.2354262811709148,0,0.00021173814360787226,0,3.7704228967700315,0
173,0.5026498104833533,0,0.03522535479951098,0,0.3107758149681623,1,0.0010435679396263457,0,13.971030636124052,0
174,0.029826811586186042,0,0.005373797717916345,0,0.08893862686099743,0,4.691686933163642e-05,0,1.5570431126248736,0
175,0.016127109389538014,0,0.00918245516879254,0,0.08320359658649823,0,3.2145403040949476e-05,0,0.9213588257904061,0
176,0.04287194168965494,0,0.005471039243314013,0,0.08207699465450316,0,7.083859141408902e-05,0,1.9403047549560763,0
177,0.0263093956338094,0,0.004631350883825486,0,0.10760249726678536,0,4.075844809063466e-05,0,1.5580051185923165,0
178,0.12106695378769668,0,0.06334658646954403,1,0.22959878678877665,0,0.0003145014466272127,0,3.2168391561294833,0
179,0.10804626839830052,0,0.0033296282639766086,0,0.11272867424001297,0,0.00012209523749754728,0,2.397088675153312,0
180,0.17731473614763385,0,0.056663869665931475,1,0.2585915195834157,0,0.0002601831003089764,0,4.2318748933669,0
181,0.036850201152762566,0,0.006619711824243723,0,0.10784589573206445,0,7.90501797049669e-05,0,1.667560198398784,0
182,0.075800338890334,0,0.002025072302933735,0,0.15064690512267898,0,0.00017083462429929447,0,2.488592732118427,0
183,0.2658168578992638,0,0.006514162162525955,0,0.1945327582169848,0,0.000498843053672684,0,6.367006512813811,0
184,0.22678102769821565,0,0.03300646382820743,0,0.23676381572459543,0,0.0003620727194336826,0,6.576729872213354,0
185,0.27229279906521664,0,0.012855026225828192,0,0.20838998680202803,0,0.0003988853240077553,0,6.902831119279327,0
186,0.06230794168353739,0,0.004137929093485926,0,0.12891734479518882,0,0.00010464650140697773,0,2.8808500941615467,0
187,0.11108524724396057,0,0.001353753845616737,0,0.22265136434686664,0,0.00019642467385877027,0,3.619728632235166,0
188,0.07985239007453118,0,0.015555930979235539,0,0.18063603409844126,0,0.0001001427011998682,0,2.8575281443682194,0
189,0.12636646452845604,0,0.0034486619831006742,0,0.13265603208147536,0,0.0001683270710825618,0,3.085374102600885,0
190,0.07143396482948894,0,0.007454940555163156,0,0.095607970727128,0,0.00016199625650629987,0,2.199290289420918,0
191,0.10205452973424566,0,0.0048524276191988115,0,0.11946247575123299,0,0.00010710906433814196,0,2.4979225359899977,0
192,0.19591413684286357,0,0.027571607635022043,0,0.21065839748201548,0,0.0005663799515039605,0,6.394239350108689,0
193,0.06377229185101084,0,0.00971990105899266,0,0.11124471962753708,0,8.867365818836199e-05,0,2.171647785833274,0
194,0.12254477942888031,0,0.012324132895780531,0,0.112291272586936,0,0.0001357566342117314,0,1.909673484899169,0
195,0.4684343408699262,0,0.1361581509029897,1,0.4329962533094133,1,0.0010286437120126124,0,13.69340494125459,0
196,0.37622423068314903,0,0.032635039501913946,0,0.22420677928121177,0,0.0005677386886845506,0,7.568637707620885,0
197,0.4051252377228034,0,0.013273345264903055,0,0.2768368812358474,0,0.0015982066687058977,0,15.863206413655835,0
198,0.016214413799094284,0,0.009073462431770365,0,0.08039956965967336,0,2.1384514906703796e-05,0,1.215274830214849,0
199,0.30229929866251065,0,0.0200525862853346,0,0.23710893702736568,0,0.0004679333654152616,0,8.210472198510073,0
200,0.022826186800424402,0,0.0003276849988037889,0,0.12386397597616389,0,7.690576239669265e-05,0,1.8156313797442727,0
201,0.5546957076957211,0,0.042428740139752216,1,0.2676102232394119,0,0.0013111782041566663,0,15.917789316026017,0
202,0.033412882290051724,0,0.002986249104641537,0,0.08936456652133351,0,4.388040604049878e-05,0,1.2687935377081936,0
203,0.05682834303642567,0,0.015550078899201921,0,0.05320051209164293,0,8.204596784711082e-05,0,0.5731230343009244,0
204,0.14003049740689916,0,0.012630440047346293,0,0.19842427699472992,0,0.00020876035458083602,0,4.101180753267848,0
205,0.08229950356439983,0,0.005780492458300396,0,0.1298547775304879,0,0.00014001757126919998,0,2.55330593639205,0
206,0.02049936792780143,0,0.0025801303472522082,0,0.09143139383977841,0,4.1101586034923956e-05,0,1.232995150029239,0
207,0.10914299704479721,0,0.01785858043991441,0,0.17630324451945434,0,0.0002715564258903906,0,3.1057243107352557,0
208,0.33801173131383583,0,0.01404261536521205,0,0.26029046955068313,0,0.0012489107243577138,0,12.449855678813037,0
209,0.1785656508771567,0,0.015473751224774767,0,0.17145629463694845,0,0.0003130578418338686,0,6.146304716686879,0
210,0.3457433230016296,0,0.03167592283700109,0,0.2031967509451285,0,0.0005542064505255056,0,7.356387924736005,0
211,0.04736991201114768,0,0.004285707612256248,0,0.13311051527894555,0,8.583541419091462e-05,0,2.406852041176017,0
212,0.13824866272076783,0,0.003789641637368809,0,0.17787922202993936,0,0.00048480034818948627,0,4.906716593553376,0
213,0.040471436605999986,0,0.005242476974424848,0,0.1425239742064078,0,0.00010183005908683127,0,2.7718652732201106,0
214,0.033052589734590514,0,0.005929655567400408,0,0.07924984502938766,0,5.3500812950213535e-05,0,0.8483072450240595,0
215,0.020904124499078983,0,0.014606562157720961,0,0.0780087976487432,0,2.5386745024072268e-05,0,1.0872591687304412,0
216,0.08731976508775863,0,0.011487524249895964,0,0.07139514186478474,0,0.0001310684319327204,0,2.5110748413584916,0
217,0.15607803606529624,0,0.006321911185159262,0,0.20211470173552235,0,0.0001803917243279353,0,3.161619913005416,0
218,0.0556176777022213,0,0.014887778088538303,0,0.14484953271808354,0,0.00010816588562202991,0,2.2549252900923724,0
219,0.03073597056224344,0,0.004289120248438206,0,0.09019824224392449,0,6.449380174788123e-05,0,0.9251620903164867,0
220,0.35674451530350704,0,0.016597100298586513,0,0.3001724671385659,0,0.000776673181993366,0,10.91764108182502,0
221,0.10643649774662896,0,0.010265986145377036,0,0.061398055006290676,0,0.00013277831132121594,0,0.9069388207568085,0
222,0.04329865535499838,0,0.0055743445108724955,0,0.12304301141838504,0,0.00010581193568934897,0,1.8916760875131533,0
223,0.03715812000030915,0,0.0013784018807796853,0,0.07922088439887019,0,6.712760116759297e-05,0,1.1881303998496775,0
224,0.07134204933259629,0,0.006772904258063647,0,0.11754008725534172,0,0.00011214117792499609,0,1.656546632388854,0
225,0.25511831020026315,0,0.004289105377201963,0,0.21566881210917607,0,0.0004414913955294413,0,5.458508838466337,0
226,0.20044316101620735,0,0.031004908548458686,0,0.24648359142685347,0,0.0003071414219494402,0,6.175548464141565,0
227,0.15572183795276479,0,0.02744000117342537,0,0.19430567382379876,0,0.00019790864484961213,0,4.465334721366941,0
228,0.07688015989288245,0,0.002993928355318821,0,0.152978090592823,0,0.00015806561388463717,0,2.4293857500009364,0
229,0.05333699511473465,0,0.0047213717996314845,0,0.08341147912602001,0,0.000121368802378382,0,1.7270786480122382,0
230,0.0994155440899533,0,0.003263428263395636,0,0.21982548283530756,0,0.00019832190421973433,0,3.555807945777313,0
231,0.12251713385709859,0,0.0031916809429590695,0,0.1319008743962289,0,0.0001733593429081352,0,2.8965586203363634,0
232,0.05422854190673267,0,0.005410325246472094,0,0.1317234338650976,0,0.00011707949403242644,0,3.0732241371389812,0
233,0.058434195179424775,0,0.016865342754786378,0,0.18186815945393126,0,0.00011037739932853473,0,2.953359999600688,0
234,0.021278916727043545,0,0.0013902400053769674,0,0.06690228677349062,0,4.1085867042457386e-05,0,0.8722307647194384,0
235,0.05531689270806416,0,0.016930918772015403,0,0.05489524634689471,0,8.60132300031743e-05,0,0.5614192538223116,0
236,0.023531541844320523,0,0.002865283323837115,0,0.12556054084447618,0,5.962259863983274e-05,0,2.012079559442243,0
237,0.07332736173692551,0,0.015346825543819796,0,0.18983485100809527,0,0.00017084460565066728,0,3.5876450604516705,0
238,0.01372235862863081,0,0.0023272472347365468,0,0.064864482649575,0,3.176355703743471e-05,0,0.5953796559763983,0
239,0.08572319483851293,0,0.007535565194455509,0,0.15786112060201024,0,0.00013019395913372556,0,2.3323540029572647,0
240,0.27656297204960284,0,0.015153553573452272,0,0.16295949558244954,0,0.0004500163663518216,0,8.090268448072237,0
241,0.03088833913774588,0,0.003681301384522897,0,0.0725308074721389,0,4.070310283105589e-05,0,0.6888102034910878,0
242,0.2966117653845398,0,0.00534951839472789,0,0.24390730482481265,0,0.0011389637461708291,0,12.321656444673778,0
243,0.415131696132681,0,0.03935960060204034,0,0.2347839531170582,0,0.0006317883945517421,0,8.584504211280713,0
244,0.02688713581735091,0,0.003550853830188278,0,0.09011934073830573,0,7.20172512271063e-05,0,1.5020138313966016,0
245,0.08860225540808718,0,0.002853576291560667,0,0.1571360731440501,0,0.00015690378398596183,0,3.3256340646292886,0
246,0.10714856461407105,0,0.005073018477465533,0,0.12177501050857151,0,0.00015219986360247498,0,2.8004790954576566,0
247,0.13500835478568418,0,0.03164587477599741,0,0.14771532470433,0,0.0002887413358002496,0,3.159757407397725,0
248,0.23184012164840925,0,0.023858217801194806,0,0.23598335069541096,0,0.0006276162267997896,0,7.165262506252189,0
249,0.18605934008437072,0,0.017641180970411664,0,0.10156112830772422,0,0.0003179870441336254,0,2.417576927521052,0
250,0.05531155435074747,0,0.004824496277503617,0,0.0958695507930942,0,7.535907463174544e-05,0,1.0004696398544275,0
251,0.16922305261278653,0,0.004037730872572079,0,0.1669808189319312,0,0.0002600039595348072,0,4.123791057118163,0
252,0.03668551553391146,0,0.002790599071386444,0,0.09836141309379808,0,4.265600596521823e-05,0,1.1024149000769623,0
253,0.14418949001806802,0,0.02541650870560483,0,0.09563290680472845,0,0.0002712380454644906,0,1.959501149772636,0
254,0.13154201005964433,0,0.013186230185006828,0,0.04882222832130925,0,0.0002978697050255051,0,1.5935632911690871,0
255,0.09090462905689278,0,0.012542300499704047,0,0.099751863593134,0,0.00014161923246975796,0,1.9767042024101766,0
256,0.04863499877514902,0,0.015707076194593658,0,0.10638676281147373,0,9.035697591216686e-05,0,1.528715520786339,0
257,0.09433427861784936,0,0.009048696599693425,0,0.06252135651923667,0,0.0001463312576582836,0,2.3732580338937055,0
258,0.09645050633139068,0,0.015156938055295631,0,0.06897884695869602,0,0.00010156801964907878,0,1.530188116136107,0
259,0.11719316020536619,0,0.004725644282042672,0,0.10088148926403519,0,0.00018969887656454092,0,3.2480535086125792,0
260,0.009493818169580757,0,0.006165884454896905,0,0.051144059341646154,0,1.02346043911843e-05,0,0.6335169258380949,0
261,0.04361048074886288,0,0.011834389028936578,0,0.07156134885389082,0,0.00014095973662737218,0,1.2809890601883553,0
262,0.26142024602993047,0,0.021887908891903007,0,0.14968170707590533,0,0.0005656449077549001,0,6.235207162755235,0
263,0.29413699655832853,0,0.01639458378161481,0,0.161061074514647,0,0.000494063890692224,0,8.903666013734703,0
264,0.08803664791227422,0,0.006672897417362785,0,0.13809792215118857,0,0.00013382252364360704,0,2.2480720954539097,0
265,0.04176645146941198,0,0.00221309597533762,0,0.08349329373355988,0,7.161591429629327e-05,0,1.7868760429175317,0
266,0.34434517136156734,0,0.004117793036367283,0,0.23969478268779276,0,0.0015429765803666217,0,17.206692647610712,0
267,0.08064817007951687,0,0.005793448464441977,0,0.15314895672624146,0,0.00012826196500720577,0,1.991876392441733,0
268,0.04131940021995522,0,0.012483225664452346,0,0.07760739332995444,0,6.49081573756814e-05,0,0.8574537280880105,0
269,0.17881739771194596,0,0.010130470566265783,0,0.1328533671751894,0,0.0005181376359027024,0,2.8927241663555963,0
270,0.02859064291328535,0,0.0037449251855814847,0,0.07990810424321497,0,3.490259873427131e-05,0,1.0421918458425978,0
271,0.09177303841033747,0,0.0037705246918840205,0,0.17095455846285193,0,0.00016871930719577482,0,3.5316209822541618,0
272,0.05321279442995549,0,0.005403023148638923,0,0.10034493319428012,0,9.473025788968073e-05,0,1.8705415763306419,0
273,0.02423495324469883,0,0.002591289224980168,0,0.0522121637783696,0,2.183321623637071e-05,0,0.48234086094527084,0
274,0.15013546393570182,0,0.03357462869228022,0,0.1882366627338025,0,0.0002809312267752247,0,5.429368141083889,0
275,0.28518510325292873,0,0.023904639736057474,0,0.2641352619291835,0,0.0004862797653950348,0,7.990908161083908,0
276,0.24212281919193096,0,0.027704550566704157,0,0.17752483095063443,0,0.00045395229379829085,0,6.165510568848644,0
277,0.14920741441332927,0,0.0406760726622581,0,0.1859722898048693,0,0.00032213879950544646,0,3.1853798770478177,0
278,0.02379206115717447,0,0.020979958306557887,0,0.07258756311177081,0,5.430556739423379e-05,0,1.1914432308497689,0
279,0.11708245604800738,0,0.0076771354042286,0,0.212832341016042,0,0.00019803891694924572,0,3.6671659210164202,0
280,0.08379800953019147,0,0.00910498602299153,0,0.11053032523824147,0,0.00011132105402089117,0,2.387945816894823,0
281,0.061037676342371436,0,0.005159743289118588,0,0.07353835680410475,0,0.00013569010894608194,0,1.6179253339215607,0
282,0.1268499883634057,0,0.020347599717225856,0,0.19591943914155321,0,0.00012911895746477902,0,2.7602059502058394,0
283,0.06437424165695296,0,0.033137553722547966,0,0.06396395224832545,0,0.00011146878685297797,0,2.143033220478133,0
284,0.22459244896696198,0,0.0030157947721487477,0,0.20673897041608907,0,0.0010193759579914983,0,11.724419519901197,0
285,0.0686128978455533,0,0.01967260657265301,0,0.0794343721861696,0,0.00011800720659051921,0,2.2211668286214725,0
286,0.25400173264408316,0,0.03139055068751582,0,0.2202253392023576,0,0.0006423515890891194,0,6.679915386370139,0
287,0.13372243415772153,0,0.007863497568740172,0,0.07342504078799635,0,0.00024828282908402095,0,2.049936718196892,0
288,0.03839377620298405,0,0.008782119648061965,0,0.07202169508702523,0,6.333663258649542e-05,0,1.686197260081234,0
289,0.043819695577088695,0,0.01426041502985163,0,0.05931501908282026,0,6.77243519258104e-05,0,0.8322700947218532,0
290,0.12211401277612206,0,0.006342007691612185,0,0.1726100761727903,0,0.00012106980836760854,0,2.984032550217603,0
291,0.17435575371201564,0,0.008389271298420332,0,0.11438120532450642,0,0.0005130682159532824,0,2.8500611204988076,0
292,0.033141848631618495,0,0.012517700599292417,0,0.09081355755540052,0,0.00016439944873839632,0,1.5409359417675208,0
293,0.057575556617367206,0,0.014419757402796444,0,0.13353688283305695,0,0.0001135502316360301,0,2.811215583215556,0
294,0.03238594557398793,0,0.010541094417108687,0,0.0935081823553692,0,8.142288227303867e-05,0,1.6306411965669845,0
295,0.025333325654844124,0,0.007379416982211984,0,0.1034910535602907,0,5.372964770938008e-05,0,1.854422718346773,0
296,0.13545398030091668,0,0.003050833711457674,0,0.17228435659297317,0,0.0005568225143505728,0,5.505763371711373,0
297,0.19241275813205053,0,0.020741103547230744,0,0.15205165170300722,0,0.0008190949075297221,0,1.7359162274365605,0
298,0.19221974832842398,0,0.06285732122415019,1,0.27345984326756206,0,0.0002738162410527144,0,4.42262593042727,0
299,0.07131508272300509,0,0.004568063126992971,0,0.14896544905635256,0,0.00014683810999296324,0,3.1478394813088677,0
300,0.08405744010264352,0,0.012785300251949306,0,0.1635228296772772,0,0.00016054132593430642,0,3.38517433139054,0
301,0.07944867254475793,0,0.008198666821052369,0,0.04792026677195361,0,0.00012970073598638724,0,0.6910388241415397,0
302,0.0,0,0.003501787813557686,0,0.06433138987303226,0,1.941991855253125e-05,0,0.7611400387216697,0
303,0.03620771348691119,0,0.006490624189377383,0,0.12628777396053792,0,9.754950422065883e-05,0,2.4744556241619198,0
304,0.13142091579029455,0,0.012428814696330528,0,0.13421264507530953,0,0.00019654229687220023,0,4.039157069656615,0
305,0.4511734927714683,0,0.02834569732669084,0,0.24954596894210712,0,0.0011254888377213665,0,14.749619215864488,0
306,0.015414259860496717,0,0.002994618628219482,0,0.05941548415973399,0,3.4219717646839855e-05,0,0.536778498713686,0
307,0.09712683108641558,0,0.009692982556749913,0,0.07119820313823626,0,0.0001317347220898877,0,2.402787243926698,0
308,0.11449824391272592,0,0.0031266828554178,0,0.19173008157244673,0,0.00016380531809542605,0,3.249843040577943,0
309,0.02327350223062853,0,0.00639848885409572,0,0.10805787785764481,0,4.7980080697494075e-05,0,1.6362011487895827,0
310,0.04004769549978827,0,0.001195108779032988,0,0.1286265674300534,0,9.074711681803967e-05,0,1.8466631975947443,0
311,0.025701617195541086,0,0.002225513402941326,0,0.08235529409105555,0,3.435690186015846e-05,0,1.0914094124846379,0
312,0.05381648233339448,0,0.0040481652660602175,0,0.11286302253092037,0,5.311443364435851e-05,0,1.371775772355197,0
313,0.03992219014788576,0,0.00388681233650699,0,0.087072562108212,0,4.633867235702763e-05,0,0.8284502192344195,0
314,0.3949656263245063,0,0.03511164889304997,0,0.23699702755470542,0,0.0006373359013814924,0,7.767700271302266,0
315,0.33674649064599854,0,0.015931638996804113,0,0.2464963541806988,0,0.0006681329131964382,0,7.148734786530509,0
316,0.33953253253711146,0,0.01595213083970257,0,0.2044733253049952,0,0.000648808450851788,0,11.326149730363317,0
317,0.08802677825857777,0,0.013010632694648241,0,0.19458555942238193,0,0.0001659961129512214,0,2.504307045362475,0
318,0.12787306995843495,0,0.015720455986785252,0,0.16184727661168208,0,0.00018808483215794852,0,3.050229237625255,0
319,0.3588867860061958,0,0.03495374982139527,0,0.3449663894858189,1,0.0005549221478534631,0,9.913998837946055,0
320,0.219851602762306,0,0.010907518285742273,0,0.2062680916269116,0,0.0002599787608144998,0,5.370413353625752,0
321,0.10638308749218443,0,0.00437431373967441,0,0.15619913796919288,0,0.00018854184555019634,0,2.738078848140086,0
322,0.04210968935959568,0,0.004514419255939401,0,0.07463805822181636,0,6.867765985288244e-05,0,1.2036040417601677,0
323,0.18551955983032276,0,0.0017133943291062932,0,0.16066059030876528,0,0.0003327163016071432,0,4.574038750318703,0
324,0.10940318187964952,0,0.003583954854276158,0,0.17286266721244617,0,0.00018834419130800268,0,3.399175826478822,0
325,0.04240444310911685,0,0.003888867483945395,0,0.12135869189146369,0,7.837468094174711e-05,0,2.5072116316204704,0
326,0.09995542920908022,0,0.002357554951822354,0,0.12962778888645965,0,0.0001359643336311213,0,2.546129820840175,0
327,0.08129337000923884,0,0.005791916184138369,0,0.12372753065593918,0,0.00017883981997625893,0,2.269608609547448,0
328,0.08916254057943782,0,0.01417674330548945,0,0.19093888549678356,0,0.00010119892767129291,0,2.8153018015631615,0
329,0.10799208115617576,0,0.005850646272285956,0,0.08290118606699272,0,0.00016531781736821898,0,2.7704974839930014,0
330,0.22205800060083164,0,0.010001969837461294,0,0.23286363778710462,0,0.0007259365635356621,0,7.95131707517549,0
331,0.022326117027038857,0,0.00277700711132374,0,0.06795357491480462,0,3.785134668558549e-05,0,0.6689583309256106,0
332,0.1540695007756512,0,0.033512726584741234,0,0.15883873860034112,0,0.0002919969245510758,0,3.527856876322828,0
333,0.023137730320663272,0,0.003173304016355059,0,0.11957839089793006,0,8.074395732537244e-05,0,2.232995443840052,0
334,0.011355670491546725,0,0.0012765741302610066,0,0.04833027751622735,0,3.0484728791495704e-05,0,0.6387070155308446,0
335,0.029825132458322273,0,0.002847731427557767,0,0.0850451806974545,0,3.184087929658803e-05,0,1.0109831029299305,0
336,0.14511385739624882,0,0.005069296797519076,0,0.1487445270501705,0,0.0002476271783050378,0,3.8580226031535965,0
337,0.04174241640582536,0,0.004297148562555351,0,0.1007716794589027,0,8.775915848920472e-05,0,1.647856823858362,0
338,0.025791314189704474,0,0.002759181623277046,0,0.069641653433008,0,4.1922507684587725e-05,0,0.6089286558943454,0
339,0.09536384729421675,0,0.006850816596581268,0,0.14259647649522142,0,0.00015893926175329596,0,2.8247973938699626,0
340,0.10227023074945417,0,0.010172128613016848,0,0.20400813954805497,0,0.00018974265996881873,0,3.7692089083820135,0
341,0.06663907254864439,0,0.0038572905833365056,0,0.09497227350840326,0,9.360442261668798e-05,0,1.3415471260282388,0
342,0.1549946976653843,0,0.005449386013020388,0,0.19744459482498528,0,0.00016201661663390427,0,3.5957874700052215,0
343,0.3693502612818486,0,0.02936603593128109,0,0.23953457807098397,0,0.0007211084269807019,0,7.991428025776062,0
344,0.04006864274802286,0,0.005709730397197754,0,0.12631407278822637,0,6.12764193141796e-05,0,1.8181679046455166,0
345,0.04485024832548909,0,0.0024854945884287207,0,0.08628335199107386,0,6.596698121733275e-05,0,1.7331765864477098,0
346,0.06931990045437134,0,0.0053339291163118805,0,0.1612812675013681,0,0.00011990255442909427,0,2.1177026253441955,0
347,0.1737852956671526,0,0.009714476479344331,0,0.13403327903374196,0,0.00046800625641223956,0,3.0018498276815047,0
348,0.13928371510550328,0,0.0033129149073800055,0,0.15936841000529697,0,0.0005085864610266328,0,4.990801875030931,0
349,0.04646743382339959,0,0.00700289442920452,0,0.13271048325646254,0,0.00010423379726229067,0,2.6327655511264894,0
350,0.13155448820460092,0,0.01803091969184166,0,0.13098037161365347,0,0.0001730911818749489,0,1.920927603624288,0
351,0.33732765406140286,0,0.03030082262921463,0,0.3029860957250292,0,0.0005238951323890167,0,9.087248388863703,0
352,0.07697595427775046,0,0.003680123355939836,0,0.16368987958572065,0,0.00017126405148246493,0,2.626832889970527,0
353,0.11294623841750828,0,0.007274856722385522,0,0.13799851989097975,0,0.00025646563136011484,0,3.305882600509391,0
354,0.18499672928718372,0,0.005154942044115113,0,0.25760858699680733,0,0.0002605202358117398,0,4.244443869626005,0
355,0.10408528202359757,0,0.003915914288322062,0,0.13932597414053935,0,0.0001371160810403316,0,2.473855411707877,0
356,0.12782137313039854,0,0.017333710732925577,0,0.19533488252924533,0,9.553259997187698e-05,0,2.7700976756969804,0
357,0.05008254196957514,0,0.006219994039476304,0,0.1356027727952657,0,9.728046580478703e-05,0,2.7744736942199455,0
358,0.03480393152431895,0,0.0036589331933702678,0,0.09932371580418495,0,4.335403493895428e-05,0,1.1949608917724222,0
359,0.3347241477125449,0,0.014998527410049683,0,0.1679008241786761,0,0.0006922238793134727,0,11.097342078518901,0
360,0.11935585722704305,0,0.010542926429537403,0,0.09990426658341142,0,0.0002117452995979177,0,1.9123847753884504,0
361,0.2135979633542136,0,0.018160799556987448,0,0.17048247169067476,0,0.00036081987417125157,0,4.975118013997417,0
362,0.14995853632284262,0,0.012867536863760335,0,0.06615249004995645,0,0.0002510667451157501,0,1.7010444345352078,0
363,0.032245945231815065,0,0.01022789820165171,0,0.08218593447232157,0,2.417264127002374e-05,0,0.9492990380739046,0
364,0.028877423388522113,0,0.0033086353387354337,0,0.13257893879000276,0,6.705445563767548e-05,0,2.1598508292072776,0
365,0.0654529702642172,0,0.006890256234951721,0,0.16544412147906418,0,0.000125119240442534,0,3.1049841165217495,0
366,0.33978265063835494,0,0.005375876405384915,0,0.2841783847388847,0,0.001177283303634148,0,13.383516259020734,0
367,0.23024315530644118,0,0.01228554568217819,0,0.279704440337938,0,0.0007245743101812041,0,8.517764328817346,0
368,0.029402827326610693,0,0.0032363476866801655,0,0.13513121275188597,0,6.871035954332679e-05,0,1.981054105662794,0
369,0.08370988309784412,0,0.016540500080477936,0,0.11022522837700591,0,0.00011430623639040553,0,1.3543686564796533,0
370,0.04476845085251939,0,0.012299506427879192,0,0.13389157566237658,0,8.847137819503832e-05,0,2.0264992720473396,0
371,0.03629283777024201,0,0.005398567677955836,0,0.1480921037484639,0,0.0001111909397430828,0,2.102885745060595,0
372,0.13487729624357875,0,0.019768955076869796,0,0.1646983721785055,0,0.0002963239764219938,0,2.3931591373880616,0
373,0.047658376179891486,0,0.01569096072770091,0,0.16899707786614304,0,0.00012182059206831259,0,2.835023829984475,0
374,0.06697668897459647,0,0.013452038614417917,0,0.04918262369698152,0,7.38139227765803e-05,0,0.5975800749365072,0
375,0.06893367657621934,0,0.008889461044271883,0,0.07411069984928892,0,0.0001000559812108662,0,2.1272451907185914,0
376,0.14686706948260161,0,0.04815960923348977,1,0.22608540585919062,0,0.0002554074601306909,0,4.093311706363847,0
377,0.2370281472672535,0,0.0038340225244157993,0,0.2141732389646099,0,0.00041861503700812877,0,5.5780949341206725,0
378,0.10013261736803014,0,0.005849021029461239,0,0.18689080051854606,0,0.00018569161088451505,0,3.0785338443312016,0
379,0.05046234679356568,0,0.006417549779452774,0,0.07647081951941026,0,0.00012398630410741297,0,1.3713842833802445,0
380,0.257909990685691,0,0.024611706205567536,0,0.2622377526481291,0,0.0004445857486530081,0,7.858235353115613,0
381,0.17400880841189217,0,0.026187192168776352,0,0.21071356350821252,0,0.00014018664900386163,0,3.2278598959596136,0
382,0.03300063240621628,0,0.007412951860124024,0,0.09965867418242413,0,6.782598201184258e-05,0,2.1551004609505924,0
383,0.13584000721621506,0,0.003067778301592346,0,0.21010392132541625,0,0.00020297603361178182,0,3.768731851697255,0
384,0.17267313896132544,0,0.022726138417976393,0,0.21085504999911853,0,0.00014907077646373059,0,2.9064775567988206,0
385,0.06470627870501176,0,0.0027191773558385714,0,0.11038557943061836,0,0.00010436390986902446,0,2.2828073283409345,0
386,0.10833383121233026,0,0.006648130908254361,0,0.09989309679644692,0,0.00023672086746646855,0,2.719664174381594,0
387,0.2463498081431562,0,0.003636880572784716,0,0.17822036441813727,0,0.0004749153666305674,0,5.337919022926874,0
388,0.16205667256629372,0,0.007874789018932089,0,0.11111398666632107,0,0.00046738902351115273,0,2.4910018303575603,0
389,0.04087512538755288,0,0.004561546936373542,0,0.11210388568134358,0,7.050063112060984e-05,0,2.0139708575809157,0
390,0.045551273251110184,0,0.003915831672514999,0,0.1134296713086653,0,7.621217166324317e-05,0,1.5729524611502597,0
391,0.041496221939484844,0,0.00731870095851717,0,0.08365793071272906,0,5.957755670522924e-05,0,1.6772361598159293,0
392,0.04771603842903045,0,0.012699388501470149,0,0.11482714438803777,0,0.00012235649952452632,0,2.7336184594669684,0
393,0.1406900309165373,0,0.004091561087195004,0,0.16694006440965622,0,0.0005846370647519515,0,6.018852448187556,0
394,0.29509365345124744,0,0.058242901898603074,1,0.22972442797932963,0,0.0014138214342582214,0,3.4113262272552385,0
395,0.019461580405856372,0,0.005998730374345937,0,0.10494750768675774,0,6.735169420128054e-05,0,1.491047423244225,0
396,0.21443714026519392,0,0.009214709694540921,0,0.1557202535849025,0,0.0008806300142629913,0,2.791070861304967,0
397,0.029594758832697805,0,0.006625596271079626,0,0.03435507455074979,0,4.204303794475669e-05,0,0.7738978121690318,0
398,0.28014455440547303,0,0.016006875755266953,0,0.164026980420556,0,0.000704614796980065,0,9.752930296140047,0
399,0.12489380047338937,0,0.013129295509877719,0,0.17311091558338423,0,0.0003669350002696039,0,3.84193448489363,0
400,0.056530274715183834,0,0.001894590619288052,0,0.1460092578568003,0,0.0001274076806358436,0,3.000964668400941,0
401,0.1383650353048307,0,0.00390649409963002,0,0.18568718318298016,0,0.00013235680532654967,0,3.1935119876652727,0
402,0.15259288685533384,0,0.034111571932200616,0,0.058844775325971356,0,0.00019233837900833236,0,1.792824058795539,0
403,0.09705800479196569,0,0.004670680416517824,0,0.18263389859115842,0,0.0001505729835083191,0,2.8968217660708486,0
404,0.19552162142651053,0,0.025540587345765055,0,0.23295346282714158,0,0.0002431212861222229,0,3.973172981803644,0
405,0.21935419785809224,0,0.010484948733758884,0,0.1236575142048776,0,0.00038811199627064347,0,6.0612051783906455,0
406,0.0783250463036504,0,0.01387058180679295,0,0.14156950197675675,0,0.000150750522110678,0,3.190705980576625,0
407,0.01134992688991771,0,0.011824733139214833,0,0.03174514315451794,0,1.5601091827981337e-05,0,0.2977449782989333,0
408,0.11838861205472105,0,0.006014131602474312,0,0.1129006705015953,0,0.00019648541908041025,0,3.1602893230866766,0
409,0.10837939349115654,0,0.007639935883128455,0,0.06624405188355721,0,0.00016392190044697347,0,2.858150347245046,0
410,0.06260342596528716,0,0.007796975120166699,0,0.03804892173654572,0,9.573328895444136e-05,0,0.5354794179667364,0
411,0.27184336244789664,0,0.0032073797468165867,0,0.22831392183492977,0,0.0005172538811940332,0,8.035546756211986,0
412,0.21131669092225314,0,0.020711513962337537,0,0.1760081681053268,0,0.00023110765149728546,0,4.402358663810639,0
413,0.025226692528512097,0,0.01757986517070912,0,0.06603838278805754,0,2.508556526151228e-05,0,0.5770507594687213,0
414,0.016076807234285777,0,0.0021789721005898693,0,0.06306664462587869,0,3.072914486891628e-05,0,0.5390736538278253,0
415,0.03768348233455525,0,0.006187911898374561,0,0.13682153539647512,0,9.13534607633086e-05,0,2.6915083849938153,0
416,0.05653940358029437,0,0.003057809684415047,0,0.11489252360056017,0,7.61224698801467e-05,0,1.9421234855708132,0
417,0.0295575134594979,0,0.003355403136851462,0,0.08859719985008571,0,6.057300007601026e-05,0,1.0173456465992934,0
418,0.056632764185809106,0,0.002657985159754125,0,0.1405134026220938,0,9.628200329698283e-05,0,2.737665427808768,0
419,0.044641815086262436,0,0.017251426710755215,0,0.13081879715432976,0,9.625355410832819e-05,0,1.7004305955361647,0
420,0.03414319393771186,0,0.005018508435885826,0,0.14918202400293248,0,8.113224058103331e-05,0,2.211462435599909,0
421,0.4689436151958806,0,0.006841043476208483,0,0.3312623132876513,1,0.0022971062403684414,0,25.485116602713482,1
422,0.06099800435389255,0,0.012127269892225413,0,0.1372533991857644,0,8.217557340643104e-05,0,2.0004130941694407,0
423,0.3226122627247962,0,0.03932447168316409,0,0.25223444213371354,0,0.0016039321608793155,0,3.858407234354202,0
424,0.13352467871500837,0,0.014891244948741571,0,0.157338694670409,0,0.00017546462970040395,0,2.490072168036248,0
425,0.035348806121047904,0,0.0046715173329848455,0,0.11096101875696948,0,5.20896350839717e-05,0,1.7177257246480728,0
426,0.018177992426964627,0,0.005639075797873134,0,0.07692423011670907,0,3.6342790638608225e-05,0,1.2376873910104824,0
427,0.010185325736065867,0,0.0039874685761543596,0,0.0326879369672529,0,2.169857865098723e-05,0,0.4992494648204854,0
428,0.03198927125320842,0,0.019456593710442976,0,0.14105854421233097,0,0.00010884807456981172,0,2.056080776606879,0
429,0.14620380110263573,0,0.005112974170004924,0,0.20967782411475955,0,0.0004263165514261605,0,4.743956395268878,0
430,0.028739332578639427,0,0.00323516415308205,0,0.14002597483218907,0,8.859689180343266e-05,0,1.9304328618389008,0
431,0.07735616317521497,0,0.009841156765503435,0,0.11512004448587727,0,0.00014374563645074313,0,1.9627057821492273,0
432,0.15285889583226706,0,0.0013708773866353116,0,0.227648147291065,0,0.0002027527507222615,0,3.85559487740827,0
433,0.14966437867804472,0,0.00477828394464001,0,0.11579905398385833,0,0.00022802803904993296,0,3.3789007862026303,0
434,0.01972005095000877,0,0.006893057419104061,0,0.06388778484682336,0,1.1072696897974904e-05,0,0.6637772098760545,0
435,0.063037823813904,0,0.003913436083100267,0,0.14076275553212725,0,0.00011971115666643146,0,3.1588825977724,0
436,0.02123411192169309,0,0.004647310950225705,0,0.11174132616297099,0,5.011730491214707e-05,0,1.9093260663398133,0
437,0.23943836628195303,0,0.018853692626346348,0,0.25158845686525977,0,0.00024666739309475873,0,5.218353487532815,0
438,0.04263233564146843,0,0.004637553152118323,0,0.11703506480768691,0,0.000101090509977715,0,1.8270645360545117,0
439,0.025421289358009837,0,0.005047673181424473,0,0.10565909600177097,0,5.246997271576169e-05,0,1.7380946956985384,0
440,0.22584484439147018,0,0.019846033267067326,0,0.24285315422957787,0,0.00023891307209838775,0,4.579481452885494,0
441,0.0338088960548539,0,0.0065137978622402904,0,0.09086976440166297,0,5.649933041505553e-05,0,1.8036270906223835,0
442,0.11070836602028812,0,0.016841698568504485,0,0.12468872095185772,0,0.00026144727567913777,0,2.5905301196573864,0
443,0.17339542832171168,0,0.025832205704602956,0,0.2198335297324149,0,0.0001601074970349657,0,2.9707407434455355,0
444,0.07702530867022003,0,0.004983094826732569,0,0.11632903866655629,0,0.00011297704022990636,0,2.5517764550542674,0
445,0.16562060083520752,0,0.004134022466137692,0,0.2421338335788228,0,0.000245112378379164,0,4.382660278767871,0
446,0.018985177066320677,0,0.004223521651042595,0,0.08516839122243325,0,4.8242216790647496e-05,0,1.550746689351125,0
447,0.11920089190853406,0,0.006307983674050078,0,0.11409159856504295,0,0.00023239900878958865,0,3.3821645339827553,0
448,0.03683186649688375,0,0.006230845559430789,0,0.12105748546971894,0,6.59228155297594e-05,0,2.169156015049833,0
449,0.3208806475693885,0,0.022778838893153016,0,0.30300080828045345,1,0.00034444100459997775,0,6.588061023656496,0
450,0.18779942528874435,0,0.009726941434360505,0,0.0885283643445297,0,0.00032148478388742516,0,4.898534307756007,0
451,0.02365696800402216,0,0.0032900776068215294,0,0.11556260509201656,0,7.209717530402826e-05,0,1.6225727584413872,0
452,0.04278925434636474,0,0.0016774066187404686,0,0.1180241394109662,0,7.27868183158267e-05,0,2.417295728820392,0
453,0.07009838749781294,0,0.006921296537377098,0,0.08034448702739731,0,0.00011929251682436809,0,1.7001087631089953,0
454,0.0702388833724769,0,0.005851661312020093,0,0.14773696623315621,0,0.00013741433335021753,0,3.0254020243804236,0
455,0.006521850574661273,0,0.005910748062510325,0,0.05344173903813722,0,3.681987921722001e-05,0,0.552254878048338,0
456,0.007517714421220272,0,0.003911509496888699,0,0.07159371913529067,0,4.6257725089310176e-05,0,1.075402212443254,0
457,0.10457463126458476,0,0.022694117349075418,0,0.11724954944049734,0,0.00030180025543426257,0,1.7100285089181615,0
458,0.11181446435736452,0,0.011638121179726985,0,0.06669131207531945,0,0.00018771666394898476,0,1.2075109998618188,0
459,0.20211230555159257,0,0.007094940235877496,0,0.2351577757849954,0,0.00026544415530147853,0,4.649930073663729,0
460,0.11158010043086104,0,0.01919877882398083,0,0.08907886632237519,0,0.0001595268355992627,0,2.531260837706612,0
461,0.3132046223643341,0,0.013704026274477888,0,0.27558699056687913,0,0.0006508694226790251,0,8.710163540546159,0
462,0.05421691116599661,0,0.02222837165767999,0,0.12659318384833032,0,7.422854267676488e-05,0,1.3311602318689377,0
463,0.3121968434878827,0,0.033931750006477523,0,0.2717611296422665,0,0.001268953346118257,0,3.3720420699867732,0
464,0.18646386085777308,0,0.009173871552942038,0,0.22247807965613614,0,0.000173103607964265,0,3.483201581547747,0
465,0.23411480449468527,0,0.06104056855514745,1,0.3030713070873547,1,0.0003291496058226303,0,4.687301817517087,0
466,0.07839830293630914,0,0.006328715031966751,0,0.18694416729328386,0,0.0001685362138503632,0,3.536823749358933,0
467,0.062187210947301494,0,0.003906943851086762,0,0.17077667904800228,0,0.00014328244772309848,0,3.1893769814810167,0
468,0.08523780156208349,0,0.014869341078958083,0,0.06416393043967755,0,0.00010904490517936067,0,1.42883349066202,0
469,0.06119938146029443,0,0.01525554736913773,0,0.15363674827889107,0,0.00014125529251621995,0,2.5939561650936502,0
470,0.14376303024713186,0,0.018651240064385646,0,0.21334817619563395,0,0.0004163732854039677,0,4.565637143597817,0
471,0.02302452002459025,0,0.002754511336723628,0,0.1262429302338978,0,5.33256335540222e-05,0,1.78040478078822,0
472,0.3637889376600404,0,0.004270799279770902,0,0.22969625917272504,0,0.0015637125998815126,0,16.899774958976927,0
473,0.04887746201853316,0,0.00383052165361452,0,0.1068682218608402,0,5.252161673652715e-05,0,1.3533672412683284,0
474,0.082443175327508,0,0.004206082344692191,0,0.15057128787259202,0,9.386505165099054e-05,0,2.162846503001852,0
475,0.20047680266472376,0,0.009122448266497562,0,0.21485186712601767,0,0.00037881417856592593,0,4.282792248808219,0
476,0.21369206827624143,0,0.0071043998394695025,0,0.13904310210041046,0,0.000520742623307329,0,3.233235422572349,0
477,0.10953293214269055,0,0.033539189915775286,0,0.21931857821463466,0,0.0002661146534056562,0,3.846329622850482,0
478,0.046894150411199584,0,0.005870981758345379,0,0.09883815669838239,0,5.632371229073505e-05,0,1.7785580864383796,0
479,0.068562942139173,0,0.007309914903871319,0,0.10067700387180875,0,8.053351398872865e-05,0,1.1159189546972441,0
480,0.012675200922780521,0,0.006228431905830063,0,0.05888951953174218,0,6.9892038781953425e-06,0,0.6763653773989355,0
481,0.2448633422220764,0,0.016282570915446083,0,0.1739354930775474,0,0.001613464167541506,0,2.699554599702072,0
482,0.16226578122050467,0,0.019065550702754654,0,0.09376929554913555,0,0.00029266059713459246,0,2.379182864062837,0
483,0.14236248106627444,0,0.01723545399656943,0,0.17216584595284654,0,0.00010305878261650796,0,3.073739946516024,0
484,0.23019285041806076,0,0.0038340225244158097,0,0.2332543027725078,0,0.00041256045037351525,0,5.417594782990017,0
485,0.2907536254074783,0,0.023899938927053256,0,0.2834821319740169,0,0.000482015486753536,0,8.472720260722983,0
486,0.0606024485845643,0,0.0014063336423154296,0,0.12587858172206562,0,0.0001341557350931922,0,1.7729259515013367,0
487,0.07801577505340081,0,0.02049833803585276,0,0.17571866481706253,0,8.642575788437631e-05,0,2.553703991933673,0
488,0.0950489060994835,0,0.002229815990928212,0,0.13715303985785393,0,0.00014430506165232098,0,2.627263140523753,0
489,0.20367034346902507,0,0.005633346020840772,0,0.26991807570818904,0,0.00029181099915092133,0,4.8399434002201245,0
490,0.036809657039898434,0,0.0017308903149654744,0,0.10123795431861893,0,7.310914444307802e-05,0,2.221394115374615,0
491,0.08574964152429194,0,0.001444726923052796,0,0.12827020651733562,0,0.00018985159057878216,0,2.5870766699096035,0
492,0.14532545279811862,0,0.04747762235142104,1,0.19613381605303187,0,0.00025261152252290295,0,4.375690871557148,0
493,0.14268945407616715,0,0.007003369930242232,0,0.11741332089817197,0,0.0002357796058534974,0,3.450733267378405,0
494,0.21635365499954548,0,0.00787141324928823,0,0.1430515844127444,0,0.0005032701814094314,0,3.457201573739403,0
495,0.03948576209851137,0,0.0019058135311686895,0,0.08235824434874452,0,4.4843058093044654e-05,0,0.9996641428152258,0
496,0.04648061897882136,0,0.0014716869323730085,0,0.1457341316453033,0,0.00013030229622107065,0,2.971581545160706,0
497,0.04021607852591526,0,0.0016118530433719188,0,0.1285412777738075,0,0.0001059684511414392,0,2.592563961755757,0
498,0.03602772275359671,0,0.010439119248710785,0,0.09994012715795739,0,6.581809132485649e-05,0,1.7110407468999291,0
499,0.216967830015575,0,0.013666898918349445,0,0.07706113989261006,0,0.00040017909192574297,0,5.608916520160305,0
500,0.0715693432610281,0,0.003551879963651906,0,0.15534016500930048,0,0.00014479103017508608,0,3.1654737491790774,0
501,0.02897084243075411,0,0.006702648503655445,0,0.10279286826351813,0,6.33624568570186e-05,0,2.0005690694644658,0
502,0.15595427532599318,0,0.021032443956269825,0,0.11986466649433886,0,0.0002712799548233418,0,2.116163314472125,0
503,0.127193911982452,0,0.003947372608531195,0,0.20076942238335588,0,0.0001849860064276592,0,3.46266825661107,0
504,0.3505100696263612,0,0.0037879102051160862,0,0.20810864285504163,0,0.0016988828971492077,0,18.872407435768544,0
505,0.10926115469939335,0,0.024117154374090472,0,0.1192427421641202,0,0.00033784095055879883,0,1.7345116871387607,0
506,0.20050415353907064,0,0.017958513469251237,0,0.16647083549231165,0,0.0009403763411758843,0,2.2019103551550763,0
507,0.03839969441977382,0,0.004737285280260778,0,0.04365804309427396,0,5.555639997014079e-05,0,0.9726274643848456,0
508,0.02686696087469015,0,0.006789837478760555,0,0.13315011078764838,0,7.534710675598384e-05,0,1.8243288800784172,0
509,0.28457870027680265,0,0.018200333738278958,0,0.188650894755928,0,0.002005518633307689,0,3.306118605405345,0
510,0.1284936233805771,0,0.002695687437242621,0,0.20688937244578842,0,0.000402102133926993,0,4.938412715059993,0
511,0.2524123603690613,0,0.019853948913169026,0,0.22167429978063383,0,0.0003939740562311983,0,6.62145835821822,0
512,0.07880710497723901,0,0.008661499821603195,0,0.05213505605213994,0,0.0001332800333742564,0,0.76714586018121,0
513,0.1136780054925905,0,0.004534237014384852,0,0.1398140115530452,0,0.00016634365457552063,0,3.101678968139306,0
514,0.05944831532552613,0,0.003465415476480444,0,0.1007154028866878,0,8.101125487392604e-05,0,1.763294096732111,0
515,0.026992445018852878,0,0.0037748692857491567,0,0.12930213026421933,0,6.482221049219737e-05,0,2.1901377842083933,0
516,0.021013184811119415,0,0.0028216088910548846,0,0.11166808865502001,0,7.152633286777149e-05,0,1.3838451818998347,0
517,0.09831328398513553,0,0.004877952420317735,0,0.07827130676905682,0,0.00015095226720239277,0,2.70083469720886,0
518,0.25440481871265297,0,0.003723515462977125,0,0.24244660905116583,0,0.0004951996594563106,0,7.177668699883553,0
519,0.13866853893211076,0,0.008228419315210385,0,0.20884668911868903,0,0.00014742498209801622,0,3.126128122223164,0
520,0.05223026643737699,0,0.018450640997097808,0,0.11243545661285816,0,6.229574248297002e-05,0,1.1034097164858587,0
521,0.0840597859254009,0,0.009969144960360592,0,0.16989632438313323,0,0.000140067554108957,0,3.3035718327331054,0
522,0.07207779715256209,0,0.006604262715426499,0,0.15812343840324355,0,9.11383741221431e-05,0,2.1831316493397486,0
523,0.2125298237639193,0,0.03220886573822976,0,0.19645647005529307,0,0.00030086668589336,0,3.3959706390322153,0
524,0.09451316329575728,0,0.03238004039527026,0,0.1526505912152274,0,9.360226261539413e-05,0,1.7338540449140851,0
525,0.09881038491644303,0,0.01181284229140031,0,0.20471723488926458,0,0.00013063349778123275,0,2.6652729050154322,0
526,0.09593763101340828,0,0.02721293856371931,0,0.12832115347791043,0,0.00011501632044644578,0,1.2524820708639435,0
527,0.26543324470689916,0,0.01574895644323355,0,0.30304613231036154,1,0.00046847327797351444,0,5.280963275818886,0
528,0.20896885043645466,0,0.00683270576177769,0,0.26145595413149225,0,0.0005531650117836088,0,6.09688224146239,0
529,0.08083279614286933,0,0.016526756517423392,0,0.15121110362935833,0,0.00015488864632013332,0,1.8103302390697995,0
530,0.31039343843145234,0,0.013362073346623787,0,0.3029959359087123,0,0.0004855195302581136,0,6.108786118382217,0
531,0.28848967671473097,0,0.030205356803971076,0,0.16959861413186203,0,0.0004540573268866381,0,3.2755460883115233,0
532,0.17818205072684373,0,0.018313495486677496,0,0.19010579324525265,0,0.00016342571450354075,0,3.729483315184904,0
533,0.32979877455039325,0,0.027096537074390727,0,0.31361101071711744,1,0.0005922093811618158,0,10.131131534723123,0
534,0.08722519303131496,0,0.005852318131744369,0,0.1855588064382499,0,0.00019923355808762288,0,2.812920374729072,0
535,0.15085846875459136,0,0.007567348622939014,0,0.18638863948380902,0,9.063851883094208e-05,0,2.8564110956884905,0
536,0.17365936285712816,0,0.005613148193177769,0,0.16353626849367592,0,0.00021126927550997994,0,3.240050613639597,0
537,0.28331963928715087,0,0.007245392184982689,0,0.28408402217362105,0,0.00031843962333250606,0,5.210140186267263,0
538,0.0510157144533775,0,0.005299547599017981,0,0.10398054880258584,0,8.66684044717159e-05,0,2.398505225173447,0
539,0.0956152783911695,0,0.003567316260573936,0,0.13086783254929554,0,0.00020939981999653335,0,2.813872866667746,0
540,0.14309254759042878,0,0.0031289954041085824,0,0.19497124762055423,0,0.0005142064924105419,0,5.729448570929318,0
541,0.24491349619991332,0,0.010786992502044472,0,0.24089681222033896,0,0.000979626859864573,0,10.338741518073308,0
542,0.09730419538557897,0,0.008023418839875387,0,0.1052590933479823,0,0.00015356625676652257,0,1.9849946903430677,0
543,0.10155712068857162,0,0.019664316212908227,0,0.07202048869343025,0,0.00013759618580221674,0,2.0103660641546695,0
544,0.23630368965897527,0,0.02546654571650549,0,0.16044252711864015,0,0.0012494212363659046,0,2.5250431207892516,0
545,0.07441623707718537,0,0.011921901631527034,0,0.15600536624686792,0,9.005578599346415e-05,0,2.5539005267351413,0
546,0.03385804602459792,0,0.006072176004165851,0,0.09274589030628255,0,3.972345324910313e-05,0,1.3743581786337744,0
547,0.05562689381831637,0,0.009924795513135064,0,0.14033213021421756,0,0.00011455779996563075,0,2.8750776440857395,0
548,0.46107563540538604,0,0.005069213848007587,0,0.29521174238462766,0,0.0022754956076670176,0,26.196036930818952,1
549,0.21271881641424625,0,0.026358531419548963,0,0.17406167275775125,0,0.00023754574078848603,0,5.001354962077029,0
550,0.07015982247631448,0,0.00828281526683027,0,0.04409917085151973,0,0.00011803055587422948,0,0.6706988361633129,0
551,0.03720517529272056,0,0.010506535996129872,0,0.1045812556247947,0,7.217032365060975e-05,0,1.8361248768250065,0
552,0.18710020793214466,0,0.0025306536896951967,0,0.1753890979001665,0,0.00032713382151594643,0,5.150572196749616,0
553,0.14344000812240043,0,0.008993121778870055,0,0.0553277012023926,0,0.00022027196822999238,0,3.396661921439031,0
554,0.07035612858758795,0,0.00904237170382839,0,0.09668844032669488,0,0.00011397161688183016,0,2.3230848360051786,0
555,0.08945145086831427,0,0.006986527646010508,0,0.1809774274163476,0,0.00010795735769943845,0,2.6489573691314128,0
556,0.021925156606594963,0,0.0037379855892812576,0,0.07745387496332908,0,3.4467894294622656e-05,0,0.6838129494448675,0
557,0.24020094717867685,0,0.010932865682908507,0,0.2689686370231856,0,0.0004221863645504432,0,7.106869351953546,0
558,0.23510188441075583,0,0.11567068123898096,1,0.3097891082911163,1,0.00044520049015207613,0,7.048729062517543,0
559,0.2540329565353095,0,0.01831344316957053,0,0.08868145883451835,0,0.0004517304107020067,0,6.571614520801883,0
560,0.16794356259078674,0,0.002925696351037009,0,0.22314027857726818,0,0.0002267794518786085,0,4.130500796749454,0
561,0.021103610197001875,0,0.003211549804897862,0,0.06814530922435352,0,3.912994392600053e-05,0,0.623398138299646,0
562,0.2872928895672241,0,0.026937262182576693,0,0.1911751405629958,0,0.00039284808811174994,0,5.7244335514856965,0
563,0.23928432594694407,0,0.013888443036605252,0,0.1668034822987054,0,0.0007532881717798324,0,2.0191338578920024,0
564,0.019562912761626985,0,0.003823805225926626,0,0.07519188580817333,0,0.00010108362173118312,0,0.8683791964166533,0
565,0.08032063757225165,0,0.0032314933980039824,0,0.16436165253329132,0,0.00015945977671204581,0,3.4743356001480508,0
566,0.08311036649354785,0,0.003682757826937137,0,0.15514469701011857,0,9.722059933406422e-05,0,2.312491854248182,0
567,0.03941868613793542,0,0.004654061904268965,0,0.1405676185118754,0,8.083330652099022e-05,0,2.4332165446946936,0
568,0.20283481785869198,0,0.007953055184102832,0,0.14663895932028287,0,0.0005477117502358915,0,3.2877877491476886,0
569,0.18091407304021134,0,0.038154634642209945,0,0.14442439140445426,0,0.0006165167037643135,0,1.9439074337772773,0
570,0.03166085524682831,0,0.004742260410091633,0,0.13474077582574392,0,8.049088209648044e-05,0,2.3148354651843714,0
571,0.058151871265632836,0,0.008418183072387633,0,0.1204504776301701,0,7.240140378849488e-05,0,1.7937922915679434,0
572,0.020305356195245337,0,0.0030781669299476456,0,0.12281411367827255,0,5.758657793697549e-05,0,1.9375505958460337,0
573,0.05503513708841339,0,0.003471610569703193,0,0.1362773767944079,0,0.00010184358220755939,0,2.8112446436324747,0
574,0.2189775499914825,0,0.007363399788494988,0,0.2164829665798844,0,0.0003390143732674328,0,4.226269504685588,0
575,0.07280598876869454,0,0.00762131245754387,0,0.1224115103105267,0,0.00012756214207937792,0,2.188642833039146,0
576,0.049044676561972374,0,0.0023365317186685637,0,0.1569170057991203,0,0.00012556684267604886,0,2.8704495684103617,0
577,0.035344439807416736,0,0.005789208267348804,0,0.15507713965240838,0,9.667804777848366e-05,0,2.1504721753862457,0
578,0.13204450705034715,0,0.021945272283377285,0,0.14421785580953003,0,0.0003226039605769892,0,1.7272943755985,0
579,0.08718851772116064,0,0.007038731807497608,0,0.2076494085025074,0,0.00021928177496036093,0,3.229441453547649,0
580,0.39833525701808636,0,0.068104526649613,1,0.1350228356316774,0,0.0009865527700196992,0,5.10221771988205,0
581,0.14132320495351283,0,0.022008746716381727,0,0.2103685509399369,0,0.00020028366741500913,0,4.716850369872942,0
582,0.24137515356199768,0,0.0031468132865181487,0,0.20060867975404809,0,0.0004118275180592314,0,5.704015511238356,0
583,0.1684389327848158,0,0.01156984835434432,0,0.17639913328252416,0,0.00018761958200848322,0,3.947878442786801,0
584,0.09485945652451698,0,0.013734506864943371,0,0.17079874364511677,0,7.85612285716974e-05,0,2.4766586100927053,0
585,0.04378356031398768,0,0.004765357649138342,0,0.10194122302404414,0,7.897488799786791e-05,0,2.3593256195955377,0
586,0.2020803406485453,0,0.005683195364798509,0,0.27392783098671236,0,0.00029508106463554734,0,5.111856193930033,0
587,0.13635549522280838,0,0.00961773448879681,0,0.13577635628899884,0,0.00026585845523181313,0,3.3648604367999915,0
588,0.12014853515528287,0,0.005370504752840515,0,0.13211020349138025,0,0.00017970053778708922,0,3.184797481178796,0
589,0.09692058616528774,0,0.006355608336387293,0,0.05010144687932442,0,0.00015822174276856294,0,2.634939183448835,0
590,0.17742427034499572,0,0.009714831427121966,0,0.19197466624546322,0,0.0002987354300740755,0,3.762731872581957,0
591,0.21269616405013708,0,0.0169995120496835,0,0.15857877971748954,0,0.000570463856743172,0,3.7729953507469203,0
592,0.1803901562188958,0,0.0020075759834938625,0,0.18597298254498507,0,0.0003166302168727395,0,5.029243095564513,0
593,0.04370489006762716,0,0.0032643752270847754,0,0.0865618370527841,0,4.7496411092565995e-05,0,1.0948008011773158,0
594,0.055835138294312484,0,0.0007910310823821659,0,0.14764405363334104,0,0.00013784679987214056,0,3.1110954599943907,0
595,0.2687578398683912,0,0.007827282505937819,0,0.14189445876401952,0,0.0005596711033216365,0,3.9053354514771064,0
596,0.31344347920142895,0,0.00343686779937381,0,0.22532203586647193,0,0.0014206187595607043,0,17.049515409283963,0
597,0.0004170435541485544,0,0.008343522941872149,0,0.06674605096117105,0,9.604449726565386e-05,0,0.8222552757491177,0
598,0.3079107768880201,0,0.01864302358853303,0,0.1062316768014937,0,0.0006550408965666607,0,8.865509143322797,0
599,0.0932884793480323,0,0.013430091084364947,0,0.13128530246595638,0,0.00021228137690699952,0,2.0736846337474053,0
600,0.07125976404713567,0,0.005624388241628526,0,0.0425918383617061,0,9.278388421746797e-05,0,1.8103694111007507,0
601,0.168469905905431,0,0.009344303177179316,0,0.1598071879642331,0,0.0006178198761182814,0,1.8995357505619996,0
602,0.02201311126889951,0,0.004085196880161236,0,0.06791981034030005,0,2.1483848924287763e-05,0,0.5839114654745359,0
603,0.16156774066156557,0,0.031292031905140655,0,0.13932574161276146,0,0.00044456617630892354,0,1.9625173182962605,0
604,0.04394033570968094,0,0.0034543607138762507,0,0.11222165779138889,0,8.579394005117442e-05,0,1.6358422941297868,0
605,0.0461734160902744,0,0.011675351042635831,0,0.17104554454176726,0,0.00012648161506726758,0,2.724477451631544,0
606,0.045481081562175674,0,0.005023684708946422,0,0.15597730423476025,0,8.440143449639853e-05,0,2.2250836607474356,0
607,0.14926953586547498,0,0.005952401901666229,0,0.1833537846900551,0,0.00020379295405372565,0,3.8156178480609646,0
608,0.2973457432412709,0,0.027390786160985593,0,0.31675340771720406,1,0.0005130861041655064,0,9.191304195269861,0
609,0.167951124871184,0,0.010529604001697395,0,0.12289207717541162,0,0.00024058577939704373,0,2.6947961899761443,0
610,0.028414484306158932,0,0.005471031405653007,0,0.14796892205326231,0,9.325994247261316e-05,0,2.024981045825174,0
611,0.05436889372680635,0,0.005087028551747522,0,0.0813737901300886,0,7.945555630241931e-05,0,1.100655634624008,0
612,0.3186897760373948,0,0.028369823648322273,0,0.21129698630068622,0,0.0014373394686216698,0,3.3977171358355465,0
613,0.13445852958993423,0,0.0029087080443554987,0,0.22852077991964626,0,0.0002158566689081536,0,3.85697715840342,0
614,0.0644090580158555,0,0.008241366549996281,0,0.17379994881226263,0,0.00014251276231717273,0,2.947373046963918,0
615,0.18769394358588987,0,0.005215167561863567,0,0.19396660893672213,0,0.0006090486380496317,0,6.193092100232326,0
616,0.11482380997084644,0,0.011746832951441685,0,0.0635918446881017,0,0.00021171839923363512,0,1.3556558022194825,0
617,0.05259233785307325,0,0.013409049149709517,0,0.13320204904887467,0,9.070969940149088e-05,0,1.9543717145011068,0
618,0.060956720848883456,0,0.006155311241256372,0,0.14459802956412454,0,0.0001093441737977773,0,2.958114582934969,0
619,0.0385077812307049,0,0.008611006165273424,0,0.16148699875854927,0,0.00011190161184245521,0,2.7403937975421613,0
620,0.17042277103965342,0,0.00847419221204126,0,0.12560274806794378,0,0.00028831916790839334,0,3.564765767493351,0
621,0.14554021787140448,0,0.0031289838896998387,0,0.22229911450900045,0,0.0004788395871062055,0,5.755035071959999,0
622,0.06696548379723098,0,0.004062294831524368,0,0.14281901217069132,0,7.821007185520906e-05,0,2.0914660279189055,0
623,0.0227021280726732,0,0.0028356635591085034,0,0.088883684403425,0,3.457072843363978e-05,0,1.3170623377010011,0
624,0.2020566949690757,0,0.1090011978887689,1,0.23821246034830232,0,0.0003834979993550094,0,6.345832741164768,0
625,0.03523345872001331,0,0.0029126024567227757,0,0.11777070902494798,0,6.568063210866036e-05,0,2.16029590896442,0
626,0.09100010002750794,0,0.006708775915110279,0,0.1755803035279113,0,0.00010465545418491948,0,2.676535378808649,0
627,0.20704251812510002,0,0.0246399492819054,0,0.11898410051337684,0,0.0005339759796499883,0,2.9375130991047618,0
628,0.14174872433775015,0,0.025291109520861402,0,0.2054792575795307,0,0.00019158653518866172,0,4.7011282012636215,0
629,0.1912051093595548,0,0.0011673774431791132,0,0.1848656134271223,0,0.0003308408119614773,0,4.743149046481092,0
630,0.08884418020123634,0,0.0026009999219650166,0,0.15633419742245058,0,0.00018882017487445847,0,2.461008436356647,0
631,0.14560231328297304,0,0.027100135179305755,0,0.20135289219927704,0,0.00018513088967216177,0,2.714185383806052,0
632,0.12253375964418138,0,0.01633316730800494,0,0.17508337636281546,0,0.0001018766528285865,0,2.557794585384029,0
633,0.028475150063394964,0,0.002509396833462354,0,0.09060846569798386,0,5.706260376872327e-05,0,1.993223631307822,0
634,0.12357672640809138,0,0.00931569617699019,0,0.13827906772456441,0,0.0002112852464354293,0,3.7514803291601018,0
635,0.09365048299753519,0,0.0036734450994122246,0,0.11790358892020036,0,0.0001784621776349852,0,2.1505547170164627,0
636,0.12939494460139125,0,0.003093753634499566,0,0.22870148194063125,0,0.00021766500063659518,0,3.862585506091159,0
637,0.017231148995612233,0,0.005666803540410292,0,0.04668778215319001,0,8.654369424619582e-05,0,0.5895158382336835,0
638,0.21855840201603488,0,0.012003416366295523,0,0.21499664968266788,0,0.00029970708623126846,0,3.7101484879451427,0
639,0.0550598627018813,0,0.0033813694866292173,0,0.1022195823657876,0,5.815815132498982e-05,0,1.7177704985836635,0
640,0.12485066329362411,0,0.0063911587548085074,0,0.07530412745129351,0,0.00017134305372762767,0,1.9220014965565562,0
641,0.1387418386090569,0,0.030511664529666718,0,0.11447312583573001,0,0.00041442960263490727,0,1.625083584224725,0
642,0.000909047787822113,0,0.00275863691930166,0,0.10641739645603052,0,5.4906447367643296e-05,0,1.4921020816744481,0
643,0.023575956345736223,0,0.002958847045451275,0,0.08770513221961747,0,3.5368685186311725e-05,0,1.3608456397156004,0
644,0.03316996249072654,0,0.0024987955091652003,0,0.10104209490976963,0,7.679091359082811e-05,0,1.491511229414225,0
645,0.08702845339760316,0,0.009746287676230377,0,0.132951130031607,0,0.00012744484031826568,0,3.2347585602704165,0
646,0.17131856310525018,0,0.011038470082879392,0,0.1702285808761324,0,0.0005201230334524576,0,2.254267735452772,0
647,0.15950639648109705,0,0.0010986576331092118,0,0.22161818246512388,0,0.00022410567561495864,0,4.16822564678237,0
648,0.04751505780926279,0,0.007847021739087962,0,0.11194096668997157,0,6.924710278582694e-05,0,1.316001972655285,0
649,0.20375821714312528,0,0.09196536863508871,1,0.30299918344198623,1,0.0004329448579704278,0,6.777322106620199,0
650,0.1086057411791588,0,0.015348684423601672,0,0.15455718040894623,0,0.0002355667865518404,0,1.8603570630501085,0
651,0.22697715967885998,0,0.005777710564538966,0,0.1440800638520548,0,0.000518115179392994,0,3.6423449543650497,0
652,0.31298622488308936,0,0.03292809082240459,0,0.08236614292410728,0,0.0006671336115295506,0,8.495534280077873,0
653,0.15092842023509564,0,0.005080733213786712,0,0.11053830333234721,0,0.00021826817993326016,0,3.0033131295410906,0
654,0.050004710564900134,0,0.0013300041727951715,0,0.15262233394516841,0,0.00013362981340542452,0,2.9889208011808615,0
655,0.032412995440247755,0,0.0008051546720771492,0,0.13738068067588094,0,0.00010670380831512632,0,2.5756021390772195,0
656,0.011795013084041227,0,0.008751094863973068,0,0.08710422971782145,0,2.7981244253767753e-05,0,1.407981123780512,0
657,0.0452826952760423,0,0.008210552177611956,0,0.1498152941295042,0,0.00010664677013532869,0,2.677866902154451,0
658,0.022356738475430193,0,0.003223050910970423,0,0.11881620709950126,0,4.80135322307501e-05,0,1.6625219620374376,0
659,0.43757749350722047,0,0.11530011273543339,1,0.42874565489014943,1,0.016740712673647355,1,13.726117559429074,0
660,0.19218229875054152,0,0.003351803277437692,0,0.19039345935376298,0,0.0006517318916098503,0,6.575721771555129,0
661,0.07092390907302458,0,0.003702257959900642,0,0.14903948994758898,0,0.00013789594636433094,0,2.9816147212684903,0
662,0.11003065785200586,0,0.006271206734595584,0,0.12043238231395847,0,0.00016308472717156856,0,3.146606388433581,0
663,0.17642274335889555,0,0.0055081290368998925,0,0.2569651743489859,0,0.0002755891682554421,0,4.8461677222485084,0
664,0.15502129464530143,0,0.015235619304758606,0,0.15797045993442285,0,0.000308720903411523,0,3.7739327367418225,0
665,0.10356447811084253,0,0.007133942688867474,0,0.17139011542947824,0,9.207696588212285e-05,0,2.532294201771683,0
666,0.014100928739082643,0,0.0011186014625701938,0,0.10559137045574472,0,3.6901299016408135e-05,0,1.5511226117847816,0
667,0.03184724935236949,0,0.005704996794979332,0,0.12725570158308866,0,8.83829396882693e-05,0,2.261206817258671,0
668,0.01745492649361865,0,0.0038436830708060868,0,0.04544340086469341,0,2.6745915774432973e-05,0,0.3538449038229081,0
669,0.3569612668434221,0,0.048434130780031504,1,0.11093647665834465,0,0.0008840729030776057,0,10.975004501733387,0
670,0.1223608100543849,0,0.014472128043858576,0,0.1407537239002351,0,0.00025390287113738355,0,1.6902447851321263,0
671,0.047233490782684705,0,0.0,0,0.14028373783023948,0,0.00012898478693419406,0,2.9518981751638487,0
672,0.2842955854887131,0,0.08918865547310662,1,0.2971765837743812,0,0.003958482968288952,1,4.411321804679308,0
673,0.023805863939782856,0,0.0033104913112743046,0,0.06557828658755835,0,1.8472895858197794e-05,0,0.9411359585111297,0
674,0.09437716393193647,0,0.012205366381980597,0,0.049472630176164,0,0.0001802180076620363,0,1.0260253386472415,0
675,0.05090002353433845,0,0.00826537523523589,0,0.13605907379597038,0,0.00011534134665338305,0,2.776229672573864,0
676,0.02436196865999008,0,0.006157991567793671,0,0.04651669654676013,0,4.333971332968679e-05,0,0.9829527477420891,0
677,0.07786171748783964,0,0.011891388980595599,0,0.12436104133499977,0,0.00013139033609776995,0,3.278788089942394,0
678,0.1581381835776856,0,0.005427581890371407,0,0.18970244489350976,0,0.00021151113800091186,0,4.028266534104981,0
679,0.2644236562228258,0,0.006556530874802002,0,0.15891218599216997,0,0.0005807550896343519,0,3.9742200069122235,0
680,0.06509694723856246,0,0.00517422899750056,0,0.1318672967941463,0,9.967456049809638e-05,0,2.324204084365764,0
681,0.3475762209126349,0,0.004357116295276644,0,0.27618625040536904,0,0.0014252255944721083,0,17.60590779607144,0
682,0.23695862002992676,0,0.010828108053824068,0,0.24275320745254492,0,0.00035975347662811776,0,4.362823167506081,0
683,0.029300900699466448,0,0.003618351541825873,0,0.12501110172898036,0,6.091125652606972e-05,0,1.985284358577769,0
684,0.03722883481946338,0,0.0029266651136273096,0,0.06639720427316498,0,0.00011734747899678995,0,0.8638685634237444,0
685,0.17837804488964523,0,0.013873778978826424,0,0.13914097017515728,0,0.00032240108577602923,0,4.343590565691999,0
686,0.060531356154777075,0,0.00270469733683562,0,0.15392921656907368,0,0.0001426277405302135,0,2.9631178358740264,0
687,0.27557710142364156,0,0.02169956824805592,0,0.17206272155063612,0,0.0011458047172609252,0,3.070314163206569,0
688,0.1403328974386339,0,0.005786077552323142,0,0.1988497759854566,0,0.00020878951038414046,0,3.9339829521652527,0
689,0.12103132079502493,0,0.008024039578715897,0,0.09677628145626589,0,0.0001961657858168564,0,1.9699649692258645,0
690,0.1348905874109582,0,0.011165228730946877,0,0.1339730226043187,0,0.0004613508045455526,0,1.5285650623274558,0
691,0.17694089747282904,0,0.003922761884474698,0,0.18397765067117922,0,0.0007558948234534816,0,8.09314897162479,0
692,0.15195132252715093,0,0.0735054188988582,1,0.18164655448714295,0,0.00027867667712178795,0,5.042767147081195,0
693,0.4108702681431647,0,0.026692536234956,0,0.3291796008419145,1,0.001536902063408029,0,15.743483942216283,0
694,0.26882194724254316,0,0.014016854549606512,0,0.2829583923130562,0,0.0004906005230906804,0,9.37484912008217,0
695,0.057985401980698535,0,0.007221082201985778,0,0.10406612044285271,0,5.7782031146988184e-05,0,1.5451661069774179,0
696,0.022474034680707272,0,0.0032919837725000306,0,0.13428405688670614,0,7.837525092322161e-05,0,1.872843718022257,0
697,0.10501236822581976,0,0.02486056449772417,0,0.12283333902320333,0,0.0003155826918452147,0,1.8182283217210244,0
698,0.034292849586282474,0,0.003187077044989273,0,0.10376380416589984,0,8.231010070687157e-05,0,1.5442202684434876,0
699,0.023270340869294595,0,0.002725080781611605,0,0.06827183062969389,0,5.132370500993987e-05,0,0.889810225836297,0
700,0.208671435893061,0,0.002632295294396053,0,0.21992718675955916,0,0.0003582709511729016,0,6.147266685492394,0
701,0.06772362355827043,0,0.004955400282221879,0,0.13931276483999772,0,8.816062191947409e-05,0,2.4253314619610187,0
702,0.22247471803324229,0,0.003169428342275073,0,0.23608122710371457,0,0.000397081125996103,0,5.516090715003363,0
703,0.18497338068104807,0,0.02899859129336992,0,0.1921436249473924,0,0.0002694123629013547,0,6.038899807250063,0
704,0.1986518696635316,0,0.010901656635719533,0,0.23188276961934282,0,0.00023732947614361023,0,3.629477873539881,0
705,0.1467100984776386,0,0.022257128552520065,0,0.07550771019751157,0,0.0005075252354322586,0,2.356873995709547,0
706,0.0985733678076608,0,0.001021685096147131,0,0.15207164148049626,0,0.00021174119181495947,0,2.4798538315636893,0
707,0.03845231920634909,0,0.002136081163136982,0,0.09180947288959761,0,6.332771639273607e-05,0,2.087529072295111,0
708,0.20765120257257252,0,0.008154380193102979,0,0.2698563955042332,0,0.0002967419387360811,0,5.21278261109695,0
709,0.09815655278407714,0,0.012129528586803646,0,0.15860957991657904,0,7.85211414105815e-05,0,2.528234674681716,0
710,0.10530992653481104,0,0.0013118135484432483,0,0.12902552240476517,0,0.00018345273622193448,0,2.4543863090158813,0
711,0.12040491635581449,0,0.007280363009929514,0,0.1242858775714026,0,0.00019872168296766092,0,3.425466925889542,0
712,0.16719971354527946,0,0.005153394816344384,0,0.17587123532980406,0,0.0007276835382910952,0,7.643023287611404,0
713,0.04700661053178706,0,0.013841481465873948,0,0.03416237465307304,0,7.236979338913497e-05,0,0.6220040348406997,0
714,0.17079077139804086,0,0.0013077678600739537,0,0.17922372267915648,0,0.00030770186101318166,0,5.013939392139188,0
715,0.22427438468743827,0,0.03001017197001869,0,0.15927778962494119,0,0.0011365435288883659,0,3.0247389864786673,0
716,0.019102098121114814,0,0.0034656648899812218,0,0.10506562921556464,0,4.672481952630005e-05,0,1.807176205234803,0
717,0.03952686842720557,0,0.005358892079298369,0,0.10869151964802934,0,7.690245042052545e-05,0,1.8580606853068873,0
718,0.21314545068741356,0,0.005962818203873964,0,0.1177671719088013,0,0.000555477000038546,0,2.9772717560534723,0
719,0.17262678641067292,0,0.03532439701253599,0,0.13490160049422617,0,0.0006311122005442257,0,1.81971098429249,0
720,0.03391633539726816,0,0.015595405113705827,0,0.0948097805768663,0,7.214716172219636e-05,0,2.096323466539012,0
721,0.03545685005197587,0,0.004327109405052543,0,0.04711573239853399,0,3.310510449189634e-05,0,0.6201108574430939,0
722,0.24103990644689427,0,0.017555755570496788,0,0.25541696766034666,0,0.00036999391450394343,0,4.464839040697816,0
723,0.016886150561725117,0,0.008476324677682529,0,0.041144068089075565,0,2.2447219743345055e-05,0,0.7333469925708649,0
724,0.05251337748269184,0,0.0160928695993213,0,0.17851416422825853,0,0.00012739494342669714,0,2.680730294631554,0
725,0.071899107752223,0,0.006160174059758992,0,0.1434139962415803,0,9.692932811740017e-05,0,2.594484473095384,0
726,0.2062377670730011,0,0.011387034743955587,0,0.19658665688060237,0,0.0004950221786824693,0,2.413164122939425,0
727,0.11870088876140004,0,0.009423410952724202,0,0.20641233079024385,0,0.00014713814253735312,0,3.087661904111639,0
728,0.15235801950250624,0,0.040855726880960584,0,0.21960769637768748,0,0.000252199509924016,0,4.441466436087022,0
729,0.1349959019151384,0,0.011720968310968262,0,0.13979892792221524,0,0.00022443128712140655,0,2.8691765066313044,0
730,0.5950911244132301,1,0.15712001356139066,1,0.7347222678586731,1,0.04867610503288212,1,38.0683529528368,1
731,0.6812317059642179,1,0.0481638264429593,1,0.34063648855240297,1,0.0017658976184901987,0,20.266671294708566,0
732,0.061615942892105834,0,0.010731745228143777,0,0.16518145283982177,0,0.0001002710719285786,0,2.4372364695615536,0
733,0.17809331391965935,0,0.008061948470988617,0,0.12671010184157505,0,0.00031567094795539045,0,3.5631537706199365,0
734,0.1143913964993574,0,0.011665091399078757,0,0.07586593741778146,0,0.00020094729393505244,0,1.3651536962686208,0
735,0.1098331095519586,0,0.017764399294025405,0,0.17529507914504125,0,0.00026116206563217125,0,1.9337023189701177,0
736,0.27743458858603665,0,0.007961487517314783,0,0.30299586631675135,0,0.000523387868128723,0,9.43915632072152,0
737,0.0626963387771067,0,0.006850426391056988,0,0.18554664424505093,0,0.00015871556661146684,0,3.331582741735558,0
738,0.10766511632369448,0,0.0023475294829327017,0,0.18520533819501803,0,0.00016746673272787315,0,3.0915780364204153,0
739,0.4353487425270532,0,0.006157142415586333,0,0.29008103429790616,0,0.002252785050646834,0,26.97652829132994,1
740,0.03702724669106752,0,0.005915605135945042,0,0.128540591549709,0,9.95616718663748e-05,0,2.4438550919734086,0
741,0.01928840542639727,0,0.0029766875923426988,0,0.10594921947204901,0,4.365407722318611e-05,0,1.640232425628242,0
742,0.047336550250045795,0,0.0076765845039422406,0,0.10456522020654194,0,6.376441408572106e-05,0,1.6638059795883116,0
743,0.16474095195853378,0,0.00555637902617029,0,0.17854708482807402,0,0.00021324733728713557,0,4.1844396652202756,0
744,0.010281887952295708,0,0.004327660447265496,0,0.1030053798286105,0,5.9239223691787464e-05,0,1.3531783561082686,0
745,0.08129616200068039,0,0.012000760600524015,0,0.11280209343159438,0,0.00012880170017549997,0,3.1763708254496086,0
746,0.055276804245741905,0,0.029314319696205817,0,0.1363984434072276,0,0.0001497262479580964,0,3.064268216424891,0
747,0.40356024324940154,0,0.019388594249687162,0,0.2953928641656555,0,0.0014766713303575537,0,14.967256246078085,0
748,0.03410288349719181,0,0.006750973487985346,0,0.14787946747616657,0,8.589909731878802e-05,0,1.9879723459363003,0
749,0.028406878669515707,0,0.006425510312548416,0,0.06616965587016559,0,0.00013865085206099049,0,0.6921888882742535,0
750,0.087811477834443,0,0.004886258413204957,0,0.19087271621300156,0,0.00023557505445401697,0,3.1061268117833207,0
751,0.23238485172907053,0,0.0035884275257229118,0,0.2294078968316524,0,0.00041743234701434046,0,5.906144586972336,0
752,0.16288034897892872,0,0.0114186392729837,0,0.1766450465338124,0,0.00027347344646744097,0,3.9101474947525583,0
753,0.2167734298527252,0,0.030511455766850704,0,0.09453467047841986,0,0.0008929380996725739,0,2.8228215373394288,0
754,0.21565822446338925,0,0.019016554367927374,0,0.15459964430819975,0,0.00034122233931909183,0,6.731450825262331,0
755,0.037218223095064826,0,0.003714122382228312,0,0.08205771459273474,0,6.312611853425754e-05,0,1.9772752076688551,0
756,0.08557029687593279,0,0.005085387860057371,0,0.1148111718537214,0,0.00015003932268780736,0,2.914936848570912,0
757,0.20394242055653558,0,0.010167867718493302,0,0.27878804611087854,0,0.00031406718695380835,0,5.40193918531755,0
758,0.12034238656234471,0,0.012376536513376599,0,0.15207146496157714,0,8.665236991895405e-05,0,2.5918324642026147,0
759,0.11357100171805615,0,0.003768686189835162,0,0.1308181795153241,0,0.00020713293049871544,0,2.605320946175266,0
760,0.03538296382570156,0,0.007337888398785888,0,0.1476037365915916,0,8.314465912966371e-05,0,2.0021005385367667,0
761,0.29433732451492783,0,0.04478487003891988,1,0.1963525412815608,0,0.002327108286241436,0,3.7419250233171937,0
762,0.04808018062409784,0,0.01255020694186491,0,0.13814327843411722,0,0.00016095181705826073,0,3.0071747989219095,0
763,0.6235654789842189,1,0.04715498638329366,1,0.28854441042823553,0,0.0017790710236887804,0,21.01217285991609,0
764,0.09829652379097349,0,0.010038348287137037,0,0.04506432608915198,0,0.00018718280579587906,0,1.1537631031011704,0
765,0.06008133950994417,0,0.011337894683454376,0,0.08860217509925965,0,6.188640069923923e-05,0,1.444079020389435,0
766,0.045214058863895915,0,0.004650918113453132,0,0.09188447016623924,0,4.560872418142761e-05,0,1.4614281312866084,0
767,0.05472049047376611,0,0.01119225894198161,0,0.11906401041760535,0,0.0001202005416161532,0,2.661610855349696,0
768,0.02974413893309676,0,0.009875367577387481,0,0.01952451247872532,0,3.2311559028305075e-05,0,0.48666850403601325,0
769,0.1962772223332455,0,0.0032744857175820443,0,0.18352131131866845,0,0.000399798812127965,0,6.694320162987862,0
770,0.1381387488067054,0,0.007793743931454604,0,0.1459689605800935,0,0.00037642708627052147,0,2.2127929104662227,0
771,0.2713380421484752,0,0.005220569028126384,0,0.24978734089306295,0,0.0005450501143253748,0,9.688221317089463,0
772,0.13382095572958588,0,0.003416498299898432,0,0.16672256266709973,0,0.00027197436149268845,0,3.6130210040918405,0
773,0.01470291054386048,0,0.008314766048479978,0,0.0440011212911807,0,3.195206244863817e-05,0,0.745030076001919,0
774,0.018535796673935206,0,0.0028130777053951097,0,0.05273837806565243,0,2.425570719317733e-05,0,0.3854690198983525,0
775,0.369398730835946,0,0.00392088101948396,0,0.2611587821084443,0,0.0016349136622102658,0,20.290407356489773,0
776,0.07264570562563064,0,0.006366421393349711,0,0.1693668681331045,0,9.51815512944564e-05,0,2.527050924029054,0
777,0.43326339468849157,0,0.028209803361659555,0,0.3293732727505157,1,0.0016935011203045697,0,16.813362844933756,0
778,0.05823593937578992,0,0.0041188676270820235,0,0.14489286129386056,0,0.0001264782297931984,0,2.7192455964802784,0
779,0.11392975438662174,0,0.007055794679231728,0,0.07506871376339352,0,0.00020223112560520192,0,2.3269209169357867,0
780,0.15382700708685093,0,0.010978666518100639,0,0.11688240286728069,0,0.0003225016224449538,0,3.5891526784875483,0
781,0.13738722265540163,0,0.004138147028476737,0,0.19495839984169397,0,0.00019314080271664867,0,3.5677571773860492,0
782,0.13570965893596493,0,0.009904450747511366,0,0.12874139655486969,0,0.00021146193557453104,0,4.437523989577015,0
783,0.018986690406447317,0,0.003129207345451872,0,0.08281925313934148,0,2.4792818839755972e-05,0,1.1371194978680879,0
784,0.03077671286511126,0,0.0057041230345953875,0,0.10073938838350922,0,4.7247885026343136e-05,0,1.6554119011467854,0
785,0.489893558007223,0,0.1296707231536074,1,0.49803595466515094,1,0.025487901420253367,1,20.37447910658957,0
786,0.17601441821024694,0,0.003922761884474698,0,0.19463156026867254,0,0.0007528188760545876,0,8.117909661620983,0
787,0.04729184521089225,0,0.010906046258343783,0,0.1299254633886969,0,8.651500172148081e-05,0,1.7974669310558564,0
788,0.22271377632509404,0,0.01392832109213186,0,0.21739355447217987,0,0.0003357426650820377,0,3.9993839907405544,0
789,0.18248812845056814,0,0.0073792472339856184,0,0.12271222162107301,0,0.0005309456489642837,0,2.821000939122724,0
790,0.17737393156850295,0,0.034581682067800136,0,0.14291249421345234,0,0.00055089532556877,0,1.9775584162351094,0
791,0.025918167361708454,0,0.0037305094747632594,0,0.1156091261736173,0,7.576191256894822e-05,0,1.532226084528943,0
792,0.0363769182461679,0,0.0025602718849808584,0,0.062337397605547934,0,5.0455216665890264e-05,0,0.8119188922503948,0
793,0.02829037573399751,0,0.0047833049290913,0,0.13546339314146544,0,9.976941963934436e-05,0,2.425462853433173,0
794,0.03058283497549255,0,0.0021348602765034457,0,0.1423594204375191,0,6.890265314471832e-05,0,2.0110669501641074,0
795,0.009411424664554758,0,0.007140176539039788,0,0.038148177132433285,0,0.0,0,0.37490763179439773,0
796,0.034789591705931246,0,0.014722336967140948,0,0.1613816909912799,0,0.00011212509466189749,0,2.387145421647566,0
797,0.06165910246101805,0,0.006936412221714637,0,0.09404860226790981,0,0.0001616796188060553,0,1.1154483130749477,0
798,0.11374465351567821,0,0.015184148997771745,0,0.17443096300336652,0,0.00024922896340094316,0,1.8819636838146934,0
799,0.12064812367972835,0,0.013713948150676053,0,0.2336268270578948,0,0.00026018927942407136,0,3.822954030877934,0
800,0.23649633167782877,0,0.00597220043335715,0,0.26447924988381855,0,0.00042611586099261924,0,5.661628732667578,0
801,0.4430516936900682,0,0.017678385278348214,0,0.3029819951008369,0,0.0008977301524509138,0,15.031310946745055,0
802,0.33671873671013075,0,0.03668563520237277,0,0.14631659651832452,0,0.0013144278328499493,0,4.145265492231216,0
803,0.19257053572108315,0,0.010853581826248173,0,0.15211567904051262,0,0.0002962332948444997,0,4.231165160805705,0
804,0.031481128028197615,0,0.01309233537474689,0,0.06620552663602632,0,3.689522157605565e-05,0,0.5861788061878869,0
805,0.21726427534180184,0,0.013995700937075518,0,0.27522390034875305,0,0.0003404529078513539,0,5.796658880881365,0
806,0.035139406356589686,0,0.002116098308644613,0,0.08822789453307911,0,6.24506231165824e-05,0,2.039144486063725,0
807,0.15860337264900887,0,0.014679084273558062,0,0.17157540560551265,0,0.00014316437564688126,0,3.3770851683867926,0
808,0.07591555405503449,0,0.003078311767122824,0,0.11230293465267281,0,0.00012031337151659305,0,2.5481876329036828,0
809,0.06347217934848458,0,0.0118744901132488,0,0.10181647220570884,0,0.00010460089041538508,0,2.211244661577388,0
810,0.02244950725203569,0,0.007255800331849084,0,0.12593505450849157,0,7.514473070077759e-05,0,1.753164509167997,0
811,0.12584087474173564,0,0.00897387331231126,0,0.18581520988229458,0,0.00020849994935438656,0,3.846272977746549,0
812,0.14426590781893614,0,0.008288070106373226,0,0.1016230514377671,0,0.00033282290737103365,0,3.2512067634997317,0
813,0.06260681415060845,0,0.005905072175265563,0,0.02386527305840703,0,0.00011507845778695019,0,0.7855583975077989,0
814,0.34159537886638486,0,0.03954266366423736,0,0.27505486368225107,0,0.005371608592982429,1,5.1432464064746615,0
815,0.014674957822754783,0,0.006608772215771809,0,0.07693811622527034,0,3.7870652036668305e-05,0,0.9933593415096075,0
816,0.33773250300973784,0,0.04003428078999746,0,0.21110589457581463,0,0.0028243474249108826,1,4.898263902692048,0
817,0.03092233853071014,0,0.003916308978106923,0,0.0996787316660119,0,4.82152531073804e-05,0,1.8545043235772511,0
818,0.33913263676809335,0,0.01341462414375263,0,0.16653539260595562,0,0.0006684446756631559,0,7.833216690494522,0
819,0.21973203343145184,0,0.004210660118662456,0,0.20474575778300974,0,0.001049790443439091,0,11.755977762741852,0
820,0.014684351049783736,0,0.005345992790835015,0,0.03913589354687204,0,1.7330510339119297e-05,0,0.46446503560488966,0
821,0.04534988197784181,0,0.005297326046491368,0,0.12295244821302855,0,8.781315208856412e-05,0,1.9413394326522755,0
822,0.04038659310344562,0,0.007535790348663656,0,0.1669971355042932,0,0.00014365714329114576,0,3.0181437159020303,0
823,0.209953697191625,0,0.008270475484526587,0,0.2117613484105962,0,0.00032063672945837983,0,4.150073496664491,0
824,0.2417857665864543,0,0.0032090081380640872,0,0.250797607599379,0,0.0004489603745335961,0,7.000883336996926,0
825,0.2400188979355637,0,0.007909198860996607,0,0.15275917224696062,0,0.0005198924597877617,0,3.6224563367405507,0
826,0.1937363383278994,0,0.09794882567897771,1,0.2468379869009863,0,0.00039812326481700357,0,6.5242059264830035,0
827,0.024210264866509283,0,0.0028245428243781484,0,0.0897589044725239,0,2.8776556898483258e-05,0,1.0905623141442833,0
828,0.0653309242988528,0,0.005321377534909674,0,0.1389354627923038,0,7.974251306936803e-05,0,2.198896115285788,0
829,0.13915998654854092,0,0.011959652316022872,0,0.05146750372058956,0,0.0003201356254729847,0,1.0990354523857537,0
830,0.045337357225413544,0,0.0052337720797585915,0,0.07140108217164312,0,3.5268836515998216e-05,0,0.5801648959924804,0
831,0.2908579363140324,0,0.0035797264664075585,0,0.2763335033874824,0,0.0005503296697719292,0,9.13503486476627,0
832,0.09951549795007616,0,0.004768117695663999,0,0.15736731422543712,0,0.00023257000841909992,0,1.9972957814633356,0
833,0.027274737783890102,0,0.0072862738648460075,0,0.033484403404294774,0,3.693116188689946e-05,0,0.8488149515747919,0
834,0.13264011556876268,0,0.011902639439763713,0,0.14642543663188226,0,0.00022526514982163114,0,4.454432390472498,0
835,0.1569437519361558,0,0.009570772810227468,0,0.18461732301551548,0,0.0003897175095233389,0,2.304826015456889,0
836,0.3410796882690597,0,0.004228739074505304,0,0.2647592926982824,0,0.0014532661739028016,0,17.85231980269395,0
837,0.13788598665250162,0,0.002889047058441231,0,0.1797707268037569,0,0.00022167294211629377,0,3.671379941319472,0
838,0.13180380137793277,0,0.032361342525157585,0,0.1250023455790382,0,0.00042329678072210256,0,1.6071201092098275,0
839,0.3875020760367216,0,0.018692089553871458,0,0.30298853791112856,0,0.0014079845689859366,0,14.65068050658752,0
840,0.13688995974347307,0,0.005210460173085259,0,0.20831252003154085,0,0.0001603141061699869,0,3.4037029000114827,0
841,0.03423067483089042,0,0.0036921745241488705,0,0.12415079678233586,0,5.586961541951379e-05,0,1.7007063385955767,0
842,0.044267501178113296,0,0.007809908675995129,0,0.15361718683077905,0,0.00012942307998759542,0,2.798718577457587,0
843,0.047887426083567275,0,0.0037744933298657067,0,0.0622684247389271,0,7.465601563576778e-05,0,1.1423263908529453,0
844,0.6409810679933252,1,0.04987773885718159,1,0.3030051714751887,1,0.0018483934660734197,0,21.514597666339327,0
845,0.03643050761285003,0,0.006543451192588798,0,0.09006391171296432,0,6.134414865700648e-05,0,1.4486418383720623,0
846,0.01977570661045665,0,0.007656319621287739,0,0.12396785879309727,0,8.582092483184063e-05,0,2.1971243354835477,0
847,0.330082595447303,0,0.05088068237974818,1,0.14757486941165102,0,0.0015959701179037826,0,4.5530875989657575,0
848,0.06874494181979632,0,0.004397757069418429,0,0.160860243084241,0,0.00016972959932743667,0,2.357439371910739,0
849,0.26440083465612546,0,0.008657696395989137,0,0.18399505991698895,0,0.0003767722189594883,0,4.829756389596151,0
850,0.4875955035302196,0,0.015432291701016412,0,0.24652429743859958,0,0.0009357097382352649,0,14.561164242205034,0
851,0.18039024541180115,0,0.002662736483555508,0,0.16156126718453312,0,0.0002940665078017095,0,4.7629552928242225,0
852,0.09757750330920974,0,0.018333344398992996,0,0.13281431599974225,0,0.000221615073384211,0,2.2056267606280238,0
853,0.04608473376624858,0,0.0071656159440961955,0,0.08896198537342406,0,0.00010208058704899588,0,2.2266104960412747,0
854,0.15126820743778874,0,0.009398394682425922,0,0.231453438080092,0,0.000266310367876958,0,4.648891681901723,0
855,0.16773537380668666,0,0.016562737757390675,0,0.17482484324468675,0,0.0001691074587922972,0,3.505438416800774,0
856,0.02635205548167181,0,0.003374368844549843,0,0.08625152132638952,0,4.807227460516818e-05,0,1.7952798058238417,0
857,0.6768101273646894,1,0.04956289802081872,1,0.35004951873697554,1,0.002167402086083391,0,24.85467393160399,1
858,0.02896753557330634,0,0.012594985183087782,0,0.10231424698731424,0,4.5277784413724425e-05,0,1.3943599044861907,0
859,0.1661843700662212,0,0.010414145801117608,0,0.1449344080551878,0,0.00027243928271211275,0,3.3925287100851023,0
860,0.09062536934778706,0,0.006717157972396536,0,0.09018871395417202,0,0.0002977061087655214,0,1.34069045483183,0
861,0.22296088296451302,0,0.00913918114937473,0,0.11331855840166234,0,0.0006073339850973686,0,3.6030006778913317,0
862,0.05066024253096086,0,0.007713565122094696,0,0.06586327077469764,0,5.529212850958752e-05,0,1.3605079434252358,0
863,0.10712602106083748,0,0.013981410203241982,0,0.09128434104548568,0,0.00020844521032220909,0,2.720585089857978,0
864,0.030933098378046354,0,0.015208536119027533,0,0.10805742528329815,0,9.482991886580638e-05,0,2.192877240948343,0
865,0.10861540919356101,0,0.009358813238731152,0,0.08708767177223777,0,0.0001880599672614872,0,3.64980377549245,0
866,0.23562317598211144,0,0.005431894015362331,0,0.2273221719542054,0,0.0010751573561040616,0,11.827373871296162,0
867,0.14485778885043843,0,0.05306518665601893,1,0.18660935317875257,0,0.0003336643677147882,0,2.1580565012647286,0
868,0.17182538048575194,0,0.011269109586691868,0,0.10260635653517221,0,0.0003772311534638695,0,3.7941665812462104,0
869,0.006439824479440825,0,0.0024346800879625516,0,0.0625872229825219,0,2.674758911305448e-05,0,0.7018422256359202,0
870,0.03573313897288203,0,0.0032926101380185125,0,0.1207215788679864,0,8.478436864870854e-05,0,1.582846389521158,0
871,0.10916593160847045,0,0.008930831710705174,0,0.05106714253562339,0,0.00014066057150774152,0,1.1019918583855524,0
872,0.028985015257955153,0,0.0037687334387341838,0,0.1170503696699539,0,7.864256051789703e-05,0,2.0287965417091947,0
873,0.1396134210684495,0,0.0026804266012657517,0,0.16725444093475994,0,0.00021927257044174965,0,3.6193986379172527,0
874,0.031223098823880874,0,0.004269797192690555,0,0.13266485263276562,0,9.961948181590543e-05,0,2.4349803986051013,0
875,0.1442869706532249,0,0.004849996233016695,0,0.189556714495452,0,0.00014150933300186537,0,3.3064999911429958,0
876,0.348028874357113,0,0.029541044640492228,0,0.2637113157470955,0,0.004149127179936166,1,4.864450195858683,0
877,0.05351229101183199,0,0.01578772279422778,0,0.07370602269845296,0,6.248008942276438e-05,0,0.6578351634663312,0
878,0.28054605494058743,0,0.03312064259018353,0,0.1463206859320187,0,0.001110739581093252,0,4.363890349539163,0
879,0.1158596124341969,0,0.005053883580010503,0,0.16585128622570985,0,0.0002812792846294255,0,2.0258516509450746,0
880,0.03031024802782004,0,0.00371864761564464,0,0.12317949290529642,0,6.519319691661246e-05,0,2.0687551268015394,0
881,0.4202271144802685,0,0.015999904283922707,0,0.32380732584258315,1,0.0017103276136107867,0,18.13351641289915,0
882,0.3944536797792819,0,0.00509959366719661,0,0.3030244610984823,1,0.0018304996082148537,0,22.904917494557242,0
883,0.09231494726077256,0,0.020530183549965254,0,0.15410860346795155,0,0.00011470570405453985,0,2.504112313084059,0
884,0.13273012773506157,0,0.020875534601476873,0,0.11565890105263746,0,0.0003964890006951823,0,1.4610406427919438,0
885,0.25422425432618734,0,0.004178541601469916,0,0.2607269771435566,0,0.0005135998337686918,0,7.562985670141837,0
886,0.034622027664784324,0,0.005913164039785863,0,0.16466105371037434,0,0.00011230838158725445,0,2.22032507274107,0
887,0.03243724333491529,0,0.009523982016462158,0,0.03956322901057242,0,5.092618548421231e-05,0,1.043395940757883,0
888,0.07996630705869827,0,0.005627382154513988,0,0.16529214569860365,0,9.696175998042936e-05,0,2.4384600167886386,0
889,0.048614591621474385,0,0.012494628133552926,0,0.16110056669134787,0,0.00013945891810108603,0,2.9725723647013473,0
890,0.17779719664066496,0,0.012720369498545846,0,0.2140332773143869,0,0.00027118252432326945,0,4.844714181181887,0
891,0.027898276000185778,0,0.00647850364331599,0,0.03715814087412727,0,9.542385593140591e-05,0,0.5964354991997838,0
892,0.28615619365125883,0,0.004819613599257427,0,0.20467602867684828,0,0.0005945173374877036,0,9.676924309923809,0
893,0.021436261159519923,0,0.007595232122286291,0,0.06958519591171172,0,3.232996838332513e-05,0,1.2498945088996707,0
894,0.019767833891425647,0,0.006915432180129483,0,0.025852681802266953,0,3.136632239441731e-05,0,0.2080939857670633,0
895,0.3310412016534023,0,0.03691607104673494,0,0.14543623689171084,0,0.003044810891571668,1,4.57896136575822,0
896,0.5104931429735746,0,0.020347784696658502,0,0.2793850427603245,0,0.0010682381402248298,0,16.916026171738743,0
897,0.10373902218130683,0,0.006392107746556051,0,0.15672639155088824,0,0.00017203465619436824,0,2.386972499134946,0
898,0.2604297491555791,0,0.009555289346074866,0,0.18057839906418788,0,0.0005313422186835083,0,4.682501806661515,0
899,0.171893517641529,0,0.005114389367423688,0,0.15462775655658656,0,0.0002707577882524186,0,4.596776421058012,0
900,0.12477181216962756,0,0.00861490905489484,0,0.2052927548713338,0,0.0002432591668891604,0,4.250794409003059,0
901,0.026151255729917455,0,0.005946646618475952,0,0.08401259808106436,0,4.716756889680126e-05,0,1.6495019456164328,0
902,0.21271383815504286,0,0.010703574540156899,0,0.194509666441844,0,0.0002476200497766606,0,4.327549033587412,0
903,0.05541055528737285,0,0.005371157848164329,0,0.08834500604533306,0,0.00010958591075536497,0,2.25096857014084,0
904,0.21025817826860857,0,0.03147613462586565,0,0.19093722020142334,0,0.0003963290161812461,0,4.171618149477247,0
905,0.06363505994916965,0,0.016365120791052203,0,0.10153568970837133,0,0.0001442622030882726,0,2.503411449999721,0
906,0.056585962265524,0,0.01742012119049996,0,0.11748583420498554,0,8.977037226390967e-05,0,1.6410618326776638,0
907,0.02521306584442356,0,0.006840897320941042,0,0.039824587076940816,0,3.548532415683604e-05,0,0.7986144349578049,0
908,0.05560180373536256,0,0.012284304615800731,0,0.08523270708903599,0,0.0001203776020007481,0,1.8600047207880557,0
909,0.005353328501629902,0,0.009785584388980252,0,0.033994280293015884,0,4.260378472956386e-06,0,0.22570458679057365,0
910,0.0967419050745004,0,0.01202310219342399,0,0.16025784978204524,0,0.00017339273626214047,0,2.7898256138587794,0
911,0.012881591570802426,0,0.010405791842560463,0,0.053226377351759745,0,0.00014759006872121038,0,0.5416845034205316,0
912,0.5041313466066434,0,0.022714895726524742,0,0.32951911491588165,1,0.0032260387678393304,1,40.15160170120605,1
913,0.04007494291168256,0,0.02726534534984498,0,0.06330120864766119,0,7.13203543968639e-05,0,0.7897451221067314,0
914,0.15667156221212217,0,0.008354565254062038,0,0.1433142229429612,0,0.00028477049725722883,0,3.530233803703838,0
915,0.32045471448312435,0,0.0391035384764387,0,0.20560142331155243,0,0.0006972326953322978,0,5.39408933904714,0
916,0.1648825958096573,0,0.016158076485192067,0,0.11627063361944737,0,0.0007477277168468846,0,1.416049433086563,0
917,0.7121123114672642,1,0.04112558859644033,1,0.32559566459965905,1,0.0021654756219234485,0,23.715600703286707,0
918,0.13059066762194882,0,0.024625233680823484,0,0.09860187676512361,0,0.0003186883696877822,0,2.24475088364018,0
919,0.05343445140580124,0,0.011106949600917137,0,0.06919489761644328,0,0.0001786165234069262,0,1.3327452555310058,0
920,0.12442289900280049,0,0.0038699114059672873,0,0.13986735043911258,0,0.00021423093914264176,0,3.777665937808154,0
921,0.061074746436141004,0,0.008471861260999197,0,0.16949763414223043,0,9.22691933394298e-05,0,2.385690501915051,0
922,0.3114562495491759,0,0.008949243086263724,0,0.25182690271592617,0,0.0006579341053305158,0,11.228648878874605,0
923,0.2247989750323743,0,0.0038647279541660236,0,0.18382850291951205,0,0.0004967552396149417,0,7.353100992188807,0
924,0.07127535979044523,0,0.020423443892677248,0,0.11747310034894728,0,0.0001283233982403499,0,2.57643403692864,0
925,0.3098652485194762,0,0.00969747603028681,0,0.29504914907477714,0,0.0012434713866753236,0,13.496655027335967,0
926,0.07699260807418616,0,0.012556304722453405,0,0.15131416995448413,0,0.0001252888549522224,0,3.187899806781556,0
927,0.19684036511054953,0,0.006253704813719142,0,0.23122534474034864,0,0.0007065215133300035,0,8.328721301146127,0
928,0.24344200040433303,0,0.02430223019756411,0,0.14032586804258398,0,0.001239385022916338,0,3.3071774816702266,0
929,0.05218042434085551,0,0.020861469001652196,0,0.0997534044014283,0,8.116119601679895e-05,0,2.2900789172001472,0
930,0.11465677879652604,0,0.006884165694212038,0,0.11825962152535471,0,0.00017446099260631713,0,3.8891845081038228,0
931,0.40198566322456974,0,0.08494232275571659,1,0.3679953212560503,1,0.010638984200919634,1,9.240684585925802,0
932,0.08943943320107878,0,0.014301127426819616,0,0.05827299197187161,0,9.172509394732215e-05,0,1.21080504780139,0
933,0.014530498372695839,0,0.010015207119249792,0,0.11678589870541513,0,6.579501847732834e-05,0,1.4297675701058197,0
934,0.05695701719993151,0,0.010696811641308,0,0.022457795354550496,0,9.627630224641988e-05,0,1.3537800737249874,0
935,0.05886182404604375,0,0.025683994356447002,0,0.19045730126823526,0,0.00014418158936960123,0,3.049522795868694,0
936,0.01715116338740165,0,0.006317764191963015,0,0.054823822978205414,0,2.728321687603477e-05,0,0.8812254004497264,0
937,0.022645549364165626,0,0.006900062494374592,0,0.13601653496054666,0,9.06770260880718e-05,0,2.275166597187014,0
938,0.07706478525440917,0,0.01162027772497166,0,0.13660535937077903,0,0.00010757459010465844,0,1.5860254870911958,0
939,0.02748065779988143,0,0.01790855537338382,0,0.13122486316654636,0,7.609990077291031e-05,0,1.7707988492831124,0
940,0.08346554509016531,0,0.007904525613082275,0,0.12559925296959965,0,0.00012189544941897149,0,3.0205048113748214,0
941,0.1659333082586628,0,0.011434160804182063,0,0.12610746768838244,0,0.00044148868199300235,0,3.752390738945789,0
942,0.13544243275573775,0,0.011609604643924793,0,0.16934038238217725,0,0.0003737206980702102,0,2.2914504979586847,0
943,0.055208179679087484,0,0.004999755890928195,0,0.14255194075460864,0,0.0001293538099360762,0,2.8822504621534524,0
944,0.5259216349681238,0,0.07283136864012144,1,0.30295744180837125,0,0.011150404618516147,1,11.82959218685713,0
945,0.1882886290219017,0,0.0013669940807422417,0,0.20308131443977473,0,0.0003466537828796481,0,5.467917344648119,0
946,0.5392015297855638,0,0.02307170979550626,0,0.3013727191555109,0,0.0011584402806669959,0,18.203424742821948,0
947,0.41328020784920994,0,0.03186777253735696,0,0.29989569759563545,0,0.0009759264283365672,0,12.646763097297171,0
948,0.15281020073047422,0,0.01772465038510092,0,0.14310495116592276,0,0.0001385513844649008,0,2.961844348017082,0
949,0.022416496531483168,0,0.0039602779960874425,0,0.11458671287721546,0,5.727675050948459e-05,0,2.0715817567880173,0
950,0.15016196587774774,0,0.0036078518210178583,0,0.22335409809730938,0,0.0002331726941031228,0,3.926387475937304,0
951,0.14768010831066203,0,0.021777238536865723,0,0.18380298253696983,0,0.00025917692734595037,0,3.545984867118959,0
952,0.2246867975136901,0,0.011599450208361983,0,0.18785477041976936,0,0.0002838457638301468,0,4.7151872569981155,0
953,0.10190633599480951,0,0.00921237421149069,0,0.11038916625955204,0,0.00016246180772237594,0,3.1678951098295145,0
954,0.037953180986684536,0,0.014634977030511212,0,0.08792970198462993,0,6.027494386837933e-05,0,1.532844398861637,0
955,0.1566000541577976,0,0.013776519689748143,0,0.18705294558741115,0,0.00027335402761356623,0,4.134105336854644,0
956,0.2631553040729234,0,0.00627793795917907,0,0.2486929844245483,0,0.0010850903075469301,0,10.947692535082883,0
957,0.06205848269461108,0,0.005991045334159053,0,0.06850599297088095,0,7.727878698855686e-05,0,1.7705273459193223,0
958,0.023126551621602813,0,0.01395215497473372,0,0.05353923950637809,0,0.00015856150446881583,0,0.5556953093762167,0
959,0.0188460504590892,0,0.014552938233253746,0,0.07716420076091463,0,4.440426949523825e-05,0,1.0079366734819861,0
960,0.011741330292591542,0,0.009984712235022685,0,0.03883452300466699,0,3.546700788375148e-06,0,0.4083652155842814,0
961,0.5706894633796805,1,0.03397268564671657,0,0.20149357771949644,0,0.0016422026857632332,0,17.36191751306665,0
962,0.22487324561974803,0,0.026134799242111015,0,0.1512373329711041,0,0.0016382518940646776,0,1.707759387283587,0
963,0.02056159857700239,0,0.012145916694203724,0,0.11170608554106791,0,6.906989764858843e-05,0,1.7970254658274758,0
964,0.060359299661852446,0,0.0033874705849618425,0,0.09483552619907111,0,5.650587625694434e-05,0,1.5360785949434115,0
965,0.2936423588251187,0,0.014635372661570657,0,0.2446161018041326,0,0.0007441335898583001,0,12.74329428433739,0
966,0.23848634615446018,0,0.0028066839025104157,0,0.18568640997437053,0,0.0005077720784869523,0,8.212742160221868,0
967,0.025839318120972853,0,0.0078415800133504,0,0.061752552669790656,0,4.3355569314871634e-05,0,1.3631080845651702,0
968,0.03707305339396098,0,0.007169239486434306,0,0.04237315876240381,0,6.457587862161719e-05,0,0.5118757221473682,0
969,0.02754547455150176,0,0.007469953666459171,0,0.09268523368679511,0,5.1368223412604904e-05,0,1.6099428702763088,0
970,0.09916933467414964,0,0.0076857888636016935,0,0.11095791019112858,0,0.00017836304861988875,0,2.060167342406503,0
971,0.330498123253711,0,0.03738452576879602,0,0.27206255621197023,0,0.005162315320445527,1,4.979058079484605,0
972,0.12642720217692896,0,0.003984170734683024,0,0.1301364467761305,0,0.0002311421752509178,0,4.114641101976155,0
973,0.38369817262326295,0,0.005370949340053773,0,0.21794448154863902,0,0.002145556103776867,0,25.89527056476079,1
974,0.21502277834286343,0,0.006984016892133947,0,0.11204783938911142,0,0.0005368153631738493,0,2.9025167256994564,0
975,0.22476391317893962,0,0.020617799681537693,0,0.13677885052965613,0,0.00059849225641051,0,5.034824169403257,0
976,0.07648694833575312,0,0.00479309846039615,0,0.17687177059332848,0,0.00011246321217826125,0,2.742911098063274,0
977,0.03890620810132423,0,0.007600183767367119,0,0.09917585906931257,0,7.48860611067764e-05,0,1.935008961040205,0
978,0.07950891277856417,0,0.006999068078864621,0,0.06718956152771761,0,0.00017022129334815712,0,1.3491172820712696,0
979,0.1349664418678557,0,0.00838236616721827,0,0.10703245998502299,0,0.00023203086453670653,0,4.497280117037276,0
980,0.06701264855298285,0,0.018502797689903167,0,0.016699351125637994,0,0.00013024725184749563,0,1.382239538474493,0
981,0.09611257110633747,0,0.02621898293299227,0,0.0,0,0.00015204304762175377,0,1.1991630314773205,0
982,0.062163105825612956,0,0.016013068285142127,0,0.12414420671229935,0,0.00014604769136806494,0,2.809076594091262,0
983,0.2021184689381902,0,0.0031376501498013147,0,0.17416778975721653,0,0.0003621237883780428,0,4.333359356813061,0
984,0.04266690122510527,0,0.011245419592975937,0,0.09506809099274208,0,0.0001104101048423646,0,1.756895842389007,0
985,0.11227944607563141,0,0.022497535127940612,0,0.13597350635069425,0,0.00035980833956665093,0,1.7959487114855492,0
986,0.31834016356757966,0,0.007362935696113544,0,0.2708964416490616,0,0.0014876593312696004,0,15.835169617077742,0
987,0.11267577574623733,0,0.013224235900608628,0,0.11402243284949536,0,0.00013299553098730928,0,2.6464268274523564,0
988,0.18857199462465407,0,0.019905359011221875,0,0.10592566725470899,0,0.0006706552784399389,0,2.5876976892258536,0
989,0.021027035474233832,0,0.01234033760949797,0,0.028658099908012314,0,2.687177964948264e-05,0,0.23542473625801508,0
990,0.02881025368986773,0,0.0028392111860328422,0,0.12364426875624908,0,7.466827768972783e-05,0,1.7071130915149797,0
991,0.04074071037720681,0,0.006899140006711199,0,0.04997849070983736,0,5.075905550242252e-05,0,0.7793087450131166,0
992,0.05501590199594783,0,0.004428120993238592,0,0.11212859973993064,0,5.767991568279255e-05,0,1.2569857571263092,0
993,0.49587778582588476,0,0.025635581078101294,0,0.34855068625811625,1,0.001257411569855945,0,19.738308489490358,0
994,0.08656909458291946,0,0.005496820941731255,0,0.15000472006432952,0,9.84828165308611e-05,0,2.3394938124084996,0
995,0.6425538981108138,1,0.07917029631760114,1,0.4705978411465659,1,0.011527498904220702,1,15.17877492857591,0
996,0.21080548305082217,0,0.00228728167565702,0,0.2329944166450299,0,0.0003440576425624702,0,5.355932195283126,0
997,0.2920459469158375,0,0.027772921191863843,0,0.19588701700405475,0,0.0006987774119603157,0,8.306266301347211,0
998,0.19381116539416357,0,0.008028315493851664,0,0.2524180933899891,0,0.0002919679458125767,0,4.929078987404931,0
999,0.019423782038238867,0,0.005592209511166986,0,0.0966963764689058,0,3.874681615310373e-05,0,1.6216940995351188,0
1000,0.09064054010004224,0,0.004923162323675814,0,0.10365483505168203,0,0.00014728823499505876,0,2.811706679383258,0
1001,0.04830509503453294,0,0.011806789438368171,0,0.0753659382356487,0,4.013147042670017e-05,0,0.9458015277353107,0
1002,0.2986075808641627,0,0.015714641652528224,0,0.2914796527885968,0,0.0005587593625187887,0,9.440056953294746,0
1003,0.018681924741680733,0,0.015001907442407212,0,0.04285984329559219,0,2.2080113555454304e-05,0,0.4814318133068058,0
1004,0.20860721426924123,0,0.008725484703632217,0,0.10627680253408885,0,0.0006303842569145165,0,2.9092070152729987,0
1005,0.028255828836289566,0,0.011538145150258014,0,0.048246980124553134,0,3.714996795227296e-05,0,0.6836273001574937,0
1006,0.21527494800454833,0,0.005093834688510872,0,0.14850216208605907,0,0.0004660157030236933,0,7.4726594590201625,0
1007,0.08684428684024707,0,0.016424564307283115,0,0.0894477623005227,0,0.0001274747445075799,0,2.052907196966322,0
1008,0.6208101124062374,1,0.024262576168976507,0,0.24910978007512222,0,0.0018884496454274165,0,20.27648527912361,0
1009,0.03525696614585469,0,0.014632975907528852,0,0.051875061235126155,0,0.0001925826119990919,0,0.5355924871397175,0
1010,0.2545420454247087,0,0.01100740399798866,0,0.12253554622269676,0,0.00047236167216554607,0,7.061259950452301,0
1011,0.2787994179638496,0,0.02011496230633102,0,0.14946087802439395,0,0.0008231556506218236,0,5.288795948510596,0
1012,0.025782123296373437,0,0.015800305857188182,0,0.09425114710216671,0,6.066742746616075e-05,0,1.4816201035771825,0
1013,0.05329172391471825,0,0.019738754043182094,0,0.12835125242868406,0,0.0001161038799007991,0,2.4886448904820324,0
1014,0.014910507650625595,0,0.0048868241259731075,0,0.06914844009576805,0,4.835785905183818e-05,0,1.3691791838208813,0
1015,0.10879166078404474,0,0.01037556185123571,0,0.04231020326689493,0,0.00023246385011894751,0,1.857668158525063,0
1016,0.04711655475946753,0,0.014843436790126336,0,0.02139529378503026,0,4.5974538277855066e-05,0,0.5982136694375217,0
1017,0.21772301587084722,0,0.02396086095323055,0,0.15148198427948678,0,0.0018126779429434364,0,2.0062156319463518,0
1018,0.16295514653753848,0,0.01783105239088083,0,0.09216837656160842,0,0.0004503578153929621,0,2.3095734987762957,0
1019,0.13259522865736567,0,0.02182527499697606,0,0.15407935206076886,0,0.000499007503113087,0,2.6625496998077898,0
1020,0.03429409348683191,0,0.008599836773282736,0,0.06631386680588265,0,5.783358445753188e-05,0,1.6159126078599257,0
1021,0.05645296052870395,0,0.009819929310257026,0,0.129230126073314,0,0.00011355842021001399,0,2.8056385451162273,0
1022,0.2721463085838988,0,0.005829454692151865,0,0.25845370192655925,0,0.0011505284726413074,0,12.528247825236077,0
1023,0.19703187407007208,0,0.07927193053106416,1,0.17540915947308178,0,0.0017806215219347335,0,2.239712795337274,0
1024,0.059979802438670855,0,0.003478849626943803,0,0.10424755482900336,0,5.9223309891361824e-05,0,1.300073069347056,0
1025,0.13285768396669712,0,0.011906448751167163,0,0.17639794459801503,0,0.00024918390929525665,0,3.9925419431431757,0
1026,0.009676196765724107,0,0.008895168356832179,0,0.04298802734426053,0,3.952213133582115e-06,0,0.5152768767009717,0
1027,0.029793536504529167,0,0.011229157245886625,0,0.028417198834252307,0,3.182005725166678e-05,0,0.25460301990649115,0
1028,0.047937507213591524,0,0.010741114443725112,0,0.05949671890581295,0,0.00013687000971737364,0,1.0738338059799082,0
1029,0.2047777284819925,0,0.004467717175514938,0,0.1593078915620709,0,0.0003680251700975145,0,4.375743314942815,0
1030,0.33519912513923805,0,0.002661406953086207,0,0.2054490158948295,0,0.001749590843389913,0,20.62257665376642,0
1031,0.12574986607231167,0,0.0030847392224597307,0,0.140747202740237,0,0.00024127868333863862,0,4.105283128809036,0
1032,0.08777549242241887,0,0.026915902506251657,0,0.13773012997827813,0,0.00017369945868876886,0,3.38645350632967,0
1033,0.0325981115327697,0,0.008316449694308418,0,0.07763328519287523,0,5.3308385770137804e-05,0,1.0843473756170106,0
1034,0.10016545031800327,0,0.00499346633328513,0,0.17682710244470695,0,0.00012203403904050205,0,2.9054435252887485,0
1035,0.31149460946507634,0,0.014067035148790088,0,0.234160295948843,0,0.0008227982376300597,0,13.021679700114651,0
1036,0.02531458082158306,0,0.007352545067372777,0,0.0965953570984227,0,8.039256599648609e-05,0,1.9924057205051813,0
1037,0.03766173634011921,0,0.010374142044199198,0,0.10301546568343496,0,7.288554892786137e-05,0,1.505753456861618,0
1038,0.24449080225220793,0,0.004455695677687977,0,0.1802202153958947,0,0.0011572831922972567,0,12.259708483963937,0
1039,0.046127984063209435,0,0.0154761095953039,0,0.030943857981154236,0,6.960035318784519e-05,0,0.19646127757341492,0
1040,0.08440274371365639,0,0.008118288038794427,0,0.10555514653885349,0,0.00016274359702560628,0,1.6822235090390099,0
1041,0.4796211228326311,0,0.07427471605885154,1,0.2342546214218988,0,0.005962220306097367,1,8.390343616706291,0
1042,0.26817343970442054,0,0.022250982518635973,0,0.1485799995184351,0,0.0004222736031820151,0,6.146974116826945,0
1043,0.4768127438603833,0,0.01707764491364549,0,0.2599492693878255,0,0.0010672733447250461,0,16.542507959355884,0
1044,0.1777632459926758,0,0.004185386546526278,0,0.19431952846287157,0,0.00027998190972679883,0,4.8968893270800695,0
1045,0.10161375325360551,0,0.006759487038632081,0,0.12821332581731656,0,0.00010177219856962335,0,2.1529074443450376,0
1046,0.2659536353702579,0,0.01244789919671647,0,0.25103832997873676,0,0.0005237729629183641,0,8.34720159407977,0
1047,0.051342355670096096,0,0.005452846586411218,0,0.050281364843538096,0,5.7364181013117827e-05,0,0.7199332872879368,0
1048,0.10162208416990222,0,0.012194468005605398,0,0.10136761079511462,0,0.00017738441151176276,0,3.315807758683961,0
1049,0.22526177075586643,0,0.02559544588381075,0,0.2721671456043685,0,0.0004018000692377547,0,6.776321111223828,0
1050,0.02655297846863336,0,0.010790678982667732,0,0.0824405986042986,0,6.117253918110593e-05,0,1.3221515111023723,0
1051,0.2149647695548848,0,0.007677247400620765,0,0.1086212247869735,0,0.0006517560378972924,0,3.322400085117354,0
1052,0.03305292713432914,0,0.012327076873513386,0,0.06925650777212723,0,6.435180589255346e-05,0,1.0402467845546544,0
1053,0.04519309031378035,0,0.021388880958153104,0,0.08753530206865587,0,7.58461889156739e-05,0,1.3849792015099638,0
1054,0.42496336964457443,0,0.007096397099687273,0,0.17442552008914966,0,0.0024959002203275658,1,27.98512716879465,1
1055,0.026150207520130742,0,0.0043281583765749755,0,0.045494383907509164,0,2.9304083918486285e-05,0,0.8475560190874912,0
1056,0.08724716446437303,0,0.011085234523496688,0,0.07781019672344387,0,0.00018678326783208343,0,0.9878000661810852,0
1057,0.11903871428026765,0,0.0033204476634150198,0,0.10887537444639328,0,0.00026017795530348454,0,4.611279098694536,0
1058,0.13528181050241483,0,0.008447683780241279,0,0.06915827246376255,0,0.0002866778880901857,0,2.1135764188693065,0
1059,0.07356582564192886,0,0.011224493252926494,0,0.07514347858634883,0,0.00011212453372539165,0,1.6383617688777572,0
1060,0.21466001466511267,0,0.008703394937682869,0,0.1369599379979347,0,0.00040665474081490893,0,4.784766476094292,0
1061,0.035222866194964494,0,0.014483982981613342,0,0.019103252354435066,0,3.1070567990011475e-05,0,0.36334844083697526,0
1062,0.18360784430844335,0,0.0044324894355028815,0,0.18660838400027535,0,0.0003603639197393194,0,5.537231514225343,0
1063,0.19453989201252406,0,0.023908148856153125,0,0.12363040229444851,0,0.0011388890849305506,0,1.8314404279970922,0
1064,0.15644699534801065,0,0.012604223429321437,0,0.09376721126977729,0,0.0004068792058125401,0,2.4811726903427247,0
1065,0.04914015465974012,0,0.007928225148426402,0,0.05326691201686899,0,0.00013667181331864468,0,1.0697780592914738,0
1066,0.018125974195543768,0,0.013669806256167386,0,0.02395891959616916,0,3.822531977220633e-05,0,0.21598960349683233,0
1067,0.018839071944069516,0,0.007082150870475935,0,0.07898416763590924,0,3.72763462131865e-05,0,1.3637655365788457,0
1068,0.0737831042066048,0,0.008134307799070309,0,0.16624991958048496,0,0.00010267317201266984,0,2.5237148419884123,0
1069,0.1340145726254577,0,0.0035553248282618566,0,0.10032144444946013,0,0.0002147765790116963,0,4.196751679543679,0
1070,0.026370144887323907,0,0.007762838389951849,0,0.11120989228699155,0,6.473348072211141e-05,0,1.5192706982942217,0
1071,0.05549339511504739,0,0.0036725999948420277,0,0.09426704460083075,0,5.0893631276300164e-05,0,1.2257153521656008,0
1072,0.015739778033159967,0,0.00942235628544771,0,0.054361115245768074,0,0.00014847961103295804,0,0.5187930504255003,0
1073,0.01469806808349516,0,0.008125995201490481,0,0.0563090402473757,0,2.058249398612464e-05,0,0.7220049600299608,0
1074,0.35237598537113873,0,0.005774677055127343,0,0.27071277485142686,0,0.0016951742077225336,0,18.65394307605284,0
1075,0.2858639010637248,0,0.00415709996557184,0,0.1951267942163046,0,0.0013274843892001984,0,13.966967808598458,0
1076,0.25896442074462034,0,0.007697944098793505,0,0.20856585345852496,0,0.0006578711030412236,0,9.671075364377938,0
1077,0.350213543216195,0,0.01610494372695549,0,0.28364473421216546,0,0.0008800438159837353,0,14.232961393524928,0
1078,0.01725891980871012,0,0.0046494859817221915,0,0.06755178660003211,0,1.829230105502238e-05,0,0.6159640780452118,0
1079,0.03052922397216875,0,0.008710343437319256,0,0.10805469635668369,0,5.92557037651668e-05,0,2.0015105918325884,0
1080,0.1092467766749734,0,0.009187757871838873,0,0.11294666110130987,0,0.00019188484632393074,0,2.1090005023544185,0
1081,0.08912987453439442,0,0.012063358175739265,0,0.1497008550767827,0,0.00011324346016917356,0,1.643690698954411,0
1082,0.05860141242444934,0,0.01866012558431195,0,0.16116359274255426,0,0.00010701135268790298,0,2.16680738643253,0
1083,0.25766185899458777,0,0.06633659309683547,1,0.20022226562763706,0,0.002409916069398385,1,2.8303657912281954,0
1084,0.3065785749676228,0,0.025941800157959397,0,0.19806545439120574,0,0.0009204456273751879,0,7.485081408791186,0
1085,0.16549514703292265,0,0.029690966594778215,0,0.1319319968793099,0,0.0006101656440891078,0,2.8796872770212096,0
1086,0.02688010785762071,0,0.006183318608806434,0,0.09252145383315627,0,4.678273754757376e-05,0,1.5195831623218832,0
1087,0.6203553163467532,1,0.024183713386777328,0,0.2604178604612129,0,0.0016969517909137231,0,17.84234280941261,0
1088,0.2702062842974499,0,0.023718281796335106,0,0.14358958480570813,0,0.00041987886676761547,0,6.099269006753067,0
1089,0.026172167849911183,0,0.011041399773005951,0,0.033447346212654286,0,8.976283977936637e-06,0,0.3394643402460264,0
1090,0.13102509162777928,0,0.005727848393706767,0,0.13331248821104463,0,0.00022549789264644554,0,4.3200805699700995,0
1091,0.4651155633736056,0,0.015876498382840203,0,0.3029838159414643,0,0.00284507158219436,1,35.25767469759908,1
1092,0.352032427322187,0,0.015432529977250172,0,0.24860150668272518,0,0.0008261750205992151,0,13.52140467218069,0
1093,0.1909728622781748,0,0.03953315704102707,0,0.13781791602589039,0,0.000497822516059243,0,2.7078528717936914,0
1094,0.08776150378312418,0,0.0035736037208807044,0,0.08010825283223254,0,0.00012073595682003317,0,2.294226079016388,0
1095,0.04150188733669743,0,0.013870772612205715,0,0.06481129554685645,0,0.00011888793161246987,0,1.1667129280162594,0
1096,0.13416757136287336,0,0.016681929430780826,0,0.16112926411241332,0,0.00047832159637150023,0,4.165321190740075,0
1097,0.03210909231461764,0,0.02345601580503077,0,0.11239388252002973,0,7.144040050229881e-05,0,2.254009080198655,0
1098,0.2086524777542445,0,0.0015572848010437987,0,0.16351405083510634,0,0.00041884687679855537,0,4.822299479819948,0
1099,0.039920004959334475,0,0.006386170191918768,0,0.030038690254589186,0,7.24258963539905e-05,0,0.5026303478067998,0
1100,0.007359147898266223,0,0.009671049573546784,0,0.051483541865210904,0,1.5940055863187868e-05,0,0.5073722189170373,0
1101,0.034481335931971814,0,0.004359190043126678,0,0.12192408780163676,0,7.692814917800038e-05,0,1.668777233858614,0
1102,0.018322010873658735,0,0.005747739637754209,0,0.09573221403450437,0,4.426716869480417e-05,0,1.5239983514803364,0
1103,0.21892461019600004,0,0.029454682631705097,0,0.1687940250795365,0,0.0011589301289143838,0,2.344972720355062,0
1104,0.2284726339796722,0,0.01006594792150377,0,0.15350864980847706,0,0.0006529171881178385,0,3.556403461696676,0
1105,0.2824047274346849,0,0.03321812445501139,0,0.15382970648704813,0,0.0005785151729103274,0,4.7252485234070125,0
1106,0.16748332206655459,0,0.028365389367851664,0,0.06840985734060735,0,0.0002444619683156433,0,1.8310132238416077,0
1107,0.07112769672303289,0,0.004741915276768267,0,0.14168133169199398,0,0.00011084241526183006,0,2.208616532856767,0
1108,0.0240148543237924,0,0.01161119599392309,0,0.08686219432401732,0,5.0972874578501165e-05,0,1.362903012884984,0
1109,0.07652105462338475,0,0.009330524953226442,0,0.11379808861738067,0,0.00010816017689769833,0,1.6922415580487953,0
1110,0.29100673522605014,0,0.00472505418687638,0,0.26599579894662306,0,0.0006514178484827989,0,9.321831111677355,0
1111,0.061832691678699425,0,0.02328484423040816,0,0.18697002754424605,0,0.00014169490325336822,0,2.6715576350495547,0
1112,0.0231014218697152,0,0.018304655179843744,0,0.1016659807866251,0,6.082632385892944e-05,0,1.154993901983747,0
1113,0.08192880210927915,0,0.022023797562784792,0,0.13422665761961003,0,9.263968897139031e-05,0,2.6105235201643175,0
1114,0.08877785124566939,0,0.004290326424476257,0,0.10709897570957516,0,0.00012407207317132073,0,2.7457877211370914,0
1115,0.6334982121109264,1,0.021331978169517284,0,0.30303906366539657,1,0.0016978321471081551,0,16.014455690187496,0
1116,0.02503910267774377,0,0.0021789721005898693,0,0.06760469756379796,0,3.699535679280578e-05,0,0.6017260403292838,0
1117,0.26760747122337847,0,0.0022053679017370077,0,0.2547951386511951,0,0.00044912463639054613,0,6.701136038597345,0
1118,0.05197384734627489,0,0.007014912567293341,0,0.11601363883662544,0,7.854718514110594e-05,0,1.3909222090674773,0
1119,0.6120616434046914,1,0.08747954996885138,1,0.30304989495875606,1,0.005500615577251293,1,10.432301530093085,0
1120,0.4131504261578621,0,0.01615343053822223,0,0.24547070692575562,0,0.0008858266713533591,0,14.31896642123543,0
1121,0.24290289720340438,0,0.0061914404326594615,0,0.20782791470791853,0,0.0004558689122098842,0,8.005504494358885,0
1122,0.03401639499279571,0,0.010542185222290524,0,0.0689892975006881,0,7.57267861240786e-05,0,1.5708834534745855,0
1123,0.12804701704833715,0,0.011483703025261511,0,0.11090114388263934,0,0.0001795589732563106,0,3.5855525598153415,0
1124,0.25098986680916446,0,0.025231112669046346,0,0.2798815681315794,0,0.0003961307828569514,0,6.839106434754631,0
1125,0.2798314649825013,0,0.012871670398800663,0,0.2247403087583418,0,0.00047229105984069957,0,7.457366917227422,0
1126,0.040075274768785266,0,0.007017550994117729,0,0.03663260943584991,0,8.054831612596457e-05,0,0.27404366103091093,0
1127,0.08498760499496795,0,0.02158556957448451,0,0.116607337899537,0,0.0002148491970055304,0,2.1671118677563093,0
1128,0.21230335180051396,0,0.05082744440487757,1,0.05712904718610033,0,0.000590532944873677,0,5.350277452834797,0
1129,0.22143453755457665,0,0.011992958473966147,0,0.12029221635133165,0,0.0006233745392025922,0,3.3428428742816343,0
1130,0.020749527412281202,0,0.006827969812409007,0,0.06538918021151324,0,2.7784266327405486e-05,0,1.2066927869109958,0
1131,0.20473683063811604,0,0.009798168532191072,0,0.14389819628878794,0,0.00036165802334048715,0,4.052699518481865,0
1132,0.2118072146009124,0,0.002883047163911701,0,0.16239791633402897,0,0.00042722181107572436,0,6.945046863402195,0
1133,0.10750777941556966,0,0.010279002881788209,0,0.08217234323792529,0,0.00013495921131110922,0,1.4771239471001762,0
1134,0.09972124124823406,0,0.0060332276882106755,0,0.07426022907264551,0,0.00011909366811061514,0,2.516926444792664,0
1135,0.0502477633416286,0,0.008099256257219866,0,0.05688565249427573,0,0.00013001528565442541,0,1.0718023203519542,0
1136,0.05008002999577863,0,0.01630917492763152,0,0.09576546852438696,0,8.698206879471645e-05,0,1.9843665016961591,0
1137,0.02536610376398854,0,0.006485273589931417,0,0.03907544493152862,0,2.8723703789337422e-05,0,0.5628786762417655,0
1138,0.08481844877286154,0,0.021657377189198194,0,0.019094119373856095,0,0.00017194954567072756,0,1.1983540518022378,0
1139,0.22648367464292585,0,0.030608261118348835,0,0.11493576352706565,0,0.0015380920666780106,0,2.1703020271367954,0
1140,0.31018771671949236,0,0.008363147373750136,0,0.19592479921374123,0,0.001650600620064936,0,16.235137632080825,0
1141,0.03990412006765611,0,0.017421862299528353,0,0.08752079766689605,0,5.944049031375463e-05,0,1.1776704837331737,0
1142,0.03965615717846404,0,0.017382872350256158,0,0.09129108832340078,0,0.00010276616437132083,0,2.3834544885223776,0
1143,0.12770180446545776,0,0.017093625508386067,0,0.02488020983777594,0,0.0002421291521324282,0,2.185256538170291,0
1144,0.05727757794540842,0,0.009722029238881925,0,0.05261832131159215,0,0.00015282992657221774,0,1.1221808573139427,0
1145,0.007658297431456116,0,0.006662695728580675,0,0.04560847502919575,0,7.338399584697431e-06,0,0.36782617469069445,0
1146,0.3731146100033214,0,0.002598703877700667,0,0.1974198356661602,0,0.0019240447866585191,0,21.745275187104475,0
1147,0.24308520714944196,0,0.006182382165750623,0,0.21223476268314345,0,0.0004408676383538268,0,7.192639271724788,0
1148,0.2742475063718231,0,0.013732497615117068,0,0.19120253719551275,0,0.0007995016456593977,0,12.378775349797447,0
1149,0.33211576221696615,0,0.01916689517959075,0,0.20284345352896868,0,0.001191366758958861,0,8.013642427220747,0
1150,0.3434145410201918,0,0.00738868412182232,0,0.26313435953294817,0,0.0015768310312769714,0,16.868408665212115,0
1151,0.08456208178650515,0,0.021919355428208255,0,0.10868273956355284,0,0.0001166956130329508,0,1.4873147405533973,0
1152,0.11985295366167988,0,0.003888964241815823,0,0.09993764390128188,0,0.00023075709993514366,0,3.9599044387974374,0
1153,0.010203483984286802,0,0.009090736412381964,0,0.02511830991794974,0,6.6437079143029195e-06,0,0.17156970507386152,0
1154,0.015246420155697748,0,0.0063016330571407445,0,0.03459860842470453,0,2.416454880842409e-06,0,0.31055523221862746,0
1155,0.15278281776360275,0,0.03083721703055655,0,0.14148431116122456,0,0.0009549129733557254,0,1.7518907994683874,0
1156,0.13686590259031442,0,0.014463807144801503,0,0.1484303822357935,0,0.0005311445577827624,0,4.009374976395734,0
1157,0.09153813305529372,0,0.03456482295723671,0,0.08690404706786527,0,0.0003854358217802146,0,1.2436600831878653,0
1158,0.017704686587523184,0,0.007657059058287864,0,0.08488048184135218,0,4.78887616500862e-05,0,1.5229029499092834,0
1159,0.13985825127751808,0,0.007496373810761787,0,0.09394618750907167,0,0.00020150944139873839,0,3.9948709927025066,0
1160,0.07598970798453926,0,0.037628163363420335,0,0.0684633650525545,0,0.00012670030649712796,0,1.4426357195511277,0
1161,0.10988615561771486,0,0.009818188248426436,0,0.12829854186654643,0,0.00010307856418643563,0,2.26354162115432,0
1162,0.2290368801726329,0,0.008536546865218578,0,0.11498545949078853,0,0.0005870877879356412,0,3.9889991240365723,0
1163,0.10380856466211633,0,0.003850540868514818,0,0.0894742823587563,0,0.00016537720872636914,0,2.5989124400242076,0
1164,0.04470125535908283,0,0.011676793316420303,0,0.018062110941139044,0,9.71730029129105e-05,0,0.6439822078461868,0
1165,0.18344036479037373,0,0.005177906357076887,0,0.18686735714440872,0,0.0003232696392060663,0,5.564384887881287,0
1166,0.5535214964171244,0,0.09719216783054431,1,0.32087206131793056,1,0.009433407624783244,1,12.488117209356849,0
1167,0.4562627222099533,0,0.018862924243158757,0,0.28646542286593224,0,0.0010375412308202226,0,16.24156274863492,0
1168,0.03665049904073153,0,0.01207194222744784,0,0.08941109801238746,0,6.418675996269943e-05,0,1.0078374540705621,0
1169,0.2778741613553723,0,0.005390804685324507,0,0.22260625413776458,0,0.000506440097147465,0,8.540495105961352,0
1170,0.28100882190031906,0,0.030849907286158978,0,0.29377866083481563,0,0.00042605255729963527,0,7.31343270377568,0
1171,0.15009157734751571,0,0.01871984336065021,0,0.12617963676415828,0,0.00023052660427257295,0,4.359611906496477,0
1172,0.030213848833822003,0,0.007617747979313853,0,0.034420810047860684,0,7.768968567827365e-05,0,0.17298797645479538,0
1173,0.028253937622530118,0,0.007114814051341811,0,0.06961265950227134,0,5.724057810300479e-05,0,1.3710328807118553,0
1174,0.2524096294019169,0,0.010924813142421304,0,0.1964421793865988,0,0.00041922811603797887,0,6.394841734052219,0
1175,0.09434290168812072,0,0.010046923640477623,0,0.05952398059311658,0,0.0001602298330952424,0,1.7723494230603414,0
1176,0.2393902796059339,0,0.012550152150458554,0,0.17333080082308094,0,0.0006478758749235571,0,10.671471802404067,0
1177,0.2687760115183653,0,0.008638171647151008,0,0.12144097178313243,0,0.0007034272942912883,0,4.6546881093357815,0
1178,0.10116909929547012,0,0.021523332995530595,0,0.09284388432052765,0,0.00012153744975567517,0,1.5748387536839086,0
1179,0.13158785582338256,0,0.009551174596444034,0,0.09771875763964753,0,0.00022767251214474222,0,3.4583159573711,0
1180,0.049575750885756754,0,0.013508585447860513,0,0.032983602517214786,0,6.223146570413965e-05,0,0.4005166288525938,0
1181,0.06295365889065478,0,0.008424225078427473,0,0.06943498983296216,0,9.687182652016684e-05,0,1.5587058355466559,0
1182,0.17042536786713025,0,0.012466387870988327,0,0.06201257456734738,0,0.00039031301232969037,0,2.8722945420922437,0
1183,0.06101760255283566,0,0.0074407002197389265,0,0.06452516497008692,0,9.818033252139058e-05,0,1.7976249182363628,0
1184,0.178090308223044,0,0.010172582464554119,0,0.14966708009315088,0,0.0006521440561571426,0,5.232593378027575,0
1185,0.12998881773316032,0,0.007149500486465106,0,0.06584003767879441,0,0.0001548148466733792,0,2.832301523462705,0
1186,0.06963130675905731,0,0.02643481828067294,0,0.058703335576130285,0,0.00011693362525834759,0,1.1918176167763497,0
1187,0.009507277746583857,0,0.010386157468817292,0,0.038964685191236595,0,1.7818652212882966e-05,0,0.4428620532570777,0
1188,0.09196092627685905,0,0.02470392774908773,0,0.086474312399911,0,0.0003221664522551259,0,1.304419889525827,0
1189,0.12849176284407451,0,0.0038983590184000967,0,0.10448563574528773,0,0.0002354624245714192,0,4.117380889437568,0
1190,0.06734015770277284,0,0.012526492477836706,0,0.030033914625127178,0,0.0001552422040739913,0,1.0378737118990682,0
1191,0.10523319131746406,0,0.02551807005362474,0,0.10829847826589489,0,0.0005648382159157316,0,1.3293923201101434,0
1192,0.009672958107190677,0,0.012571077199957955,0,0.04781213469339661,0,1.7037644299724212e-05,0,0.4031172375196417,0
1193,0.05908485960490241,0,0.008368248420820183,0,0.05346508931331554,0,0.00017037518162659672,0,0.9864644170711102,0
1194,0.3736060955905463,0,0.002154244350268033,0,0.2677370517892266,0,0.0019573267389981566,0,21.439606440033476,0
1195,0.11057758713762639,0,0.0018486618310865359,0,0.16136032603643446,0,0.0002217699081938597,0,2.969023746502824,0
1196,0.08313362513720926,0,0.030052252565766203,0,0.09291170807968714,0,0.00012469208831039606,0,2.595607352946005,0
1197,0.07716155177341545,0,0.010849683913066526,0,0.08214108827390794,0,0.00018010044814000952,0,1.5990419140338425,0
1198,0.22277075955351214,0,0.025090373424864473,0,0.11852136903795837,0,0.0009307619681991566,0,1.8427488172920146,0
1199,0.28596795927048574,0,0.06235914270050071,1,0.08213846970770251,0,0.0005914159137516588,0,5.3417255411854185,0
1200,0.037867417559093404,0,0.005609275509289622,0,0.07395387484649917,0,7.827268473562895e-05,0,0.9272702260604841,0
1201,0.03248497368497221,0,0.01983159796479949,0,0.13577679609275364,0,8.378029285619422e-05,0,1.8709335411834718,0
1202,0.2333175410090388,0,0.0017378310494966943,0,0.179977764430446,0,0.00045663633564390954,0,5.116255127210754,0
1203,0.03758987517570184,0,0.01155581193653731,0,0.11424480652617076,0,9.119762564578766e-05,0,2.1952050020329192,0
1204,0.37235999329330777,0,0.003241928581789709,0,0.2093341991604373,0,0.0018467395461104976,0,20.582757704487772,0
1205,0.2513579465972039,0,0.0031600397441794237,0,0.2398544887401186,0,0.0005068781742832703,0,8.053525974139523,0
1206,0.4315551511016627,0,0.018222356470317256,0,0.2865848562032042,0,0.0007524789998114808,0,12.52170418938486,0
1207,0.43639305102152315,0,0.019397847963237107,0,0.28565644021943165,0,0.0016911168943116246,0,11.740674083342816,0
1208,0.22701203871482578,0,0.010687128498924257,0,0.14283173990666906,0,0.0006820918628062452,0,4.47226530807322,0
1209,0.3540925206206033,0,0.014911624923647261,0,0.23362292411760813,0,0.0020954468480768825,0,20.108631153210233,0
1210,0.060737164832876916,0,0.01711615491648933,0,0.09224259339615001,0,0.00010795745305428495,0,1.323322578250443,0
1211,0.08671290717320726,0,0.02460871137936268,0,0.10622008112321278,0,0.00013381858797701255,0,1.5233054537706652,0
1212,0.5530579007178947,0,0.14244537148374029,1,0.486965041775639,1,0.021801845646095455,1,21.044027314915223,0
1213,0.6206224269564238,1,0.023627291108106505,0,0.3180320216632198,1,0.001218916337682326,0,17.00759438563409,0
1214,0.2594284587483347,0,0.002790182462638894,0,0.19831651006641413,0,0.0004990328660883441,0,7.009429414507349,0
1215,0.05708872025661554,0,0.007024942110738985,0,0.058145447777735906,0,7.692523699287884e-05,0,0.5975588880724896,0
1216,0.20855979361330984,0,0.011384401846055499,0,0.16364462945467867,0,0.0003503442441389562,0,5.688145099773938,0
1217,0.212756610462653,0,0.009751089007034624,0,0.19101300929348078,0,0.00045220291397793844,0,5.873038364064449,0
1218,0.05666458944904498,0,0.009134614547528017,0,0.07146046165234107,0,9.264794340201667e-05,0,1.2597382211290387,0
1219,0.10864052310006524,0,0.01113306656711791,0,0.08848216840388802,0,0.00017678622903407487,0,3.1567886497211264,0
1220,0.05799948235924301,0,0.00643523132345533,0,0.05231020136589329,0,0.0001298186252931494,0,0.6162742926349143,0
1221,0.3080800970762344,0,0.019103140096637567,0,0.2717392207869834,0,0.0005332818733301683,0,8.75543200743993,0
1222,0.4239459609087136,0,0.006264003111995732,0,0.17767112572720736,0,0.0024470076381244927,1,26.905467252885796,1
1223,0.12158937181019432,0,0.02776275849904904,0,0.17047620169072572,0,0.00025852380433764497,0,2.9442736266214125,0
1224,0.09181967934733422,0,0.01905554331101568,0,0.061225366762398425,0,8.550218814824999e-05,0,1.1054421037108624,0
1225,0.1388118015108784,0,0.008835479416856735,0,0.08797110806114154,0,0.00024910494205892956,0,4.1367974656863735,0
1226,0.0797599659116116,0,0.008943012319654319,0,0.07813905817205773,0,0.00014859422655318154,0,1.4498650113087073,0
1227,0.19438128902452018,0,0.01313523328025516,0,0.1299872401027742,0,0.0003840297750387342,0,4.239366726077368,0
1228,0.059024603963160456,0,0.0082756782517115,0,0.06841494037248565,0,0.00010273380420151451,0,1.588935086296021,0
1229,0.17315019406306992,0,0.01781128777330147,0,0.17184169139393535,0,0.0005744492860721917,0,5.8361358242539065,0
1230,0.22095444208936027,0,0.05404761469450106,1,0.08933239437081222,0,0.0006079582268427058,0,4.866527069276918,0
1231,0.07216143720970189,0,0.0129163244191058,0,0.08613291373794682,0,0.0001244122151143423,0,1.2992998932833673,0
1232,0.16389948133782833,0,0.011099437093850287,0,0.07211027468741919,0,0.0003814049246582661,0,2.6257048047354568,0
1233,0.06835258535326076,0,0.00681528657531011,0,0.04671155868174454,0,0.00016539021328701445,0,1.003143084255587,0
1234,0.09857279942159486,0,0.04107941428764953,0,0.10455179187292742,0,0.0001651983694790816,0,2.5622632599938897,0
1235,0.08701169927065926,0,0.011657484316589013,0,0.0768721605038383,0,0.00014134994842896514,0,1.2260629204715332,0
1236,0.3223582491263659,0,0.010705991613515113,0,0.21747718159685417,0,0.0020278792710489526,0,19.979235155230697,0
1237,0.10102516700669936,0,0.02826544261739367,0,0.08549778856315543,0,0.00038891900760759706,0,1.2686433799049994,0
1238,0.010085405497647932,0,0.011542003662075908,0,0.03159139568455615,0,1.6899333694077977e-05,0,0.3154947330486506,0
1239,0.05707889655199177,0,0.022466845745749996,0,0.05106477073327223,0,5.251587941187456e-05,0,0.5433576535729853,0
1240,0.04759804003092887,0,0.01779681633396883,0,0.1293645727997961,0,9.006672049416813e-05,0,2.0518794229020827,0
1241,0.19851483905321932,0,0.015527932746994426,0,0.11637119005869333,0,0.0004669510337070843,0,3.8936773683942056,0
1242,0.24275167471334302,0,0.003391840679987364,0,0.24600431367276723,0,0.0004869029474078755,0,7.879236385977215,0
1243,0.2432483196278935,0,0.00805580189987331,0,0.12477997299434715,0,0.0005432335207885661,0,3.815086519318342,0
1244,0.031367949844396524,0,0.014213407025384331,0,0.11570107267202843,0,8.438343161259767e-05,0,2.2203192126487803,0
1245,0.09033779018003732,0,0.0035284655518253677,0,0.11801314573071046,0,0.0001672661324233465,0,2.5892574430283037,0
1246,0.16966983879971936,0,0.008072181111118012,0,0.10550511067117574,0,0.0002927280144511787,0,5.222718828444067,0
1247,0.20426900583345095,0,0.03277789804511054,0,0.09605522095085757,0,0.0007102264923326642,0,1.7995548951518043,0
1248,0.08009092488941834,0,0.003797811155937581,0,0.09015394219244946,0,7.643426389295368e-05,0,1.8393386327438488,0
1249,0.03182623822470527,0,0.0107761933396391,0,0.018283915839664436,0,5.063162177336083e-05,0,0.31476570101566514,0
1250,0.05785880151918561,0,0.013925584340322776,0,0.03314957824897196,0,0.00015353077173106507,0,0.7601981203840482,0
1251,0.34142356500523396,0,0.0017727432710765427,0,0.244273439981518,0,0.0019152943754529345,0,21.11538009758955,0
1252,0.09418476833283594,0,0.025132145650318825,0,0.1180939744220079,0,0.00043528059564759263,0,1.5874064915906339,0
1253,0.010318864260840359,0,0.011163106121123994,0,0.04996967742388988,0,1.7641463179017224e-05,0,0.4687357196821367,0
1254,0.009894962387019443,0,0.0027907605678080577,0,0.049329822195706946,0,6.235728597144932e-06,0,0.42131154769898604,0
1255,0.42700008139782814,0,0.02384886914120132,0,0.25362137544328045,0,0.0016381073679526735,0,10.260508760407273,0
1256,0.2753397697830103,0,0.011620709584270342,0,0.1931823046016867,0,0.000728661504133267,0,11.422021751703856,0
1257,0.22047585169159228,0,0.00266196240528215,0,0.17294125883008038,0,0.00045049259883646895,0,6.4460625475310325,0
1258,0.06960950041455874,0,0.018422945110935007,0,0.05852218377488907,0,8.857312813380003e-05,0,1.0441759033941578,0
1259,0.49751479227917694,0,0.016530117860768946,0,0.24776639782035012,0,0.0010138676503635446,0,13.785393710867263,0
1260,0.5684766252901025,1,0.15935920111842664,1,0.549245065030759,1,0.027355246745084365,1,25.97736514706807,1
1261,0.251668880875266,0,0.002790182462638915,0,0.19917462873511566,0,0.0005234667089402225,0,7.260253564455978,0
1262,0.038584497957591835,0,0.007231675955958625,0,0.046966154373313834,0,5.504979989240168e-05,0,0.452250225729684,0
1263,0.2056209237507835,0,0.0115898892117233,0,0.16827674262974293,0,0.00037439748090127215,0,5.812612304498764,0
1264,0.10198534800838381,0,0.013957548684680382,0,0.08175954533336495,0,0.00016514834143646889,0,3.0040156512506746,0
1265,0.2456295878126012,0,0.01084099945784525,0,0.1895414258555319,0,0.0004764740738672437,0,6.7956106043367175,0
1266,0.041449829344284234,0,0.010117624090356539,0,0.06709106746310996,0,9.518603895211979e-05,0,1.3655803730292155,0
1267,0.09317928661137898,0,0.008379963970084772,0,0.05846321238643079,0,0.00017945382309094283,0,0.671877193023214,0
1268,0.3319936700384688,0,0.016631375955852994,0,0.28485439075856145,0,0.0005595859458521128,0,9.241955592792028,0
1269,0.06747565713368968,0,0.00996008831666092,0,0.03604385787617427,0,0.00016145586813024252,0,0.8072404915687625,0
1270,0.18402737520229193,0,0.009251455373005597,0,0.08177469022209476,0,0.0004930881890544743,0,3.57746021627525,0
1271,0.19307634830966744,0,0.009263105744070904,0,0.1308615272630516,0,0.00030990933164920043,0,5.066208831008235,0
1272,0.08888511362170437,0,0.024274570431775788,0,0.06307994849646323,0,0.00011864074415197966,0,1.1769393685662264,0
1273,0.30456194859860414,0,0.011140586298899014,0,0.13016156051994954,0,0.0007787220492661775,0,4.606813126001017,0
1274,0.1728941049416508,0,0.010464467558583303,0,0.10218839731643797,0,0.00045764451232773573,0,2.7191112109421782,0
1275,0.05301735349963714,0,0.01062640989085907,0,0.06478998069024781,0,6.806262357182459e-05,0,1.3193405817031372,0
1276,0.09200084238217607,0,0.018869787926556268,0,0.11140660263129482,0,0.00020266312410112297,0,3.050770506012385,0
1277,0.12821490815577039,0,0.029709093594083417,0,0.09763743745745403,0,0.00028425330407093146,0,2.1259108681559606,0
1278,0.03554648608136313,0,0.009336980084298709,0,0.047059303607949673,0,6.245007211864467e-05,0,0.769202777086472,0
1279,0.20720614996935802,0,0.002243390293408682,0,0.15567916565313214,0,0.00047398309426777694,0,6.664552871069444,0
1280,0.13768088387527386,0,0.030750539830921443,0,0.17195801879141717,0,0.0002534634569043635,0,2.5838566120727173,0
1281,0.44874681153032364,0,0.01837769425722333,0,0.2913042066246172,0,0.0018271611360506884,0,12.745495106644288,0
1282,0.21845619410556322,0,0.038751988018575365,0,0.08350194109653339,0,0.0008749269152842509,0,1.7029027586633254,0
1283,0.19356281734476233,0,0.022863012990969676,0,0.13984982772993337,0,0.00032889694499301593,0,3.8366537185247944,0
1284,0.23470659459940613,0,0.038844287344607674,0,0.12081286707888214,0,0.0015381100376219425,0,2.2847566849264904,0
1285,0.013027311096112217,0,0.006883812199560822,0,0.028864072444087594,0,1.4208018508620098e-05,0,0.32293588278961716,0
1286,0.19138195814077358,0,0.03248688082688539,0,0.16491624246769554,0,0.0013350152166681849,0,1.9999048417010967,0
1287,0.110829426846912,0,0.0035256211107906788,0,0.09347210079955426,0,0.00016857842034551573,0,2.5475179214463237,0
1288,0.429371275680879,0,0.011371446209074732,0,0.23053372016167378,0,0.0025012502093728173,1,25.1111147821178,1
1289,0.12712214841891437,0,0.00636043961866763,0,0.12126870713450925,0,0.0002576952689717397,0,4.897429636223568,0
1290,0.027796820972371163,0,0.008656074770577322,0,0.04114675854838766,0,0.00010406654370686618,0,0.39549483548107156,0
1291,0.051074710544861526,0,0.007827187287341232,0,0.05850013333035529,0,6.459508154182158e-05,0,1.0027336886251808,0
1292,0.13599233437649175,0,0.016830295543657756,0,0.09664110768939134,0,0.000149002776322407,0,1.889844155843275,0
1293,0.2702180400603902,0,0.019096430733473647,0,0.24269784640255732,0,0.0006051721051617198,0,11.320682413594822,0
1294,0.24081989744033847,0,0.006756458909735387,0,0.2041309269911156,0,0.0005163931638051482,0,9.166661634251408,0
1295,0.11103855459990057,0,0.017441977347367802,0,0.09876516650940878,0,0.0001436390389575726,0,2.865027903426457,0
1296,0.25154357677888334,0,0.010046077981587916,0,0.16249628919459824,0,0.0005031687826855646,0,7.033529704657058,0
1297,0.06740485593366762,0,0.011991287441679772,0,0.0699011875041752,0,0.0001333758564138643,0,1.9675389023629262,0
1298,0.28844089233969367,0,0.05474427470079678,1,0.12873658051175166,0,0.0008376295383261909,0,7.198495868390646,0
1299,0.05920986185185291,0,0.017008999976023224,0,0.08305457617865415,0,0.00011341726673090848,0,1.2264331814455416,0
1300,0.07293088845518325,0,0.00683219206427567,0,0.05352476794995584,0,0.00018214328781663013,0,1.1087370503300795,0
1301,0.07989180901397179,0,0.004520677623989958,0,0.0724785090730597,0,8.017007151552519e-05,0,1.9118001529353035,0
1302,0.037006407251846264,0,0.022026864196166715,0,0.09871150109226028,0,7.334849018740559e-05,0,1.6021917185219139,0
1303,0.09357787570141453,0,0.009457721470027604,0,0.07862842922069403,0,7.387177348882723e-05,0,1.1099288537330403,0
1304,0.38626845499574186,0,0.002854617401771573,0,0.2327466305279866,0,0.0020528415301548173,0,23.310931380365652,0
1305,0.014265837529712411,0,0.013195259457230017,0,0.03313146035813771,0,3.05454867104933e-05,0,0.37044936111104043,0
1306,0.16943477846231267,0,0.017586133258890645,0,0.13344034864756774,0,0.0006644242490719857,0,6.880379553871165,0
1307,0.5564366029866404,0,0.013431404057657177,0,0.224699775724047,0,0.003822743714693402,1,41.51300314144406,1
1308,0.08036226272979584,0,0.006668515861655172,0,0.10716875260198673,0,8.815284598565919e-05,0,1.7424862966608146,0
1309,0.40972856352830983,0,0.06947714392364802,1,0.18425285706680344,0,0.0036008896878072885,1,7.5951846304611035,0
1310,0.4952824677769209,0,0.01839239402686378,0,0.25471603418780414,0,0.0010038360264036505,0,13.661131114683041,0
1311,0.226160911884208,0,0.011614244084291224,0,0.17909397352001497,0,0.00040154101326159966,0,6.46528546308529,0
1312,0.2538771537882667,0,0.002790182462638894,0,0.19662396299979712,0,0.000498669745923993,0,6.8805125243369405,0
1313,0.03618861765749384,0,0.007744173651641757,0,0.06934718487597948,0,7.995177293549062e-05,0,1.2559564964261276,0
1314,0.38376404225986127,0,0.018136126168407055,0,0.24236727686761142,0,0.0008195569350461236,0,11.55481840642099,0
1315,0.11497846151035046,0,0.008738748164700966,0,0.10353196630594771,0,0.000208334116308647,0,3.6663473357227425,0
1316,0.34064792883477496,0,0.020601254329006318,0,0.30297800833706806,0,0.000560455611355432,0,9.428601796668712,0
1317,0.05358162553131932,0,0.010007847407707854,0,0.046781289245470016,0,0.00017961757220525082,0,0.4328014310229005,0
1318,0.17194125896366969,0,0.01805774508589079,0,0.05430328284616546,0,0.00033002277605100554,0,2.5866451414918226,0
1319,0.04193939312944665,0,0.0242109962871455,0,0.11033634879622281,0,0.0001109713951223828,0,1.631709388183332,0
1320,0.3325925788464696,0,0.01097704095683758,0,0.15879616513671008,0,0.0009881767358437758,0,6.697411371848903,0
1321,0.04970303280900719,0,0.009005819530526938,0,0.056642535993919,0,0.00013017431708351541,0,0.9973845687441536,0
1322,0.19269891317971244,0,0.011165561248684073,0,0.12233575322763207,0,0.00045795270771081706,0,2.2182865896194355,0
1323,0.023524894864068894,0,0.015258483927529423,0,0.05017461219383299,0,0.0001372225168663744,0,0.5392108856277336,0
1324,0.08621722751786191,0,0.008991306756749359,0,0.07132957980858184,0,0.00014393025897589098,0,2.4327679857089475,0
1325,0.1322686180739105,0,0.009909282354822243,0,0.05511403832969943,0,0.00015722318361628356,0,2.1334885688646597,0
1326,0.01666365504173962,0,0.010810061890096968,0,0.029703265300746212,0,4.031826604957587e-05,0,0.34397427220472465,0
1327,0.39731590595020044,0,0.021723847912660778,0,0.1631771714546205,0,0.001409759971519545,0,7.041724209269562,0
1328,0.12081691578581283,0,0.02403615130964756,0,0.11408122088781805,0,0.00020505264319144076,0,2.8326192377988257,0
1329,0.1771867022529719,0,0.031051096074092097,0,0.15248987473476636,0,0.0012559739099686654,0,1.8335218792017465,0
1330,0.19322737218936573,0,0.016195195351244113,0,0.1413790349611008,0,0.0007471461993915814,0,7.302139909396449,0
1331,0.09734814136643508,0,0.019764764122050638,0,0.07779475197323946,0,0.0001282873805993164,0,1.7793297696868962,0
1332,0.132026383081588,0,0.011350172600887444,0,0.04736880665920691,0,0.0003119063359313251,0,2.1338544048708648,0
1333,0.08990477243032009,0,0.009225468645795269,0,0.07289066801599677,0,0.00013302067194316167,0,2.443477105270298,0
1334,0.01645204164580384,0,0.013597194647033307,0,0.032079769060047614,0,2.364970508408357e-05,0,0.4452892314674705,0
1335,0.2325503829262922,0,0.017577680036902656,0,0.21664779805644852,0,0.00039932084539205133,0,7.221928653690282,0
1336,0.4224500923749871,0,0.013901933592338473,0,0.2396773016083472,0,0.0024883280550621243,1,24.70472610178296,1
1337,0.09943342556837438,0,0.00379330124655901,0,0.08613918045000639,0,0.00015117760003842648,0,2.3907381292488274,0
1338,0.1958706099181982,0,0.011723044666443494,0,0.1579539382120028,0,0.0003198580449593041,0,4.0591636739340995,0
1339,0.09153355130953897,0,0.00905406473802991,0,0.09829208263915429,0,8.614542265520655e-05,0,2.0331197321169547,0
1340,0.016064298727987175,0,0.006079922258498416,0,0.03356882726524032,0,1.6589001908140275e-05,0,0.22296604997720096,0
1341,0.10819974347744994,0,0.02847380561287034,0,0.17092441804738656,0,0.00019984952379351696,0,2.3931223802200763,0
1342,0.22820892982773128,0,0.056756595456082894,1,0.10642625125935605,0,0.0010144198643729126,0,1.6910747709100662,0
1343,0.02326091942802881,0,0.00530180576453433,0,0.07123854458340474,0,4.417150644864581e-05,0,1.3325687985080814,0
1344,0.020051348425949897,0,0.011493684407138126,0,0.09435703470069337,0,5.574835835116066e-05,0,1.2671284144567247,0
1345,0.23326344926197964,0,0.007763261149425345,0,0.22010325432438613,0,0.0004608391509865051,0,8.199128435010996,0
1346,0.23992253914848355,0,0.002289906452565779,0,0.1835875473218992,0,0.0005477774669939892,0,7.9558726999651315,0
1347,0.4072407570373502,0,0.004006980054709215,0,0.163702298983889,0,0.0022429654857410945,0,22.341511525889022,0
1348,0.14601815246760896,0,0.006563748430263305,0,0.0873513666095225,0,0.00021430734232251434,0,3.707032692545191,0
1349,0.046853191601047006,0,0.005964965616913661,0,0.04917060479902251,0,9.982832776560371e-05,0,0.6092285331071986,0
1350,0.08336881023286583,0,0.01607047499311469,0,0.03418900713816229,0,0.00018583613749949328,0,1.2262855224260567,0
1351,0.4348947446740512,0,0.04228980925884047,1,0.15959274589656897,0,0.0010865494807568651,0,9.869247539215703,0
1352,0.33990829744452256,0,0.001873381009934273,0,0.2360427087032853,0,0.001749466602302304,0,19.265506151355666,0
1353,0.10652794903549216,0,0.005715146043867794,0,0.06272069640922968,0,0.00011239879305391474,0,2.381692305174856,0
1354,0.22980787481536982,0,0.0388387184859807,0,0.120763367200519,0,0.001146876420250867,0,2.0391786580834483,0
1355,0.13446764773424322,0,0.006872964304217827,0,0.10576477601093663,0,0.00020055459329479822,0,3.7209362608392196,0
1356,0.6501341776900261,1,0.03185859022415875,0,0.3867457035971558,1,0.0016300137571603204,0,21.20056177824082,0
1357,0.3922322324150573,0,0.06802898384897445,1,0.17596270510903225,0,0.0031726167173543344,1,7.654860458488254,0
1358,0.23954221703860734,0,0.009118694621415164,0,0.1842830867690301,0,0.00043143158766996865,0,6.411838347831934,0
1359,0.1907203427147845,0,0.0030530771947156446,0,0.16388393276718696,0,0.0004027781962913873,0,5.420780754110339,0
1360,0.04247892364946386,0,0.006098212748212827,0,0.04480289001817334,0,3.7899182259513584e-05,0,0.4593718720615595,0
1361,0.3876580974198577,0,0.020720472534487163,0,0.2999491310721546,0,0.0007142203051722103,0,11.644357333247765,0
1362,0.09088466375706217,0,0.024937496248723396,0,0.14748275967284794,0,0.0002032706108885767,0,2.127166857733689,0
1363,0.42911609525777916,0,0.018187460807144923,0,0.24276605092974213,0,0.0011297843045105485,0,14.32137044130483,0
1364,0.18821330738420922,0,0.003095406056631753,0,0.1371946535694368,0,0.00038886160685307517,0,5.9014614237633,0
1365,0.11024066761791829,0,0.010941385977311351,0,0.08111987414733966,0,0.00041679643544831563,0,0.7904464543275793,0
1366,0.464246992675635,0,0.011262078645116691,0,0.28209345178685646,0,0.0018329910904381636,0,13.93384995424872,0
1367,0.11733993867681045,0,0.012990908893047532,0,0.07510642085840151,0,0.0001933595444424365,0,1.3803310452433537,0
1368,0.07622509029522867,0,0.005419277875034731,0,0.07126193053383795,0,0.00017702628459956716,0,0.879250614210866,0
1369,0.18960104060005992,0,0.022790364188524787,0,0.14954302237087339,0,0.000921383978114799,0,2.052923831083183,0
1370,0.5164517268946472,0,0.006429299267388332,0,0.24344310591242746,0,0.003207446727704825,1,29.766806029277518,1
1371,0.07834586666475855,0,0.0054830710785944425,0,0.04377248251125093,0,0.0001370169800104463,0,0.5222204107664082,0
1372,0.11440579718647151,0,0.00743150327549327,0,0.05418201126201109,0,0.00017078669345485935,0,2.483543979477948,0
1373,0.43561186711478406,0,0.022330864716702818,0,0.20809492531818166,0,0.0011338690794727739,0,9.676420001805022,0
1374,0.516339062539464,0,0.01141946667612928,0,0.2882685243623562,0,0.003150782754626654,1,30.421297140785487,1
1375,0.39171990980862514,0,0.010018394489688286,0,0.16767474284454856,0,0.0008802883234464609,0,11.207341981757747,0
1376,0.37041158917055067,0,0.04047250694882134,0,0.20523323505845179,0,0.0007750284210776637,0,7.695296149391839,0
1377,0.14346546078587602,0,0.008773022118940196,0,0.07568947479435313,0,0.00026660804763899647,0,2.7382084996050002,0
1378,0.37067829195587954,0,0.030943576251615038,0,0.19558372093711815,0,0.0007158725949772084,0,9.117083654833804,0
1379,0.24856388158307482,0,0.008373594081505476,0,0.15449312010309788,0,0.0007586074992890218,0,5.316910797639169,0
1380,0.2725694964882537,0,0.02018595734503141,0,0.1279981047022409,0,0.0004863762307155128,0,6.910749640691901,0
1381,0.11559156198552242,0,0.006827347575937983,0,0.07445501203845376,0,0.00024342191400256044,0,1.2433661182580067,0
1382,0.3850540414797995,0,0.0245185818602861,0,0.18893487127443592,0,0.001390931241777834,0,12.848927432476277,0
1383,0.14750150355154987,0,0.012272777385430226,0,0.1445150136891928,0,0.000299515714130994,0,2.3318346272863577,0
1384,0.07152758938929009,0,0.014605878819121213,0,0.09140292215456568,0,0.00015604385480629877,0,1.6525758489249356,0
1385,0.10596902968608188,0,0.010496603943862782,0,0.07392599102684508,0,0.00017584888183520475,0,2.2979631830689824,0
1386,0.36230780656657335,0,0.006183377112703506,0,0.29582932735409323,0,0.0017603417062845926,0,20.153518695717093,0
1387,0.107841098962709,0,0.01663278693829747,0,0.09984420951589301,0,0.0003963212266266989,0,1.9430207153203134,0
1388,0.440309128353047,0,0.04773003607792417,1,0.3029659236905009,0,0.0009204927529583729,0,12.611079396243163,0
1389,0.04262429336102246,0,0.014856694052379838,0,0.05632459322169283,0,0.0002146143911396975,0,0.6145804529991196,0
1390,0.27724328563043327,0,0.039881255576585006,0,0.1297970587676932,0,0.0004533039493810951,0,5.931971771501145,0
1391,0.03941579638886254,0,0.015170614711154521,0,0.04079357665774634,0,7.573932086985009e-05,0,0.850015770849558,0
1392,0.17856648841713732,0,0.010262112306609821,0,0.11373766083068686,0,0.00029603067489426474,0,4.434217292202461,0
1393,0.10367154780659864,0,0.017158810418038364,0,0.05750920451739126,0,0.00018734817112584944,0,1.587175733539242,0
1394,0.09818911033515586,0,0.003289248107925918,0,0.1107351361052849,0,0.00015967950852694587,0,2.511492853377574,0
1395,0.6636645835442772,1,0.016094727449717305,0,0.26999712272088705,0,0.0016527972394859327,0,16.2286789971056,0
1396,0.051153978528652534,0,0.011054013728374563,0,0.07039756076624218,0,5.1526899140288e-05,0,1.1524192614692204,0
1397,0.17021754009620615,0,0.012710279522746323,0,0.13967045435260178,0,0.00035940283412436304,0,3.1530480720271377,0
1398,0.0804759091599312,0,0.011338302733163124,0,0.09865828813472956,0,0.00014702624764703444,0,2.1646152946403108,0
1399,0.057380875089577156,0,0.010780692682581142,0,0.06474421128622998,0,9.737795299874262e-05,0,1.00097213092107,0
1400,0.1356634271751921,0,0.025985014407261704,0,0.08140471720189606,0,0.0002022288174336842,0,2.8226636763380535,0
1401,0.18135150751515092,0,0.02863371007738594,0,0.10012098447451187,0,0.0007773316474068816,0,2.3736444852738887,0
1402,0.07046442205232549,0,0.03854429680301756,0,0.08763220554566216,0,7.283297965581083e-05,0,1.4561091407873394,0
1403,0.27749538599548146,0,0.01934116314830975,0,0.187399574577946,0,0.0005408644750446182,0,7.7980305266850065,0
1404,0.40428100547391344,0,0.013102501007652197,0,0.17215781672373792,0,0.0007534677257901352,0,10.772346738047023,0
1405,0.03656099386812246,0,0.00932154227766733,0,0.08473035742755386,0,5.783332350487859e-05,0,1.068241296580584,0
1406,0.3159489705891438,0,0.005137452721060655,0,0.20849055195620927,0,0.0007043279978821767,0,10.576175306474182,0
1407,0.691319182356586,1,0.5550443153137904,1,0.9999883575386395,1,0.2518813152197438,1,196.06422542323088,1
1408,0.149397842346605,0,0.019864720834742562,0,0.07343799518206465,0,0.0005350584229147821,0,0.6300300434431378,0
1409,0.6232062587898372,1,0.014857970819536373,0,0.3615957169027978,1,0.002594703722959172,1,35.402733178349195,1
1410,0.2481378441268869,0,0.0030752501945781646,0,0.14197225586135848,0,0.0005775012015443987,0,7.519677136974043,0
1411,0.1440724391240877,0,0.011125124943126228,0,0.1546005652033633,0,0.0003462593267358613,0,2.380373485275585,0
1412,0.47134675061719056,0,0.023525577357345936,0,0.2502739191067565,0,0.0010180869225058832,0,14.682092813533265,0
1413,0.25824964211373985,0,0.008474355317620114,0,0.21837300184937625,0,0.0006110636922108546,0,5.002565770234642,0
1414,0.6244195259040786,1,0.007979803886144582,0,0.24875140091731798,0,0.00421959754470904,1,35.50751277069135,1
1415,0.31637820868721944,0,0.008474277251158133,0,0.18345016377966122,0,0.0009088972247093462,0,6.481302921866704,0
1416,0.2837213026472965,0,0.01950869045458397,0,0.1332967785093739,0,0.0004817027455571568,0,7.0094949979861125,0
1417,0.2077323695993332,0,0.010393673116519854,0,0.1744820967816339,0,0.0007572461976652707,0,2.993866384805462,0
1418,0.1208021648071654,0,0.004450150386679603,0,0.12749114715995025,0,0.00028490320103161993,0,2.1624797582679935,0
1419,0.1618157041831635,0,0.00849605413421148,0,0.10566887576457598,0,0.000302394604656523,0,2.951892174962475,0
1420,0.5533950978082585,0,0.01109464250977775,0,0.28447094488789126,0,0.0034770205425780536,1,33.69848498076344,1
1421,0.19799832988796354,0,0.016094794674569663,0,0.0948439380809393,0,0.0003525632083499575,0,3.989332649227228,0
1422,0.5286764079519498,0,0.01947936166002151,0,0.2121871397747482,0,0.0017197401681793873,0,16.054859071954944,0
1423,0.41754204926953187,0,0.016425219090094874,0,0.20308412113823635,0,0.0007205086405414269,0,10.664251462640758,0
1424,0.10541018838774308,0,0.005085868051367651,0,0.08175160182318802,0,0.00028574825903113053,0,1.332865035648641,0
1425,0.09063250045345964,0,0.00489039032009139,0,0.08766202225576007,0,0.00032880578859096113,0,1.1792162382374307,0
1426,0.0906045002960704,0,0.0030606362388199406,0,0.08224360288765425,0,0.00020979132945557263,0,1.0574631898630342,0
1427,0.35622438872994105,0,0.018085936820455378,0,0.15454153527191525,0,0.0005108181151050039,0,7.500914382685987,0
1428,0.15155920870748285,0,0.00549723926501732,0,0.12272495317894133,0,0.0005102774353533061,0,1.909428036475773,0
1429,0.327665667790886,0,0.029669398682953242,0,0.14475148817746025,0,0.0004668935169444799,0,6.0176091307731365,0
1430,0.200450044716535,0,0.009777380368587198,0,0.11629596798182798,0,0.0005308085685435129,0,2.8892606294902343,0
1431,0.19935805737649961,0,0.010551940056329649,0,0.12212222726451169,0,0.00033910888098816677,0,5.26943362856005,0
1432,0.4865476447733415,0,0.009075568399058853,0,0.24899201116796288,0,0.001434203643136724,0,21.6065375579236,0
1433,0.11324286494597247,0,0.0068355154834422215,0,0.08462563815135649,0,0.00022129112023002096,0,1.9193960589310177,0
1434,0.32101682272380916,0,0.012499618804959062,0,0.24246778336398225,0,0.0006102526182486707,0,6.489959086380942,0
1435,0.19530271894983894,0,0.03615110963651845,0,0.15759022415646715,0,0.0004121975402794423,0,4.254022948247919,0
1436,0.19008283093057796,0,0.014495942086104807,0,0.13961989401536612,0,0.000806842712331849,0,2.508753038163511,0
1437,0.5024374126514641,0,0.022087789193990646,0,0.22644148525267382,0,0.0013058716351512867,0,10.157627172604345,0
1438,0.13497014441079355,0,0.00910867772531765,0,0.07988808380918076,0,0.0002618284110757628,0,1.2500622138265773,0
1439,0.2521011648355874,0,0.008509927450475423,0,0.11060865975607569,0,0.0004600709211578591,0,5.02206887397356,0
1440,0.1514017618840828,0,0.004607120462228436,0,0.07940894937210394,0,0.0002633481986888064,0,2.773688315989898,0
1441,0.4890677282176064,0,0.011912973102707244,0,0.24407001709523612,0,0.0021153283928968267,0,10.930532415850962,0
1442,0.12128438877397979,0,0.00427828255740922,0,0.11056348569681804,0,0.0002984073268341445,0,1.728583331060203,0
1443,0.19524178676674395,0,0.005569212894192927,0,0.08181399993435685,0,0.00034463397755733684,0,3.85371701577891,0
1444,0.1863695370096198,0,0.010628911650763111,0,0.11325985620876942,0,0.00041302814605165766,0,2.500067221959175,0
1445,0.41688726399118076,0,0.01757629696187192,0,0.1983109029678539,0,0.0019482542515666572,0,18.56139412420172,0
1446,0.1305539488176911,0,0.00846710316140542,0,0.06242720721293725,0,0.00023288109613413274,0,2.301888842394792,0
1447,0.4859586210875999,0,0.009738883157133556,0,0.30294892771414245,0,0.002549623164250744,1,28.56804564040109,1
1448,0.16666201306769282,0,0.00487748679688058,0,0.13677846815383998,0,0.0004083635378659904,0,3.046248099705754,0
1449,0.12944266210706173,0,0.003108891811673884,0,0.12009273489190299,0,0.0003314112852989119,0,2.200261845306617,0
1450,0.09869792907446664,0,0.006297197606691093,0,0.08183823930939418,0,0.0001609423649939641,0,1.2327103688668788,0
1451,0.5808647549182177,1,0.08198091088750077,1,0.3959531067385641,1,0.01861279358028368,1,21.46962402832968,0
1452,0.26342953050723134,0,0.02643393506905855,0,0.19722689121685305,0,0.0005960839624304879,0,8.282864578718186,0
1453,0.40149498958643665,0,0.010229834224739767,0,0.18543417235705834,0,0.0009388915812033599,0,10.95930440591417,0
1454,0.43469525532715225,0,0.020838895051807204,0,0.24435079066809182,0,0.0009069602303898288,0,8.902274227042787,0
1455,0.5914823897415484,1,0.008081837582509506,0,0.27158742286598586,0,0.0021511400231842056,0,27.775741323246827,1
1456,0.48482176809198313,0,0.01699597045214938,0,0.2686196937133787,0,0.0012283607562920257,0,17.977984507459773,0
1457,0.2427446692233655,0,0.014810915825590788,0,0.16471195798993,0,0.0009905358423306372,0,1.9657327414768844,0
1458,0.23523323952693326,0,0.002452722671630306,0,0.12722155664368046,0,0.0005597942035332731,0,6.720415499172835,0
1459,0.18029762518851283,0,0.011523840672956203,0,0.16897934708383985,0,0.0003984741119394653,0,2.534888397706086,0
1460,0.1251807717895341,0,0.007224940487780611,0,0.11297502720435064,0,0.0004467716851911019,0,1.7187438201212728,0
1461,0.16693406821963588,0,0.005954317793951446,0,0.10960655744386578,0,0.0003203019228396658,0,2.7720394805855575,0
1462,0.1048436981661545,0,0.004964930591687509,0,0.07514706854494897,0,0.00023912220428646836,0,1.5772366002738498,0
1463,0.09691544044370604,0,0.005013121158767811,0,0.07856048674677206,0,0.0002692888049283333,0,1.2464300324135131,0
1464,0.19570293036747613,0,0.009451679434602149,0,0.12720796516546296,0,0.00038012964854620165,0,3.5005205103060937,0
1465,0.1919817973377057,0,0.004594674079108279,0,0.08113321221009127,0,0.00028847626109780074,0,2.9956307622852916,0
1466,0.4798381035828485,0,0.08730590802797855,1,0.3631139017638338,1,0.0009528591890969243,0,11.191088306401339,0
1467,0.2062144695954617,0,0.00844020259927545,0,0.09113918406351391,0,0.00035117823924491495,0,4.612459503289851,0
1468,0.6001331413954084,1,0.00828645818377188,0,0.2308436113174596,0,0.004133348455166606,1,40.93219006418801,1
1469,0.14971219882657807,0,0.008205741869670597,0,0.12760540373606957,0,0.0003062824656619589,0,2.2854181993737255,0
1470,0.45805572680911266,0,0.014534479650655942,0,0.18256073007082368,0,0.0022542858960192254,0,24.037393906523615,1
1471,0.2139978033475567,0,0.01106750657981713,0,0.10475323331302665,0,0.0004065302733827952,0,4.514777361858169,0
1472,0.5969325201179617,1,0.07912821668166503,1,0.44015076078239906,1,0.0013665509476602892,0,16.894257931486376,0
1473,0.7464849467732312,1,0.01176086878989971,0,0.28993939215022657,0,0.007120934417542314,1,67.20695904442528,1
1474,0.457788708740388,0,0.010800841313849868,0,0.18315803794389224,0,0.0014388648227290487,0,17.09827811011717,0
1475,0.1004131732141706,0,0.011080050791260463,0,0.13640644118079384,0,0.0002831197955210891,0,2.2830217181004526,0
1476,0.14799683202254008,0,0.011942268071831227,0,0.13927640663579605,0,0.0006500685918534458,0,1.9487234417447037,0
1477,0.0664761252419387,0,0.004914864934025015,0,0.07612131154003855,0,0.00016277730172871497,0,1.0781128207188497,0
1478,0.5208273378550485,0,0.010092739038952848,0,0.22908286207720868,0,0.003139937282789312,1,36.14354942691014,1
1479,0.10828500207559494,0,0.005920269928980268,0,0.06740897781888046,0,0.00023099470697203364,0,1.1976626802910082,0
1480,0.27299511577229907,0,0.014522764125007798,0,0.2250084558377779,0,0.0005110771007851349,0,5.156596706016298,0
1481,0.4108106377874439,0,0.023434322470419405,0,0.1974864487454354,0,0.0006403306798140714,0,9.797774507263764,0
1482,0.5812075407532266,1,0.014225214845250874,0,0.30305155590645244,1,0.0025726863612302513,1,16.97687400674772,0
1483,0.1897173909758951,0,0.005815963623700883,0,0.16294608309941788,0,0.00046087455725908497,0,3.062594714363397,0
1484,0.27000942843261394,0,0.007671884149151586,0,0.11504617640334895,0,0.000525672252344412,0,6.13543212035361,0
1485,0.32561135577231076,0,0.04447468567969739,1,0.2471537139869669,0,0.0007181368556163733,0,7.036693454569066,0
1486,0.6724361023257605,1,0.006082607334021739,0,0.21228323471439134,0,0.0023723718653388026,0,30.55695067111977,1
1487,0.4780566169109123,0,0.01453632066917867,0,0.3008252556347787,0,0.0014829201837297174,0,10.527144614774077,0
1488,0.6938255507252951,1,0.17229469848120296,1,0.83312135876611,1,0.05008688418301786,1,39.69611657974271,1
1489,0.2296471534258931,0,0.008402225325527196,0,0.21679764011978045,0,0.0005612165743939726,0,3.7969057617048287,0
1490,0.26115626818928644,0,0.008856781096777273,0,0.20962680818645474,0,0.0009670222026465571,0,4.6278551921975675,0
1491,0.5971421951554774,1,0.028603943507052202,0,0.3030051753855811,1,0.0024175360849945982,1,23.511926868836746,0
1492,0.2953227057669095,0,0.006655068907573961,0,0.13880207571728456,0,0.0005867497586542386,0,5.7173418905997995,0
1493,0.20491107470748327,0,0.015186059514218276,0,0.09942882371630987,0,0.00038415256977588377,0,3.9559336813924046,0
1494,0.19899964971401818,0,0.007946270168221236,0,0.17475619385351696,0,0.0004712399982635604,0,3.4619347401948124,0
1495,0.14132412572089967,0,0.01101972356375505,0,0.08526676849605878,0,0.00028134308543576744,0,1.4181145527951962,0
1496,0.2934808664054269,0,0.012203230608389978,0,0.19195550206831347,0,0.0008227151410595294,0,3.737367414669582,0
1497,0.31214595067942086,0,0.01472394789070801,0,0.16585537847752524,0,0.0005961345404473482,0,6.810127278234637,0
1498,0.6268243306380589,1,0.018800064989414892,0,0.277199158842692,0,0.0015320375431286998,0,16.09858515550017,0
1499,0.2957044979973051,0,0.029664627726482935,0,0.1677711042926365,0,0.0005263329836016277,0,8.055025746515295,0
1500,0.4483451925326558,0,0.07479191604871306,1,0.2047597539743261,0,0.007125134035136775,1,9.38947412256491,0
1501,0.4169545206941069,0,0.01955646330240884,0,0.22497723554833918,0,0.0008428525847105645,0,8.1375805652488,0
1502,0.13106005391869013,0,0.012690482674372746,0,0.09710791660997604,0,0.00016482597995231394,0,1.5077840365958355,0
1503,0.5131687608506601,0,0.005187589383456405,0,0.16232865419518272,0,0.0015324532452334566,0,17.907441229467914,0
1504,0.24320314881721683,0,0.017274794163604598,0,0.1579282417742038,0,0.0009363449785311486,0,1.8241844778685983,0
1505,0.15160676947672214,0,0.010072911158323072,0,0.1428724613276216,0,0.0003390460451741394,0,2.2461763434892257,0
1506,0.14811492266427584,0,0.003004152946789642,0,0.09606311194828591,0,0.0003434640561777214,0,4.586202613573498,0
1507,0.39255356179336715,0,0.026437280714461765,0,0.28800351572852856,0,0.0007572733014673607,0,11.741313074353553,0
1508,0.49224719875230993,0,0.008212558444357393,0,0.2531789064855503,0,0.0015050656910398038,0,20.286782366272597,0
1509,0.2636959648903452,0,0.0072932460227852,0,0.2072461719670255,0,0.0005332881069775677,0,6.073347400730697,0
1510,0.22213964805641961,0,0.015294899013549624,0,0.10203109828751153,0,0.0006945278769840496,0,3.7645215980807736,0
1511,0.5313490849790314,0,0.005452226191264768,0,0.1697098701807275,0,0.0016822514426351807,0,22.701972514007434,0
1512,0.06992982342017359,0,0.004223766561954873,0,0.08413752530823317,0,0.00021433269122231533,0,1.3889611268942161,0
1513,0.1320753748657296,0,0.010289719312572252,0,0.10891870436034236,0,0.00028944413206072106,0,2.2128219140309064,0
1514,0.5921495676299039,1,0.014720923122600546,0,0.30118587681608605,0,0.0025993924135618886,1,17.08520467832368,0
1515,0.21204354798518207,0,0.013337054885459635,0,0.20658157859868,0,0.0005368542383077803,0,3.9887681537009634,0
1516,0.49358153455818654,0,0.015509964824905515,0,0.27231314486014574,0,0.0025210878690019875,1,25.28537242975611,1
1517,0.2835665577445193,0,0.005295662499541048,0,0.21325752824517238,0,0.0007436906011455041,0,6.005387243950006,0
1518,0.2608140091116206,0,0.005722765723949688,0,0.2202549602657804,0,0.000742038580763184,0,5.068129305099657,0
1519,0.25991095228530775,0,0.008938264439191362,0,0.1627062833580413,0,0.0005956705732657953,0,5.026033149952726,0
1520,0.38684245390088073,0,0.008684780663795421,0,0.16555914386456988,0,0.0007281215952251493,0,7.295833533994393,0
1521,0.49599535097816644,0,0.023298002380735913,0,0.24178961781616,0,0.0011461141679942482,0,11.440191531681347,0
1522,0.2960711569920696,0,0.013140059156010598,0,0.22479716101039707,0,0.0010115563235550008,0,4.124027301409997,0
1523,0.19664277460066878,0,0.007902690720871082,0,0.16986149851240276,0,0.0005187133319918168,0,3.2823902827740583,0
1524,0.24815982607636952,0,0.0060587855543375825,0,0.14707568196201673,0,0.000524338998377864,0,4.886998667344718,0
1525,0.610274666020789,1,0.010918912205639337,0,0.29122529155025945,0,0.00435121798272871,1,42.12816028026548,1
1526,0.1993569310973584,0,0.014346134643722891,0,0.19632304296888292,0,0.0007080967392721526,0,2.9845198949786735,0
1527,0.6313150946740521,1,0.024922284119719064,0,0.3197186503469495,1,0.0025729354604836574,1,24.8074194291152,1
1528,0.10637373891615491,0,0.0019062251776478356,0,0.119769355793253,0,0.00030238671615484254,0,1.777915519015575,0
1529,0.13525367130441493,0,0.00650232797205443,0,0.11698961723887516,0,0.0004052989516757121,0,1.6602161419654862,0
1530,0.4275324005021691,0,0.023396627005579557,0,0.23415677008488028,0,0.0007848081823636629,0,13.154803436447997,0
1531,0.09613889310840237,0,0.0036914911219511235,0,0.08038538338074802,0,0.0002606364222499751,0,1.1945666844769816,0
1532,0.10286018004719306,0,0.004363037735421403,0,0.09102467321958717,0,0.0002584159682886228,0,1.9449606294149042,0
1533,0.6541212658493454,1,0.02074505930335065,0,0.2646285590041756,0,0.0016056306727949485,0,16.887039858187602,0
1534,0.1125956659268123,0,0.020292328362621702,0,0.07789223910540387,0,0.00042540708301632476,0,1.1624753479764227,0
1535,0.10317892007622298,0,0.008616598098100173,0,0.07918994587806692,0,0.00011840151804252729,0,2.52105743495007,0
1536,0.12577445134888698,0,0.004172847000391663,0,0.10332484437941379,0,0.00013395388855105372,0,3.2381460064239116,0
1537,0.32719207313756765,0,0.04162045393809452,1,0.3083353064991558,1,0.0005434573032742059,0,11.007071531941575,0
1538,0.18478349547004516,0,0.0057204345165785386,0,0.08758952222244296,0,0.0005218656717779769,0,3.8445132999178133,0
1539,0.18001531410083682,0,0.0333160273358097,0,0.10922558593506268,0,0.00045897826522026114,0,4.472874505264158,0
1540,0.5524094716994246,0,0.00866955639304325,0,0.2464835100966888,0,0.0038242330866392737,1,43.11132993666846,1
1541,0.07499366677230652,0,0.007445329915059718,0,0.06476362218335122,0,0.000100153822278778,0,1.0512265669822587,0
1542,0.09927565363818686,0,0.017208963507096848,0,0.052945240422623364,0,0.00022915547591028504,0,1.5747383833104218,0
1543,0.08725072063365186,0,0.008433917928027432,0,0.037403103722907775,0,0.00018150978685300582,0,1.0851715152084451,0
1544,0.7235125138682075,1,0.008511467410287845,0,0.3005163069688414,0,0.0057133181449704395,1,52.07559540683619,1
1545,0.10952134125033372,0,0.007251990511002353,0,0.0862295754644594,0,0.00021215784827642638,0,3.132711958302186,0
1546,0.5224806704039126,0,0.005685717207633744,0,0.1778237358114796,0,0.001563582816668972,0,21.90998345551058,0
1547,0.060072996896535905,0,0.007174158031844932,0,0.07029896158592973,0,0.00015708793018997234,0,0.8103637283848037,0
1548,0.6978732545363991,1,0.10710469632902382,1,0.5511086157326801,1,0.021678750202945435,1,30.81966443748256,1
1549,0.26364153807894686,0,0.02831112005144946,0,0.19975341493320675,0,0.0005594062338963708,0,7.7070817214576,0
1550,0.47412871602405465,0,0.019926769665850094,0,0.24172307641011495,0,0.0010767163229182493,0,10.131599030202912,0
1551,0.11154642072926133,0,0.007674126355942696,0,0.09931739399370128,0,0.0002780525877019001,0,1.901545771318366,0
1552,0.4742017893013235,0,0.02272187611983089,0,0.2762007484935954,0,0.0010486868941846107,0,15.444080508354109,0
1553,0.24781150043216874,0,0.0033640431179668695,0,0.12163529788288487,0,0.0006308622537742711,0,8.48032679482527,0
1554,0.559364472382938,0,0.007768593351419471,0,0.24671658248417477,0,0.0019737204418274253,0,24.218771716473157,1
1555,0.3519118256695005,0,0.04263098663513813,1,0.2425190951194294,0,0.002733635991000616,1,3.365053812337938,0
1556,0.3724560409679088,0,0.019168869094526468,0,0.22302525577829152,0,0.0013471947411371507,0,6.321163511446237,0
1557,0.1218289530503437,0,0.007669200242863261,0,0.11664514986686805,0,0.00044251869946930516,0,2.1046481225775917,0
1558,0.6904410806220557,1,0.009066822949795248,0,0.25902237551865037,0,0.004986274425051636,1,48.36206504820838,1
1559,0.10182816155899323,0,0.0035013997221029643,0,0.11111330398632392,0,0.0002888973168750466,0,1.9328460402169323,0
1560,0.17430830663951058,0,0.00879145560411122,0,0.10454894302691209,0,0.0005370763667089356,0,2.96356240349311,0
1561,0.22355618599506571,0,0.01324283428018233,0,0.08921073985649557,0,0.00041288141525950856,0,4.259605294094593,0
1562,0.646129291034895,1,0.021239644601669518,0,0.2734968019608119,0,0.0017195907656750533,0,16.455235687446645,0
1563,0.3687174100938599,0,0.017266505834586134,0,0.18247065876780594,0,0.0008409552736322732,0,9.046300460278669,0
1564,0.11633779757404852,0,0.0036384641002481953,0,0.11695005858380757,0,0.00028657080801321134,0,1.9541302397348843,0
1565,0.23861119933368133,0,0.01634298060744065,0,0.10595242734205454,0,0.0003952335825725313,0,4.563153532495593,0
1566,0.3339631145623603,0,0.032159977319452526,0,0.2352128846821688,0,0.0007358183777460316,0,12.86653873891915,0
1567,0.1621226678868786,0,0.010312691514535245,0,0.11789862345063981,0,0.0006705382348327455,0,1.871934900658755,0
1568,0.30682028162816655,0,0.009518841994353384,0,0.17625320066668815,0,0.0008630976590667403,0,5.71340916995154,0
1569,0.16597764024314743,0,0.01618099076857249,0,0.11040880814786318,0,0.00035793508917180707,0,2.253866380412137,0
1570,0.13367077219436557,0,0.01354943241731255,0,0.05984195572857648,0,0.0002914952397055414,0,1.2676328369207623,0
1571,0.2054605616022675,0,0.01369240750018366,0,0.10798027887963374,0,0.0007096523379823164,0,2.8934573730191846,0
1572,0.6494602576292356,1,0.00953961437391211,0,0.3030319858832043,1,0.004770313793134181,1,52.804009084907875,1
1573,0.15767525253544099,0,0.008889975251113347,0,0.06645613323671407,0,0.00027351838739231353,0,3.6384945536905056,0
1574,0.03328619417970895,0,0.016715491962362536,0,0.012920854159839063,0,5.6178169241540626e-05,0,0.23881416512622816,0
1575,0.7769420453651361,1,0.03833060742570487,0,0.5242349587222795,1,0.003339404637861905,1,34.1963455626578,1
1576,0.23397832557269693,0,0.006443559800650899,0,0.2055707112348095,0,0.0004641487821691717,0,6.435105661849791,0
1577,0.7530560758031695,1,0.0063239421230956005,0,0.28461132412465284,0,0.006039784502539561,1,50.76978194068137,1
1578,0.44249924143445846,0,0.014030992514741642,0,0.1553824004455568,0,0.002324512015681141,0,25.02403499420475,1
1579,0.1104477654581719,0,0.018319517474408985,0,0.06306291633390781,0,0.00014073774603588145,0,1.9683456194094078,0
1580,0.1821464526292969,0,0.004635328375149936,0,0.14546733858071803,0,0.00043084524850119826,0,2.9324957556038926,0
1581,0.09851286149081281,0,0.007835735778898074,0,0.05826149168173857,0,0.00011837930233163789,0,1.699655641060906,0
1582,0.2389482547013731,0,0.010552028063535921,0,0.21835583057475286,0,0.0006521188787720387,0,4.014970382448551,0
1583,0.5878185915185985,1,0.014076373068190247,0,0.3048460280584405,1,0.002601540602208808,1,16.64165811370707,0
1584,0.19139506176399473,0,0.01034912714034448,0,0.15526439172806988,0,0.0004678284226134688,0,2.8147212866614897,0
1585,0.23182257490244335,0,0.011720175781277853,0,0.2301630948523493,0,0.0006282975276563328,0,4.4597143906145975,0
1586,0.6066293826204919,1,0.004231759638766248,0,0.17788988665205974,0,0.0021979055961031256,0,25.72989945102887,1
1587,0.2781785784937357,0,0.009963212579427724,0,0.2276711643593217,0,0.0007018687293134007,0,5.258148727730793,0
1588,0.20222951933890193,0,0.006648934712635645,0,0.19361101137900158,0,0.0005848292639106072,0,3.5161634693105226,0
1589,0.506107647644327,0,0.014368926759228882,0,0.21516385458382906,0,0.0009462757941441816,0,11.577457330212193,0
1590,0.30336833691954823,0,0.008182988276026301,0,0.18294308100180873,0,0.0007498605464244468,0,6.2322412497148125,0
1591,0.33618232551611854,0,0.021234472021710745,0,0.29308348416370306,0,0.0008188889417845151,0,5.447188219085546,0
1592,0.7010181251654638,1,0.0893531026842582,1,0.4638942531727923,1,0.01556063507472587,1,22.541337275634493,0
1593,0.6553095828836155,1,0.013320116127797434,0,0.30307393128023924,1,0.002157706107272342,0,20.21965915515984,0
1594,0.632059617556531,1,0.038258606299015334,0,0.422334454084499,1,0.0022588234017212037,0,19.202445524190193,0
1595,0.25194238367271365,0,0.01097423520167669,0,0.25873526652283335,0,0.0007445380151699392,0,4.281631078495294,0
1596,0.4545545950604258,0,0.023968219468124805,0,0.3097448811287601,1,0.00099054222971765,0,11.294463285767359,0
1597,0.320182753864784,0,0.015033084797827565,0,0.2687599922026551,0,0.0008771478963105597,0,5.300335039076682,0
1598,0.6870114977662017,1,0.27968073816367245,1,0.9703137786889158,1,0.06341397460921425,1,52.06720991607218,1
1599,0.3766769724062246,0,0.009418286496937206,0,0.18552839161314852,0,0.001174125154731245,0,11.034872252406098,0
1600,0.6952743733858369,1,0.02804811014575406,0,0.4056075845427896,1,0.0037937521811591073,1,42.633748505988606,1
1601,0.5585522477465074,0,0.008235675994287981,0,0.2905591998533367,0,0.0018543655576545653,0,25.698503954451432,1
1602,0.47650430407620387,0,0.019650200768852367,0,0.30350578641960174,1,0.0011904107424867449,0,11.152388274342139,0
1603,0.8305445763377155,1,0.009714621292083885,0,0.29047614200088084,0,0.007406517115062017,1,61.817747893431395,1
1604,0.22234462534010194,0,0.003012344337528836,0,0.18596560964876954,0,0.0005847651936775781,0,3.3620409814584766,0
1605,0.2676729373925794,0,0.012980999069172107,0,0.19606041759880175,0,0.0006830274815023749,0,3.2453391840674213,0
1606,0.5643210710726895,1,0.014873026570554167,0,0.2925561453820569,0,0.0024239439188573895,1,14.034862874231663,0
1607,0.24284525561432357,0,0.017646110943039587,0,0.2175676436538925,0,0.0006929094373216028,0,4.22004073350901,0
1608,0.38843793282330685,0,0.015703725045479244,0,0.23471664985706722,0,0.0015647685465639343,0,6.92516016804416,0
1609,0.4727141123094929,0,0.020913559993642073,0,0.21665096131444778,0,0.0010717232484803118,0,10.83612520085452,0
1610,0.6126321775564018,1,0.004772547992976875,0,0.19075684124900938,0,0.002293971483223119,0,28.077968339056014,1
1611,0.6884568144698803,1,0.02477352571147562,0,0.30296304451976314,0,0.0019817691784126037,0,17.643473046701803,0
1612,0.7274785382441218,1,0.009489958048079351,0,0.3183464198825245,1,0.005656044236173833,1,63.52296757355913,1
1613,0.5284583410743884,0,0.020889135188254675,0,0.3029918893710121,0,0.0024000120591200743,0,26.31603864279729,1
1614,0.4699298477680792,0,0.016451306844772928,0,0.22593055503879655,0,0.0009726613311527259,0,13.915749583972806,0
1615,0.3296421020137997,0,0.009921085606889405,0,0.2618049320967911,0,0.0009147184143866871,0,6.693721755294606,0
1616,0.3393095744350099,0,0.017155871750970567,0,0.1815279334962499,0,0.0006678414475289482,0,6.534585767705676,0
1617,0.2864231198275444,0,0.004771373777253313,0,0.16678496866760717,0,0.0006430950153102412,0,5.206268952625104,0
1618,0.264768421368324,0,0.004417323920921051,0,0.18320978276433436,0,0.0006076389341172784,0,5.043193975767832,0
1619,0.12460446803507674,0,0.004770897738968803,0,0.09993635733589475,0,0.0003217459729654212,0,1.5764546305227927,0
1620,0.19933335383530001,0,0.006559975245716219,0,0.18687200817518948,0,0.0005749424782525868,0,3.3874666582868245,0
1621,0.3083397724688303,0,0.02396238030228556,0,0.24264963965544337,0,0.0007192945103443006,0,4.872820425073215,0
1622,0.3850269621396564,0,0.01288599756092362,0,0.2709221689649654,0,0.0009282217328048831,0,7.1385661461615895,0
1623,0.31592867381065826,0,0.01800331903526057,0,0.2914367090430465,0,0.0008230153561470107,0,5.22545463236428,0
1624,0.540019731093077,0,0.018028231198147816,0,0.2300247107560924,0,0.0010787462986064957,0,14.044976862956343,0
1625,0.35837748406128644,0,0.01393741371814141,0,0.20282250979699992,0,0.0008644804470253409,0,7.506373786653259,0
1626,0.3641959233139142,0,0.027886126042671686,0,0.3761067066493672,1,0.0012209972547598182,0,9.021558535853654,0
1627,0.3023712593762468,0,0.009365232825715412,0,0.28289327613684234,0,0.0009718253291872254,0,5.2108264179159205,0
1628,0.8048297058199183,1,0.011339404640281431,0,0.3762008631953678,1,0.006194611649175228,1,60.111056168219896,1
1629,0.23177582822124315,0,0.007610116215022485,0,0.1817225655078184,0,0.0006630671733572044,0,3.848757840661785,0
1630,0.2999021932411056,0,0.012013073243106121,0,0.17094785906037963,0,0.0007906589297547152,0,7.107495255846203,0
1631,0.25185693501318585,0,0.008916199796049159,0,0.2602615542846612,0,0.0007640004917436194,0,4.5151517404307855,0
1632,0.32859794035956086,0,0.013014663869736895,0,0.27207049424140056,0,0.0011293105544551048,0,4.791556625128093,0
1633,0.4883867293889557,0,0.01738851814938558,0,0.3030765285839407,1,0.0014889371115238952,0,9.92843350405548,0
1634,0.27518327631233397,0,0.007694562029343518,0,0.21012289173824397,0,0.001010473274752247,0,5.2970243591751665,0
1635,0.16318110122973034,0,0.002665704420718776,0,0.16124451412838472,0,0.0004959755028717194,0,2.7637187951558975,0
1636,0.3572663121898487,0,0.019422444227973203,0,0.2478218204684674,0,0.0008600887087143306,0,7.208398152694649,0
1637,0.322434651087459,0,0.015075277017970993,0,0.1611685766485697,0,0.0008168497434700923,0,9.385652965269697,0
1638,0.6173402840888961,1,0.056403476112522645,1,0.45780036370121613,1,0.003235017623230262,1,31.952776018680623,1
1639,0.09800224593212764,0,0.007305968054870351,0,0.08368966090193901,0,0.0002224034403263117,0,1.578237605161274,0
1640,0.2646350604900583,0,0.022304711832739885,0,0.1908102910096516,0,0.0004883493138881456,0,7.590802031712187,0
1641,0.5712935538895886,1,0.003617109830087936,0,0.16146954635558255,0,0.001997177322491908,0,25.757146528829388,1
1642,0.7452402347810202,1,0.053892380660543,1,0.42742476626087317,1,0.002334494838536885,0,23.81191315237923,1
1643,0.08396777623443062,0,0.00995521840540166,0,0.07279702744762367,0,0.0001809288088299844,0,0.7990880043254954,0
1644,0.7630108237905039,1,0.16252790073153764,1,0.895511092177056,1,0.06773533583955486,1,61.43050241502738,1
1645,0.5671519671122227,1,0.010005513682637348,0,0.35752983316742576,1,0.0019125388532678133,0,28.619810814315287,1
1646,0.20747424170063494,0,0.00821136631161027,0,0.14417135883098428,0,0.00048332156033858054,0,3.7699024601660627,0
1647,0.28907785470731395,0,0.022940454985214215,0,0.21708309500070233,0,0.0009498283132196336,0,3.2219540298062492,0
1648,0.7065005083552744,1,0.022395797199659624,0,0.35160299755342217,1,0.0033964298062780676,1,38.30200399606335,1
1649,0.36999175504251963,0,0.012231034769120538,0,0.142698162077956,0,0.0012157342602170168,0,13.218553692139569,0
1650,0.2723271912367303,0,0.01162281958844143,0,0.28101707037640855,0,0.0007756745341621171,0,4.817233780146298,0
1651,0.5287682186788748,0,0.020239240182634788,0,0.3029920096561001,0,0.0013597591204624459,0,13.35346674931375,0
1652,0.2557655804096812,0,0.007646779736958821,0,0.21785674153999088,0,0.0007678144900488885,0,3.785410504593398,0
1653,0.3548932016456149,0,0.011991327215972661,0,0.2664056934454339,0,0.0011863756735082187,0,6.440774355392975,0
1654,0.2013060929812945,0,0.005023848584478494,0,0.1826945951244891,0,0.0005664778606836374,0,3.7196283075450403,0
1655,0.2965408605041254,0,0.022596587309227808,0,0.25296253585199013,0,0.000689625903805414,0,5.243822947234042,0
1656,0.2804988566365522,0,0.005937917784820758,0,0.19274278660563057,0,0.000730215460725656,0,5.468307883282405,0
1657,0.19723419106304996,0,0.011248811109201432,0,0.11839367307955742,0,0.000650764441529491,0,4.085964310950371,0
1658,0.2979595695456408,0,0.01143378718534946,0,0.13827910412608668,0,0.000705648712875888,0,7.2433590018649,0
1659,0.7520683055579144,1,0.0168492663273657,0,0.41770343550997985,1,0.006678767347510914,1,75.61608629426289,1
1660,0.33397367365346853,0,0.010616914992667774,0,0.24390925811676764,0,0.0009196241250035558,0,6.619079489976945,0
1661,0.8825431953107521,1,0.041340739100323584,1,0.7160097474718712,1,0.011487650376724088,1,106.76321035220026,1
1662,0.8076749563017691,1,0.011290197515393289,0,0.3320558279289827,1,0.006589819318402837,1,64.39920629893787,1
1663,0.4321705329062928,0,0.029960247551535975,0,0.2770598393341283,0,0.0021283681233585624,0,6.882523609731476,0
1664,0.36736927166420963,0,0.03503531551312131,0,0.2394944217613231,0,0.0012617299764203546,0,19.05492833908516,0
1665,0.43510456144693804,0,0.01699138742091814,0,0.20271486725590854,0,0.0010084926537544544,0,10.168372625848416,0
1666,0.6954593286140712,1,0.056457069564898404,1,0.6139063010721427,1,0.004730939826646537,1,60.85012354164123,1
1667,0.27676924425838173,0,0.009469716568266657,0,0.19709246115531637,0,0.0010033308295667716,0,4.159497434589694,0
1668,0.3718507054792376,0,0.018972531891846344,0,0.19700624656760637,0,0.0009095279370075212,0,11.51742032566231,0
1669,0.2603419528177779,0,0.0059413645710341976,0,0.21350985300891526,0,0.0006502745905827169,0,5.184822649442947,0
1670,0.1804921198910009,0,0.0037354296931924754,0,0.15957601348201833,0,0.0005140028906322551,0,2.9740859908385664,0
1671,0.5622917577436686,0,0.047841286653718236,1,0.3866073201750495,1,0.0028067844576702855,1,27.202051411870105,1
1672,0.5580665414877312,0,0.013137483933752369,0,0.2793694207209712,0,0.002392077162618826,0,14.848066567435461,0
1673,0.7353070995965901,1,0.044667431912989684,1,0.44968905632998485,1,0.002925043982586155,1,25.21390051522416,1
1674,0.19734049732121028,0,0.008295364027160834,0,0.1902570232977053,0,0.0006604679140943592,0,3.4959769040884283,0
1675,0.14802165553772342,0,0.004251640013853816,0,0.1519879155998581,0,0.0004429010116659934,0,2.5178540692477247,0
1676,0.3356421395907882,0,0.013028709464256513,0,0.16266083881653656,0,0.0008655699238695177,0,10.738469280973233,0
1677,0.23756241373159032,0,0.008918784705825515,0,0.24028932229661537,0,0.0006898977868933254,0,4.191242685963715,0
1678,0.29712481878987795,0,0.005751513893592361,0,0.17958341203629902,0,0.0006975321190825878,0,5.636259088138212,0
1679,0.28768466798647585,0,0.026313420056070083,0,0.25407056259191185,0,0.0007986135122122311,0,5.206092271581012,0
1680,0.5892161906528011,1,0.022244427903880357,0,0.35478703284464463,1,0.0031942239251120355,1,38.03864383268532,1
1681,0.2749249512404262,0,0.0260607654560621,0,0.22749901256373356,0,0.000714854515206448,0,4.33560877557663,0
1682,0.36431593571909954,0,0.024424065603570487,0,0.30302204314224934,1,0.0008431890167223813,0,5.760001086507849,0
1683,0.30639688158960937,0,0.016175375885971215,0,0.20448528371351596,0,0.0007269000791415975,0,3.2238168722740164,0
1684,0.31873634579644605,0,0.0074070425051699935,0,0.15865967966551314,0,0.0006947690941589497,0,6.422243268782554,0
1685,0.1786798981786961,0,0.015591141373437823,0,0.11111084714869643,0,0.0003976033260656033,0,4.953613575226955,0
1686,0.7123540328390147,1,0.01614211869746716,0,0.39509375570707045,1,0.0030115844118970164,1,41.64498013075733,1
1687,0.37517571704889674,0,0.012985260269973792,0,0.21351976998194014,0,0.0012761549310051337,0,9.271413215298454,0
1688,0.6807654480494031,1,0.012945785244194702,0,0.2818918020037384,0,0.00307011825237744,1,38.24647306917923,1
1689,0.6731349014358122,1,0.11682462799098167,1,0.6448181299999406,1,0.021952958743385396,1,32.24101294491864,1
1690,0.1955272395465235,0,0.009071068090554298,0,0.18987977459250913,0,0.0005753775384190347,0,2.9947276212842473,0
1691,0.7025459750332812,1,0.057839637467830295,1,0.4849607597171495,1,0.0027559942826509017,1,24.22062180298814,1
1692,0.4447718889169011,0,0.033099538103558895,0,0.3029895444891009,0,0.0008795679082151783,0,10.609372982729514,0
1693,0.5760931736509004,1,0.01105873478173945,0,0.22785524899979007,0,0.0023440089133537735,0,25.6408820867364,1
1694,0.3921705539895494,0,0.028095280636328962,0,0.31829690164325175,1,0.0016552008572538514,0,5.223082517961125,0
1695,0.6289509795612634,1,0.00913091427598982,0,0.3187415017422789,1,0.002167490095625169,0,27.452056861702477,1
1696,0.3342579046796793,0,0.0115351814521408,0,0.26889799883542964,0,0.0008158889981085344,0,5.1665791213749035,0
1697,0.37090434011895995,0,0.010768277142195335,0,0.18487581772545578,0,0.0011466398931766336,0,11.058839173588519,0
1698,0.4591081412491642,0,0.016287316758099094,0,0.2308066884943926,0,0.0011570778301898531,0,13.429422939615923,0
1699,0.3581698676706088,0,0.015135221455541874,0,0.2903876737750878,0,0.0008844770087471236,0,6.648022987733304,0
1700,0.24954583631443197,0,0.009039865415624727,0,0.24527239423081232,0,0.0007537616258736587,0,4.234281100527154,0
1701,0.3519269122771919,0,0.027145574901480635,0,0.30293741691320186,0,0.0009227700613546151,0,7.369207329406313,0
1702,0.32986575837310245,0,0.00850012048372002,0,0.24034429066588395,0,0.0008644197666498618,0,6.386028198243066,0
1703,0.5867867732971463,1,0.01609860926686278,0,0.3030171394971378,1,0.0024255225241977293,1,13.346375888807458,0
1704,0.2692664665626843,0,0.012848330949792435,0,0.23790160745682234,0,0.0006724956942188733,0,4.013271593165054,0
1705,0.5548622954122061,0,0.02528329075164416,0,0.35286515897594556,1,0.0023087246043640274,0,27.182947667456165,1
1706,0.1546077790710895,0,0.0017951218301806085,0,0.14492487122107903,0,0.00040891259791909617,0,2.216926307753096,0
1707,0.4634016380458455,0,0.03275458773775053,0,0.29853882892139344,0,0.0013968335342338983,0,20.588008392749,0
1708,0.3856519665014009,0,0.014888639985342185,0,0.24659155852463213,0,0.0009186022578874655,0,9.04312895187918,0
1709,0.28080065802709925,0,0.01300754822150403,0,0.22615486891517775,0,0.0006761702704137031,0,5.407967184152406,0
1710,0.11577682286209577,0,0.006130846020344092,0,0.09979685163286954,0,0.0004358920122904131,0,1.9913158240430575,0
1711,0.434767436493586,0,0.017245789820310543,0,0.19420081137963802,0,0.0010161193708656162,0,10.145434280616833,0
1712,0.23364410701689944,0,0.012159380059246355,0,0.09313108991371281,0,0.0004553009516011158,0,5.344224623744713,0
1713,0.6767899857464071,1,0.007513894411524523,0,0.2307627290938061,0,0.005650074950554099,1,63.422264280394266,1
1714,0.22891020662624434,0,0.02201139481323674,0,0.1444932955624363,0,0.0007059909713799511,0,11.413467353702583,0
1715,0.5671306331324067,1,0.027404256953331936,0,0.277594323634898,0,0.0016546391611154973,0,15.93367109590498,0
1716,0.842969342443612,1,0.014297632576325105,0,0.44931896270632904,1,0.00859601014826563,1,73.6931600622807,1
1717,0.11199952735791144,0,0.012688566651627011,0,0.05350308642862042,0,0.0001417598369891123,0,1.640389632340685,0
1718,0.08413939219001476,0,0.015393482722757408,0,0.018362769599108784,0,0.00013768911867934224,0,0.9315447290723246,0
1719,0.6786689634632397,1,0.023257509808513474,0,0.3218266461202051,1,0.00223401347866946,0,20.611258865449667,0
1720,0.03038889130234897,0,0.012000655292352667,0,0.034868296166806804,0,4.028981357096164e-05,0,0.166826014959301,0
1721,0.14294017843563084,0,0.011601504357859317,0,0.08673066094103409,0,0.0002969439099390929,0,4.160576955554014,0
1722,0.10089880514538463,0,0.018283271054409935,0,0.04929676895472759,0,0.0002421595990995498,0,1.8600124114998864,0
1723,0.1120311212917803,0,0.027201234114977168,0,0.13029879620896925,0,0.00034991667826551827,0,4.519860087048238,0
1724,0.2906529163834594,0,0.0337083215980276,0,0.16482405905534803,0,0.0006286583159087641,0,7.32768835273134,0
1725,0.10610768050006228,0,0.002220737895059725,0,0.1261193971334377,0,0.00034061741828372936,0,1.9615674575235325,0
1726,0.3185164279799317,0,0.011460278294744847,0,0.13490322871996602,0,0.001013105706981638,0,9.439765375774442,0
1727,0.22531592970343545,0,0.011568275858011182,0,0.08086501461453531,0,0.0006657123487571391,0,6.266520099770813,0
1728,0.39243298038071966,0,0.018331898031652912,0,0.25069288877739443,0,0.0013239979102588626,0,6.6612694921653794,0
1729,0.3192914873364372,0,0.009505149930194825,0,0.16801400734678498,0,0.0010343784175417968,0,7.432071704792034,0
1730,0.7170707419578607,1,0.012317301717769472,0,0.3784748479224871,1,0.0055137784771239675,1,53.371565973974725,1
1731,0.10350857864048485,0,0.004633976097375703,0,0.07730786552231875,0,0.00031332990520205334,0,1.5448578897756615,0
1732,0.20564616921689238,0,0.008688416929962115,0,0.1266089766923462,0,0.0008055335954167834,0,2.947698034081952,0
1733,0.6890706305416648,1,0.0073350322700029055,0,0.24496720123638074,0,0.00237201868953297,0,31.076903365499682,1
1734,0.27914212839484276,0,0.006792390625896735,0,0.12259722600547966,0,0.0005738105250859615,0,3.167555783102941,0
1735,0.3418795397824309,0,0.008781460541719356,0,0.1803465179430595,0,0.0011993985812537246,0,8.375290942644217,0
1736,0.6584653766084918,1,0.17215754712118997,1,0.7849820586307398,1,0.042978070868321644,1,45.61649344424059,1
1737,0.16067805046476066,0,0.005026746313741309,0,0.14630796841579913,0,0.00038622519423615404,0,2.1644921417923095,0
1738,0.5308463681419232,0,0.02163605530930289,0,0.3029805738745183,0,0.0014029484717718824,0,11.721361363812155,0
1739,0.6375516577049057,1,0.006601094251685263,0,0.20127288528870443,0,0.00255048697668865,1,31.397370408760935,1
1740,0.3289335050132323,0,0.038993538637486225,0,0.22408823282111257,0,0.0006513044917954843,0,8.236612175273986,0
1741,0.5359597239572889,0,0.011370500628850427,0,0.2999327023466201,0,0.001610298513698494,0,22.90140207804836,0
1742,0.23747763937196315,0,0.0046688176595698384,0,0.11227409595067608,0,0.0006740122741035725,0,7.588949745286139,0
1743,0.42961618232347676,0,0.013550944046107344,0,0.190656664400518,0,0.0016077792687365737,0,16.315523275897498,0
1744,0.11454056414489461,0,0.010667024490073665,0,0.10245900048151535,0,0.0002351599605938808,0,1.667290219269254,0
1745,0.3304385163363584,0,0.0632445464792997,1,0.22394585150772714,0,0.001969079909628021,0,3.292353525828262,0
1746,0.37522029108462635,0,0.05025628491628392,1,0.3029659135107055,0,0.0011432125882211732,0,13.89665358763001,0
1747,0.42552790735988666,0,0.009986756720206593,0,0.17104113988614653,0,0.001809346881987514,0,9.286120498656867,0
1748,0.44356011039179427,0,0.02728315263053636,0,0.2892508530276842,0,0.0017855696804666332,0,25.169492881318238,1
1749,0.6210687952341746,1,0.006132978609353413,0,0.19634799344849632,0,0.001910221873115522,0,23.67248125752888,0
1750,0.21121572861146212,0,0.004536763186848093,0,0.10581912740086237,0,0.0004339167567123468,0,4.045699052552863,0
1751,0.2892975929759783,0,0.028475028003809532,0,0.2473358313691486,0,0.0007733059818152374,0,5.003916415694507,0
1752,0.2902919809115574,0,0.053048639854936006,1,0.19366855860262402,0,0.0010894035107679102,0,9.314842544164467,0
1753,0.21399300958680975,0,0.006389834802425618,0,0.18084857858335424,0,0.0008772667107208243,0,2.733669462159576,0
1754,0.2512379902556798,0,0.004065281959665154,0,0.11681090367958806,0,0.0005088219270487897,0,4.860743480234369,0
1755,0.24659789269223797,0,0.004672869180608128,0,0.12318322079629654,0,0.000491311342479981,0,4.291386565433731,0
1756,0.24624858450955014,0,0.013816713688996595,0,0.18536205366659672,0,0.0004712739321446772,0,3.4426690823078934,0
1757,0.7763545269952222,1,0.04197818735137586,1,0.44516169113525755,1,0.0027670684711216887,1,25.41112149721119,1
1758,0.14987801733569395,0,0.009628232584643707,0,0.12425837322174386,0,0.0003330156239280015,0,2.084313254909631,0
1759,0.20740323554246734,0,0.003979820051617088,0,0.12004667228447424,0,0.00041855002457979773,0,4.241002135062005,0
1760,0.1390660357482489,0,0.00901796998982709,0,0.08650878186046879,0,0.00027572020004351883,0,1.4452420815573241,0
1761,0.7473222059220876,1,0.006831809634997082,0,0.2269422425604805,0,0.006570740589829708,1,55.37762212050437,1
1762,0.18571346910302156,0,0.014265727115559613,0,0.19420986883214383,0,0.0005408396113103691,0,5.886899421431299,0
1763,0.40225403203483806,0,0.03689455969964712,0,0.3029457348407846,0,0.001416578604457391,0,21.61876403218452,0
1764,0.2531706443288682,0,0.009223263399711188,0,0.13500678916781716,0,0.000940679158544605,0,5.072964890440849,0
1765,0.10253236660004428,0,0.006128628558828777,0,0.07847329269369466,0,0.0002957161709740024,0,1.2112891286766907,0
1766,0.13573672112172216,0,0.003977183916726567,0,0.10802555205287655,0,0.00032957055007633025,0,2.6439505899084073,0
1767,0.31161927240063225,0,0.012513038062395116,0,0.1303107903112035,0,0.0006788991737284013,0,7.518298046623109,0
1768,0.017788329048618216,0,0.011973995198742244,0,0.02392184199629169,0,7.648845336838127e-06,0,0.2379222818990659,0
1769,0.22774785174897194,0,0.008946164086064266,0,0.1116509860033125,0,0.0007631988926428803,0,3.328304270137503,0
1770,0.03501661781342136,0,0.014159100330222598,0,0.014657856672687007,0,5.640788105435624e-05,0,0.17751487761591633,0
1771,0.6539855845344995,1,0.012718849711362888,0,0.3029692254949499,0,0.004508091295884674,1,51.566010060413774,1
1772,0.2069265585654518,0,0.01656606915218321,0,0.14724001802560113,0,0.0006847432974430601,0,11.38000210605536,0
1773,0.6539354645808756,1,0.007699565668756934,0,0.3029456270857915,0,0.0047549870216626105,1,48.74232166719343,1
1774,0.15653549478295692,0,0.00935033759491631,0,0.048224631559020854,0,0.0004229615121662095,0,3.0205645175899964,0
1775,0.16789411779215085,0,0.022751765637964223,0,0.07678373315432657,0,0.000306240713785415,0,3.383392366392621,0
1776,0.1271512497571559,0,0.015584828093981104,0,0.06201896822048623,0,0.00041697964986954294,0,4.349095495289726,0
1777,0.5099089023645901,0,0.03506694388971063,0,0.3844473529491571,1,0.0020763203962212867,0,30.02517429550943,1
1778,0.08853322659916903,0,0.00882579941742868,0,0.053092498241704256,0,0.00015738866704773265,0,0.5432552180295392,0
1779,0.1708059617096029,0,0.015470094487403704,0,0.06966365003050842,0,0.00040761040661461295,0,1.43206463942071,0
1780,0.26165388407032897,0,0.01194238043132396,0,0.22373569623441916,0,0.0005130911946545454,0,5.2947690253523865,0
1781,0.07472335842321008,0,0.0025649739646061024,0,0.06547056873009449,0,0.00016484239604090608,0,1.167192564379165,0
1782,0.17423079192782612,0,0.007537568617754392,0,0.10847678569638756,0,0.00041624109061310516,0,3.8636749893517974,0
1783,0.6146523479512149,1,0.00802815554126721,0,0.2530790527404324,0,0.0025317591772954905,1,34.08297586268515,1
1784,0.4126894190216101,0,0.00818039001645507,0,0.21408555927621384,0,0.0008921312974547541,0,7.356051998432585,0
1785,1.0,1,1.0,1,1.0,1,1.0,1,742.5768277201743,1
1786,0.10552185949830814,0,0.004393466505892187,0,0.10591431777436378,0,0.00025902349319493253,0,1.4696021623658182,0
1787,0.31322605228991085,0,0.03161125683729132,0,0.2270199174711515,0,0.0006567932832122136,0,9.303039812207798,0
1788,0.36583620778618864,0,0.010454692567241762,0,0.16727585793119618,0,0.0010874018664469235,0,12.637515778590057,0
1789,0.2545959423556126,0,0.00464806986890836,0,0.10859719319294775,0,0.0006536249219299765,0,7.923998830832538,0
1790,0.3888444171842943,0,0.07421233930072027,1,0.300551224552162,0,0.0027869286879334226,1,4.257608245461711,0
1791,0.14506598741975174,0,0.007609951373819375,0,0.11489716234915817,0,0.0002583392807561938,0,1.6766161745908075,0
1792,0.5498749333594856,0,0.0144743437725931,0,0.32288035081963196,1,0.00162143953128755,0,22.816237225724244,0
1793,0.2598988945324639,0,0.006882129226007956,0,0.17692018857783073,0,0.0007213004000151381,0,5.875363206144527,0
1794,0.23958692614645968,0,0.03541130955817253,0,0.14658066480473847,0,0.0006250996695307675,0,4.991850701263702,0
1795,0.10374239738316184,0,0.0017074908043455323,0,0.12688415091878197,0,0.00032379046572713076,0,1.9377239483971311,0
1796,0.19755016837347456,0,0.0035200699301199266,0,0.1599207904512601,0,0.00044559593658666794,0,2.595089949825138,0
1797,0.21392192471180888,0,0.01981628475368919,0,0.17123907470311414,0,0.0005341996147269604,0,3.4901094421722334,0
1798,0.2792960444296479,0,0.010620626333118097,0,0.18128232813187695,0,0.0009531223631640694,0,3.4034484777331153,0
1799,0.34986425142252514,0,0.025657737564471587,0,0.17331528305363889,0,0.0009858837796105809,0,14.467485715749865,0
1800,0.2165279857470425,0,0.018975606126965135,0,0.21799497974268603,0,0.0005427130495824832,0,5.32907232976201,0
1801,0.23150718263712494,0,0.00401663039747791,0,0.11248213427494339,0,0.0004880075777859159,0,4.684322610369639,0
1802,0.5882042848200751,1,0.00928852886850506,0,0.20123945733576654,0,0.001662534902776781,0,18.94088750430031,0
1803,0.22822087337056948,0,0.007797265568613321,0,0.10839811663051778,0,0.0004741049311335829,0,1.9158608615765829,0
1804,0.6642775503726696,1,0.007454906405532421,0,0.17853619619102015,0,0.004863579145798772,1,50.29870608044108,1
1805,0.32623653685953896,0,0.009960970948212218,0,0.16906211472052246,0,0.0011501494813644395,0,7.772260802892211,0
1806,0.10859726702495305,0,0.004320890459982032,0,0.09199056643738689,0,0.0003384643763138447,0,1.643056824487111,0
1807,0.2532045127081805,0,0.008809857697914104,0,0.14613550122288643,0,0.0007386345451043728,0,4.504894596840529,0
1808,0.13509258994374035,0,0.010239954589294263,0,0.07161126366182718,0,0.0003823361303734148,0,3.083947202053884,0
1809,0.11424864773566196,0,0.0018852140080427373,0,0.11150348325125077,0,0.00032524412920274256,0,2.1881495501513317,0
