Date,ttm_net_eps,pe_ratio,ttm_sales_per_share,book_value_per_share,ttm_fcf_per_share,current_assets,current_ratio,current_assets___inventory,quick_ratio,total_liabilities,debt_to_equity_ratio,return_on_equity,return_on_assets,return_on_investment,tangible_equity,return_on_tangible_equity,price,current_liabilities,shareholder's_equity,ttm_net_income,cash_on_hand,total_share_holder_equity,revenue,gross_profit,operating_income,ebitda,net_income,eps_earnings_per_share_diluted,shares_outstanding,ps_ratio,pb_ratio,pfcf_ratio,total_assets,ticker
3/31/2009,,,,0.97,,33.85,2.46,33.54,2.44,18.93,0.78,,,,,,,13.75,24.31,,,,,,,,,,,,,,,AAPL
6/30/2009,,,,1.03,,35.17,2.11,34.79,2.09,22.25,0.86,,,,,,,16.66,25.89,,24222,25888,9734,3983,2632,2814,1828,0.07,25456,,,,,AAPL
9/30/2009,,,,1.26,,31.56,2.74,31.1,2.7,15.86,0.5,,,,,,,11.51,31.64,,23464,31640,12207,5105,3684,3887,2532,0.1,25396,,,,,AAPL
12/31/2009,0.31,20.67741935483871,1.83,1.41,0.56,33.33,2.55,32.76,2.5,18.16,0.51,31.83,19.41,142.29,35.27,32.35,6.41,13.1,35.77,9.36,24796,35768,15683,6411,4725,4934,3378,0.13,25754,3.5027322404371586,4.546099290780142,11.446428571428571,53.93,AAPL
3/31/2010,0.36,19.833333333333332,1.99,1.54,0.47,32.34,2.64,31.7,2.59,17.71,0.45,32.6,20.93,142.29,38.61,33.14,7.14,12.23,39.35,10.81,23155,39348,13499,5625,3979,4195,3074,0.12,25841,3.587939698492462,4.636363636363636,15.191489361702128,57.06,AAPL
6/30/2010,0.44,17.386363636363637,2.22,1.69,0.55,36.03,2.31,35.09,2.25,21.61,0.5,32.66,21.93,142.29,42.08,33.27,7.65,15.61,43.11,12.24,24288,43111,15700,6136,4234,4507,3253,0.13,25966,3.4459459459459456,4.5266272189349115,13.909090909090908,64.73,AAPL
9/30/2010,0.54,15.981481481481483,2.52,1.86,0.64,41.68,2.01,40.63,1.96,27.39,0.57,33.76,22.34,142.29,46.71,34.46,8.63,20.72,47.79,14.01,25620,47791,20343,7512,5447,5776,4308,0.17,25892,3.424603174603175,4.639784946236559,13.484375000000002,75.18,AAPL
12/31/2010,0.64,15.328125,2.94,2.12,0.76,43.93,1.85,43.04,1.81,32.08,0.59,35.99,23.46,142.29,53.4,36.81,9.81,23.8,54.67,16.64,26977,54666,26741,10298,7827,8183,6004,0.23,26128,3.3367346938775513,4.627358490566038,12.907894736842106,86.74,AAPL
3/31/2011,0.75,14.133333333333333,3.36,2.37,0.89,47,1.93,46.07,1.89,33.43,0.54,37.77,24.32,142.29,60.23,38.64,10.6,24.33,61.48,19.55,29234,61477,24667,10218,7874,8308,5987,0.23,26206,3.1547619047619047,4.472573839662447,11.910112359550562,94.9,AAPL
6/30/2011,0.9,11.333333333333332,3.84,2.67,1.12,46.9,1.75,46.01,1.71,37.42,0.54,40.48,25.97,142.29,67.43,41.46,10.2,26.86,69.34,23.61,28395,69343,28571,11922,9379,9860,7308,0.28,26259,2.65625,3.8202247191011236,9.107142857142856,106.76,AAPL
9/30/2011,0.99,11.707070707070708,4.13,2.94,1.27,44.99,1.61,44.21,1.58,39.76,0.52,39.56,25.62,142.29,72.18,40.94,11.59,27.97,76.62,25.92,25952,76615,28270,11380,8710,9253,6623,0.25,26226,2.8062953995157387,3.942176870748299,9.125984251968504,116.37,AAPL
12/31/2011,1.25,9.848,4.86,3.45,1.56,54.77,1.58,53.54,1.55,48.63,0.54,44.35,28.89,142.29,85.69,46.2,12.31,34.61,90.05,32.98,30156,90054,46333,20703,17340,18061,13064,0.5,26364,2.5329218106995883,3.5681159420289856,7.891025641025641,138.68,AAPL
3/31/2012,1.46,12.486301369863014,5.4,3.92,1.82,50.71,1.58,49.61,1.55,48.44,0.47,45.63,30.13,142.29,97.75,47.81,18.23,32.04,102.5,38.62,28538,102498,39186,18564,15384,16124,11622,0.44,26457,3.3759259259259258,4.650510204081633,10.016483516483516,150.93,AAPL
6/30/2012,1.52,11.677631578947368,5.64,4.26,1.73,51.94,1.57,50.82,1.54,51.15,0.46,42.14,28.22,142.29,106.29,44.36,17.75,33.06,111.75,40.13,27654,111746,35023,14994,11573,12408,8824,0.33,26518,3.147163120567376,4.166666666666667,10.260115606936417,162.9,AAPL
9/30/2012,1.58,12.89240506329114,5.92,4.5,1.61,57.65,1.5,56.86,1.48,57.85,0.49,39.51,26.56,142.29,112.85,41.47,20.37,38.54,118.21,41.73,29129,118210,35966,14401,10944,11925,8223,0.31,26470,3.4408783783783785,4.526666666666667,12.652173913043478,176.06,AAPL
12/31/2012,1.58,10.335443037974683,6.22,4.84,1.79,72.35,1.54,70.89,1.51,68.74,0.54,36.32,24.34,142.29,121.5,38.09,16.33,46.88,127.35,41.75,39820,127346,54512,21060,17210,18798,13078,0.49,26522,2.625401929,3.373966942,9.122905028,196.09,AAPL
3/31/2013,1.5,9.106666666666667,6.38,5.15,1.71,63.34,1.78,62.09,1.75,59.25,0.44,32.2,21.74,142.29,129.95,33.72,13.66,35.51,135.49,39.67,39137,135490,43603,16349,12558,14250,9547,0.36,26489,2.1410658307210033,2.652427184466019,7.988304093567252,194.74,AAPL
6/30/2013,1.43,8.608391608391608,6.43,4.85,1.67,68.22,1.88,66.52,1.83,76.5,0.62,29.93,19.69,142.29,117.48,31.34,12.31,36.32,123.35,37.75,42606,123354,35323,13024,9201,10895,6900,0.27,25879,1.9144634525660966,2.5381443298969075,7.371257485029941,199.86,AAPL
9/30/2013,1.42,10.492957746478874,6.5,4.91,1.74,73.29,1.68,71.52,1.64,83.45,0.68,29.06,18.57,69.79,117.79,30.44,14.9,43.66,123.55,37.04,40546,123549,37472,13871,10030,11813,7512,0.3,26087,2.292307692307692,3.034623217922607,8.563218390804598,207,AAPL
12/31/2013,1.44,12.25,6.73,5.19,1.77,80.35,1.49,78.23,1.46,95.5,0.74,28.93,17.92,46.09,123.56,30.3,17.64,53.77,129.68,37.03,40711,129684,57594,21846,17463,19607,13072,0.52,25241,2.6210995542347697,3.398843930635838,9.966101694915254,225.18,AAPL
3/31/2014,1.49,11.395973154362416,6.94,4.98,1.88,70.54,1.63,68.71,1.59,85.81,0.71,30.36,18,35.63,114.2,31.89,16.98,43.21,120.18,37.71,41350,120179,45646,17947,13593,15480,10223,0.42,24627,2.446685878962536,3.4096385542168672,9.031914893617023,205.99,AAPL
6/30/2014,1.55,13.348387096774195,7.12,5.05,1.98,67.95,1.47,66.36,1.44,101.58,0.84,31.2,17.92,35.78,114.8,32.79,20.69,46.21,120.94,38.56,37805,120940,37432,14735,10282,12228,7748,0.32,24207,2.9058988764044944,4.097029702970297,10.44949494949495,222.52,AAPL
9/30/2014,1.61,13.999999999999998,7.4,4.75,2.05,68.53,1.08,66.42,1.05,120.29,1.08,32.76,17.85,36.57,102.79,34.71,22.54,63.45,111.55,39.51,25077,111547,42123,16009,11165,13134,8467,0.36,24491,3.0459459459459457,4.745263157894737,10.995121951219513,231.84,AAPL
12/31/2014,1.86,13.338709677419354,8.29,5.29,2.52,83.4,1.13,81.12,1.1,138.57,1.12,37.36,19.28,40.64,114.33,39.87,24.81,73.61,123.33,44.46,32463,123328,74599,29741,24246,26821,18024,0.77,23527,2.9927623642943306,4.689981096408317,9.845238095238095,261.89,AAPL
3/31/2015,2.02,13.896039603960396,8.92,5.6,2.74,67.89,1.16,65.5,1.12,132.19,1.03,39.44,19.56,41.58,120.23,42.29,28.07,58.73,129.01,47.81,33096,129006,58010,23656,18278,20757,13569,0.58,23339,3.146860986547085,5.0125,10.244525547445255,261.19,AAPL
6/30/2015,2.17,13.096774193548388,9.52,5.51,2.97,70.95,1.09,68.91,1.06,147.47,1.17,41.46,19.74,42.45,116.85,44.68,28.42,65.29,125.68,50.74,34703,125677,49605,19681,14083,17167,10677,0.46,23092,2.9852941176470593,5.157894736842106,9.569023569,273.15,AAPL
9/30/2015,2.3,10.878260869565217,10.03,5.35,3.02,89.38,1.11,87.03,1.08,170.99,1.43,42.94,19.66,42.48,110.35,46.25,25.02,80.61,119.36,53.39,41601,119355,51501,20548,14623,17742,11124,0.5,23172,2.494516450648056,4.676635514018692,8.284768211920529,290.35,AAPL
12/31/2015,2.36,10.194915254237289,10.25,5.78,2.79,76.22,1,73.77,0.97,165.02,1.29,42.79,19.22,40.87,119.14,46.06,24.06,76.09,128.27,53.73,38074,128267,75872,30423,24171,27125,18361,0.82,22377,2.3473170731707316,4.162629757785466,8.623655913978494,293.28,AAPL
3/31/2016,2.25,11.128888888888888,10.04,5.95,2.49,87.59,1.28,85.31,1.25,174.82,1.34,40.24,17.44,36.78,121.37,43.34,25.04,68.27,130.46,50.68,55283,130457,50557,19921,13987,16464,10516,0.48,22164,2.494023904,4.208403361344538,10.056224899598392,305.28,AAPL
6/30/2016,2.14,10.327102803738319,9.83,5.87,2.29,93.76,1.31,91.93,1.29,179.06,1.42,37.89,16.01,33.56,117.77,40.8,22.1,71.49,126.54,47.8,61756,126541,42358,16106,10105,12631,7796,0.36,21891,2.2482197355035605,3.7649063032367973,9.650655021834062,305.6,AAPL
9/30/2016,2.07,12.695652173913045,9.74,6.01,2.43,106.87,1.35,104.74,1.33,193.44,1.51,35.59,14.91,30.76,119.63,38.24,26.28,79.01,128.25,45.69,67155,128249,46852,17813,11761,14309,9014,0.43,22001,2.6981519507186857,4.3727121464226295,10.814814814814815,321.69,AAPL
12/31/2016,2.09,12.947368421052632,10.02,6.3,2.49,103.33,1.23,100.62,1.2,198.75,1.5,34.94,14.31,29.42,124.12,37.46,27.06,84.13,132.39,45.22,60452,132390,78351,30176,23359,26346,17891,0.84,21312,2.7005988023952097,4.295238095238095,10.86746987951807,331.14,AAPL
3/31/2017,2.14,15.75233644859813,10.25,6.44,2.53,101.99,1.39,99.08,1.35,200.45,1.5,35.09,14.15,28.81,125.99,37.52,33.71,73.34,134.08,45.73,67101,134082,52896,20591,14097,16429,11029,0.53,21047,3.2887804878048783,5.234472049689441,13.32411067193676,334.53,AAPL
6/30/2017,2.2,15.422727272727272,10.49,6.4,2.47,112.88,1.39,109.73,1.35,212.75,1.61,35.4,14,28.21,124.32,37.77,33.93,81.3,132.43,46.65,76759,132425,45408,17488,10768,13122,8717,0.42,20934,3.234509056244042,5.301562499999999,13.736842105263158,345.17,AAPL
9/30/2017,2.3,15.85217391304348,10.86,6.54,2.46,128.65,1.28,123.79,1.23,241.27,1.8,36.29,13.95,27.94,134.05,38.04,36.46,100.81,134.05,48.35,74181,134047,52579,19931,13120,15604,10714,0.52,21007,3.3572744014732967,5.574923547400612,14.821138211382115,375.32,AAPL
12/31/2017,2.43,16.53497942386831,11.46,6.9,2.58,143.81,1.24,139.39,1.2,266.6,1.9,37.37,13.83,28.05,132.16,39.13,40.18,115.79,140.2,50.53,77153,140199,88293,33912,26274,29019,20065,0.97,20631,3.5061082024432806,5.823188405797101,15.573643410852712,406.79,AAPL
3/31/2018,2.59,15.440154440154442,11.97,6.42,2.67,130.05,1.46,122.39,1.37,240.62,1.9,39.97,14.27,28.54,126.88,41.22,39.99,89.32,126.88,53.32,87940,126878,61137,23422,15894,18633,13822,0.68,20274,3.3408521303258145,6.228971962616823,14.977528089887642,367.5,AAPL
6/30/2018,2.76,16.05072463768116,12.5,5.93,2.98,115.76,1.31,109.83,1.24,234.25,2.04,43.5,14.98,29.66,114.95,44.19,44.3,88.55,114.95,56.12,70970,114949,53265,20421,12612,15277,11519,0.59,19706,3.5439999999999996,7.470489038785835,14.865771812080537,349.2,AAPL
9/30/2018,2.97,18.252525252525253,13.14,5.63,3.21,131.34,1.13,127.38,1.1,258.58,2.41,48.68,15.99,32.03,107.15,49.49,54.21,115.93,107.15,59.53,66301,107147,62900,24084,16118,18872,14125,0.74,20000,4.1255707762557075,9.628774422735347,16.88785046728972,365.73,AAPL
12/31/2018,3.04,12.503289473684209,13.28,6.23,3.19,140.83,1.3,135.84,1.25,255.83,2.17,50.92,16.33,31.91,117.89,50.92,38.01,108.28,117.89,59.43,86427,117892,84310,32031,23346,26741,19965,1.05,19093,2.862198795180723,6.101123595505618,11.915360501567397,373.72,AAPL
3/31/2019,2.97,15.478114478114477,13.35,5.74,3.12,123.35,1.32,118.46,1.26,236.14,2.23,51.29,15.98,31.95,105.86,51.29,45.97,93.77,105.86,57.17,80092,105860,58015,21821,13415,16455,11561,0.62,18803,3.4434456928838952,8.008710801393727,14.733974358974358,342,AAPL
6/30/2019,2.93,16.41296928327645,13.57,5.32,3.06,134.97,1.51,131.62,1.47,225.78,2.34,52.13,15.87,32.65,96.46,52.13,48.09,89.7,96.46,55.7,94614,96456,53809,20227,11544,14477,10044,0.55,18406,3.543846720707443,9.039473684210526,15.715686274509805,322.24,AAPL
9/30/2019,2.96,18.4527027,13.87,5.09,3.17,162.82,1.54,158.71,1.5,248.03,2.74,53.82,16.06,33.18,90.49,53.82,54.62,105.72,90.49,55.26,100557,90488,64040,24313,15625,18804,13686,0.77,18596,3.9379956741167987,10.730844793713162,17.230283911671926,338.52,AAPL
12/31/2019,3.17,22.65930599369085,14.61,5.1,3.54,163.23,1.6,159.13,1.56,251.09,2.8,60.18,17.13,35.64,89.53,60.18,71.83,102.16,89.53,57.53,107162,89531,91819,35217,25569,28385,22236,1.25,17818,4.916495550992471,14.084313725490198,20.29096045,340.62,AAPL
3/31/2020,3.19,19.545454545454547,14.83,4.53,3.72,143.75,1.5,140.42,1.46,241.98,3.09,64.49,17.31,36.76,78.43,64.49,62.35,96.09,78.43,57.22,94051,78425,58313,22370,12853,15639,11249,0.64,17619,4.204315576534053,13.763796909492273,16.760752688172044,320.4,AAPL
6/30/2020,3.29,27.258358662613983,15.33,4.22,4.03,140.07,1.47,136.09,1.43,245.06,3.39,70.66,17.75,38.43,72.28,70.66,89.68,95.32,72.28,58.42,93025,72282,59685,22680,13091,15843,11253,0.65,17419,5.849967384,21.251184834123226,22.253101736972706,317.34,AAPL
9/30/2020,3.26,34.99693251533743,15.58,3.85,4.19,143.71,1.36,139.65,1.33,258.55,3.96,75.15,17.63,38.97,65.34,75.15,114.09,105.39,65.34,57.41,90943,65339,64698,24689,14775,17477,12673,0.74,17528,7.322849807445443,29.633766233766234,27.229116945107396,323.89,AAPL
12/31/2020,3.69,35.48780487804878,16.94,3.94,4.65,154.11,1.16,149.13,1.13,287.83,4.35,90.59,19.44,44.77,66.22,90.59,130.95,132.51,66.22,63.93,76826,66224,111439,44328,33534,36200,28755,1.68,17114,7.730224321133411,33.236040609137056,28.16129032258064,354.05,AAPL
3/31/2021,4.46,27.06950673,18.92,4.15,5.29,121.47,1.14,116.25,1.09,267.98,3.87,111.8,22.91,52.79,69.18,111.8,120.73,106.39,69.18,76.31,69834,69178,89584,38079,27503,30300,23630,1.4,16929,6.381078224101479,29.09156626506024,22.822306238185256,337.16,AAPL
6/30/2021,5.11,26.53620352250489,20.35,3.88,5.58,114.42,1.06,109.25,1.01,265.56,4.13,131.01,25.82,59.02,64.28,131.01,135.6,107.75,64.28,86.8,61696,64280,81434,35255,24126,26958,21744,1.3,16782,6.663390663390663,34.94845360824742,24.301075268817204,329.84,AAPL
9/30/2021,5.62,24.964412811387902,21.6,3.84,5.51,134.84,1.08,128.26,1.02,287.91,4.56,144.12,27.6,63.57,63.09,144.12,140.3,125.48,63.09,94.68,62639,63090,83360,35174,23786,26775,20551,1.23,16865,6.49537037,36.536458333333336,25.46279491833031,351,AAPL
12/31/2021,6.04,29.19205298013245,22.59,4.4,6.12,153.15,1.04,147.28,1,309.26,4.3,149.81,28.75,66.93,71.93,149.81,176.32,147.57,71.93,100.56,63913,71932,123945,54243,41488,44185,34630,2.1,16519,7.80522355,40.07272727272727,28.810457516339866,381.19,AAPL
3/31/2022,6.16,28.18181818181818,23.23,4.16,6.4,118.18,0.93,112.72,0.88,283.26,4.2,152.88,28.86,69.05,67.4,152.88,173.6,127.51,67.4,101.94,51511,67399,97278,42559,29979,32716,25010,1.52,16403,7.473095135600516,41.730769230769226,27.124999999999996,350.66,AAPL
6/30/2022,6.06,22.463696369636963,23.48,3.61,6.56,112.29,0.87,106.86,0.82,278.2,4.79,152.97,28.08,70.2,58.11,152.97,136.13,129.87,58.11,99.63,48231,58107,82959,35885,23076,25881,19442,1.2,16262,5.797700170357751,37.70914127423823,20.751524390243905,336.31,AAPL
9/30/2022,6.11,22.55319149,24.06,3.18,6.83,135.41,0.88,130.46,0.85,302.08,5.96,160.9,28.1,73.31,50.67,160.9,137.8,153.98,50.67,99.8,48304,50672,90146,38095,24894,27759,20721,1.29,16326,5.727348296,43.333333333333336,20.175695461200586,352.76,AAPL
3/31/2009,,,,4.15,,40.72,1.71,40.07,1.68,31.91,0.86,,,,,,,23.82,36.94,,,,,,,,,,,,,,,MSFT
6/30/2009,,,,4.44,,49.28,1.82,48.56,1.8,38.33,0.97,,,,,,,27.03,39.56,,31447,39558,13099,10513,3987,4668,3045,0.34,8996,,,,,MSFT
9/30/2009,,,,4.63,,52.23,1.82,51.08,1.78,40.4,0.98,,,,,,,28.76,41.21,,36728,41212,12920,10078,4482,5128,3574,0.4,8983,,,,,MSFT
12/31/2009,1.81,12.928176795580109,6.55,5.03,2.92,52.49,2.04,51.9,2.02,37.81,0.85,40.14,20.95,62.87,30.57,61.66,23.4,25.72,44.28,16.26,36099,44283,19022,15394,8513,9128,6662,0.74,8951,3.5725190839694654,4.652087475149105,8.013698630136986,82.1,MSFT
3/31/2010,1.93,11.704663212435234,6.65,5.22,2.26,54.52,2.06,54.02,2.04,39.2,0.86,40.49,21.18,47.71,31.97,60.23,22.59,26.42,45.71,17.29,39666,45710,14503,11748,5173,5867,4006,0.45,8876,3.3969924812030072,4.327586206896552,9.995575221238939,84.91,MSFT
6/30/2010,2.1,8.490476190476189,6.99,5.33,2.48,55.68,2.13,54.94,2.1,39.94,0.87,42.3,22.42,49.8,32.62,61.44,17.83,26.15,46.18,18.76,36788,46175,16039,12869,5930,6648,4518,0.51,8927,2.550786838340486,3.3452157598499057,7.189516129032257,86.11,MSFT
9/30/2010,2.32,8.224137931034482,7.42,5.48,2.72,59.58,2.3,58.34,2.26,44.6,0.95,44.99,23.9,52.11,33.39,64.09,19.08,25.86,46.94,20.6,44173,46942,16195,13056,7116,7810,5410,0.62,8695,2.571428571428571,3.481751824817518,7.014705882,91.54,MSFT
12/31/2010,2.35,9.306382978723404,7.62,5.77,2.65,59.68,2.46,58.82,2.42,43.83,0.9,43.92,23.18,49.01,34.99,61.87,21.87,24.31,48.48,20.57,41252,48481,19953,15120,8165,8828,6634,0.77,8570,2.8700787401574805,3.790294627383016,8.252830188679246,92.31,MSFT
3/31/2011,2.51,7.976095617529881,7.92,6.34,2.8,66.26,2.76,65.21,2.71,46.28,0.87,44.69,23.58,46.57,40.06,61.8,20.02,24.04,53.45,21.79,50150,53452,16428,12531,5709,6429,5232,0.61,8510,2.5277777777777777,3.1577287066246056,7.15,99.73,MSFT
6/30/2011,2.69,7.669144981412639,8.14,6.82,2.87,74.92,2.6,73.55,2.56,51.62,0.9,44.96,23.61,43.61,43.76,60.84,20.63,28.77,57.08,23.15,52772,57083,17367,13659,6171,6860,5874,0.69,8593,2.534398034398034,3.0249266862170083,7.188153310104529,108.7,MSFT
9/30/2011,2.75,7.229090909090909,8.33,7.06,2.94,75.27,2.95,73,2.86,48.02,0.81,43,23.01,41.31,45.83,57.04,19.88,25.54,59.39,23.48,57403,59391,17372,13595,7203,7929,5738,0.68,8490,2.3865546218487395,2.8158640226628897,6.761904761904762,107.42,MSFT
12/31/2011,2.76,7.5688405797101455,8.46,7.65,3.13,72.51,2.86,71.16,2.81,48.12,0.75,40.11,21.93,38.44,41.87,54.73,20.89,25.37,64.12,23.47,51736,64121,20885,15247,7994,8672,6624,0.78,8465,2.4692671394799053,2.730718954248366,6.674121405750799,112.24,MSFT
3/31/2012,2.75,9.498181818181818,8.58,8.17,3.21,76.86,2.94,75.45,2.88,49.35,0.72,37.46,20.92,37.37,46.21,52.56,26.12,26.17,68.66,23.34,59529,68659,17407,13455,6374,7140,5108,0.6,8498,3.0442890442890445,3.197062423500612,8.137071651090343,118.01,MSFT
6/30/2012,1.94,12.855670103092784,8.84,7.92,5.12,85.08,2.6,83.95,2.57,54.91,0.83,26.27,14.8,28.54,49.74,36.98,24.94,32.69,66.36,16.98,63040,66363,18059,13896,192,7182,-492,-0.06,8506,2.821266968325792,3.1489898989898992,4.87109375,121.27,MSFT
9/30/2012,1.69,14.449704142011836,8.25,8.17,5.41,84.05,2.68,82.43,2.63,53.04,0.77,23.44,13.27,25.45,50.95,33.28,24.42,31.4,68.84,15.71,66644,68836,16008,11840,5308,6018,4466,0.53,8494,2.9600000000000004,2.988984088127295,4.513863216266174,121.88,MSFT
12/31/2012,1.85,11.945945945945946,8.75,8.67,4.84,89.57,2.81,87.91,2.76,56.11,0.77,22.37,12.62,24.5,54.51,30.7,22.1,31.91,72.58,15.46,68312,72576,21456,15764,7771,8780,6377,0.76,8444,2.525714285714286,2.5490196078431375,4.5661157024793395,128.68,MSFT
3/31/2013,1.95,12.241025641025642,8.98,9.19,5.05,93.52,2.93,91.39,2.86,57.42,0.75,23.07,12.97,25.41,58.77,30.67,23.87,31.93,76.69,16.41,74483,76688,20489,15702,7612,8665,6055,0.72,8429,2.6581291759465477,2.597388465723613,4.726732673267327,134.11,MSFT
6/30/2013,2.6,11.161538461538461,9.21,9.48,2.9,101.47,2.71,99.53,2.66,63.49,0.8,29.44,16.59,31.19,61.21,38.79,29.02,37.42,78.94,21.86,77022,78944,19896,14158,6073,7056,4965,0.57,8470,3.1509229098805642,3.061181434599156,10.006896551724138,142.43,MSFT
9/30/2013,2.68,10.507462686567164,8.76,9.78,3.45,99.45,2.87,96.84,2.8,60.71,0.74,29.23,16.54,30.97,63.99,37.98,28.16,34.62,81.64,22.64,80672,81641,18529,13384,6334,7288,5244,0.62,8434,3.214611872146119,2.8793456032719837,8.162318841,142.35,MSFT
12/31/2013,2.85,11.189473684210526,10.24,10.25,0.22,106.87,3.17,105.28,3.12,68.44,0.8,28.32,15.95,29.44,67.48,36.31,31.89,33.74,85.1,22.82,83944,85100,24519,16197,7969,9230,6558,0.78,8395,3.114257813,3.111219512195122,144.95454545454547,153.54,MSFT
3/31/2014,2.77,12.711191335740072,10.14,10.58,0.83,109.01,3.22,107.09,3.16,68.7,0.79,26.93,15.09,27.37,69.77,34.18,35.21,33.9,87.42,22.43,88425,87424,20403,14425,6974,8229,5660,0.68,8367,3.472386587771203,3.327977315689981,42.42168674698795,156.12,MSFT
6/30/2014,2.6,13.86923076923077,10.49,10.9,0.79,114.25,2.5,111.59,2.45,82.6,0.92,25.67,14.14,26.53,62.68,33.46,36.06,45.63,89.78,22.07,85709,89784,23382,15749,6482,8224,4612,0.55,8399,3.437559580552908,3.308256880733945,45.64556962025316,172.38,MSFT
9/30/2014,2.55,15.819607843137257,10.92,10.92,1.16,112.44,2.52,109.3,2.45,79.49,0.88,24.25,13.12,25.19,63.4,32.46,40.34,44.69,90.17,21.37,89193,90170,23201,14928,5844,7272,4540,0.54,8351,3.6941391941391943,3.6941391941391943,34.77586206896552,169.66,MSFT
12/31/2014,2.48,16.403225806451612,11.19,11.18,3.26,116.36,2.45,114.31,2.41,82.97,0.9,23.02,12.29,24.77,62.73,31.98,40.68,47.42,91.88,20.68,90249,91879,26470,16334,7776,9297,5863,0.71,8297,3.635388739946381,3.638640429338104,12.478527607361963,174.85,MSFT
3/31/2015,2.41,14.87966804979253,11.39,11.11,3.26,118.4,2.91,115.93,2.85,86.55,0.96,22.1,11.53,23.89,61.44,31.97,35.86,40.75,90.13,20,95438,90132,21729,14568,6594,8109,4985,0.61,8237,3.1483757682177345,3.227722772277228,11,176.68,MSFT
6/30/2015,1.46,26.842465753424655,11.29,9.98,2.87,122.8,2.47,119.9,2.42,94.39,1.18,13.85,7.01,16.34,58.31,19.84,39.19,49.65,80.08,12.19,96526,80083,22180,14712,-2053,6938,-3195,-0.38,8254,3.471213463241807,3.9268537074148293,13.655052264808361,174.47,MSFT
9/30/2015,1.49,26.503355704697988,11.04,9.7,2.96,121.66,2.46,117.84,2.39,95.45,1.23,14.79,7.19,16.42,55.56,21.1,39.49,49.4,77.45,12.56,99355,77445,20379,13172,5793,7254,4902,0.61,8084,3.576992753623189,4.071134020618557,13.341216216216218,172.9,MSFT
12/31/2015,1.4,35.65,10.8,9.69,3.06,127.81,3,125.11,2.93,103.32,1.35,14.44,6.65,14.59,54.73,20.36,49.91,42.64,76.78,11.71,102640,76780,23796,13924,6026,7570,5018,0.62,8051,4.621296296296296,5.150670794633643,16.310457516339866,180.1,MSFT
3/31/2016,1.26,39.70634920634921,10.73,9.51,3.01,128.42,2.9,125.97,2.84,107.06,1.43,13.56,5.91,13.49,52.4,18.97,50.03,44.35,74.81,10.48,105552,74806,20531,12809,5283,6990,3756,0.47,7985,4.662628145386766,5.260778128286015,16.62126245847176,181.87,MSFT
6/30/2016,2.05,22.775609756097563,11.35,9.22,3.12,139.66,2.35,137.41,2.32,121.47,1.69,27.29,11.28,23.13,50.39,38.56,46.69,59.36,72,20.54,113240,71997,26448,18469,8976,11516,6863,0.86,8013,4.113656387665198,5.063991323210412,14.964743589743588,193.47,MSFT
9/30/2016,2.08,25.423076923076923,11.61,9.04,3.38,157.91,2.69,154.79,2.63,142.15,2.02,28.99,11.1,22.68,48.94,41.28,52.88,58.81,70.37,21.3,136932,70372,21928,14084,6715,8531,5667,0.72,7876,4.554694229112834,5.849557522123894,15.644970414201184,212.52,MSFT
12/31/2016,2.12,27.089622641509433,11.95,8.9,3.49,144.95,2.05,142.99,2.02,155.8,2.26,31.54,11.1,23.72,23.28,51.54,57.43,70.79,68.81,22.55,122781,68809,25826,15925,7905,10071,6267,0.8,7830,4.8058577405857745,6.452808988764045,16.455587392550143,224.61,MSFT
3/31/2017,2.26,27.097345132743367,12.35,9.03,3.62,146.31,2.81,144.33,2.78,155.29,2.23,34.58,11.35,23.45,24.51,66.02,61.24,52.01,69.73,24.28,126018,69729,23212,15152,6723,9176,5486,0.7,7813,4.958704453441296,6.781838316722038,16.917127071823206,225.02,MSFT
6/30/2017,2.7,23.87037037037037,12.32,11.38,4.01,162.7,2.92,160.52,2.88,162.6,1.85,34.37,11.17,20.43,42.48,73.23,64.45,55.75,87.71,25.49,132981,87711,25605,17149,7682,10025,8069,1.03,7832,5.2313311688311686,5.663444639718805,16.072319201995015,250.31,MSFT
9/30/2017,2.94,23.816326530612244,12.68,11.61,4.14,161.03,3.12,157.82,3.06,159.45,1.78,33.43,11.13,19.89,44.66,78.25,70.02,51.62,89.65,26.4,138471,89647,24538,16260,7708,10207,6576,0.84,7799,5.522082018927445,6.0310077519379846,16.91304347826087,249.1,MSFT
12/31/2017,1.46,55.349315068493155,13.14,10.17,4.28,167.63,2.89,165.63,2.85,177.64,2.27,17,5.64,19.63,33.97,37.98,80.81,58.1,78.36,13.83,142780,78360,28918,17854,8679,11215,-6302,-0.82,7710,6.149923896499239,7.945919370698132,18.880841121495326,256,MSFT
3/31/2018,1.8,48.12777777777777,13.61,10.3,4.29,156.66,3.4,154.58,3.35,166.26,2.1,18.83,6.3,20.41,35.11,40.37,86.63,46.13,79.24,15.77,132270,79239,26819,17550,8292,11002,7424,0.95,7794,6.365172667156503,8.410679611650485,20.193473193473192,245.5,MSFT
6/30/2018,2.11,44.54976303317536,14.2,10.77,4.14,169.66,2.9,167,2.86,176.13,2.13,20.09,6.57,22.43,38.98,43.4,94,58.49,82.72,16.57,133768,82718,30085,20343,10379,12895,8873,1.16,7794,6.619718309859155,8.727948004,22.705314009661837,258.85,MSFT
9/30/2018,2.41,45.410788381742734,14.8,11.19,4.11,164.2,2.92,160.58,2.85,171.65,2,23.07,7.39,24.26,42.53,49.98,109.44,56.28,85.97,18.82,135880,85967,29084,19179,9955,12792,8824,1.14,7766,7.394594594594594,9.780160857908847,26.627737226277368,257.62,MSFT
12/31/2018,4.31,22.649651972157777,15.23,11.99,4.08,156.87,3.12,154.91,3.08,166.73,1.81,39.45,13.14,24.88,42.07,84.54,97.62,50.32,92.13,33.54,127662,92128,32471,20048,10258,13253,8420,1.08,7768,6.409717662508208,8.141784820683904,23.926470588235293,258.86,MSFT
3/31/2019,4.5,25.297777777777778,15.73,12.37,4.34,159.89,2.97,157.94,2.93,168.42,1.78,39.28,13.45,25.83,44.9,82.92,113.84,53.86,94.86,34.93,131618,94864,30571,20401,10341,13267,8809,1.14,7744,7.237126509853782,9.202910266774456,26.23041474654378,263.28,MSFT
6/30/2019,5.07,25.59763313609467,16.22,13.39,4.93,175.55,2.53,173.49,2.5,184.23,1.8,41.82,14.72,26.52,52.55,86.22,129.78,69.42,102.33,39.24,133819,102330,33717,23305,12405,15329,13187,1.7,7753,8.001233045622689,9.692307692307692,26.324543610547668,286.56,MSFT
9/30/2019,5.31,25.365348399246706,16.76,13.89,4.99,165.9,2.85,163.27,2.81,172.89,1.63,41.57,15.11,27.49,56.44,83.88,134.69,58.12,106.06,41.09,136636,106061,33055,22649,12686,15657,10678,1.38,7710,8.036396181384248,9.696904247660187,26.99198396793587,278.96,MSFT
12/31/2019,5.74,26.70731707317073,17.38,14.47,5.26,167.07,2.8,165.25,2.77,172.69,1.57,42.89,15.95,29.17,60.74,82.6,153.3,59.64,110.11,44.32,134253,110109,36906,24548,13891,17094,11649,1.51,7691,8.820483314,10.594333102971666,29.144486692015214,282.79,MSFT
3/31/2020,6,25.62,18,15.09,5.63,170.51,2.9,168.86,2.88,170.95,1.49,42.74,16.32,30.02,65.58,78.65,153.72,58.71,114.5,46.27,137626,114501,35021,24046,12975,16093,10752,1.4,7675,8.54,10.186878727634195,27.30373001776199,285.45,MSFT
6/30/2020,7.08,28.09463276836158,20.3,15.63,8.61,181.92,2.52,180.02,2.49,183.01,1.55,39.45,15.42,30.21,67.92,70.66,198.91,72.31,118.3,44.28,136527,118304,38033,25694,13407,16911,11202,1.47,7683,9.798522167487684,12.726167626359564,23.10220673635308,301.31,MSFT
9/30/2020,7.39,27.886332882273344,20.37,16.31,9.57,177.08,2.53,174.37,2.49,177.61,1.44,40.74,16.23,31.67,72.58,71.21,206.08,70.06,123.39,47.5,137977,123392,37154,26152,15876,18521,13893,1.82,7637,10.116838487972508,12.635193133047212,21.533960292580982,301,MSFT
12/31/2020,8.02,27.244389027431424,21.46,17.26,8.88,173.97,2.58,172.05,2.55,173.9,1.34,42.19,17.22,33.37,79.46,71.88,218.5,67.49,130.24,51.31,131968,130236,43076,28882,17897,20658,15463,2.03,7616,10.181733457595525,12.659327925840092,24.605855855855854,304.14,MSFT
3/31/2021,7.34,31.62806539509537,20.96,17.85,8.66,165.61,2.29,163.37,2.26,174.37,1.3,44.24,18.44,35.28,76.68,75.53,232.15,72.19,134.51,56.02,125407,134505,41706,28661,17048,19984,15457,2.03,7597,11.075858778625953,13.005602240896359,26.80715935334873,308.88,MSFT
6/30/2021,8.05,33.21118012,22.08,18.88,7.38,184.41,2.08,181.77,2.05,191.79,1.35,46.23,19.64,37.67,84.48,78.25,267.35,88.66,141.99,61.27,130334,141988,46152,32161,19095,22439,16458,2.17,7608,12.108242753623191,14.160487288135595,36.22628726287263,333.78,MSFT
9/30/2021,7,39.82285714285714,19.64,20.24,6.55,174.33,2.17,170.92,2.12,183.44,1.21,48.6,21.18,38.89,93.73,81.21,278.76,80.53,151.98,67.88,130615,151978,45317,31671,20238,23450,20505,2.71,7567,14.193482688391038,13.772727272727273,42.55877863,335.42,MSFT
12/31/2021,8.71,38.250287026406426,24.06,21.33,1.73,174.19,2.25,171.17,2.21,180.38,1.13,48.39,21.6,39.97,101.63,79.87,333.16,77.51,160.01,71.19,125369,160010,51728,34768,22247,25743,18765,2.48,7555,13.847049044056527,15.619315518049698,192.57803468208095,340.39,MSFT
3/31/2022,8.9,34.38764045,24.95,21.77,3.3,153.92,1.99,150.63,1.95,181.68,1.12,46.98,21.4,40.29,84.21,79.61,306.05,77.44,162.92,72.46,104693,162924,49360,33745,20364,24137,16728,2.22,7534,12.266533066132265,14.058337161231053,92.74242424242425,344.61,MSFT
6/30/2022,9.1,28.084615384615386,26.34,22.31,3.39,169.68,1.79,165.94,1.75,198.3,1.19,45.36,21,39.95,87.72,79.22,255.57,95.08,166.54,72.74,104757,166542,51865,35436,20534,24513,16740,2.24,7540,9.702733485193622,11.455401165396683,75.38938053097344,364.84,MSFT
9/30/2022,9.28,25.026939655172416,26.97,23.28,3.52,160.81,1.84,156.54,1.79,186.22,1.07,42.1,19.8,39.75,95.3,75.68,232.25,87.39,173.57,69.79,107262,173566,50122,34670,21518,24308,17556,2.35,7485,8.611420096403412,9.976374570446735,65.98011363636364,359.78,MSFT
3/31/2009,,,,2.36,,22.08,10.11,0,0,3.67,0.12,,,,,,,2.18,29.85,,,,,,,,,,,,,,,GOOGL
6/30/2009,,,,2.5,,23.84,11.91,0,0,3.56,0.11,,,,,,,2,31.6,,19344,31595,5523,3415,1874,2251,1485,0.12,12741,,,,,GOOGL
9/30/2009,,,,2.66,,26.35,11.35,0,0,3.98,0.12,,,,,,,2.32,33.72,,21994,33722,5945,3719,2074,2453,1639,0.13,12790,,,,,GOOGL
12/31/2009,0.51,30.490196078431374,1.85,2.83,0.67,29.17,10.62,0,0,4.49,0.13,19.88,17.76,77.89,30.33,24.06,15.55,2.75,36,6.52,24485,36004,6674,4266,2480,2845,1973,0.15,12777,8.405405405405405,5.4946996466431095,23.208955223880597,40.5,GOOGL
3/31/2010,0.55,25.854545454545455,1.95,3.01,0.69,31.13,10.65,0,0,4.59,0.12,20.21,18.06,77.89,32.37,24.18,14.22,2.92,38.28,7.05,26514,38283,6775,4323,2488,2819,1955,0.15,12904,7.292307692307693,4.724252491694353,20.608695652173914,42.87,GOOGL
6/30/2010,0.58,19.24137931034483,2.04,3.19,0.7,35.16,6.12,0,0,7.43,0.18,19.94,17.52,77.89,33.92,23.77,11.16,5.75,40.61,7.41,30059,40613,6820,4353,2365,2707,1840,0.14,12899,5.470588235294118,3.498432601880878,15.942857142857145,48.05,GOOGL
9/30/2010,0.62,21.274193548387096,2.14,3.39,0.67,39.45,4.63,0,0,10.05,0.23,20.06,17.18,77.89,36.2,23.9,13.19,8.53,43.29,7.94,33380,43290,7286,4734,2547,2889,2167,0.17,12895,6.163551401869158,3.8908554572271385,19.686567164179102,53.34,GOOGL
12/31/2010,0.66,22.575757575757574,2.27,3.6,0.55,41.56,4.16,0,0,11.61,0.25,20.2,16.83,77.89,38.94,24.05,14.9,10,46.24,8.51,34975,46241,8440,5494,2981,3362,2543,0.2,12930,6.563876651982379,4.138888888888889,27.09090909090909,57.85,GOOGL
3/31/2011,0.68,21.63235294117647,2.4,3.79,0.54,43.31,4.64,0,0,11.11,0.23,18.66,15.23,77.89,41.53,22.17,14.71,9.33,48.85,8.35,36675,48851,8575,5639,2296,2697,1798,0.14,13055,6.129166666666667,3.8812664907651717,27.24074074074074,59.96,GOOGL
6/30/2011,0.73,17.397260273972602,2.57,4.03,0.61,46.44,5.96,0,0,12.87,0.25,18.94,15.28,77.89,43.93,22.45,12.7,7.8,51.99,9.01,39118,51991,9026,5854,2881,3336,2505,0.19,13041,4.941634241245136,3.151364764,20.81967213114754,64.86,GOOGL
9/30/2011,0.77,16.77922077922078,2.74,4.23,0.7,50.04,5.63,0,0,14.26,0.26,18.97,15.21,39.78,46.37,22.43,12.92,8.89,54.83,9.58,42560,54830,9720,6342,3058,3550,2729,0.21,13098,4.7153284671532845,3.0543735224586284,18.45714285714286,69.09,GOOGL
12/31/2011,0.78,20.769230769230766,2.9,4.47,0.85,52.76,5.92,52.72,5.92,14.43,0.25,18.22,14.62,27.01,49.22,21.51,16.2,8.91,58.15,9.74,44626,58145,10584,6882,3507,4010,2705,0.21,13089,5.586206896551724,3.6241610738255035,19.058823529411764,72.57,GOOGL
3/31/2012,0.83,19.373493975903614,3.05,4.73,0.91,56.86,5.84,0,0,15.43,0.25,19.11,15.27,21.52,52.85,22.52,16.08,9.74,61.71,10.83,49316,61712,10645,6856,3389,3900,2890,0.22,13205,5.272131147540984,3.399577167019027,17.670329670329668,77.14,GOOGL
6/30/2012,0.84,17.321428571428573,3.25,4.95,0.97,53.86,3.84,53.22,3.79,21.33,0.33,18.56,14.58,20.99,46.74,22.77,14.55,14.03,64.72,11.11,43122,64721,11807,7130,3237,3907,2785,0.21,13232,4.476923076923077,2.9393939393939394,15.000000000000002,86.05,GOOGL
9/30/2012,0.8,23.650000000000002,3.5,5.18,0.95,56.82,3.94,56.2,3.89,21.7,0.32,16.72,12.97,19.46,49.79,21.26,18.92,14.43,68.03,10.56,45724,68028,13304,7349,2740,3568,2176,0.16,13333,5.405714285714287,3.652509652509653,19.915789473684214,89.73,GOOGL
12/31/2012,0.84,21.119047619047617,3.79,5.43,1.5,60.45,4.22,59.95,4.18,22.08,0.31,16.14,12.39,19.9,53.71,21.15,17.74,14.34,71.72,10.74,48088,71715,10283,7528,4468,5421,2886,0.22,13292,4.680738786279683,3.2670349907918967,11.826666666666666,93.8,GOOGL
3/31/2013,0.88,22.636363636363637,3.86,5.7,1.42,62.81,4.74,62.16,4.69,21.22,0.28,15.99,12.22,19.45,57.55,21.55,19.92,13.25,75.47,11.19,50098,75473,12951,7815,3748,4647,3346,0.25,13467,5.160621761658032,3.4947368421052634,14.02816901408451,96.69,GOOGL
6/30/2013,0.95,23.242105263157892,3.83,5.92,1.41,66.86,4.36,66.52,4.34,22.33,0.28,15.83,12.2,18.91,60.9,20.97,22.08,15.33,78.85,11.64,54432,78852,13107,7912,3465,4495,3228,0.24,13533,5.765013054830287,3.7297297297297294,15.659574468085106,101.18,GOOGL
9/30/2013,0.92,23.880434782608692,3.72,6.21,1.47,68.86,4.76,68.62,4.74,22.08,0.27,16.09,12.53,19.35,65.27,20.94,21.97,14.48,82.99,12.43,56523,82989,13754,8345,3761,4735,2970,0.22,13569,5.905913978494623,3.537842190016103,14.945578231292517,105.07,GOOGL
12/31/2013,0.95,29.578947368421055,4.01,6.5,0.77,72.89,4.58,0,0,23.61,0.27,15.69,12.31,18.44,69.75,20.09,28.1,15.91,87.31,12.73,58717,87309,15707,9454,4429,5465,3189,0.23,14739,7.0074812967581055,4.323076923076924,36.493506493506494,110.92,GOOGL
3/31/2014,0.85,32.88235294117647,3.82,6.8,0.88,75.31,4.63,74.98,4.61,24.82,0.27,15.07,11.84,17.99,72.22,19.15,27.95,16.27,91.71,12.84,59379,91711,15420,9459,4115,5201,3452,0.25,13704,7.316753926701571,4.110294117647059,31.761363636363637,116.53,GOOGL
6/30/2014,0.95,30.76842105263158,4.12,7.08,0.16,77.91,4.56,77.61,4.54,25.86,0.27,14.49,11.42,17.97,75.93,18.31,29.23,17.1,95.75,12.96,61204,95749,15955,9841,4258,5337,3351,0.24,14833,7.094660194174757,4.128531073446328,182.6875,121.61,GOOGL
9/30/2014,0.92,31.97826086956522,4.27,7.28,0.17,80.12,4.47,79.84,4.46,26.97,0.27,13.63,10.72,17.15,78.61,17.17,29.42,17.92,98.82,12.73,62157,98815,16523,9828,3724,5271,2739,0.2,14857,6.889929742,4.041208791208791,173.05882352941177,125.78,GOOGL
12/31/2014,1.05,25.266666666666666,4.47,7.63,0.2,78.66,4.69,0,0,25.33,0.24,14.49,11.47,16.37,83.65,18.22,26.53,16.78,103.86,14.14,64395,103860,18103,11182,4399,5666,4594,0.33,14840,5.935123042505594,3.4770642201834865,132.65,129.19,GOOGL
3/31/2015,1.06,26.169811320754715,4.57,7.95,0.3,80.31,5.6,0,0,24.95,0.23,13.96,11.14,16.03,88.5,17.39,27.74,14.34,108.45,14.2,65436,108448,17258,10902,4447,5624,3515,0.26,14847,6.070021881838073,3.4893081761006286,92.46666666666667,133.4,GOOGL
6/30/2015,1.06,25.471698113207545,4.69,8.15,1.04,84.16,4.85,0,0,27.02,0.24,13.48,10.82,16,91.96,16.64,27,17.36,111.78,14.26,69780,111783,17727,11144,4825,6059,3409,0.25,14860,5.756929637526652,3.312883435582822,25.96153846153846,138.81,GOOGL
9/30/2015,1.14,27.947368421052634,4.83,8.45,1.05,88.1,4.77,0,0,28.04,0.24,14.08,11.36,16.3,96.54,17.19,31.86,18.46,116.24,15.5,72767,116241,18675,11638,4708,5956,3979,0.27,14914,6.596273291925465,3.7704142011834323,30.34285714285714,144.28,GOOGL
12/31/2015,1.15,33.82608695652174,5.04,8.75,1.12,90.11,4.67,89.62,4.64,27.13,0.23,13.86,11.23,16.61,100.62,16.76,38.9,19.31,120.33,15.83,73066,120331,21329,13141,5380,6784,4923,0.37,14894,7.7182539682539675,4.445714285714286,34.732142857142854,147.46,GOOGL
3/31/2016,1.19,32.05882352941177,5.23,9,1.21,90.96,5.14,0,0,26.18,0.21,14,11.39,16.87,104.05,16.81,38.15,17.68,123.57,16.52,75264,123569,20257,12609,5342,6713,4207,0.3,14985,7.294455066921605,4.238888888888889,31.52892561983471,149.75,GOOGL
6/30/2016,1.29,27.271317829457363,5.48,9.31,1.37,94.24,5.43,0,0,26.41,0.21,14.74,12.08,17.26,108.59,17.56,35.18,17.34,127.88,17.99,78460,127879,21500,13370,5968,7458,4877,0.35,14922,6.419708029197079,3.778732545649839,25.678832116788318,154.29,GOOGL
9/30/2016,1.37,29.343065693430656,5.73,9.73,1.62,98.55,6.88,97.99,6.84,25.85,0.19,15.08,12.47,17.42,114.71,17.82,40.2,14.32,134.1,19.07,83056,134103,22451,13752,5767,7363,5061,0.36,14939,7.015706806282722,4.131551901336074,24.814814814814817,159.95,GOOGL
12/31/2016,1.39,28.503597122302157,6.04,10.06,1.74,105.41,6.29,105.14,6.28,28.46,0.21,14.85,12.34,17.68,119.26,17.45,39.62,16.76,139.04,19.48,86333,139036,26064,15403,6639,8326,5333,0.38,14951,6.559602649006622,3.938369781312127,22.770114942528735,167.5,GOOGL
3/31/2017,1.48,28.64189189189189,6.34,10.47,1.87,108.79,7.13,108.51,7.11,27.81,0.19,15.16,12.65,17.82,125.27,17.7,42.39,15.26,144.95,20.7,92439,144949,24750,14955,6568,8071,5426,0.39,14987,6.686119873817035,4.048710601719198,22.668449197860962,172.76,GOOGL
6/30/2017,1.38,33.68115942028985,6.63,10.7,1.7,112.39,6.02,111.99,5.99,30.34,0.21,13.66,11.4,15.88,128.75,15.86,46.48,18.69,148.29,19.34,94713,148286,26010,15637,4132,5757,3524,0.25,15013,7.010558069381599,4.3439252336448595,27.341176470588234,178.62,GOOGL
9/30/2017,1.49,32.677852348993284,6.98,11.31,1.62,119.35,5.77,118.58,5.73,32.44,0.21,14.26,11.87,16.6,137.49,16.46,48.69,20.69,157.1,21.02,100143,157100,27772,16624,7782,9543,6732,0.48,15016,6.975644699140401,4.305039787798408,30.055555555555554,189.54,GOOGL
12/31/2017,0.9,58.522222222222226,7.39,10.97,1.59,124.31,5.14,123.56,5.11,44.79,0.29,8.4,6.86,16.93,133.06,9.66,52.67,24.18,152.5,12.66,101871,152502,32323,18056,7696,9722,-3020,-0.22,15015,7.127198917456022,4.801276207839562,33.125786163522015,197.3,GOOGL
3/31/2018,1.18,43.949152542372886,7.81,11.57,1.41,123.76,4.87,123.13,4.85,46.11,0.29,10.76,8.62,17.17,140.15,12.34,51.86,25.39,160.83,16.64,102885,160825,31146,17679,7633,9619,9401,0.67,15042,6.640204865556979,4.482281763180639,36.780141843971634,206.94,GOOGL
6/30/2018,1.15,49.095652173913045,8.25,11.64,1.41,124.16,4.15,123.46,4.13,49.61,0.31,10.31,8.1,16.14,141.44,11.81,56.46,29.9,162,16.31,102254,162000,32657,18774,3045,5159,3195,0.23,15003,6.843636363636364,4.850515463917525,40.04255319148936,211.61,GOOGL
9/30/2018,1.33,45.37593984962406,8.65,12.2,1.52,129.7,4.14,128.49,4.11,51.7,0.3,11.64,8.97,16.34,149.5,13.31,60.35,31.3,169.84,18.77,106416,169840,33740,19459,8625,10980,9192,0.65,15015,6.976878612716763,4.946721311,39.703947368421055,221.54,GOOGL
12/31/2018,2.19,23.858447488584474,9.11,12.77,1.52,135.68,3.92,134.57,3.89,55.16,0.31,18.34,14.08,16.04,157.52,20.89,52.25,34.62,177.63,30.74,109140,177628,39276,21358,8221,10801,8948,0.64,15003,5.735455543358946,4.091620986687549,34.375,232.79,GOOGL
3/31/2019,1.99,29.5678392,9.47,13.2,1.72,138.21,3.96,137.15,3.93,61.88,0.34,16.16,12.29,14.95,163.47,18.3,58.84,34.91,183.47,27.99,113488,183472,36339,20327,6608,9221,6657,0.48,14949,6.213305174234424,4.457575757575758,34.20930233,245.35,GOOGL
6/30/2019,2.48,21.830645161290324,9.9,13.85,1.85,147.44,3.99,146.47,3.96,64.91,0.34,19.22,14.53,17.66,172.29,21.62,54.14,37,192.19,34.74,121056,192192,38944,21648,9180,12015,9947,0.71,14930,5.468686868686868,3.909025270758123,29.264864864864865,257.1,GOOGL
9/30/2019,2.33,26.206008583690988,10.38,14.11,3.09,148.36,3.78,146.96,3.75,68.08,0.35,17.44,13.07,17.36,175.15,19.52,61.06,39.22,194.97,32.62,121177,194969,40499,22931,9177,12097,7068,0.51,14894,5.8824662813102115,4.327427356484763,19.76051779935275,263.04,GOOGL
12/31/2019,3.3,20.293939393939393,12.22,14.63,4.28,152.58,3.37,151.58,3.35,74.47,0.37,17.79,13.19,17.36,178.84,19.92,66.97,45.22,201.44,34.34,119675,201442,46075,25055,9266,12679,10671,0.77,14902,5.480360065466448,4.577580314422419,15.647196261682241,275.91,GOOGL
3/31/2020,3.08,18.863636363636363,12.4,14.89,4.21,147.02,3.66,146.13,3.64,69.74,0.34,17.43,12.91,17.58,181.09,19.52,58.1,40.19,203.66,34.52,117229,203659,41159,22177,7977,11085,6836,0.49,14774,4.685483870967742,3.9019476158495636,13.800475059382423,273.4,GOOGL
6/30/2020,3.08,23.01948051948052,12.29,15.22,3.04,149.07,3.41,148.25,3.4,71.17,0.34,15.62,11.56,15.9,184.8,17.52,70.9,43.66,207.32,31.53,121080,207322,38297,19744,6383,9769,6959,0.51,14668,5.768917819365338,4.658344283837057,23.322368421052634,278.49,GOOGL
9/30/2020,2.59,28.293436293436294,11.64,15.71,2.91,164.37,3.41,163.53,3.39,86.32,0.41,17.31,12.67,16.34,190.53,19.43,73.28,48.2,212.92,35.71,132596,212920,46173,25056,11213,14691,11247,0.82,14639,6.295532646,4.664544875875238,25.18213058419244,299.24,GOOGL
12/31/2020,2.94,29.80612244897959,12.43,16.48,2.92,174.3,3.07,173.57,3.05,97.07,0.44,19.03,13.76,18.67,199.92,21.3,87.63,56.83,222.54,40.27,136694,222544,56898,30818,15651,19376,15227,1.11,14664,7.049879324215607,5.317354368932039,30.01027397260274,319.62,GOOGL
3/31/2021,3.01,34.26245847,11.56,17.14,3.61,172.14,3.1,171.25,3.09,97.08,0.42,23.54,16.78,21.64,205.85,26.3,103.13,55.45,230.01,51.36,135104,230013,55314,31211,16437,19190,17930,1.32,14558,8.921280276816608,6.016919486581096,28.56786703601108,327.1,GOOGL
6/30/2021,3.8,32.12894736842105,13.91,17.79,1.68,175.7,3.15,174.79,3.14,97.82,0.41,27.87,19.64,26.13,213.53,31.08,122.09,55.74,237.57,62.93,135863,237565,61880,35653,19361,22306,18525,1.36,14506,8.777138749101367,6.862844294547499,72.67261904761905,335.39,GOOGL
9/30/2021,4.7,28.442553191489363,15.81,18.4,2.4,184.11,2.98,182.83,2.96,102.84,0.42,30.22,21.25,29.25,220.4,33.64,133.68,61.78,244.57,70.62,142003,244567,65118,37497,21031,24335,18936,1.4,14438,8.455407969639468,7.265217391304349,55.7,347.4,GOOGL
12/31/2021,5.41,26.774491682070238,17.86,19,2.88,188.14,2.93,186.97,2.91,107.63,0.43,31.56,22.21,30.83,227.26,35.08,144.85,64.25,251.64,76.03,139649,251635,75325,42337,21885,25324,20642,1.54,14462,8.110302352,7.623684210526315,50.295138888888886,359.27,GOOGL
3/31/2022,5.53,25.148282097649183,18.76,19.28,2.79,177.85,2.87,176.48,2.85,103.09,0.41,30.18,21.31,31.5,229.68,33.47,139.07,61.95,254,74.54,133970,254004,68011,38412,20094,23876,16436,1.23,14242,7.413113006396587,7.213174274,49.84587813620072,357.1,GOOGL
6/30/2022,5.38,20.25278810408922,19.43,19.53,4.56,172.37,2.81,170.39,2.78,99.77,0.39,28.65,20.3,30.99,230.09,31.75,108.96,61.35,255.42,72.02,124997,255419,69685,39581,19453,23352,16002,1.21,14126,5.607822954194544,5.579109063,23.894736842105264,355.19,GOOGL
9/30/2022,5.04,18.978174603174605,19.86,19.55,4.42,166.11,2.52,162.95,2.47,104.63,0.41,26.41,18.74,29.27,222.6,29.46,95.65,65.98,253.63,66.99,116259,253626,69092,37934,17135,21181,13910,1.06,13982,4.816213494461229,4.892583120204604,21.640271493212673,358.26,GOOGL
3/31/2009,,,,0.34,,4.78,1.4,3.51,1.03,4.06,1.39,,,,,,,3.41,2.92,,,,,,,,,,,,,,,AMZN
6/30/2009,,,,0.38,,5.3,1.46,3.98,1.09,4.42,1.36,,,,,,,3.64,3.26,,3212,3256,4651,1133,159,243,142,0.02,8800,,,,,AMZN
9/30/2009,,,,0.41,,6.37,1.4,4.75,1.05,5.39,1.5,,,,,,,4.54,3.59,,4001,3585,5449,1273,251,346,199,0.02,8820,,,,,AMZN
12/31/2009,0.1,67.1,2.78,0.59,0.33,9.8,1.33,7.63,1.04,8.56,1.63,24.03,9.64,44.9,4.02,29,6.71,7.36,5.26,0.9,6366,5257,9520,1977,475,587,384,0.04,8840,2.4136690647482015,11.372881355932204,20.333333333333332,13.81,AMZN
3/31/2010,0.11,61.54545454545454,3.01,0.63,0.27,7.96,1.53,6.14,1.18,6.42,1.14,23.12,9.64,39.92,4.38,28.56,6.77,5.19,5.62,1.02,5063,5618,7131,1630,394,513,299,0.03,9080,2.249169435215947,10.746031746031745,25.07407407407407,12.04,AMZN
6/30/2010,0.12,45.41666666666667,3.2,0.65,0.23,8.12,1.55,6.18,1.18,6.54,1.12,21.44,9.22,36.01,4.63,26.95,5.45,5.25,5.86,1.09,5108,5857,6566,1609,270,400,207,0.02,9100,1.703125,8.384615384615385,23.695652173913043,12.4,AMZN
9/30/2010,0.12,65.25,3.41,0.71,0.21,9.56,1.5,7.04,1.11,7.77,1.21,19.39,8.55,30.76,5.12,24.7,7.83,6.38,6.4,1.12,5885,6397,7560,1774,268,418,231,0.03,9120,2.296187683284457,11.028169014084508,37.285714285714285,14.16,AMZN
12/31/2010,0.13,69.07692307692308,3.76,0.76,0.28,13.75,1.33,10.55,1.02,11.93,1.74,18.63,8.03,21.04,5.52,23.45,8.98,10.37,6.86,1.15,8762,6864,12947,2630,474,643,415,0.05,9120,2.388297872340426,11.81578947368421,32.07142857142857,18.8,AMZN
3/31/2011,0.12,74.83333333333334,4.04,0.81,0.21,11.29,1.46,8.4,1.09,9.54,1.3,15.93,6.77,17.71,5.83,19.98,8.98,7.73,7.35,1.05,6881,7347,9857,2249,322,524,201,0.02,9180,2.222772277227723,11.08641975308642,42.761904761904766,16.88,AMZN
6/30/2011,0.11,92.72727272727272,4.4,0.86,0.2,11.28,1.4,8.05,1,10.18,1.31,14.63,6.13,14.87,5.86,18.6,10.2,8.05,7.77,1.04,6355,7765,9913,2388,201,445,191,0.02,9200,2.318181818181818,11.86046511627907,50.99999999999999,17.94,AMZN
9/30/2011,0.1,107.89999999999999,4.75,0.85,0.17,11.9,1.33,8.13,0.91,11.29,1.45,11.7,4.79,11.46,5.83,15.11,10.79,8.98,7.77,0.87,6326,7766,10876,2551,79,357,63,0.01,9220,2.271578947368421,12.694117647058823,63.47058823529411,19.05,AMZN
12/31/2011,0.07,123.28571428571429,5.22,0.85,0.23,17.49,1.17,12.5,0.84,17.52,2.26,8.24,3.19,9.28,5.8,10.82,8.63,14.9,7.76,0.63,9576,7757,17431,3601,260,619,176,0.02,9220,1.653256704980843,10.15294117647059,37.52173913043478,25.28,AMZN
3/31/2012,0.06,168.33333333333334,5.58,0.81,0.13,12.15,1.16,7.9,0.75,13.07,1.8,7.33,2.71,7.74,5.3,9.83,10.1,10.49,7.27,0.56,5715,7271,13185,3158,192,649,130,0.01,9200,1.8100358422939067,12.469135802469134,77.69230769,20.34,AMZN
6/30/2012,0.04,284.75,5.9,0.83,0.12,11.79,1.08,7.41,0.68,13.52,1.8,4.96,1.76,6.72,4.98,6.86,11.39,10.96,7.51,0.38,4970,7505,12834,3346,107,592,7,0,9160,1.930508474576271,13.722891566265062,94.91666666666667,21.02,AMZN
9/30/2012,0,1620,6.25,0.83,0.11,13.12,1.04,8.05,0.64,15.28,2.02,0.52,0.17,5.57,5.01,0.74,12.69,12.61,7.55,0.04,5248,7553,13806,3487,-28,527,-274,-0.03,9040,2.0303999999999998,15.289156626506024,115.36363636363636,22.83,AMZN
12/31/2012,-0.01,-1251,7.38,0.9,0.06,21.3,1.12,15.27,0.8,24.36,2.97,-0.51,-0.16,6.53,5.64,-0.75,12.51,19,8.19,-0.04,11448,8192,21268,5131,405,1067,98,0.01,9060,1.6951219512195121,13.899999999999999,208.5,32.56,AMZN
3/31/2013,0,1620,7.72,0.93,-0.26,16.31,1.14,10.92,0.76,19.95,2.37,-1.1,-0.33,6.18,5.9,-1.62,13.29,14.33,8.43,-0.09,7895,8432,16070,4269,181,881,82,0.01,9260,1.721502590673575,14.29032258064516,-51.11538462,28.38,AMZN
6/30/2013,0.03,461.6666666666667,7.91,0.96,-0.29,16.29,1.11,10.87,0.74,20.89,2.39,-1.23,-0.36,5.69,6.12,-1.78,13.85,14.74,8.73,-0.1,7463,8733,15704,4495,79,836,-7,0,9120,1.7509481668773703,14.427083333333334,-47.75862069,29.62,AMZN
9/30/2013,0.01,1559,7.67,0.99,0.13,17.33,1.07,11.27,0.7,22.77,2.51,1.53,0.43,5.49,6.45,2.19,15.59,16.14,9.09,0.13,7689,9087,17092,4726,-25,809,-41,-0.01,9140,2.032594524119948,15.747474747474747,119.92307692307692,31.86,AMZN
12/31/2013,0.03,663,8.08,1.06,0.22,24.63,1.07,17.21,0.75,30.41,3.12,3.04,0.84,6.17,7.09,4.29,19.89,22.98,9.75,0.27,12447,9746,25586,6781,510,1472,240,0.03,9300,2.4616336633663365,18.764150943396228,90.40909091,40.16,AMZN
3/31/2014,0,-1548,6.47,1.12,-0.68,19.33,1.05,12.61,0.69,26.04,2.52,3.17,0.87,5.64,7.68,4.39,16.78,18.36,10.33,0.3,8666,10328,19741,5686,146,1156,108,0.01,9360,2.593508500772798,14.982142857142856,-24.67647059,36.36,AMZN
6/30/2014,0.01,1620,8.44,1.15,-0.11,18.76,1,12.11,0.65,27.3,2.58,1.82,0.49,4.71,7.93,2.48,16.2,18.75,10.6,0.18,7986,10602,19340,5941,-15,1094,-126,-0.01,9220,1.919431279620853,14.08695652173913,-147.2727273,37.9,AMZN
9/30/2014,-0.04,-402,8.94,1.12,-0.06,18.57,0.89,11.26,0.54,30.08,2.91,-2.1,-0.56,0.72,7,-2.9,16.08,20.84,10.34,-0.22,6883,10336,20579,5952,-544,703,-437,-0.05,9260,1.7986577181208052,14.357142857142854,-268,40.42,AMZN
12/31/2014,-0.01,-1548,10.25,1.15,0.5,31.33,1.12,23.03,0.82,43.76,4.07,-2.29,-0.57,1.19,7.42,-3.21,15.48,28.09,10.74,-0.24,17416,10741,29328,8657,591,1971,214,0.02,9240,1.5102439024390244,13.460869565217394,30.96,54.51,AMZN
3/31/2015,-0.04,-464,9.94,1.17,-0.26,25.92,1.12,18.55,0.8,39.2,3.61,-3.82,-0.89,1.76,7.38,-5.46,18.56,23.18,10.87,-0.41,13781,10873,22717,7322,255,1681,-57,-0.01,9300,1.8672032193158954,15.863247863247864,-71.38461538,50.08,AMZN
6/30/2015,-0.02,-1082.5,10.27,1.26,0.48,26.39,1.1,18.92,0.79,40.67,3.46,-1.72,-0.38,4.28,8.25,-2.5,21.65,23.91,11.77,-0.19,14001,11768,23185,8025,464,1968,92,0.01,9520,2.108081791626095,17.18253968253968,45.104166666666664,52.44,AMZN
9/30/2015,0.03,850.6666666666666,10.7,1.33,0.58,28.85,1.08,19.87,0.75,43.8,3.52,2.86,0.62,8.71,8.9,4.11,25.52,26.66,12.43,0.33,14428,12430,25358,8603,406,2005,79,0.01,9560,2.385046728971963,19.18796992481203,44,56.23,AMZN
12/31/2015,0.06,561.8333333333334,11.28,1.42,0.78,35.71,1.05,25.46,0.75,51.36,3.84,4.92,1.07,10.97,9.63,6.98,33.71,33.89,13.38,0.6,19808,13384,35746,11405,1108,2860,482,0.05,9540,2.9884751773049647,23.73943661971831,43.217948717948715,64.75,AMZN
3/31/2016,0.12,246.75,11.86,1.56,0.71,30.51,1.08,20.93,0.74,46.37,3.14,8.91,1.99,14.3,10.97,12.36,29.61,28.19,14.76,1.17,15859,14756,29128,10262,1071,2898,513,0.05,9620,2.496627318718381,18.98076923076923,41.70422535211268,61.13,AMZN
6/30/2016,0.2,178.5,12.57,1.74,0.82,32.22,1.09,22.63,0.77,48.54,2.94,13.53,3.12,17.2,12.76,18.28,35.7,29.59,16.54,1.93,16540,16538,30404,11224,1285,3194,857,0.09,9660,2.840095465393795,20.517241379310345,43.53658536585367,65.08,AMZN
9/30/2016,0.22,189.8181818181818,13.29,1.87,0.96,35.61,1.06,24.91,0.74,53.12,2.99,13.47,3.21,16.95,13.97,17.78,41.76,33.5,17.78,2.1,18347,17782,32714,11454,575,2658,252,0.03,9700,3.1422121896162527,22.331550802139034,43.5,70.9,AMZN
12/31/2016,0.25,149.6,14.07,2.02,1.08,45.78,1.05,34.32,0.78,64.12,3.33,13.87,3.38,16.63,15.5,17.83,37.4,43.82,19.29,2.37,25981,19285,43741,14782,1255,3552,749,0.08,9680,2.6581378820184787,18.514851485148515,34.629629629629626,83.4,AMZN
3/31/2017,0.27,163.77777777777777,14.68,2.27,1.05,39.46,1.06,28.86,0.77,59.3,2.74,13.72,3.44,15.39,17.85,17.19,44.22,37.4,21.67,2.58,21531,21674,35714,13274,1005,3440,724,0.07,9800,3.0122615803814714,19.480176211453745,42.114285714285714,80.97,AMZN
6/30/2017,0.2,241.4,15.39,2.42,1,41.01,1.01,29.5,0.73,64.57,2.78,9.38,2.38,12.23,18.96,11.6,48.28,40.52,23.21,1.92,21451,23214,37955,14504,628,3261,197,0.02,9840,3.137102014294997,19.950413223140497,48.28,87.78,AMZN
9/30/2017,0.2,239.75,16.45,2.56,0.82,48.58,1.03,34.87,0.74,90.61,3.68,8.67,2.1,9.47,11.39,12.09,47.95,47.07,24.66,1.93,24310,24658,43744,16195,347,3259,256,0.03,9880,2.914893617021277,18.73046875,58.47560975609757,115.27,AMZN
12/31/2017,0.31,188.16129032258064,18.06,2.86,0.84,60.2,1.04,44.15,0.76,103.6,3.74,12.47,2.92,10.13,14.36,19.39,58.33,57.88,27.71,3.03,30986,27709,60453,21959,2126,5624,1856,0.19,9860,3.2297895902547067,20.395104895104897,69.44047619047619,131.31,AMZN
3/31/2018,0.4,180.475,19.54,3.24,0.74,50.83,1.06,36.99,0.77,94.9,3.02,14.72,3.42,10.65,18.08,25.09,72.19,48.05,31.46,3.94,24963,31463,51042,20307,1927,5598,1629,0.16,9960,3.694472876151484,22.28086419753086,97.55405405405405,126.36,AMZN
6/30/2018,0.63,134.5873015873016,20.97,3.59,1.06,54.48,1.07,39.66,0.78,99.11,2.83,21.12,4.95,13.57,21.05,38.69,84.79,50.8,35,6.28,27050,34995,52886,22254,2983,6613,2534,0.25,10000,4.043395327,23.61838440111421,79.99056603773585,134.1,AMZN
9/30/2018,0.89,112.25842696629213,22.19,4,1.55,59.89,1.08,44.02,0.8,104.57,2.67,26.71,6.65,18.55,24.57,45.62,99.91,55.32,39.13,8.9,29765,39125,56576,23573,3724,7502,2883,0.29,10020,4.502478593961244,24.9775,64.45806451612903,143.7,AMZN
12/31/2018,1.01,74.17821782178218,23.3,4.43,1.94,75.1,1.1,57.93,0.85,119.1,2.74,27.02,7.11,20.15,29,43.47,74.92,68.39,43.55,10.07,41250,43549,72383,27597,3787,8049,3027,0.3,10000,3.215450643776824,16.91196388261851,38.61855670103093,162.65,AMZN
3/31/2019,1.2,74.01666666666667,24.12,4.92,2.31,69.43,1.09,53,0.83,129.69,2.68,28.91,7.76,22.75,33.7,44.33,88.82,63.7,48.41,12.01,37020,48410,59700,25780,4420,9274,3561,0.36,10040,3.682421227197346,18.052845528455283,38.450216450216445,178.1,AMZN
6/30/2019,1.21,78.05785123966943,25.13,5.37,2.5,76.79,1.1,58.21,0.84,138.29,2.61,26.27,7.16,21.53,38.33,38.52,94.45,69.68,53.06,12.1,41463,53061,63404,27067,3084,8286,2625,0.26,10060,3.758456028651015,17.588454376163874,37.78,191.35,AMZN
9/30/2019,1.13,76.62831858407081,26.43,5.71,2.34,79.05,1.1,60.29,0.84,142.59,2.52,22.52,6.21,19.65,41.77,31.78,86.59,72.14,56.51,11.35,43401,56508,69981,28679,3157,8720,2134,0.21,10080,3.2762012864169505,15.164623467600702,37.004273504273506,199.1,AMZN
12/31/2019,1.15,80.14782608695653,27.87,6.23,2.56,96.33,1.1,75.84,0.86,163.19,2.63,21.07,5.84,18.61,47.31,28.77,92.17,87.81,62.06,11.59,55021,62060,87437,33460,3880,10050,3268,0.32,10080,3.307140294223179,14.79454253611557,36.00390625,225.25,AMZN
3/31/2020,1.05,92.61904761904762,29.38,6.54,2.42,85.99,1.08,67.13,0.84,155.97,2.39,17.83,5.05,17.13,50.53,23.74,97.25,79.71,65.27,10.56,49292,65272,75452,31195,3989,9351,2535,0.25,10120,3.310074880871341,14.870030581039755,40.18595041322314,221.24,AMZN
6/30/2020,1.3,105.85384615384616,31.81,7.36,3.15,110.91,1.18,91.31,0.97,184.59,2.5,20.47,5.83,18.74,58.98,26.55,137.61,93.9,73.73,13.18,71391,73728,88912,36252,5843,11591,5243,0.52,10180,4.325998113800692,18.69701086956522,43.68571428571429,258.31,AMZN
9/30/2020,1.71,91.84795321637428,34.25,8.24,2.91,112.97,1.11,89.23,0.88,199.4,2.41,24.49,7.04,20.07,67.82,30.94,157.06,101.91,82.78,17.38,68402,82775,96145,39039,6194,12717,6331,0.62,10240,4.585693430656934,19.060679611650485,53.97250859106529,282.18,AMZN
12/31/2020,2.09,77.73205741626795,37.89,9.28,3.04,132.73,1.05,108.94,0.86,227.79,2.44,27.07,7.88,20.98,78.39,33.37,162.46,126.39,93.4,21.33,84396,93404,125555,46271,6873,14491,7222,0.71,10200,4.287674848,17.50646551724138,53.44078947368421,321.2,AMZN
3/31/2021,2.63,58.68060836501902,41.01,10.25,2.6,121.41,1.05,97.56,0.85,219.76,2.13,30.47,9.08,23,88.1,36.69,154.33,115.4,103.32,26.9,73270,103320,108518,46115,8865,16373,8107,0.79,10260,3.7632284808583276,15.05658536585366,59.35769230769231,323.08,AMZN
6/30/2021,2.87,59.78745644599303,43.27,11.34,1.19,140.85,1.2,116.73,0.99,245.52,2.14,29.86,9.15,21.9,99.45,35.28,171.59,117.79,114.8,29.44,89894,114803,113080,48904,7702,15740,7778,0.76,10286,3.9655650566212155,15.131393298059965,144.19327731092437,360.32,AMZN
9/30/2021,2.56,64.0078125,44.63,11.89,0.27,138.53,1.12,107.6,0.87,261.84,2.17,24.31,7.57,18.98,105.22,28.3,163.86,123.99,120.56,26.26,78988,120564,110812,47882,4852,13800,3156,0.31,10309,3.671521398162671,13.781328847771237,606.8888888888889,382.41,AMZN
12/31/2021,3.24,51.33333333333333,45.66,13.59,-0.88,161.58,1.14,128.94,0.91,282.3,2.04,27.98,8.98,15.13,122.87,32.11,166.32,142.27,138.25,33.36,96049,138245,137412,54577,3460,13262,14323,1.38,10300,3.642575558,12.23841059602649,-189,420.55,AMZN
3/31/2022,2.07,78.55555555555557,46.52,13.16,-1.82,133.88,0.96,98.89,0.71,276.77,2.07,16.87,5.44,11.18,113.77,19.41,162.61,139.51,134,21.41,66385,134001,116444,49945,3669,12647,-3844,-0.38,10180,3.4954858125537402,12.356382978723405,-89.34615385,410.77,AMZN
6/30/2022,1.12,94.59821428571428,47.44,12.9,-2.31,133.67,0.95,95.51,0.68,288.33,2.19,8.86,2.84,8.4,111.21,10.25,105.95,140.29,131.4,11.61,60710,131402,121234,54810,3317,12911,-2028,-0.2,10175,2.233347386172007,8.213178294573643,-45.86580087,419.73,AMZN
9/30/2022,1.09,103.42201834862385,49,13.48,-1.91,131.46,0.94,94.82,0.68,290.87,2.12,8.37,2.7,6.88,117.32,9.74,112.73,140.36,137.49,11.32,58662,137489,127101,56833,2525,12729,2872,0.28,10331,2.3006122448979593,8.362759643916913,-59.02094241,428.36,AMZN
3/31/2009,,,,15.87,,34.84,1.63,29.48,1.38,42.31,0.97,,,,,,,21.33,43.79,,,,,,,,,,,,,,,JNJ
6/30/2009,,,,16.79,,35.49,1.79,30.02,1.51,41.19,0.89,,,,,,,19.89,46.25,,14716,46247,15239,10789,4263,5077,3208,1.15,2782,,,,,JNJ
9/30/2009,,,,18.27,,35.6,1.85,30.03,1.56,41.17,0.82,,,,,,,19.25,50.38,,14337,50384,15081,10647,4245,5090,3345,1.2,2793,,,,,JNJ
12/31/2009,4.4,10.097727272727273,22.2,18.37,5.15,39.54,1.82,34.36,1.58,44.09,0.87,25.69,13.64,28.17,19.4,69.72,44.43,21.73,50.59,12.27,19425,50588,16551,11239,2604,3453,2206,0.79,2789,2.0013513513513512,2.4186173108328797,8.627184466019417,94.68,JNJ
3/31/2010,4.76,9.521008403361344,22.4,19.19,5.5,38.86,2.1,33.55,1.81,40.53,0.77,26.55,14.47,29.88,21.14,69.33,45.32,18.5,52.91,13.29,18010,52914,15631,11103,6280,7149,4526,1.62,2797,2.023214285714286,2.361646690984888,8.24,93.44,JNJ
6/30/2010,4.84,8.559917355371901,22.4,19.19,5.69,39.02,2.27,33.95,1.98,39.45,0.75,26.17,14.54,29.01,21.76,66.77,41.43,17.16,52.85,13.53,18901,52851,15330,10700,4220,5075,3449,1.23,2796,1.8495535714285716,2.1589369463262114,7.281195079086116,92.3,JNJ
9/30/2010,4.87,9.008213552361395,22.38,20.85,5.76,42.72,2.45,37.31,2.14,40.96,0.72,25.46,14.36,28.05,24.85,62.41,43.87,17.41,57.29,13.6,22126,57291,14982,10388,4219,5065,3417,1.23,2786,1.9602323503127792,2.1040767386091126,7.616319444444445,98.25,JNJ
12/31/2010,4.78,9.240585774058577,22.06,20.66,5.21,47.31,2.05,41.93,1.82,46.33,0.82,24.28,13.79,26.69,24.57,57.77,44.17,23.07,56.58,13.33,27658,56579,15644,10604,2228,3159,1942,0.7,2789,2.002266545784225,2.137947725072604,8.477927063339731,102.91,JNJ
3/31/2011,4.41,9.682539682539684,22.3,21.86,4.72,49.22,2.05,43.02,1.79,48.29,0.81,21.69,12.23,23.16,25.05,51.06,42.7,24.01,59.86,12.28,26867,59863,16173,11395,4510,5411,3476,1.25,2773,1.9147982062780269,1.9533394327538887,9.046610169491526,108.15,JNJ
6/30/2011,4.18,11.566985645933016,22.79,22.67,4.71,52.67,2.51,46.26,2.2,49.98,0.8,19.69,11.02,20.75,27.51,45.54,48.35,20.99,62.13,11.61,29682,62132,16597,11425,3422,4346,2776,1,2781,2.121544537077666,2.132774591971769,10.265392781316349,112.11,JNJ
9/30/2011,4.1,11.390243902439027,23.17,22.52,4.62,53.44,2.46,47.02,2.17,50.29,0.82,18.99,10.48,20.01,27.25,43.67,46.7,21.69,61.53,11.4,30927,61527,16005,10933,4111,5045,3202,1.15,2778,2.0155373327578765,2.0737122557726466,10.108225108225108,111.82,JNJ
12/31/2011,3.48,13.948275862068966,23.42,20.95,4.59,54.32,2.38,48.03,2.11,56.56,0.99,16.08,8.68,17.08,22.8,37.7,48.54,22.81,57.08,9.67,32261,57080,16255,10917,318,1379,218,0.09,2775,2.072587532023911,2.316945107398568,10.57516339869281,113.64,JNJ
3/31/2012,3.64,13.53021978021978,23.4,22.35,4.83,57.01,2.69,50.21,2.37,54.83,0.89,16.7,8.91,17.5,26.87,38.71,49.25,21.2,61.37,10.11,33847,61366,16139,11224,5045,5982,3910,1.41,2775,2.1047008547008548,2.203579418344519,10.196687370600413,116.19,JNJ
6/30/2012,3.14,16.219745222929937,23.32,21.97,5.05,41.62,1.75,33.92,1.42,55.32,0.92,14.54,7.64,15.82,9.82,40.29,50.93,23.85,60.43,8.74,16915,60434,16475,11332,2035,3044,1408,0.5,2798,2.1839622641509435,2.3181611288120165,10.085148514851486,115.75,JNJ
9/30/2012,3.04,17.24342105263158,23.61,23.08,5.02,44.79,1.87,36.98,1.55,55.19,0.87,14.02,7.32,15.08,13.19,46.8,52.42,23.94,63.76,8.5,19771,63761,17052,11455,3595,4750,2968,1.05,2818,2.220245658619229,2.2712305025996535,10.442231075697212,118.95,JNJ
12/31/2012,3.87,13.89922480620155,24,23.33,4.97,46.12,1.9,38.62,1.59,56.52,0.87,17.34,9.19,18.5,13.65,68.33,53.79,24.26,64.83,10.85,21089,64826,17558,11555,3100,4261,2567,0.9,2813,2.24125,2.305615087869696,10.822937625754527,121.35,JNJ
3/31/2013,3.68,17.13586956521739,24.3,23.85,4.64,47.23,2.1,39.54,1.76,54.68,0.82,16.32,8.74,17.22,16.5,78.55,63.06,22.52,66.86,10.44,21668,66855,17505,11951,4261,5443,3497,1.22,2859,2.595061728395062,2.6440251572327043,13.590517241379311,121.54,JNJ
6/30/2013,4.51,14.838137472283815,24.6,24.75,4.71,51.27,2.16,43.45,1.83,54.66,0.79,19.41,10.59,20.39,19.62,81.73,66.92,23.77,69.67,12.87,25129,69665,17877,12388,4793,5918,3833,1.33,2893,2.7203252032520324,2.703838383838384,14.208067940552018,124.33,JNJ
9/30/2013,4.5,15.126666666666665,24.65,24.75,4.94,52.18,2.02,44.05,1.71,57.13,0.82,19,10.43,20.19,18.49,75.47,68.07,25.84,69.8,12.88,25228,69804,17575,12231,3667,4766,2982,1.04,2881,2.7614604462474643,2.75030303,13.779352226720645,126.93,JNJ
12/31/2013,4.82,15.022821576763484,24.78,26.25,4.96,56.41,2.2,48.53,1.89,58.63,0.79,19.73,10.94,19.07,23.31,71.01,72.41,25.68,74.05,13.83,29206,74053,18355,12400,2750,4004,3519,1.22,2877,2.9221146085552863,2.7584761904761903,14.598790322580644,132.68,JNJ
3/31/2014,5.24,14.927480916030534,24.96,27.08,5.49,57.37,2.41,49.36,2.07,56.75,0.74,20.77,11.65,19.79,26.76,68.32,78.22,23.84,76.58,15.06,29392,76582,18115,12660,5424,6591,4727,1.64,2875,3.133814102564102,2.888478581979321,14.247723132969034,133.33,JNJ
6/30/2014,5.42,15.477859778597786,25.56,27.65,5.83,60.12,2.47,51.96,2.13,57.15,0.73,20.84,11.78,20.06,28.94,63.82,83.89,24.36,78.05,15.55,31624,78048,19495,13456,5626,6720,4326,1.51,2874,3.282081377,3.033996383363472,14.389365351629502,135.2,JNJ
9/30/2014,6.04,14.246688741721854,25.91,27.31,6.76,59.97,2.61,51.55,2.24,55.51,0.73,22.7,12.99,23,28.65,64.36,86.05,22.98,76.59,17.32,33005,76591,18467,13068,6810,7897,4749,1.66,2864,3.3211115399459668,3.150860490662761,12.729289940828401,132.1,JNJ
12/31/2014,5.7,14.907017543859649,25.91,25.06,6.85,55.74,2.23,47.56,1.9,60.61,0.87,21.69,12.3,23.11,20.7,62.16,84.97,25.03,69.75,16.32,33089,69752,18254,12401,2703,3850,2521,0.89,2864,3.2794287919722116,3.3906624102154828,12.404379562043797,130.36,JNJ
3/31/2015,5.59,14.724508050089446,25.75,24.45,6.56,58.19,2.44,50.11,2.1,60.71,0.89,21.78,12.1,23.76,19.51,65.1,82.31,23.84,67.88,15.92,31319,67878,17374,12092,5575,6627,4320,1.53,2826,3.196504854368932,3.366462167689162,12.547256097560977,128.59,JNJ
6/30/2015,5.69,14.11775043936731,25.29,25.69,6.8,61,2.49,52.7,2.15,60.91,0.86,22.58,12.32,24.32,22.62,70.43,80.33,24.51,71.13,16.11,33954,71131,17787,12430,5741,6785,4516,1.61,2812,3.1763542902332937,3.1268976255352277,11.813235294117646,132.04,JNJ
9/30/2015,5.23,14.826003824091778,24.94,25.86,6.13,63.49,2.51,55.29,2.19,61.71,0.86,21,11.23,21.43,24.29,67.57,77.54,25.26,71.55,14.72,37306,71554,17102,11878,4122,5206,3358,1.2,2807,3.1090617481956695,2.998453209590101,12.649265905383361,133.27,JNJ
12/31/2015,5.49,15.655737704918034,24.9,25.82,6.96,60.21,2.17,52.16,1.88,62.26,0.88,21.88,11.69,22.74,23.76,68.35,85.95,27.75,71.15,15.41,38376,71150,17811,12138,3758,5004,3215,1.14,2813,3.451807228915663,3.3288148721920994,12.349137931034484,133.41,JNJ
3/31/2016,5.5,16.58,24.98,26.4,6.66,62.74,2.83,54.57,2.47,63.58,0.88,21.71,11.62,21.76,24.96,65.03,91.19,22.13,72.65,15.55,39855,72647,17482,12153,5294,6428,4457,1.59,2804,3.6505204163330665,3.4541666666666666,13.692192192192191,136.23,JNJ
6/30/2016,5.32,19.351503759398497,25.27,26.47,6.19,66.29,3.08,57.77,2.68,67.34,0.93,20.88,11.08,20.11,24.68,61.54,102.95,21.54,72.47,15.03,42584,72473,18482,13146,4904,6082,3997,1.43,2794,4.074000791452315,3.8893086513033626,16.631663974151856,139.81,JNJ
9/30/2016,5.65,17.863716814159293,25.58,26.73,5.86,63.32,2.73,54.83,2.36,67.6,0.93,22.06,11.6,20.78,21.96,66.88,100.93,23.23,72.77,15.94,40433,72769,17820,12334,5281,6478,4272,1.53,2785,3.9456606724003134,3.775907220351665,17.22354948805461,140.37,JNJ
12/31/2016,5.88,16.857142857142858,25.74,26.02,6.03,65.03,2.47,56.89,2.16,70.79,1.01,22.95,11.86,20.9,20.74,71.66,99.12,26.29,70.42,16.54,41907,70418,18106,12468,4324,5663,3814,1.38,2789,3.8508158508158514,3.809377401998463,16.437810945273633,141.21,JNJ
3/31/2017,5.95,18.126050420168067,25.95,26.1,6.33,63.35,2.52,54.47,2.17,74.58,1.06,23.08,11.66,20.95,16.03,79.16,107.85,25.12,70.34,16.51,39343,70341,17766,12357,5575,6812,4422,1.61,2755,4.156069364,4.132183908045977,17.037914691943126,144.92,JNJ
6/30/2017,5.92,19.47804054054054,26.21,26.78,6.62,38.79,1.34,29.09,1.01,80.89,1.13,22.89,11.28,20.66,-14.25,146.93,115.31,28.87,71.92,16.34,12853,71922,18839,12993,4748,6230,3827,1.4,2742,4.399465852727967,4.305825242718447,17.41842900302115,152.81,JNJ
9/30/2017,5.76,19.80034722222222,26.99,27.55,7.11,41.83,1.32,32.31,1.02,81.68,1.1,22.08,10.65,19.93,-11.9,596.35,114.05,31.81,73.98,15.83,16231,73979,19650,12725,4790,6804,3764,1.37,2738,4.225639125602075,4.139745916515427,16.04078762,155.66,JNJ
12/31/2017,0.39,316.1794871794872,27.86,22.43,7.14,43.09,1.41,34.32,1.12,97.14,1.62,1.88,0.85,18.21,-24.97,-14.82,123.31,30.54,60.16,1.3,18296,60160,20195,12936,2560,4788,-10713,-3.91,2745,4.4260588657573585,5.497547926883638,17.27030812,157.3,JNJ
3/31/2018,0.38,299.52631578947364,28.73,23.58,7.36,42.77,1.58,33.75,1.25,93.37,1.48,1.85,0.8,18.32,-20.26,-6.98,113.82,27.08,63.26,1.25,15204,63255,20009,13395,5481,7600,4367,1.6,2732,3.961712495649147,4.8269720101781175,15.464673913043477,156.63,JNJ
6/30/2018,0.43,252.48837209302323,29.51,23.45,7.7,45.44,1.65,36.63,1.33,92.48,1.47,2.11,0.88,18.9,-17.51,-7.35,108.57,27.49,62.89,1.37,18139,62889,20830,13903,4973,7069,3954,1.45,2721,3.6790918332768547,4.629850746268657,14.1,155.37,JNJ
9/30/2018,0.5,248.9,29.79,24.09,7.48,47.19,1.72,38.52,1.4,91.08,1.41,2.46,0.99,18.83,-14.71,-7.96,124.45,27.44,64.63,1.54,19364,64626,20348,13759,4423,6572,3934,1.44,2728,4.177576367908695,5.166044002,16.637700534759357,155.7,JNJ
12/31/2018,6.36,18.39308176100629,31.31,22.44,6.88,46.03,1.47,37.43,1.2,93.2,1.56,24.42,9.86,19.62,-18.31,-86.43,116.98,31.23,59.75,15.3,19687,59752,20394,13433,3122,5303,3042,1.12,2729,3.7361865218779946,5.213012478,17.002906976744185,152.95,JNJ
3/31/2019,6.3,20.246031746031747,31.08,22.2,5.81,41.99,1.44,32.9,1.13,91.07,1.55,23.85,9.56,18.8,-19.39,-83.96,127.55,29.11,58.96,14.68,15336,58955,20021,13406,4422,6384,3749,1.39,2699,4.103925353925354,5.745495495495495,21.953528399311534,150.03,JNJ
6/30/2019,6.94,18.436599423631122,31.26,23.01,6.74,41.8,1.33,32.54,1.04,94.33,1.55,26.76,10.64,21.32,-22.21,-87.54,127.95,31.35,60.79,16.33,15278,60785,20562,13622,7041,8917,5607,2.08,2692,4.093090211132438,5.560625814863103,18.983679525222552,155.12,JNJ
9/30/2019,6.4,18.571875,30.3,22.13,11.46,44.33,1.26,35.16,1,97.31,1.67,23.81,9.22,18.68,-22.93,-68.33,118.86,35.16,58.21,14.15,17945,58210,20729,13862,1647,3511,1753,0.66,2670,3.9227722772277227,5.370989606868505,10.371727748691098,155.52,JNJ
12/31/2019,6.78,19.902654867256636,30.55,22.59,8.64,45.27,1.26,36.25,1.01,98.26,1.65,25.47,9.78,20.02,-21.81,-70.04,134.94,35.96,59.47,15.12,19287,59471,20747,13613,4218,6200,4010,1.5,2684,4.417021276595745,5.9734395750332006,15.618055555555554,157.73,JNJ
3/31/2020,7.56,16.149470899470902,30.88,23.28,8.5,44.23,1.31,35.36,1.05,93.72,1.53,28.64,11.01,22.43,-19.52,-79.42,122.09,33.69,61.29,17.17,18024,61294,20691,13629,6509,8348,5796,2.17,2671,3.9536917098445596,5.244415807560137,14.363529411764706,155.02,JNJ
6/30/2020,6.84,19.276315789473685,30.12,23.92,6.65,45.89,1.25,36.47,0.99,95.4,1.52,25.1,9.69,18.87,-18.33,-73.55,131.85,36.77,62.98,15.19,19135,62978,18336,11757,3940,5730,3626,1.36,2666,4.377490039840637,5.512123745819397,19.82706766917293,158.38,JNJ
9/30/2020,6.36,22.092767295597483,30.25,24.49,6.91,57.58,1.48,47.98,1.24,106.22,1.65,27.37,10.59,21.31,-16.84,-88.83,140.51,38.85,64.47,16.99,30781,64473,21082,14110,4401,6275,3554,1.33,2669,4.644958678,5.737443854634544,20.334298118668595,170.69,JNJ
12/31/2020,5.51,27.14700544,30.94,24.04,7.67,51.24,1.21,41.89,0.99,111.62,1.76,23.35,8.93,17.94,-26.52,-72.49,149.58,42.49,63.28,14.71,25185,63278,22475,14661,1647,3687,1738,0.65,2671,4.8345184227537175,6.222129783693845,19.50195567,174.89,JNJ
3/31/2021,5.66,27.770318021201415,31.54,25.01,8.14,52.53,1.28,42.58,1.04,106.72,1.62,23.57,8.94,18.47,-20.96,-73.16,157.18,40.93,65.83,15.12,24619,65834,22321,15258,7429,9401,6197,2.32,2673,4.983512999365885,6.284686126,19.30958230958231,172.56,JNJ
6/30/2021,6.84,23.176900584795323,31.16,26.44,3.2,53.77,1.39,43.67,1.13,106.86,1.54,27.01,10.23,20.71,-16.48,-87.95,158.53,38.72,69.58,17.77,25306,69580,23312,15725,6662,8553,6278,2.35,2672,5.087612323491656,5.995839636913767,49.540625,176.44,JNJ
9/30/2021,5.67,27.57319223985891,33.39,26.69,11.59,59.89,1.34,49.5,1.11,108.96,1.55,26.59,10.17,19.97,-13.07,-92.84,156.34,44.56,70.27,17.88,31001,70272,23338,16088,3849,5696,3667,1.37,2675,4.682240191674154,5.857624578493818,13.489214840379638,179.23,JNJ
12/31/2021,6.11,27.283142389525366,34.77,28.16,10.36,60.98,1.35,50.59,1.12,108,1.46,29.86,11.76,22.75,-7.62,-143.65,166.7,45.23,74.02,20.88,31608,74023,24804,16849,4836,6752,4736,1.77,2674,4.7943629565717565,5.9197443181818175,16.090733590733592,182.02,JNJ
3/31/2022,7.39,23.522327469553453,35.14,28.41,9.01,60.42,1.39,49.43,1.14,103.65,1.39,27.49,11.08,20.8,-4.65,-189.68,173.83,43.39,74.71,19.83,30388,74709,23426,15828,5862,7663,5149,1.93,2667,4.946784291405805,6.118620204153467,19.293007769145397,178.36,JNJ
6/30/2022,6.87,25.502183406113534,35.79,29.04,9.31,63.85,1.42,52.41,1.17,101.37,1.33,24.87,10.24,19.76,-0.22,-287.52,175.2,44.82,76.36,18.37,32568,76357,24020,16101,5840,7686,4814,1.8,2668,4.895222129086337,6.033057851239669,18.81847475832438,177.72,JNJ
9/30/2022,7.18,22.60724233983287,36,28.51,6.8,65.24,1.43,53.56,1.18,100.53,1.35,25.57,10.74,21.58,0.88,-660.7,162.32,45.54,74.6,19.16,34079,74599,23791,15984,5822,7708,4458,1.68,2661,4.5088888888888885,5.693440898,23.870588235294118,175.12,JNJ
3/31/2009,,,,22.82,,64.82,1.31,52.1,1.05,111.11,1,,,,,,,49.51,111.38,,,,,,,,,,,,,,,XOM
6/30/2009,,,,23.13,,59.5,1.15,47.06,0.91,113.51,1.02,,,,,,,51.61,111.15,,15729,111153,74457,14873,7517,10864,3950,0.81,4871,,,,,XOM
9/30/2009,,,,23.62,,57.32,1.08,44.74,0.85,117.2,1.05,,,,,,,52.93,112.11,,12623,112105,82260,16575,9204,12193,4730,0.98,4803,,,,,XOM
12/31/2009,3.98,10.389447236180905,63.86,24.41,1.23,55.24,1.06,43.68,0.84,117.93,1.02,17.14,8.48,29.07,115.39,17.14,41.35,52.06,115.39,19.28,10862,115392,89841,18001,10206,13435,6050,1.27,4848,0.6475101785155027,1.6939778779188857,33.61788617886179,233.32,XOM
3/31/2010,4.39,9.312072892938497,70,25.05,1.91,61.7,1.07,48.21,0.84,125.08,1.06,18.43,9.04,32.17,117.67,18.43,40.88,57.74,117.67,21.03,13827,117666,90251,19603,12068,15403,6300,1.33,4736,0.5840000000000001,1.631936127744511,21.403141361256548,242.75,XOM
6/30/2010,5.18,6.770270270270271,74.27,28.55,3.35,62.22,1.08,48.78,0.84,145.7,1,20.09,9.89,33.39,145.37,20.09,35.07,57.82,145.37,24.64,13267,145367,92486,20126,12706,16112,7560,1.6,4729,0.4721960414703111,1.228371278458844,10.468656716417911,291.07,XOM
9/30/2010,5.64,6.781914893617022,75.87,29.86,3.53,62.63,1.01,48.33,0.78,149.39,0.99,20.61,10.22,33.22,150.6,20.61,38.25,61.74,150.6,27.26,12259,150600,95298,20963,12858,16756,7350,1.44,5089,0.5041518386714116,1.2809778968519758,10.835694050991503,299.99,XOM
12/31/2010,6.22,7.321543408360129,78.82,30.66,4.4,58.98,0.94,46.01,0.74,149.83,0.98,21.51,10.72,34.26,152.68,21.51,45.54,62.63,152.68,30.46,8453,152679,105186,24113,15327,19707,9250,1.85,4897,0.5777721390510023,1.4853228962818004,10.35,302.51,XOM
3/31/2011,7.03,7.4935988620199145,82.7,31.98,4.83,72.02,0.98,55.76,0.76,162,1.03,22.97,11.48,36.06,157.53,22.97,52.68,73.58,157.53,34.81,13234,157531,114004,26668,18917,22707,10650,2.14,4971,0.6370012091898428,1.6472795497185742,10.906832298136646,319.53,XOM
6/30/2011,7.61,6.734559789750328,88.69,33.29,5.13,72.31,0.97,53.26,0.72,164.37,1.02,24.37,12.15,38.97,161.84,24.37,51.25,74.53,161.84,37.93,10287,161835,125486,26818,18619,22545,10680,2.18,4912,0.5778554515728944,1.5395013517572844,9.990253411306043,326.2,XOM
9/30/2011,8.3,5.549397590361446,95.84,33.84,5.82,69.38,0.93,52.65,0.7,161.02,0.99,25.8,12.87,42.07,162.21,25.8,46.06,74.97,162.21,40.91,11255,162212,125330,27136,18680,22644,10330,2.13,4843,0.4805926544240401,1.361111111111111,7.914089347079038,323.23,XOM
12/31/2011,8.42,6.421615201900238,99.3,33.96,5,72.96,0.94,57.94,0.75,170.31,1.06,25.57,12.63,42.75,160.74,25.57,54.07,77.51,160.74,41.06,13068,160744,121609,25529,17041,21191,9400,1.97,4875,0.5445115810674723,1.5921672555948174,10.814,331.05,XOM
3/31/2012,8.28,6.718599033816426,102.68,35.1,5.45,76.16,0.95,61.41,0.77,181.04,1.1,24.57,12.03,41.72,164.12,24.57,55.63,79.99,164.12,39.86,19147,164117,124053,25587,17515,21464,9450,2,4716,0.5417802882742501,1.584900284900285,10.207339449541285,345.15,XOM
6/30/2012,9.51,5.8107255520504735,104.48,36.39,4.83,72.8,1.04,57.64,0.82,161.66,0.96,27.53,13.57,45.92,167.99,27.53,55.26,70.14,167.99,45.09,18017,167985,127363,33998,26191,30140,15910,3.41,4657,0.5289050535987748,1.5185490519373452,11.440993788819876,329.65,XOM
9/30/2012,9.47,6.276663146779303,103.65,37.8,4.48,72.14,1.03,55.56,0.79,162.84,0.95,26.66,13.22,44.51,172.36,26.66,59.44,70.06,172.36,44.33,13261,172355,115141,25378,17320,21416,9570,2.09,4597,0.573468403,1.5724867724867726,13.26785714285714,335.19,XOM
12/31/2012,9.7,5.837113402061856,103.36,38.13,4.73,64.46,1.01,49.92,0.78,162.14,0.95,26.55,13.36,44.29,171.66,26.55,56.62,64.14,171.66,44.88,9923,171660,114124,25695,17700,21921,9950,2.2,4628,0.5477941176470588,1.4849200104904272,11.970401691331922,333.8,XOM
3/31/2013,9.82,6.041751527494908,101.22,38.93,3.66,62.59,0.89,46.36,0.66,166.56,0.96,26.23,13.43,43.02,173.08,26.23,59.33,70.08,173.08,44.93,6590,173077,108357,23735,16038,20172,9500,2.12,4485,0.5861489824145426,1.5240174672489082,16.21038251,339.64,XOM
6/30/2013,7.96,7.525125628140703,97.93,38.98,3.03,62.84,0.87,45.65,0.63,170.03,0.99,20.84,10.63,35.43,171.59,20.84,59.9,72.69,171.59,35.88,5012,171588,106666,20980,12768,17258,6860,1.55,4433,0.6116613907893392,1.5366854797331966,19.768976897689768,341.62,XOM
9/30/2013,7.66,7.498694516971279,98.45,40.16,2.81,61.3,0.84,44.44,0.61,172.09,0.98,19.76,10.03,33.62,175.48,19.76,57.44,72.75,175.48,34.18,5749,175478,112372,22164,14189,18528,7870,1.79,4395,0.5834433722701878,1.4302788844621515,20.441281138790035,347.56,XOM
12/31/2013,7.37,9.229308005427407,98.88,41.64,2.54,59.31,0.83,43.17,0.6,166.31,0.92,18.6,9.47,31.63,180.5,18.6,68.02,71.72,180.5,32.58,4913,180495,110860,22876,14716,18944,8350,1.91,4419,0.6879045307443366,1.6335254562920267,26.779527559055115,346.81,XOM
3/31/2014,7.35,8.995918367,99.28,42.59,2.98,61.86,0.88,43.3,0.62,170.14,0.93,18.12,9.27,30.58,182.89,18.12,66.12,70.11,182.89,32.18,5805,182891,106325,22934,15227,19485,9100,2.1,4328,0.6659951651893634,1.5524771073021837,22.18791946308725,353.03,XOM
6/30/2014,7.85,8.740127388535033,101.1,44.11,3.58,64.01,0.92,45.84,0.66,170.46,0.91,18.76,9.7,30.46,188.13,18.76,68.61,69.53,188.13,34.1,6281,188131,111208,22165,14151,18500,8780,2.05,4297,0.6786350148367953,1.555429607798685,19.164804469273744,358.59,XOM
9/30/2014,7.95,8.118238993710692,100.64,44.27,3.59,58.6,0.89,40.83,0.62,165.27,0.88,18.57,9.72,29.43,187.5,18.57,64.54,65.98,187.5,34.3,5014,187495,107130,21348,13410,17860,8070,1.89,4267,0.6412957074721781,1.4578721481816128,17.97771587743733,352.76,XOM
12/31/2014,7.6,8.406578947368422,95.94,43.1,2.84,52.91,0.82,36.23,0.56,168.43,0.93,17.59,9.2,26.25,181.06,17.59,63.89,64.63,181.06,32.52,4658,181064,87276,17033,8842,13368,6570,1.56,4282,0.6659370439858245,1.482366589327146,22.49647887323944,349.49,XOM
3/31/2015,6.67,8.874062968515743,87.43,42.44,1.32,50.66,0.91,34.56,0.62,165.52,0.93,15.45,8.08,21.83,177.45,15.45,59.19,55.93,177.45,28.36,5227,177446,67618,14047,6635,11023,4940,1.17,4211,0.6769987418506233,1.394674835061263,44.840909090909086,342.96,XOM
6/30/2015,5.62,10.395017793594306,79.19,42.94,1.32,51.65,0.89,34.98,0.6,169.26,0.95,13.11,6.82,18.21,179,13.11,58.42,58.37,179,23.77,4378,178998,74113,14691,6954,11490,4190,1,4200,0.737719409,1.360503027480205,44.25757575757576,348.26,XOM
9/30/2015,4.74,11.118143459915611,70.16,42.48,0.98,47.23,0.86,30.65,0.56,163.82,0.93,11.17,5.77,14.36,176.84,11.17,52.7,54.83,176.84,19.94,4296,176839,67344,13660,5749,10369,4240,1.01,4190,0.7511402508551882,1.2405838041431263,53.775510204081634,340.66,XOM
12/31/2015,3.85,14.477922077922079,59.35,42.54,0.92,42.62,0.79,26.38,0.49,159.95,0.91,9.1,4.72,11.14,176.81,9.1,55.74,53.98,176.81,16.15,3705,176810,40173,10951,2628,7443,2780,0.67,4196,0.9391743892165122,1.3102961918194642,60.58695652173913,336.76,XOM
3/31/2016,3.11,19.39549839228296,54.95,43.04,0.7,44.25,0.91,28.03,0.58,164.29,0.92,7.32,3.81,8.53,178.5,7.32,60.32,48.73,178.5,13.02,4846,178498,48707,9520,1730,6572,1810,0.43,4178,1.0977252047315742,1.4014869888475836,86.17142857142858,342.79,XOM
6/30/2016,2.52,27.07142857142857,51.11,42.65,0.35,45.83,0.89,29.95,0.58,165.6,0.94,5.94,3.09,6.19,176.88,5.94,68.22,51.5,176.88,10.53,4358,176875,57694,10383,2396,7292,1700,0.41,4178,1.3347681471336332,1.5995310668229779,194.9142857142857,342.47,XOM
9/30/2016,2.14,29.939252336448593,49.09,42.68,0.16,42.95,0.86,27.6,0.55,162.38,0.92,5.04,2.63,4.89,177.01,5.04,64.07,50.02,177.01,8.94,5093,177010,58677,11000,3226,7937,2650,0.63,4178,1.3051537991444284,1.5011715089034676,400.43749999999994,339.39,XOM
12/31/2016,1.88,35.55319148936171,49.81,41.91,1.42,41.42,0.87,26.34,0.55,156.48,0.9,4.44,2.31,3.87,173.83,4.44,66.84,47.64,173.83,7.84,3657,173830,43036,13572,617,8929,1680,0.41,4177,1.341899217024694,1.5948460987831068,47.07042253521127,330.31,XOM
3/31/2017,2.4,25.5375,52.05,43.37,2.62,43.13,0.81,28.26,0.53,160.44,0.87,5.64,2.96,5.9,183.77,5.64,61.29,53.37,183.77,10.04,4897,183771,58671,13750,5918,10583,4010,0.95,4223,1.177521613832853,1.4131888402121282,23.393129770992367,344.21,XOM
6/30/2017,2.77,21.985559566787003,51.84,43.86,3.45,42.18,0.83,26.88,0.53,157.17,0.85,6.49,3.45,6.72,185.84,6.49,60.9,50.95,185.84,11.69,4042,185838,58077,12455,4156,8966,3350,0.78,4271,1.1747685185185184,1.3885088919288646,17.652173913043477,343.01,XOM
9/30/2017,3.07,20.338762214983714,52.1,44.65,3.59,45.75,0.85,29.01,0.54,160.23,0.85,7.1,3.81,7.78,189.2,7.1,62.44,53.78,189.2,13.01,4266,189198,61100,13965,5583,10574,3970,0.93,4271,1.1984644913627638,1.3984322508398657,17.39275766016713,349.43,XOM
12/31/2017,4.63,13.887688984881208,57.43,45.88,3.45,47.13,0.82,30.14,0.52,154.19,0.79,10.47,5.69,8.76,194.5,10.47,64.3,57.77,194.5,19.71,3177,194500,66515,13182,3017,9045,8380,1.97,4256,1.1196238899529862,1.4014821272885787,18.63768115942029,348.69,XOM
3/31/2018,4.77,12.146750524109015,59.51,46.03,3.41,48.32,0.8,30.27,0.5,153.92,0.79,10.65,5.86,9.31,194.91,10.65,57.94,60.31,194.91,20.35,4125,194911,68211,15285,7240,11914,4650,1.09,4270,0.9736178793480087,1.2587442971974798,16.991202346041053,348.83,XOM
6/30/2018,4.91,13.215885947046843,63.12,45.71,3.19,50.56,0.81,32.07,0.51,155.26,0.8,10.85,6,10.36,193.53,10.85,64.89,62.45,193.53,20.95,3430,193533,73501,14881,6512,11248,3950,0.92,4271,1.0280418250950571,1.4196018376722817,20.341692789968654,348.79,XOM
9/30/2018,5.44,12.386029411764705,66.75,46.49,3.95,53.98,0.83,35.21,0.54,157.8,0.8,11.91,6.63,11.94,196.83,11.91,67.38,65.29,196.83,23.22,5669,196831,76605,17429,9080,13938,6240,1.46,4271,1.009438202247191,1.4493439449343943,17.058227848101264,354.63,XOM
12/31/2018,4.88,11.186475409836067,67.96,46.86,3.85,47.97,0.84,29.02,0.51,147.67,0.74,10.64,5.96,14.29,198.53,10.64,54.59,57.14,198.53,20.84,3042,198528,71895,17100,8121,13364,6000,1.41,4270,0.8032666274278989,1.1649594536918482,14.17922077922078,346.2,XOM
3/31/2019,4.34,15.069124423963135,66.88,46.8,3.37,51.58,0.77,33.24,0.5,158.17,0.8,9.42,5.28,12.91,198.02,9.42,65.4,66.63,198.02,18.54,4586,198021,63625,12449,4289,9041,2350,0.55,4270,0.9778708133971293,1.3974358974358976,19.40652818991098,356.19,XOM
6/30/2019,4.15,15.115662650602408,65.85,46.91,2.65,51.74,0.74,32.91,0.47,162.26,0.82,8.95,5,12,198.47,8.95,62.73,70.29,198.47,17.72,4213,198465,69091,12952,4632,9479,3130,0.73,4271,0.95261959,1.3372415263270092,23.671698113207547,360.73,XOM
9/30/2019,3.44,17.011627906976745,63.14,46.59,1.93,50.01,0.78,32.42,0.51,162.25,0.82,7.4,4.12,9.93,197.11,7.4,58.52,64.2,197.11,14.65,5351,197109,65049,13235,4721,9826,3170,0.75,4271,0.926829268,1.2560635329469843,30.321243523316063,359.36,XOM
12/31/2019,3.36,17.425595238095237,62.04,47,1.25,50.05,0.78,31.52,0.49,163.66,0.82,7.24,3.99,9.09,198.94,7.24,58.55,63.99,198.94,14.34,3089,198938,67173,15150,6414,11538,5690,1.33,4270,0.94374597,1.2457446808510637,46.839999999999996,362.6,XOM
3/31/2020,2.67,12.104868913857679,60.29,44.64,0.6,50.25,0.78,33.75,0.52,167.06,0.89,5.81,3.16,7,188.74,5.81,32.32,64.77,188.74,11.38,11412,188743,56158,8946,-258,5810,-610,-0.14,4270,0.5360756344335711,0.7240143369175627,53.86666666666667,355.8,XOM
6/30/2020,1.68,23.107142857142858,51.75,44.27,-0.39,53.02,0.93,33.36,0.58,174.34,0.93,3.72,1.99,4.09,187.15,3.72,38.82,57.27,187.15,7.17,12576,187153,32605,6487,-1640,3593,-1080,-0.26,4271,0.7501449275362319,0.8768918003162411,-99.53846154,361.5,XOM
9/30/2020,0.78,38.96153846153846,47.33,43.66,-0.78,48.69,0.86,30.81,0.55,173.43,0.94,1.75,0.92,1.82,184.61,1.75,30.39,56.47,184.61,3.32,8832,184612,46199,7794,-372,4890,-680,-0.15,4271,0.6420874709486584,0.696060467,-38.96153846,358.04,XOM
12/31/2020,-5.25,-7.114285714,42.5,38.77,-0.61,44.89,0.8,26.04,0.46,168.62,1.03,-12.39,-6.37,-12.88,164.13,-12.39,37.35,56.36,164.13,-22.44,4364,164130,46540,7715,-26613,3991,-20070,-4.7,4271,0.8788235294117648,0.9633737425844725,-61.2295082,332.75,XOM
3/31/2021,-4.47,-11.51006711,43.19,38.76,0.92,48.2,0.8,29.84,0.5,169.67,1.03,-10.91,-5.51,-11.3,164.1,-10.91,51.45,60.15,164.1,-19.1,3515,164101,59147,11824,3592,8854,2730,0.64,4272,1.1912479740680715,1.3273993808049538,55.92391304347826,333.77,XOM
6/30/2021,-3.11,-18.96463023,51.4,39.1,3.7,52.84,0.85,33.57,0.54,171.73,1.04,-7.86,-3.92,-7.92,165.56,-7.86,58.98,62.24,165.56,-13.33,3465,165556,67742,14196,6307,11513,4690,1.1,4276,1.1474708171206225,1.5084398976982096,15.940540540540539,337.29,XOM
9/30/2021,-1.39,-40.16546763,57.84,39.56,5.47,55.56,0.9,35.95,0.58,169.18,1.01,-3.57,-1.76,-3.37,167.51,-3.57,55.83,61.86,167.51,-5.9,4768,167506,73786,17433,9606,14810,6750,1.57,4276,0.9652489626556016,1.4112740141557127,10.206581352833638,336.69,XOM
12/31/2021,5.39,10.922077922077921,66.82,41.44,8.43,59.15,1.04,40.37,0.71,163.24,0.93,13.7,6.84,14.69,175.68,13.7,58.87,56.64,175.68,23.04,6802,175683,84965,20749,11729,17611,8870,2.08,4275,0.8810236456150854,1.4206081081081081,6.983392645314353,338.92,XOM
3/31/2022,6.03,13.325041459369816,74.19,41.9,9.38,77.26,1.07,55.08,0.76,178.25,1.01,15.05,7.54,16.83,176.53,15.05,80.35,72.06,176.53,25.79,11074,176526,90500,20317,8556,17627,5480,1.28,4266,1.0830300579592937,1.9176610978520285,8.566098081023453,354.77,XOM
6/30/2022,9.14,9.207877461706783,85.67,44.27,11.75,93.16,1.16,69.58,0.87,183.27,0.99,22.12,11.14,25.11,184.51,22.12,84.16,80.11,184.51,38.95,18861,184508,115681,32514,24933,29578,17850,4.21,4233,0.9823742266837866,1.9010616670431442,7.162553191489361,367.77,XOM
9/30/2022,12.25,7.070204081632653,95.2,46.88,14.17,99.29,1.34,75.19,1.02,177.11,0.92,28.43,14.49,31.59,193.04,28.43,86.61,74.06,193.04,51.86,30464,193043,112070,33969,25422,31273,19660,4.68,4185,0.9097689075630252,1.8474829351535835,6.112208892025405,370.15,XOM
3/31/2009,,,,6.54,,8.23,1.94,0,0,9.84,0.45,,,,,,,4.24,22.12,,,,,,,,,,,,,,,V
6/30/2009,,,,6.74,,9.56,2.16,0,0,9.83,0.43,,,,,,,4.44,22.79,,5471,22794,1646,1646,822,1223,729,0.16,4620,,,,,V
9/30/2009,,,,6.85,,9.24,2.08,0,0,9.09,0.39,,,,,,,4.44,23.19,,6097,23193,1879,1879,869,1256,514,0.12,4608,,,,,V
12/31/2009,0.85,23.49411764705882,1.56,6.97,0.04,8.75,2.41,0,0,8.24,0.35,11.1,7.91,16.52,2.39,141.03,19.97,3.64,23.48,2.54,5618,23477,1960,1960,1217,1653,763,0.17,4476,12.80128205128205,2.865136298421808,499.24999999999994,31.72,V
3/31/2010,0.91,22.868131868131865,1.64,7.15,0.11,9.12,2.58,0,0,8.08,0.34,11.64,8.45,17.22,2.9,119.75,20.81,3.54,23.99,2.72,6010,23987,1959,1959,1122,1556,713,0.16,4436,12.689024390243903,2.9104895104895103,189.18181818181816,32.07,V
6/30/2010,0.91,17.8021978,1.76,7.35,0.32,9.85,2.83,0,0,8.02,0.33,11.35,8.41,18.2,3.59,98.64,16.2,3.48,24.68,2.71,7155,24680,2029,2029,1137,1593,716,0.17,4328,9.204545454545453,2.2040816326530615,50.625,32.7,V
9/30/2010,1,17.03,1.83,7.49,0.56,8.73,2.5,0,0,8.39,0.34,12.21,9.13,18.86,2.09,108.25,17.03,3.5,25.01,2.97,5917,25014,2117,2117,1113,1612,774,0.18,4384,9.306010928961749,2.273698264,30.410714285714285,33.41,V
12/31/2010,1.06,15.264150943396226,1.92,7.67,0.79,9.36,2.54,0,0,8.45,0.33,12.44,9.34,19.07,2.63,110.17,16.18,3.68,25.54,3.09,6551,25544,2238,2238,1366,1838,884,0.21,4232,8.427083333333334,2.1095176010430245,20.481012658227847,33.99,V
3/31/2011,1.12,15.13392857142857,2.02,7.88,0.8,9.61,2.77,0,0,8.27,0.32,12.84,9.68,19.7,3.1,114.07,16.95,3.47,26.15,3.26,6706,26154,2245,2245,1383,1904,881,0.21,4156,8.391089109,2.1510152284263957,21.187499999999996,34.42,V
6/30/2011,1.24,15.67741935483871,2.13,7.98,0.86,9.52,2.7,0,0,8.4,0.32,13.79,10.4,20.25,2.93,131.8,19.44,3.53,26.05,3.54,6747,26052,2322,2322,1345,1867,1005,0.25,4032,9.126760563380282,2.436090226,22.60465116,34.45,V
9/30/2011,1.29,15.35658914728682,2.23,8.14,0.86,9.19,2.66,0,0,8.32,0.32,14.01,10.61,28.04,3.33,121.67,19.81,3.45,26.44,3.65,6255,26437,2383,2383,1362,2015,880,0.22,4088,8.883408071748878,2.433660933660933,23.03488372093023,34.76,V
12/31/2011,1.36,17.294117647058822,2.35,8.4,0.94,9.98,2.82,0,0,8.47,0.31,14.33,10.89,43.7,4.18,112.07,23.52,3.54,27.3,3.8,7093,27301,2547,2547,1618,2179,1029,0.26,3924,10.008510638297873,2.8,25.02127659574468,35.77,V
3/31/2012,1.53,17.901960784313726,2.48,8.76,1.09,10.3,2.87,0,0,8.33,0.29,15.53,11.86,90.99,5.42,106.08,27.39,3.59,28.52,4.21,7239,28521,2578,2578,1606,2183,1292,0.34,3852,11.044354838709678,3.1267123287671232,25.128440366972477,36.85,V
6/30/2012,0.48,59.895833333333336,2.57,8.07,1.06,10.9,1.39,0,0,12.58,0.48,5.03,3.73,90.99,3.04,34.12,28.75,7.85,26.16,1.36,6585,26158,2565,2565,-2607,-1909,-1839,-0.48,3828,11.186770428015565,3.5625774473358116,27.12264150943396,38.74,V
9/30/2012,0.78,40.1025641,2.7,8.52,1.2,11.79,1.48,0,0,12.38,0.45,7.82,5.67,90.99,4.53,49.97,31.28,7.95,27.63,2.14,7249,27630,2731,2731,1522,2174,1662,0.44,3856,11.585185185185185,3.671361502347418,26.06666666666667,40.01,V
12/31/2012,0.89,39.7752809,2.8,8.58,0.13,7.39,1.97,0,0,8.27,0.3,8.76,6.36,90.99,4.5,55.07,35.4,3.75,27.59,2.41,2834,27588,2846,2846,1800,2445,1293,0.34,3776,12.642857142857142,4.125874125874126,272.30769230769226,35.86,V
3/31/2013,0.9,44.15555555555556,2.92,8.48,0.25,6.91,1.95,0,0,8.16,0.3,8.81,6.38,90.99,3.83,60.02,39.74,3.54,26.9,2.39,2768,26895,2958,2958,1860,2525,1270,0.34,3732,13.60958904109589,4.686320754716981,158.96,35.06,V
6/30/2013,2.05,20.89756097560976,3.07,8.58,0.5,6.94,1.89,0,0,8.28,0.31,19.98,14.91,90.99,3.95,129.64,42.84,3.67,27,5.45,3397,27003,3001,3001,1828,2450,1225,0.33,3696,13.95439739413681,4.993006993006993,85.68,35.29,V
9/30/2013,1.9,23.62105263157895,3.38,8.61,0.88,7.82,1.8,0,0,9.09,0.34,18.38,14.01,90.99,3.84,123.53,44.88,4.34,26.87,4.98,4304,26870,2973,2973,1751,2537,1192,0.71,2897,13.27810650887574,5.212543554006969,51,35.96,V
12/31/2013,1.96,26.73469387755102,3.5,8.7,2.05,7.77,1.77,0,0,9.23,0.34,18.9,14.29,90.99,4,130.45,52.4,4.39,27.01,5.09,4139,27014,3155,3155,2077,2783,1407,0.39,3644,14.971428571428572,6.022988505747127,25.56097561,36.25,V
3/31/2014,2.11,24.118483412322277,3.83,8.85,2.41,8.51,1.72,0,0,9.97,0.37,20.05,14.98,90.99,4.3,134.81,50.89,4.96,27.3,5.42,4599,27295,3163,3163,2048,2742,1598,0.57,2805,13.287206266318538,5.750282485875706,21.116182572614107,37.26,V
6/30/2014,2.19,22.726027397260275,4.15,8.91,2.53,9.03,1.7,0,0,10.39,0.38,20.49,15.11,90.99,4.12,136.77,49.77,5.31,27.29,5.56,5169,27286,3155,3155,2020,2767,1360,0.49,2782,11.992771084337349,5.5858585858585865,19.671936758893285,37.68,V
9/30/2014,2.15,23.48372093023256,4.28,12.21,2.38,9.56,1.59,0,0,11.16,0.41,19.95,14.53,90.99,4.25,130.54,50.49,6.01,27.41,5.44,5448,27413,3229,3229,1552,2432,1073,0.51,2794,11.796728971962617,4.135135135135135,21.214285714285715,38.57,V
12/31/2014,2.24,27.754464285714285,4.65,9.19,2.59,9.86,1.7,0,0,10.94,0.39,20.38,14.7,90.99,4.79,128.31,62.17,5.8,27.94,5.6,5978,27942,3382,3382,2238,3071,1569,0.57,2745,13.369892473118279,6.764961915125137,24.003861003861005,38.88,V
3/31/2015,2.24,27.74553571428571,4.77,12.67,2.16,10.11,1.86,0,0,10.6,0.38,20.03,14.42,90.99,5.11,121.58,62.15,5.44,28.24,5.55,5784,28237,3409,3409,2281,3082,1550,0.57,2725,13.029350104821804,4.905288082083662,28.773148148148145,38.84,V
6/30/2015,2.38,26.852941176470587,4.94,12.92,2.24,10.07,1.74,0,0,10.8,0.38,20.99,15.13,90.99,5.43,120.34,63.91,5.79,28.63,5.89,5865,28627,3518,3518,2262,3062,1697,0.63,2713,12.937246963562751,4.946594427244582,28.531249999999996,39.43,V
9/30/2015,2.57,25.84046692607004,5.09,13.47,2.27,10.02,1.87,0,0,9.53,0.32,22.08,16.17,90.99,6.66,115.15,66.41,5.36,29.84,6.33,7087,29842,3571,3571,2283,343,1512,0.55,2724,13.047151277013752,4.930215293244246,29.255506607929515,39.37,V
12/31/2015,2.74,27.02919708029197,5.18,13.46,2.35,25.47,4.76,0,0,25.5,0.87,23.07,15.53,81.34,6.3,114.09,74.06,5.36,29.48,6.7,22406,29476,3565,3565,2396,3304,1941,0.72,2695,14.297297297297298,5.502228826,31.514893617021276,54.98,V
3/31/2016,2.82,25.950354609929082,5.29,13.43,2.3,24.3,4.74,0,0,25.2,0.87,23.43,14.58,41.5,5.96,112.66,73.18,5.13,29.13,6.86,20958,29131,3626,3626,2434,3344,1707,0.64,2665,13.833648393194709,5.448994787788534,31.817391304347833,54.33,V
6/30/2016,2.3,30.91304347826087,5.36,15.25,1.61,14.37,1.85,0,0,31.04,0.95,18.38,10.49,21.69,-9.3,231.59,71.1,7.78,32.83,5.57,9779,32827,3630,3630,428,1387,412,0.16,2649,13.264925373134327,4.662295081967213,44.16149068322981,63.87,V
9/30/2016,2.47,32.14979757,5.64,15.43,1.89,14.31,1.78,0,0,31.12,0.95,19.27,10.1,16.78,-9.39,-373.27,79.41,8.05,32.91,5.99,9965,32912,4261,4261,2625,350,1931,0.72,2678,14.079787234042554,5.146467919637071,42.01587301587302,64.04,V
12/31/2016,2.53,29.67193675889328,5.98,15,2.07,14.69,1.42,0,0,31.64,1,19.34,9.97,18.23,-9.55,-109.92,75.07,10.34,31.73,6.12,10549,31726,4461,4461,3100,4287,2070,0.77,2683,12.553511705685617,5.004666666666666,36.265700483091784,63.37,V
3/31/2017,2,42.84,6.3,14.62,1.89,15.51,1.52,0,0,32.44,1.05,15.11,7.61,19.04,-10.46,-50.07,85.68,10.21,30.78,4.84,8951,30783,4477,4477,2808,3970,430,0.16,2666,13.600000000000001,5.860465116,45.33333333333334,63.23,V
6/30/2017,2.69,33.669144981412636,6.66,15.28,3.09,15.72,1.65,0,0,32.06,1,20.38,10.2,24.9,-10.39,-65.26,90.57,9.51,31.94,6.49,11221,31944,4565,4565,3024,4303,2059,0.78,2644,13.599099099099098,5.927356020942408,29.310679611650485,64,V
9/30/2017,2.8,36.35714285714286,6.9,15.78,3.25,19.02,1.9,0,0,35.22,1.08,21.06,10.36,26.08,-10.2,-66.02,101.8,9.99,32.76,6.7,14469,32760,4855,4855,3212,140,2140,0.81,2654,14.753623188405795,6.451204055766794,31.323076923076922,67.98,V
12/31/2017,3.01,36.70764119601329,7.1,16.2,3.4,17.29,2.07,0,0,33.75,1.01,22.19,10.9,25.99,-9.87,-69.91,110.49,8.36,33.4,7.15,12434,33401,4862,4862,3327,4798,2522,0.97,2611,15.561971830985916,6.82037037,32.497058823529414,67.15,V
3/31/2018,3.94,29.472081218274113,7.37,16.66,4.35,18.54,1.94,0,0,34.94,1.03,28.22,13.91,26.3,-9.81,-92.66,116.12,9.55,34.1,9.33,12603,34103,5073,5073,3336,4778,2605,1,2594,15.755766621438264,6.969987995198079,26.694252873563222,69.04,V
6/30/2018,4.08,31.563725490196077,7.68,16.37,4.48,18.49,1.69,0,0,34.86,1.05,28.73,14.09,25.51,-9.51,-97.45,128.78,10.93,33.32,9.6,13388,33318,5240,5240,2885,4411,2329,0.9,2578,16.768229166666668,7.866829566,28.74553571428571,68.18,V
9/30/2018,4.41,33.14058957,7.95,16.79,4.73,18.22,1.61,0,0,35.22,1.04,30.56,15.06,25.74,-8.75,-108.61,146.15,11.31,34.01,10.3,13200,34006,5434,5434,3406,-431,2845,1.11,2586,18.38364779874214,8.704586063132817,30.898520084566595,69.23,V
12/31/2018,4.64,27.737068965517242,8.25,16.95,4.93,20.11,1.5,0,0,37.56,1.1,31.75,15.47,26.42,-8.36,-118.13,128.7,13.39,34.1,10.76,13246,34095,5506,5506,3717,3876,2977,1.17,2548,15.599999999999998,7.592920353982301,26.10547667342799,71.66,V
3/31/2019,4.84,31.533057851239672,8.46,17.15,4.64,18.49,1.63,0,0,35.59,1.04,32.8,15.96,27,-7.78,-129.42,152.62,11.38,34.28,11.13,12423,34275,5494,5494,3641,3801,2977,1.17,2536,18.040189125295505,8.899125364431487,32.89224137931035,69.87,V
6/30/2019,5.21,32.59884836852208,8.74,17.62,4.52,18.31,1.69,0,0,35.25,1.01,34.65,16.94,28.77,-7.59,-146.6,169.84,10.83,35,11.9,12079,34995,5840,5840,3908,4073,3101,1.23,2522,19.43249428,9.639046538,37.575221238938056,70.25,V
9/30/2019,5.32,31.640977443609025,9.07,17.57,4.76,20.97,1.56,0,0,37.89,1.09,35,16.99,29.31,-7.75,-153.51,168.33,13.42,34.68,12.08,13279,34684,6137,6137,3735,3907,3025,1.21,2529,18.55898566703418,9.580535003,35.36344537815126,72.57,V
12/31/2019,5.48,33.61131386861314,9.33,17.95,5,22.32,1.27,0,0,39.51,1.12,35.55,17.22,30.15,-7.63,-160.95,184.19,17.58,35.27,12.38,14304,35270,6054,6054,4016,4198,3272,1.31,2496,19.741693461950696,10.261281337047354,36.838,74.78,V
3/31/2020,5.55,28.499099099099098,9.52,17.75,4.75,19.91,1.25,0,0,38.24,1.11,35.78,17.19,31.08,-8.18,-160.25,158.17,15.94,34.59,12.48,13415,34585,5854,5854,3924,4116,3084,1.24,2484,16.61449579831933,8.910985915492956,33.29894736842105,72.82,V
6/30/2020,5.25,36.18095238095238,9.17,18.28,4.64,25.01,1.55,0,0,42.36,1.19,33.57,15.77,29.02,-7.46,-151.56,189.95,16.1,35.52,11.75,17785,35524,4837,4837,2999,3196,2373,0.96,2470,20.71428571428571,10.391137855579867,40.9375,77.88,V
9/30/2020,4.88,40.35655737704918,8.8,18.67,3.91,27.65,1.91,0,0,44.71,1.24,30.7,14.19,27.06,-7.51,-141.22,196.94,14.51,36.21,10.87,20942,36210,5101,5101,3142,3338,2137,0.87,2479,22.379545454545454,10.548473486877342,50.368286445012785,80.92,V
12/31/2020,4.84,44.57438016528926,8.69,19.3,3.8,26.28,2.12,0,0,42.75,1.14,29.78,13.74,25.53,-7.04,-142.09,215.74,12.39,37.68,10.72,18935,37679,5687,5687,3844,4041,3126,1.27,2456,24.82623705408516,11.178238341968912,56.77368421052632,80.43,V
3/31/2021,4.84,43.21487603305785,8.67,19.33,4.59,26.9,2.12,0,0,42.5,1.13,28.99,13.35,23.79,-6.11,-151.75,209.16,12.71,37.7,10.66,19446,37696,5729,5729,3581,3782,3026,1.24,2449,24.124567474048444,10.820486290739783,45.568627450980394,80.2,V
6/30/2021,4.95,46.72929292929293,9.23,19.44,5.18,28.04,2,0,0,44.88,1.19,29.09,13.4,25.07,-6.25,-161.52,231.31,14.02,37.79,10.86,20134,37790,6130,6130,4064,4268,2575,1.06,2439,25.06067172264355,11.898662551440328,44.65444015444016,82.67,V
9/30/2021,5.63,39.19360568383659,9.85,19.46,5.94,27.61,1.75,0,0,45.31,1.21,32.67,15.1,27.04,-6.03,-193.65,220.66,15.74,37.59,12.31,19406,37589,6559,6559,4315,4517,3584,1.47,2443,22.402030456852792,11.339157245632066,37.148148148148145,82.9,V
12/31/2021,6.04,35.60430463576159,10.46,18.89,6.26,25.91,1.4,0,0,45.74,1.26,35.22,16.04,29.25,-7.63,-202.01,215.05,18.57,36.19,13.14,17065,36194,7059,7059,4776,4974,3959,1.64,2414,20.55927342256214,11.384330333509794,34.35303514376997,81.93,V
3/31/2022,6.36,34.660377358490564,11.12,18.91,6.32,24.09,1.29,0,0,45.82,1.27,37.31,16.72,32.11,-9.16,-189.34,220.44,18.7,35.99,13.77,14411,35989,7189,7189,4802,5009,3647,1.52,2397,19.823741007194247,11.657324167107351,34.879746835443036,81.81,V
6/30/2022,6.78,28.921828908554573,11.66,18.75,6.69,28.97,1.43,0,0,49.93,1.41,40.21,17.59,32.66,-8.59,-185.92,196.09,20.31,35.48,14.6,18839,35483,7275,7275,4148,4378,3411,1.43,2384,16.817324185248715,10.458133333333334,29.310911808669655,85.41,V
9/30/2022,6.99,25.356223175965667,12.23,18.83,7.48,30.21,1.45,0,0,49.92,1.4,41.77,17.88,34.34,-7.27,-183.23,177.24,20.85,35.58,14.96,19971,35581,7787,7787,5087,5313,3940,1.67,2391,14.492232215862634,9.412639405204462,23.69518717,85.5,V
1/31/2009,,,,17.09,,48.95,0.88,14.44,0.26,96.35,1.44,,,,,,,55.39,67.08,,,,,,,,,,,,,,,WMT
4/30/2009,,,,16.4,,47.75,0.85,13.36,0.24,98.18,1.54,,,,,,,56.4,63.91,,6578,63914,94242,23854,5217,6917,3022,0.77,3930,,,,,WMT
7/31/2009,3.19,11.507836990595612,119.81,17.76,4.19,48.69,0.85,15.33,0.27,100.1,1.46,,,,,,36.71,57.18,68.51,,7997,68509,100876,25820,5929,7686,3472,0.89,3900,0.3064018028545197,2.0670045045045042,8.761336515513126,,WMT
10/31/2009,3.45,10.655072463768114,103.08,18.17,0.44,51.52,0.87,13.39,0.23,103.27,1.49,19.96,8.05,22.19,53.07,26,36.76,59.16,69.23,13.41,6003,69234,99373,25458,5442,7240,3144,0.81,3861,0.35661622,2.023115024766098,83.54545454545455,172.5,WMT
1/31/2010,3.7,10.740540540540541,104.88,19.19,3.89,48.03,0.87,15.32,0.28,97.76,1.35,20.95,8.53,22.82,56.52,27.24,39.74,55.54,72.65,14.37,7907,72648,113594,28847,7414,9316,4732,1.24,3877,0.3789092295957285,2.0708702449192287,10.215938303341902,170.41,WMT
4/30/2010,3.81,10.53018372703412,107.3,18.28,3.22,51.35,0.8,16.33,0.25,105.75,1.55,21.03,8.55,23.06,52.44,27.33,40.12,64.49,68.3,14.65,8516,68296,99811,25193,5737,7601,3301,0.87,3781,0.3739049394221808,2.194748358862144,12.459627329192545,174.04,WMT
7/31/2010,3.9,9.874358974358975,109.42,18.3,4.06,53.05,0.81,18.25,0.28,110.05,1.65,21.33,8.52,23.29,50.9,27.75,38.51,65.66,66.9,14.77,10195,66896,103726,26288,6190,8074,3596,0.97,3707,0.35194662767318585,2.1043715846994533,9.485221674876847,176.94,WMT
10/31/2010,4.01,10.221945137157109,111.76,18.98,3.84,59.57,0.87,18.51,0.27,118.87,1.75,21.84,8.51,23.18,51.43,28.52,40.99,68.41,68.02,15.07,10616,68020,101952,26133,5611,7498,3436,0.95,3631,0.3667680744452398,2.1596417281348788,10.674479166666668,186.89,WMT
1/31/2011,4.5,9.479999999999999,114.16,20.26,3.12,52.01,0.89,15.58,0.27,109.54,1.54,23.89,9.12,23.4,54.48,31.33,42.66,58.6,71.25,16.39,7395,71247,116360,29289,8004,10010,6056,1.68,3670,0.3736860546601261,2.105626850937808,13.673076923076922,180.78,WMT
4/30/2011,4.59,9.176470588235293,117.42,19.54,3.41,56.12,0.9,17.62,0.28,118.23,1.74,24.06,9.02,22.88,51.1,31.72,42.12,62.21,67.99,16.49,9400,67992,104189,26012,5896,7881,3399,0.97,3513,0.35871231476750126,2.1555783009211873,12.35190615835777,186.23,WMT
7/31/2011,4.71,8.630573248407643,120.82,21.04,3.07,55.63,0.86,16.76,0.26,121.02,1.66,23.84,8.93,22.27,51.32,32.05,40.65,64.84,72.85,16.69,8102,72848,109366,27596,6383,8425,3801,1.09,3485,0.3364509187220659,1.9320342205323193,13.241042345276874,193.87,WMT
10/31/2011,4.72,9.336864406779661,124.62,20.77,3.31,59.48,0.88,15.14,0.22,123.85,1.74,23.41,8.78,22.16,50.98,31.93,44.07,67.54,71.39,16.59,7063,71391,110226,27635,5878,7918,3336,0.96,3458,0.35363505055368316,2.1218103033220994,13.314199395770393,195.24,WMT
1/31/2012,4.52,10.61504424778761,128.24,22.17,3.26,54.98,0.88,14.26,0.23,117.65,1.55,21.8,8.17,22.07,55.11,30.12,47.98,62.3,75.76,15.7,6550,75761,122728,30273,8334,10373,5163,1.5,3474,0.37414223331253893,2.164185836716283,14.717791411042946,193.41,WMT
4/30/2012,4.64,9.993534482758621,131.58,21.78,4.26,57.28,0.83,15.99,0.23,123.17,1.67,21.83,8.23,22.33,52.93,30.51,46.37,68.98,73.94,16.04,8117,73935,113010,27832,6387,8493,3742,1.09,3425,0.35240918072655414,2.1290174471992653,10.884976525821596,197.1,WMT
7/31/2012,4.73,12.46934460887949,133.83,22.15,3.9,56.26,0.82,15.7,0.23,120.96,1.62,21.98,8.32,22.71,54.62,30.44,58.98,68.32,74.7,16.26,7935,74701,114282,28639,6698,8825,4016,1.18,3398,0.44070836135395647,2.6627539503386006,15.123076923076923,195.66,WMT
10/31/2012,4.85,12.321649484536083,135.63,23.41,4.35,63.43,0.83,15.94,0.21,127.22,1.62,21.86,8.36,22.83,58.03,30.01,59.76,76.85,78.6,16.56,8643,78601,113800,28330,6093,8164,3635,1.08,3379,0.44061048440610484,2.5527552328064926,13.73793103448276,205.82,WMT
1/31/2013,5.02,11.161354581673308,137.95,24.66,3.9,59.94,0.84,16.14,0.23,121.37,1.49,22.01,8.48,22.99,61.24,29.98,56.03,71.82,81.74,17,7781,81738,127559,31553,8547,10721,5606,1.67,3389,0.4061616527727438,2.2721005677210058,14.366666666666667,203.11,WMT
4/30/2013,5.07,12.358974358974358,139.33,23.07,3.59,60.18,0.82,17.04,0.23,126.35,1.67,21.93,8.45,23.01,56.11,29.64,62.66,73.55,75.84,17.04,8855,75841,114070,28079,6438,8625,3784,1.14,3318,0.44972367759994253,2.7160814911140005,17.454038997214486,202.19,WMT
7/31/2013,5.13,12.321637426900585,141.2,23.48,3.68,60,0.83,17.21,0.24,124.28,1.62,21.85,8.42,23.01,57.41,29.37,63.21,72.21,76.69,17.09,9016,76686,116830,29410,6777,8992,4069,1.24,3291,0.44766288951841365,2.692078364565588,17.17663043478261,200.97,WMT
10/31/2013,5.19,12.065510597302504,142.89,24.22,3.06,67.14,0.87,17.47,0.23,131.35,1.67,21.99,8.43,23.06,58.79,29.45,62.62,77.02,78.52,17.2,8736,78522,115688,29001,6310,8508,3738,1.14,3271,0.43823920498285396,2.5854665565648225,20.464052287581698,209.88,WMT
1/31/2014,4.88,12.559426229508198,144.76,25.16,3.31,61.19,0.88,16.33,0.24,123.41,1.52,20.52,7.84,21.95,61.83,27.37,61.29,69.35,81.34,16.02,7281,81339,129706,31735,7347,9617,4431,1.36,3283,0.42339043934788617,2.4360095389507155,18.516616314199396,204.75,WMT
4/30/2014,4.85,13.575257731958764,145.77,24.21,3.9,59.69,0.88,14.37,0.21,124.32,1.59,20.12,7.74,21.49,58.68,26.75,65.84,67.92,78.2,15.83,6012,78199,114960,28246,6193,8443,3593,1.11,3248,0.45167043973382726,2.7195373812474184,16.882051282051282,202.52,WMT
7/31/2014,4.87,12.55646817,147.33,25.67,3.82,59.63,0.89,14.18,0.21,120.94,1.46,19.76,7.73,21.12,63.07,26.17,61.15,67.13,82.82,15.86,6184,82823,120125,30115,6740,9017,4093,1.26,3241,0.4150546392452317,2.382158161277756,16.00785340314136,203.76,WMT
10/31/2014,4.88,13.073770491803279,148.7,26.05,4.36,65.84,0.92,14.34,0.2,123.62,1.47,19.4,7.73,20.86,65.17,25.45,63.8,71.54,84.05,15.83,6718,84053,119001,29754,6265,8619,3711,1.15,3240,0.4290517821116342,2.4491362763915547,14.633027522935778,207.67,WMT
1/31/2015,5.05,14.156435643564356,149.76,26.62,5.23,63.28,0.97,18.14,0.28,117.55,1.37,19.77,8.01,21.19,67.84,25.69,71.49,65.25,85.94,16.36,9135,85937,131565,32450,7949,10241,4966,1.53,3243,0.47736378205128205,2.6855747558226892,13.669216061185466,203.49,WMT
4/30/2015,4.97,13.289738430583501,149.77,24.79,4.76,62.13,0.89,15.82,0.23,120.76,1.51,19.36,7.9,20.93,62.46,24.93,66.05,69.62,79.99,16.11,7759,79990,114826,28343,5680,7999,3341,1.03,3243,0.4410095479735594,2.664380798709157,13.876050420168067,200.75,WMT
7/31/2015,4.79,12.797494780793318,149.92,25.54,4.76,58.13,0.89,13.13,0.2,116.5,1.42,18.66,7.65,20.54,64.33,23.86,61.3,65.26,82.12,15.49,5751,82124,120229,30173,6069,8408,3475,1.08,3231,0.4088847385272145,2.4001566170712607,12.878151260504202,198.62,WMT
10/31/2015,4.67,10.507494646680943,149.66,25.74,5.08,65.11,0.92,14.41,0.2,122.51,1.48,18.25,7.47,20.16,65.58,23.19,49.07,70.49,82.63,15.09,6990,82630,117408,29962,5714,8079,3304,1.03,3219,0.32787652011225443,1.9063714063714066,9.659448818897637,205.14,WMT
1/31/2016,4.57,12.553610503282274,149.4,26.44,5.19,60.24,0.93,15.77,0.24,115.97,1.39,17.9,7.31,19.19,66.92,22.67,57.37,64.62,83.61,14.69,8705,83611,129667,32668,6642,9073,4574,1.43,3217,0.38400267737617133,2.1698184568835095,11.053949903660884,199.58,WMT
4/30/2016,4.52,12.884955752212392,150.74,24.88,5.77,59.1,0.84,14.58,0.21,120.95,1.56,17.7,7.2,18.94,61.01,22.39,58.24,70.28,77.76,14.43,7597,77758,115904,29360,5275,7663,3079,0.98,3154,0.3863606209367122,2.3408360128617365,10.09358752166378,198.71,WMT
7/31/2016,4.65,13.76989247311828,152.28,25.59,6.93,58.23,0.86,14.78,0.22,118.74,1.5,18.23,7.35,19.13,62.81,22.99,64.03,68.12,79.14,14.73,7676,79144,120854,31369,6165,8682,3773,1.21,3119,0.42047543997898607,2.5021492770613523,9.23953824,197.89,WMT
10/31/2016,4.6,13.447826086956523,153.92,26.14,7.2,63.4,0.86,13.58,0.18,126.38,1.57,18.02,7.2,18.81,62.68,22.82,61.86,74.13,80.48,14.46,5939,80475,118179,30695,5119,7588,3034,0.98,3100,0.4018970893970894,2.366488140780413,8.591666666666667,206.86,WMT
1/31/2017,4.39,13.526195899772212,155.69,26.42,6.91,57.69,0.86,14.64,0.22,118.29,1.47,17.17,6.8,18.65,63.5,21.83,59.38,66.93,80.54,13.64,6867,80535,130936,33193,6205,8911,3757,1.21,3112,0.38139893377866274,2.2475397426192276,8.593342981186685,198.83,WMT
4/30/2017,4.41,15.276643990929706,157.52,25.18,6.8,57.34,0.77,13.98,0.19,123.6,1.62,17.2,6.77,18.81,58.54,21.98,67.37,74.19,76.11,13.6,6545,76114,117542,29854,5237,7788,3039,1,3047,0.4276917216861351,2.675536139793487,9.907352941176471,199.72,WMT
7/31/2017,4.16,17.346153846153843,159.61,26.41,5.89,56.76,0.78,13.32,0.18,122.52,1.55,16.1,6.31,18.74,61.01,20.72,72.16,72.81,79.05,12.73,6469,79046,123355,31834,5969,8587,2899,0.96,3021,0.4521019986216402,2.7322983718288527,12.251273344651953,201.57,WMT
10/31/2017,3.76,21.079787234042556,162.6,26.59,6.17,65.37,0.81,15.22,0.19,130.51,1.65,14.55,5.65,18.56,60.7,18.78,79.26,80.44,78.91,11.44,7026,78906,123179,31632,4764,7422,1749,0.58,2996,0.48745387453874545,2.9808198570891316,12.846029173419774,209.41,WMT
1/31/2018,3.27,29.749235474006117,165.79,27.38,6.2,59.66,0.76,15.88,0.2,123.7,1.53,12.53,4.84,17.28,62.58,16.25,97.28,78.52,80.82,9.86,6756,80822,136267,33627,4467,7169,2175,0.74,3010,0.5867663912178057,3.5529583637691746,15.69032258064516,204.52,WMT
4/30/2018,2.99,27.157190635451503,168.57,26.54,6.22,59.24,0.73,15.94,0.2,126.6,1.62,11.3,4.37,17.26,59.47,14.7,81.2,80.76,78.32,8.96,7885,78324,122690,30983,5154,7832,2134,0.72,2967,0.481698997,3.059532780708365,13.054662379421222,204.93,WMT
7/31/2018,1.74,47.367816091954026,171.2,25.15,6.22,66.37,0.93,24.39,0.34,132.25,1.79,6.67,2.52,16.87,55.97,8.71,82.42,71.68,73.81,5.2,15840,73812,128028,32457,5750,8404,-861,-0.29,2946,0.48142523364485984,3.277137177,13.250803858520902,206.06,WMT
10/31/2018,,,,27.29,,69.45,0.81,19.07,0.22,147.11,1.85,6.6,2.45,16.72,48.43,9.11,,85.75,79.47,5.16,9174,79469,124894,31778,4986,7601,1710,0.58,2941,,,,226.58,WMT
1/31/2019,2.43,36.84362139917695,177.21,27.67,8.8,61.9,0.8,17.63,0.23,139.66,1.75,8.57,3.11,17.59,48.45,12.57,89.53,77.48,79.63,6.67,7722,79634,138793,33886,6067,8798,3687,1.25,2945,0.505219796,3.2356342609324176,10.173863636363636,219.3,WMT
4/30/2019,3.03,31.87788778877888,174.88,26.17,6.57,61.74,0.77,16.99,0.21,159.63,2.13,10.89,3.78,17.03,43.49,17.07,96.59,79.89,74.91,8.38,9255,74910,123925,30891,4945,7659,3842,1.33,2886,0.552321592,3.690867405,14.701674277016743,234.54,WMT
7/31/2019,3.57,29.196078431372552,178.97,27.09,7.14,61.37,0.76,17.24,0.22,157.73,2.05,16.52,5.62,16.9,45.68,27.62,104.23,80.28,77.13,12.85,9283,77131,130377,32454,5583,8305,3610,1.26,2869,0.5823881097390624,3.847545219638243,14.598039215686276,234.86,WMT
10/31/2019,5.01,22.209580838323355,180.25,27.58,6.15,67.91,0.81,16.37,0.2,161.52,2.06,18.62,6.21,16.76,47.59,31.16,111.27,83.78,78.31,14.43,8606,78307,127991,32091,4718,7441,3288,1.15,2861,0.6173092926490985,4.034445250181291,18.092682926829266,239.83,WMT
1/31/2020,5.19,21.02504816955684,182.52,28.8,5.19,61.81,0.8,17.37,0.22,154.94,1.9,19.08,6.29,16.18,50.48,31.79,109.12,77.79,81.55,14.88,9465,81552,141671,33923,5322,8150,4141,1.45,2868,0.5978522901599824,3.7888888888888888,21.02504816955684,236.5,WMT
4/30/2020,5.26,22.125475285171103,186.83,26.17,6.57,63.33,0.77,22.11,0.27,158.78,2.14,19.32,6.37,16.55,44.69,31.9,116.38,82.65,74.11,15.03,14930,74110,134622,32596,5224,8015,3990,1.4,2849,0.6229192313868221,4.447076805502483,17.71385083713851,232.89,WMT
7/31/2020,6.27,19.846889952153113,189.75,28.65,8.37,65,0.79,23.91,0.29,156.19,1.92,22.71,7.56,16.88,51.66,36.82,124.44,81.96,81.2,17.9,16906,81197,137742,35053,6059,8830,6476,2.27,2848,0.6558102766798419,4.343455497382199,14.867383512544803,237.38,WMT
10/31/2020,6.92,19.361271676300575,192.3,30.91,8.55,73.6,0.84,21.76,0.25,163.36,1.87,24.35,8.25,17.52,57.27,38.69,133.98,88.12,87.5,19.74,14325,87504,134708,34369,5778,8549,5135,1.8,2849,0.6967238689547581,4.334519572953736,15.67017543859649,250.86,WMT
1/31/2021,4.73,28.786469344608875,196.32,31.03,9.14,90.07,0.97,45.12,0.49,164.97,1.89,16.36,5.55,17.54,58.55,25.47,136.16,92.65,87.53,13.51,17741,87531,152079,36818,5487,8306,-2091,-0.72,2847,0.6935615321923391,4.388011601675798,14.897155361050327,252.5,WMT
4/30/2021,4.3,31.667441860465114,197.95,30.16,7.53,76.59,0.95,30.21,0.37,151.99,1.8,14.38,5.01,18.6,55.72,21.95,136.17,80.84,84.59,12.25,22846,84592,138310,35038,6909,9570,2730,0.97,2829,0.6879009850972467,4.514920424403183,18.083665338645417,236.58,WMT
7/31/2021,3.55,39.23380281690141,199.75,31.22,6.4,78.24,0.97,30.49,0.38,151.43,1.74,11.59,4.11,19.45,57.97,17.52,139.28,81.12,87.13,10.05,22831,87127,141048,35865,7354,9995,4276,1.52,2812,0.6972715894868586,4.461242793081358,21.7625,238.55,WMT
10/31/2021,2.86,51.23426573426574,202.71,32.67,6.19,82.96,0.95,25.48,0.29,154.09,1.7,9.17,3.3,19.53,61.83,13.71,146.53,87.62,90.76,8.02,16111,90757,140525,35502,5792,8442,3105,1.11,2797,0.7228553105421538,4.485154576063667,23.672051696284328,244.85,WMT
1/31/2022,4.88,28.206967213114755,203.79,33.28,4.09,81.07,0.93,24.56,0.28,152.97,1.67,15.43,5.67,19.9,62.88,22.94,137.65,87.38,91.89,13.67,14760,91891,152871,37349,5887,8593,3562,1.27,2805,0.6754502183620394,4.136117788461538,33.655256723716384,244.86,WMT
4/30/2022,4.65,32.51827956989247,206.1,31.15,1.21,83.22,0.86,21.99,0.23,160.54,1.88,14.63,5.34,18.91,56.16,21.77,151.21,96.53,85.6,13,11817,85600,141569,34722,5318,7998,2054,0.74,2765,0.7336729742843281,4.854253611556983,124.96694214876034,246.14,WMT
7/31/2022,5.01,26.145708582834335,211.63,31.44,2.06,84.16,0.84,24.24,0.24,161.61,1.89,15.68,5.64,18.92,56.92,23.33,130.99,99.9,85.59,13.87,13923,85587,152859,37021,6854,9553,5149,1.88,2745,0.6189576147049096,4.166348600508906,63.58737864,247.2,WMT
10/31/2022,3.24,43.76543209876543,217.75,29.66,2.62,87.68,0.87,22.97,0.23,167.53,2.09,10.45,3.64,16.89,51.99,15.74,141.8,101.41,80.12,8.97,11587,80123,152813,37200,2695,5450,-1798,-0.66,2711,0.6512055109070035,4.780849629130142,54.12213740458016,247.66,WMT
1/31/2009,,,,1.11,,2.17,2.78,1.63,2.09,0.96,0.4,,,,,,,0.78,2.4,,,,,,,,,,,,,,,NVDA
4/30/2009,,,,1.06,,2.02,2.88,1.69,2.41,0.86,0.37,,,,,,,0.7,2.32,,1338,2319,664,190,-231,-180,-201,-0.09,2169,,,,,NVDA
7/31/2009,,,,1.03,,2.17,2.43,1.89,2.12,1.05,0.47,,,,,,,0.89,2.25,,1466,2247,777,157,-110,-61,-105,-0.05,2187,,,,,NVDA
10/31/2009,-0.16,-17.1875,1.27,1.09,0.09,2.36,2.65,2.08,2.34,1.04,0.43,-14.75,-10.41,-17.21,1.93,-18.82,2.75,0.89,2.42,-0.35,1634,2424,903,392,108,157,108,0.05,2298,2.1653543307086616,2.5229357798165135,30.555555555555557,3.46,NVDA
1/31/2010,-0.04,-88.5,1.5,1.19,0.19,2.48,3.16,2.15,2.74,0.92,0.35,-2.78,-1.98,-4.06,2.18,-3.5,3.54,0.78,2.67,-0.07,1728,2665,982,439,134,182,131,0.06,2198,2.36,2.9747899159663866,18.63157894736842,3.59,NVDA
4/30/2010,0.12,30.083333333333332,1.62,1.25,0.12,2.73,3.56,2.34,3.06,0.94,0.33,10.67,7.69,10.84,2.38,13.24,3.61,0.77,2.86,0.27,1765,2861,1002,456,147,195,138,0.06,2364,2.2283950617283947,2.888,30.083333333333332,3.8,NVDA
7/31/2010,0.1,21.099999999999998,1.62,1.2,0.07,2.66,3.24,2.22,2.71,0.97,0.35,8.81,6.47,7.92,2.27,10.79,2.11,0.82,2.76,0.24,1773,2761,811,134,-175,-129,-141,-0.06,2291,1.302469135802469,1.7583333333333333,30.14285714285714,3.73,NVDA
10/31/2010,0.09,30.666666666666664,1.59,1.25,0.1,2.81,3.44,2.43,2.98,1.02,0.35,7.62,5.67,7.45,2.42,9.22,2.76,0.82,2.9,0.21,1987,2898,844,392,104,151,85,0.04,2331,1.7358490566037734,2.2079999999999997,27.599999999999998,3.92,NVDA
1/31/2011,0.1,54.9,1.52,1.35,0.25,3.23,3.42,2.88,3.06,1.31,0.41,8.68,6.37,8.68,2.52,10.6,5.49,0.94,3.18,0.25,2491,3181,886,426,180,226,172,0.08,2355,3.611842105263158,4.066666666666666,21.96,4.5,NVDA
4/30/2011,0.1,45.9,1.48,1.44,0.31,3.5,3.56,3.12,3.18,1.29,0.37,8.17,5.95,8.53,2.8,10.03,4.59,0.98,3.45,0.25,2727,3448,962,485,155,203,135,0.06,2454,3.1013513513513513,3.1875,14.806451612903226,4.74,NVDA
7/31/2011,0.23,13.826086956521738,1.54,1.53,0.34,3.32,3.46,2.96,3.08,1.18,0.32,16.46,12.08,18.42,2.74,20.77,3.18,0.96,3.69,0.54,2474,3689,1017,525,174,226,152,0.06,2456,2.064935064935065,2.0784313725490198,9.352941176470589,4.86,NVDA
10/31/2011,0.26,13.076923076923077,1.62,1.63,0.34,3.5,3.95,3.18,3.59,1.12,0.28,17.83,13.28,19.63,2.98,23.07,3.4,0.89,3.97,0.64,2748,3973,1066,557,197,249,178,0.07,2454,2.0987654320987654,2.085889570552147,9.999999999999998,5.09,NVDA
1/31/2012,0.24,14.125000000000002,1.63,1.69,0.31,3.91,4.2,3.57,3.83,1.41,0.34,15.23,11.48,16.89,3.18,19.86,3.39,0.93,4.15,0.58,3130,4146,953,490,122,174,116,0.05,2465,2.0797546012269943,2.005917159763314,10.935483870967742,5.55,NVDA
4/30/2012,0.21,14.238095238095239,1.61,1.73,0.24,4.03,4.26,3.69,3.89,1.42,0.33,12.58,9.54,13.99,3.28,16.61,2.99,0.95,4.29,0.51,3131,4287,925,463,73,127,60,0.03,2495,1.8571428571428572,1.7283236994219655,12.458333333333334,5.71,NVDA
7/31/2012,0.19,16.36842105263158,1.61,1.8,0.27,4.21,4.12,3.83,3.74,1.44,0.32,11.22,8.51,12.56,3.47,14.65,3.11,1.02,4.45,0.47,3278,4454,1044,541,140,196,119,0.05,2493,1.9316770186335401,1.7277777777777776,11.518518518518517,5.89,NVDA
10/31/2012,0.2,13.75,1.65,1.89,0.24,4.43,4.46,4,4.03,1.35,0.29,11.45,8.68,13.27,3.75,14.74,2.75,0.99,4.72,0.5,3435,4723,1204,637,252,309,209,0.08,2515,1.6666666666666667,1.4550264550264551,11.458333333333334,6.08,NVDA
1/31/2013,0.23,12.304347826086957,1.71,1.96,0.26,4.78,4.89,4.36,4.47,1.59,0.33,12.29,9.33,14.13,3.87,15.64,2.83,0.98,4.83,0.56,3728,4828,1107,586,184,242,174,0.07,2500,1.6549707602339183,1.4438775510204083,10.884615384615385,6.41,NVDA
4/30/2013,0.23,13.91304347826087,1.73,2.09,0.32,4.61,4.98,4.23,4.57,1.46,0.3,12.32,9.41,13.94,3.85,15.53,3.2,0.93,4.83,0.58,3713,4825,955,519,83,143,78,0.03,2477,1.8497109826589597,1.5311004784688997,10,6.28,NVDA
7/31/2013,0.23,14.652173913043478,1.72,1.8,0.27,3.92,4.19,3.54,3.79,1.4,0.34,12.01,9.15,13.42,3.21,15.18,3.37,0.94,4.17,0.56,2936,4172,977,546,106,167,96,0.04,2368,1.9593023255813955,1.8722222222222222,12.481481481481481,5.57,NVDA
10/31/2013,0.19,18.789473684210524,1.69,1.9,0.27,4.05,4.11,3.67,3.72,1.39,0.32,10.29,7.79,11.29,3.36,13.07,3.57,0.99,4.32,0.47,3033,4321,1054,584,141,204,119,0.05,2355,2.1124260355029585,1.8789473684210527,13.222222222222221,5.71,NVDA
1/31/2014,0.19,19.526315789473685,1.73,1.96,0.25,5.63,5.95,5.24,5.54,2.79,0.63,9.9,7.09,10.35,3.52,12.63,3.71,0.95,4.46,0.44,4672,4456,1144,619,167,226,147,0.06,2380,2.1445086705202314,1.8928571428571428,14.84,7.25,NVDA
4/30/2014,0.21,20.857142857142858,1.82,1.87,0.27,5.27,5.87,4.88,5.44,2.7,0.65,11.66,7.86,11.35,3.25,14.97,4.38,0.9,4.17,0.5,4348,4167,1103,604,151,213,137,0.06,2280,2.4065934065934065,2.3422459893048124,16.22222222222222,6.87,NVDA
7/31/2014,0.23,18.130434782608695,1.89,1.99,0.3,5.38,6.19,4.99,5.74,2.63,0.61,12.31,7.94,11.62,3.4,15.71,4.17,0.87,4.31,0.53,4386,4305,1103,619,163,226,128,0.06,2284,2.2063492063492065,2.0954773869346734,13.9,6.93,NVDA
10/31/2014,0.26,18,2,1.93,0.33,5.34,5.72,4.93,5.28,2.68,0.64,13.66,8.38,12.25,3.32,17.35,4.68,0.93,4.21,0.59,4241,4205,1225,676,213,275,173,0.08,2232,2.34,2.4248704663212433,14.18181818181818,6.89,NVDA
1/31/2015,0.3,15.4,2.13,2.03,0.47,5.71,6.38,5.23,5.84,2.78,0.63,14.76,9.05,13.4,3.58,18.63,4.62,0.9,4.42,0.63,4623,4418,1251,700,232,293,193,0.09,2252,2.1690140845070425,2.2758620689655173,9.829787234042554,7.2,NVDA
4/30/2015,0.31,17.290322580645164,2.16,2.12,0.53,5.83,6.61,5.39,6.11,2.74,0.6,14.37,8.87,13.6,3.73,17.9,5.36,0.88,4.56,0.63,4792,4556,1151,653,176,237,134,0.06,2272,2.4814814814814814,2.5283018867924527,10.11320754716981,7.29,NVDA
7/31/2015,0.24,20.166666666666668,2.13,1.94,0.52,5.61,5.99,5.17,5.52,2.79,0.67,12.12,7.42,12.14,3.38,15.02,4.84,0.94,4.19,0.53,4505,4185,1153,634,76,132,26,0.01,2224,2.272300469483568,2.4948453608247423,9.307692307692307,6.98,NVDA
10/31/2015,0.27,25.59259259259259,2.16,2.07,0.51,5.83,6.82,5.41,6.33,2.71,0.61,13.6,8.36,12.54,3.68,16.68,6.91,0.86,4.47,0.6,4728,4465,1305,734,245,301,246,0.11,2260,3.199074074074074,3.3381642512077296,13.549019607843137,7.17,NVDA
1/31/2016,0.27,26.51851851851852,2.22,2.07,0.48,6.05,2.58,5.64,2.4,2.9,0.65,13.9,8.52,13.58,3.69,16.97,7.16,2.35,4.47,0.61,5037,4469,1401,790,250,303,208,0.09,2276,3.225225225225225,3.458937198067633,14.916666666666668,7.37,NVDA
4/30/2016,0.28,31.142857142857142,2.06,1.96,0.29,5.79,2.44,5.4,2.27,2.91,0.69,15.89,9.61,16.06,3.42,19.44,8.72,2.38,4.2,0.69,4754,4196,1305,751,245,298,208,0.09,2396,4.233009708737864,4.448979591836735,30.068965517241384,7.11,NVDA
7/31/2016,0.52,26.999999999999996,2.8,2.09,0.01,6.16,2.56,5.64,2.34,2.98,0.67,20.97,12.68,21.92,3.72,25.45,14.04,2.41,4.48,0.92,4879,4480,1428,826,317,370,261,0.1,2536,5.014285714285714,6.717703349282297,1403.9999999999998,7.46,NVDA
10/31/2016,0.62,28.27419355,2.99,2.47,0.05,8.31,4.07,7.63,3.74,4.29,0.81,26.4,15.45,27.95,4.59,31.63,17.53,2.04,5.32,1.22,6671,5324,2004,1183,639,693,542,0.21,2612,5.862876254180602,7.097165991902834,350.6,9.61,NVDA
1/31/2017,0.78,34.53846153846154,3.21,2.46,0.1,8.54,4.77,7.74,4.33,4.08,0.71,33.72,19.59,32.26,5.04,39.73,26.94,1.79,5.76,1.67,6798,5762,2173,1303,733,760,655,0.25,2596,8.392523364485982,10.951219512195122,269.4,9.84,NVDA
4/30/2017,0.75,34.36,2.92,2.58,0.09,8.12,8.26,7.3,7.42,3.28,0.54,36.22,21.64,32.25,5.42,41.87,25.77,0.98,6.13,1.97,6206,6132,1937,1150,554,601,507,0.2,2564,8.825342465753424,9.988372093023255,286.3333333333333,9.41,NVDA
7/31/2017,0.88,45.68181818181819,3.24,2.49,0.75,8.07,7.82,7.22,6.99,3.43,0.57,39.45,23.91,33.49,5.28,45,40.2,1.03,5.97,2.29,5877,5973,2230,1302,688,737,583,0.23,2532,12.407407407407408,16.14457831325301,53.6,9.4,NVDA
10/31/2017,1.01,50.693069306930695,3.52,2.62,1.04,8.48,8.26,7.62,7.42,3.48,0.55,42.66,26.85,35.65,5.67,48.25,51.2,1.03,6.35,2.58,6320,6352,2636,1569,895,944,838,0.33,2512,14.545454545454547,19.541984732824428,49.23076923076923,9.83,NVDA
1/31/2018,1.21,50.32231404958678,3.84,3.08,1.15,9.26,8.03,8.46,7.34,3.77,0.51,47.01,30.56,37.89,6.8,52.59,60.89,1.15,7.47,3.05,7108,7471,2911,1801,1073,1127,1119,0.45,2528,15.856770833333334,19.76948051948052,52.947826086956525,11.24,NVDA
4/30/2018,1.5,37.166666666666664,4.36,3.18,1.59,9.45,8.54,8.65,7.82,3.74,0.49,55.01,36.1,44.57,7.04,61.04,55.75,1.11,7.72,3.78,7300,7717,3207,2068,1295,1352,1244,0.5,2508,12.786697247706421,17.531446540880502,35.062893081761004,11.46,NVDA
7/31/2018,1.71,35.514619883040936,4.73,3.62,1.65,10.83,7.41,9.74,6.66,4.09,0.47,56.73,37.89,46.19,8.13,62.25,60.73,1.46,8.8,4.3,7943,8795,3123,1975,1157,1216,1101,0.44,2504,12.839323467230443,16.776243093922652,36.806060606060605,12.88,NVDA
10/31/2018,1.87,27.978609625668447,4.95,3.88,1.35,11.39,7.08,9.97,6.2,4.18,0.44,56.12,38.13,44.28,8.81,61,52.32,1.61,9.48,4.69,7591,9475,3181,1921,1058,1126,1230,0.49,2500,10.56969696969697,13.484536082474227,38.75555555555555,13.66,NVDA
1/31/2019,1.66,21.487951807228917,4.68,3.85,1.26,10.56,7.94,8.98,6.76,3.95,0.42,46.88,32.29,35.16,8.68,50.72,35.67,1.33,9.34,4.14,7422,9342,2205,1207,294,372,566,0.23,2500,7.621794871794872,9.264935064935065,28.30952380952381,13.29,NVDA
4/30/2019,1.32,34.06818181818181,4.3,3.98,0.97,10.63,8.99,9.2,7.78,4.32,0.45,35.28,24.44,25.33,9.03,38,44.97,1.18,9.7,3.29,7802,9704,2220,1296,358,449,394,0.16,2464,10.45813953488372,11.298994974874372,46.36082474226804,14.02,NVDA
7/31/2019,0.44,95.36363636363636,2.76,4.24,0.48,11.39,8.65,10.19,7.74,4.44,0.43,28.23,19.68,19.49,9.67,30.31,41.96,1.32,10.34,2.74,8475,10336,2579,1541,571,663,552,0.23,2464,15.202898550724639,9.896226415,87.41666666666667,14.78,NVDA
10/31/2019,1.25,40.04,4.27,4.58,1.61,12.42,8.42,11.37,7.71,4.6,0.41,23.76,16.66,17.71,10.55,25.42,50.05,1.48,11.21,2.41,9769,11214,3014,1916,927,1019,899,0.36,2472,11.721311475409836,10.927947598253274,31.086956521739125,15.81,NVDA
1/31/2020,1.14,51.66666666666667,4.26,4.99,2.01,13.69,7.67,12.71,7.13,5.11,0.42,25.74,18.06,22.14,11.54,27.42,58.9,1.78,12.2,2.8,10897,12204,3105,2015,990,1096,951,0.38,2472,13.826291079812206,11.803607214428856,29.30348258706468,17.32,NVDA
4/30/2020,1.27,57.37795275590551,4.61,5.32,2.03,19.58,10.29,18.46,9.7,10.16,0.78,28.34,18.66,23.18,12.39,30.07,72.87,1.9,13.1,3.32,16354,13099,3080,2004,976,1083,917,0.37,2488,15.806941431670282,13.697368421052632,35.896551724137936,23.25,NVDA
7/31/2020,1.36,77.86764705882352,5.26,5.64,2.33,14.68,6.09,13.28,5.51,11.27,0.81,26.88,16.62,20.75,6.87,32.79,105.9,2.41,13.91,3.39,10981,13914,3866,2275,651,1055,622,0.25,2504,20.133079847908746,18.776595744680854,45.45064377682404,25.18,NVDA
10/31/2020,1.53,81.75163399,5.91,6.19,1.69,14.39,3.92,12.9,3.52,11.55,0.75,28.05,16.52,21.01,8.28,39.17,125.08,3.67,15.33,3.83,10139,15334,4726,2960,1398,1697,1336,0.53,2520,21.164128595600676,20.206785137318253,74.01183431952663,26.88,NVDA
1/31/2021,1.72,75.38953488372093,6.65,6.81,1.87,16.06,4.09,14.23,3.63,11.9,0.7,29.25,16.64,21.31,9.96,46.21,129.67,3.93,16.89,4.33,11561,16893,5003,3157,1507,1795,1457,0.58,2510,19.49924812030075,19.041116005873715,69.34224599,28.79,NVDA
4/30/2021,2.11,71.03317535545024,7.65,7.53,2.19,18.13,4.53,16.14,4.03,12.02,0.64,32.82,19.08,24.56,11.97,57.47,149.88,4,18.77,5.33,12667,18774,5661,3629,1956,2237,1912,0.76,2528,19.592156862745096,19.904382470119522,68.43835616438356,30.8,NVDA
7/31/2021,2.81,69.30604982206405,8.68,8.47,2.64,25.81,5.8,23.69,5.33,17.5,0.83,39.25,22.63,28.94,14.48,63.37,194.75,4.45,21.15,7.08,19654,21147,6507,4215,2444,2730,2374,0.94,2532,22.436635944700463,22.992916174734354,73.76893939393939,38.65,NVDA
10/31/2021,3.25,78.58769230769231,9.6,9.51,2.83,25.81,7.15,23.57,6.53,16.83,0.71,40.72,23.64,29.99,17.04,61.42,255.41,3.61,23.8,8.21,19298,23798,7103,4631,2671,2969,2464,0.97,2538,26.605208333333334,26.856992639327025,90.25088339222614,40.63,NVDA
1/31/2022,3.85,63.54285714285714,10.62,10.62,3.21,28.83,6.65,26.22,6.05,17.58,0.66,43.18,25.29,31.1,19.92,61.52,244.64,4.34,26.61,9.75,21208,26612,7643,5000,2970,3279,3002,1.18,2535,23.03578154425612,23.03578154425612,76.21183800623052,44.19,NVDA
4/30/2022,3.73,49.68632707774799,11.65,10.51,3.12,29.58,5.32,26.41,4.75,18.89,0.72,38.65,22.43,28.1,19.74,53.15,185.33,5.56,26.32,9.46,20338,26320,8288,5431,1868,2202,1618,0.64,2537,15.90815450643777,17.633682207421504,59.40064102564103,45.21,NVDA
7/31/2022,3.05,59.51803278688525,11.75,9.53,2.48,27.42,3.62,23.53,3.11,19.63,0.82,30.78,17.84,22.38,17.44,41.75,181.53,7.57,23.85,7.74,17037,23851,6704,2915,499,877,656,0.26,2516,15.449361702127659,19.048268625393497,73.19758065,43.48,NVDA
10/31/2022,2.35,57.42127659574468,11.32,8.65,1.92,23.22,3.39,18.77,2.74,19.14,0.9,24.28,13.74,17.04,15.13,32.98,134.94,6.86,21.35,5.96,13143,21349,5931,3177,601,1007,680,0.27,2499,11.920494699646643,15.6,70.28125,40.49,NVDA
3/31/2009,,,,20.85,,22.01,0.67,14.39,0.44,71.62,1.18,,,,,,,32.83,60.78,,,,,,,,,,,,,,,PG
6/30/2009,,,,21.73,,21.91,0.71,15.03,0.49,71.45,1.13,,,,,,,30.9,63.38,,4781,63382,18084,8868,3380,4234,2471,0.81,3154,,,,,PG
9/30/2009,,,,22.94,,24.52,0.86,17.47,0.61,71.35,1.07,,,,,,,28.67,67.03,,6294,67027,19807,10409,4448,5219,3307,1.06,3110,,,,,PG
12/31/2009,4.19,9.801909307875894,24.6,23.73,7.13,21.76,0.92,14.9,0.63,66.35,0.96,20.07,9.65,18.54,-20.66,-54.53,41.07,23.68,68.95,13.05,4130,68947,21027,11291,4655,5413,4659,1.49,3119,1.6695121951219511,1.7307206068268015,5.760168302945302,135.29,PG
3/31/2010,4.18,10.330143540669857,25.02,23.19,5.65,21.49,0.92,14.74,0.63,66.21,0.99,19.57,9.62,18.56,-20.97,-57.86,43.18,23.27,66.77,13.02,4899,66773,19178,9953,3968,4767,2585,0.83,3104,1.7258193445243806,1.862009486847779,7.642477876106194,132.99,PG
6/30/2010,4.09,10.08312958435208,24.96,21.61,5.21,18.78,0.77,12.4,0.51,66.73,1.09,18.95,9.36,17.81,-24.21,-56.57,41.24,24.28,61.44,12.52,2879,61439,17555,8872,2661,3441,1966,0.73,3099,1.6522435897435899,1.9083757519666822,7.915547024952016,128.17,PG
9/30/2010,4.05,10.261728395061729,25.24,22.58,4.49,20.5,0.74,13.22,0.48,70.49,1.12,18.88,9.27,18.12,-25.34,-53.93,41.56,27.64,63.2,12.29,2603,63201,20122,10433,4501,5190,3081,1.02,3026,1.6465927099841524,1.8405668733392384,9.256124721603564,133.69,PG
12/31/2010,3.67,12.239782016348775,25.61,23.1,3.5,21.83,0.8,14.41,0.53,69.56,1.08,17.12,8.29,17.94,-23.3,-46.75,44.92,27.24,64.71,10.97,3249,64713,21347,11060,4260,4971,3333,1.11,3000,1.7540023428348301,1.9445887445887446,12.834285714285715,134.27,PG
3/31/2011,3.8,11.402631578947368,26.06,24.16,3.24,21.81,0.83,14.2,0.54,69.11,1.03,17.53,8.45,17.66,-22.2,-47.36,43.33,26.18,67.43,11.25,2946,67432,19893,10104,3705,4408,2873,0.96,2999,1.6627014581734458,1.7934602649006621,13.373456790123456,136.54,PG
6/30/2011,3.93,11.470737913486005,26.97,24.59,3.41,21.97,0.81,14.59,0.54,70.35,1.04,17.56,8.52,17.72,-22.18,-49.73,45.08,27.29,68,11.56,2768,68001,19742,9648,3029,3764,2277,0.84,3002,1.6714868372265481,1.8332655551037007,13.219941348973606,138.35,PG
9/30/2011,3.94,11.464467005076143,27.63,23.86,3.23,23.13,0.83,15.12,0.54,70.98,1.08,17.32,8.43,17.26,-22.3,-51.15,45.17,27.97,65.63,11.51,3582,65634,21530,10724,4250,4993,3024,1.03,2946,1.634817227651104,1.8931265716680639,13.98452012383901,136.62,PG
12/31/2011,3.4,14.144117647058826,27.89,23.56,3.37,23.65,0.79,16.21,0.54,69.41,1.07,14.83,7.23,15.56,-20.73,-45.14,48.09,29.79,64.9,9.86,4414,64900,21744,10893,2680,3393,1690,0.57,2950,1.724273933,2.0411714770797964,14.270029673590505,134.31,PG
3/31/2012,3.26,14.978527607361963,28.13,24.05,3.28,23.11,0.86,15.87,0.59,68.7,1.04,14.22,6.91,15.18,-20.35,-43.95,48.83,26.9,65.91,9.4,3991,65909,20194,9957,3299,4270,2411,0.82,2938,1.7358691788126555,2.03035343,14.887195121951219,134.61,PG
6/30/2012,3.66,12.259562841530053,27.86,23.3,4.15,21.91,0.88,15.19,0.61,68.21,1.07,16.12,7.81,15.13,-20.73,-49.93,44.87,24.91,64.04,10.5,4436,64035,18538,9021,2806,3583,3375,1.24,2941,1.6105527638190955,1.9257510729613732,10.812048192771083,132.24,PG
9/30/2012,3.59,14.278551532033426,27.62,23.75,4.39,24.12,0.97,16.79,0.67,70.94,1.09,15.76,7.62,14.76,-20.55,-49.7,51.26,24.9,64.95,10.23,5302,64948,20739,10389,3951,4661,2757,0.96,2932,1.8559015206372194,2.158315789473684,11.676537585421412,135.89,PG
12/31/2012,4.41,11.46938775510204,27.85,24.65,4.72,25.6,0.98,18.38,0.7,72.58,1.08,19.12,9.24,16.54,-20.51,-61.04,50.58,26.23,67.32,12.54,6643,67323,22175,11295,4492,5230,3992,1.39,2919,1.816157989228007,2.0519269776876268,10.716101694915254,139.9,PG
3/31/2013,4.47,12.946308724832216,28,24.79,4.73,24.3,0.89,17.06,0.62,71.18,1.05,19.13,9.24,16.58,-18.85,-62.68,57.87,27.41,67.95,12.64,5876,67953,20598,10254,3405,4145,2512,0.88,2931,2.066785714285714,2.3344090359015732,12.234672304439744,139.13,PG
6/30/2013,3.87,15.056847545219638,28.61,25.06,3.9,23.99,0.8,17.08,0.57,70.55,1.03,16.56,8.04,16.28,-18.05,-57.14,58.27,30.04,68.71,11.14,5947,68709,20297,9720,2651,3445,1875,0.64,2937,2.0367004543865783,2.3252194732641662,14.941025641025643,139.26,PG
9/30/2013,3.95,14.592405063291139,28.66,25.32,3.66,26.32,0.79,18.93,0.57,72.31,1.05,16.64,8.11,16.52,-18.77,-59.58,57.64,33.22,68.82,11.35,7702,68816,20830,10256,4120,4891,2969,1.04,2924,2.0111653872993718,2.2764612954186414,15.748633879781421,141.13,PG
12/31/2013,3.74,16.727272727272727,28.32,25.87,3.26,27.47,0.89,20.09,0.65,72.79,1.04,15.55,7.62,16.27,-17.75,-58.38,62.56,30.73,70.14,10.72,8503,70138,21099,10625,4302,5057,3361,1.18,2909,2.209039548022599,2.418245071511403,19.190184049079758,142.93,PG
3/31/2014,3.76,16.595744680851066,28.07,25.88,3.35,28.13,0.88,20.9,0.65,73.16,1.04,15.49,7.6,16.08,-17.49,-59.71,62.4,32.12,70.04,10.76,9752,70041,19641,9601,3306,4097,2552,0.9,2894,2.2230138938368365,2.411128284,18.62686567164179,143.2,PG
6/30/2014,4.01,15.29426433915212,25.58,25.81,3.68,31.62,0.94,24.86,0.74,74.29,1.06,16.33,7.97,15.47,-14.57,-66.43,61.33,33.73,69.98,11.39,10686,69976,12831,4889,2182,3006,2508,0.89,2905,2.3975762314308056,2.376210771018985,16.665760869565215,144.27,PG
9/30/2014,3.66,17.997267759562842,24.96,24.73,5.23,29.11,0.91,22.01,0.69,71.35,1.07,14.95,7.28,14.99,-14.74,-64.14,65.87,32.07,66.83,10.35,10846,66829,18771,9037,3633,4427,1930,0.69,2888,2.639022435897436,2.663566518398706,12.594646271510516,138.18,PG
12/31/2014,3.3,21.878787878787882,24.11,24,5.55,33.18,0.97,26.7,0.78,71.45,1.1,13.68,6.61,14.54,-11.63,-63.61,72.2,34.15,64.81,9.29,12251,64812,18495,8937,3579,4325,2302,0.82,2885,2.9946080464537537,3.0083333333333333,13.00900900900901,136.26,PG
3/31/2015,3.15,20.765079365079366,23.2,23.36,5.41,31.56,0.99,25.67,0.81,67.56,1.07,13.42,6.47,14.64,-10.38,-69.3,65.41,31.88,63.38,8.89,13160,63380,16930,8003,3025,3811,2153,0.75,2883,2.8193965517241377,2.800085616438356,12.09057301,130.94,PG
6/30/2015,2.44,25.807377049180328,24.96,23.23,5.34,29.65,1,24.67,0.83,66.45,1.05,10.7,5.16,13.5,-6.58,-63.74,62.97,29.79,63.05,6.91,11603,63050,17790,8533,930,1738,521,0.18,2879,2.5228365384615383,2.7107188979767542,11.792134831460674,129.5,PG
9/30/2015,2.66,21.943609022556387,24.23,23.14,4.4,35.62,1.13,30.38,0.96,66.31,1.05,11.82,5.71,13.89,-6.37,-85.93,58.37,31.57,62.95,7.51,12606,62954,16527,8375,3768,4499,2536,0.91,2868,2.4089971110193975,2.522471910112359,13.265909090909089,129.27,PG
12/31/2015,2.96,21.966216216216214,23.72,23.03,4.59,36.35,1.13,31.22,0.97,66.84,1.07,13.27,6.44,14.36,-6.35,-112.53,65.02,32.05,62.3,8.35,14277,62302,16915,8455,3853,4576,3142,1.12,2865,2.7411467116357504,2.8232739904472424,14.16557734204793,129.14,PG
3/31/2016,3.18,21.37735849056604,23.41,22.48,4.53,34.32,1.09,29.36,0.94,67.66,1.13,14.32,6.9,14.81,-9.46,-123.59,67.98,31.36,59.85,8.89,13819,59853,15755,7840,3318,4103,2687,0.97,2835,2.9038872276804786,3.0240213523131674,15.006622516556291,127.51,PG
6/30/2016,3.69,19.10569105691057,22.89,21.73,4.41,33.78,1.1,29.07,0.95,69.15,1.19,16.87,7.99,17.01,-10.89,-124.01,70.5,30.77,57.98,10.25,13348,57983,16102,7720,2502,3341,1888,0.69,2844,3.0799475753604195,3.244362632305568,15.986394557823129,127.14,PG
9/30/2016,3.74,20.136363636363637,22.97,22.03,4.25,35.17,1.09,30.17,0.93,70.09,1.19,17.35,8.09,17.14,-9.94,-113.2,75.31,32.4,58.95,10.37,15941,58951,16518,8416,3771,4499,2651,0.96,2823,3.2786242925555076,3.418520199727644,17.72,129.04,PG
12/31/2016,5.5,12.92909090909091,23.23,21.03,3.79,25.57,0.89,20.79,0.72,63.29,1.18,26.1,12.01,17.72,-13.9,-136.16,71.11,28.89,53.74,15.04,13454,53744,16856,8558,3875,4582,7814,2.88,2738,3.0611278519156264,3.381359961959106,18.76253298153034,117.03,PG
3/31/2017,5.46,14.027472527472527,23.44,21.32,3.78,25.89,0.89,21.13,0.73,63.54,1.17,26.31,12.06,18.24,-13.29,-123.42,76.59,29.08,54.55,14.82,14327,54548,15605,7769,3360,4025,2462,0.93,2706,3.2674914675767917,3.5924015009380863,20.261904761904763,118.09,PG
6/30/2017,5.59,13.391771019677996,23.64,21.85,3.63,26.49,0.88,21.87,0.72,64.63,1.16,27.04,12.45,18.79,-13.11,-120.08,74.86,30.21,55.78,15.08,15137,55778,16079,7677,2760,3480,2152,0.82,2740,3.1666666666666665,3.426086956521739,20.62258953168044,120.41,PG
9/30/2017,5.69,13.84182776801406,23.98,21.84,3.71,28.1,0.91,23.07,0.75,67.44,1.22,27.74,12.73,18.77,-14.04,-112.05,78.76,30.72,55.42,15.22,16007,55415,16653,8384,3648,4340,2791,1.06,2691,3.284403669724771,3.6062271062271063,21.22911051212938,122.85,PG
12/31/2017,3.74,21.427807486631014,24.34,21.71,3.95,31.21,0.94,26.08,0.79,71.92,1.31,17.85,8.06,18.4,-15.13,-70.83,80.14,33.11,54.72,9.84,18758,54721,17395,8686,3919,4595,2433,0.93,2670,3.2925225965488907,3.6913864578535236,20.288607594936707,126.64,PG
3/31/2018,3.76,18.531914893617024,24.73,21.85,4.01,27.96,0.91,22.75,0.74,69.42,1.26,17.77,7.94,17.83,-15.36,-68.11,69.68,30.71,54.95,9.81,15534,54946,16281,7897,3209,3925,2437,0.95,2646,2.8176304084108375,3.1890160183066363,17.376558603491276,124.37,PG
6/30/2018,3.66,18.923497267759565,25.07,21.17,4.3,23.32,0.83,18.58,0.66,65.43,1.24,17.41,7.71,17.6,-16.19,-62.49,69.26,28.24,52.88,9.49,11850,52883,16503,7433,2587,3337,1824,0.73,2657,2.7626645392899882,3.271610769957487,16.10697674418605,118.31,PG
9/30/2018,3.82,19.50785340314136,25.27,21.07,4.28,23.35,0.8,18.16,0.62,65.94,1.26,18.28,8.06,17.61,-16.64,-62.08,74.52,29.22,52.5,9.83,11253,52504,16690,8206,3554,4197,3133,1.22,2612,2.9489513256826276,3.5367821547223537,17.411214953271028,118.44,PG
12/31/2018,4.11,20.204379562043794,25.4,21.76,4.41,24.43,0.78,19.15,0.61,69.24,1.27,19.6,8.68,17.64,-18.44,-63.17,83.04,31.25,54.44,10.52,12117,54443,17438,8519,3896,4546,3129,1.22,2623,3.2692913385826774,3.8161764705882355,18.829931972789115,123.69,PG
3/31/2019,4.2,22.557142857142853,25.49,22.15,4.49,22.31,0.79,16.95,0.6,66.12,1.19,20,8.93,17.69,-17.04,-63.05,94.74,28.37,55.55,10.77,9823,55552,16462,8035,3229,3940,2681,1.04,2638,3.716751667320518,4.2772009029345375,21.10022271714922,121.67,PG
6/30/2019,1.36,73.92647058823529,26.01,19,4.84,22.47,0.75,17.46,0.58,67.52,1.42,6.92,3.04,7.46,-16.91,-21.06,100.54,30.01,47.58,3.63,10287,47579,17094,8156,-5192,-4372,-5309,-2.05,2540,3.865436370626682,5.291578947368421,20.772727272727273,115.1,PG
9/30/2019,1.5,76.52,26.34,18.84,5.05,21.93,0.73,16.46,0.54,67.07,1.43,7.88,3.4,8.64,-16.62,-23.35,114.78,30.25,46.98,4.03,9304,46984,17798,9075,4290,5013,3528,1.36,2648,4.357630979498861,6.092356687898089,22.72871287128713,114.06,PG
12/31/2019,1.69,68.63905325443787,26.63,18.59,5.23,18.92,0.63,13.4,0.44,65.82,1.43,9.29,3.94,9.84,-18.07,-26.53,116,30.16,45.91,4.55,6279,45908,18240,9371,4482,5159,3653,1.41,2630,4.355989485542621,6.239913932221625,22.179732313575524,111.72,PG
3/31/2020,1.77,58.06214689265536,26.98,18.56,5.49,27.14,0.83,21.81,0.66,72.62,1.58,10.14,4.11,10.45,-17.51,-27.35,102.77,32.9,45.94,4.73,15393,45941,17214,8498,3453,4252,2853,1.12,2613,3.809117865085248,5.5371767241379315,18.719489981785063,118.56,PG
6/30/2020,4.96,22.671370967741936,26.98,18.9,5.47,27.99,0.85,22.49,0.68,73.82,1.58,27.49,10.98,23.12,-16.82,-73.97,112.45,32.98,46.88,12.76,16181,46878,17698,8756,3481,4295,2730,1.07,2626,4.167902149740549,5.94973545,20.557586837294334,120.7,PG
9/30/2020,5.23,25.149139579349903,27.62,19.59,5.79,26.03,0.87,20.32,0.68,71.32,1.47,28.72,11.42,24.1,-15.81,-78.87,131.53,30.01,48.58,13.45,13392,48576,19318,10176,5281,5952,4211,1.63,2625,4.762128892107168,6.714139867279224,22.716753022452504,119.9,PG
12/31/2020,5.29,25.03024574669187,28.24,19.71,6.22,24.66,0.78,18.7,0.59,71.57,1.47,28.6,11.34,24.85,-16.71,-81.28,132.41,31.74,48.54,13.58,11941,48540,19745,10492,5380,6051,3788,1.47,2615,4.688739376770538,6.717909691,21.287781350482316,120.11,PG
3/31/2021,5.43,23.878453038674035,28.64,19.16,6.28,22.61,0.71,16.61,0.52,69.86,1.49,29.19,11.67,25.43,-17.35,-83.58,129.66,32.02,46.92,13.93,10007,46919,18109,9187,3785,4468,3204,1.26,2590,4.527234636871508,6.767223382045929,20.64649681528662,116.78,PG
6/30/2021,5.49,23.683060109289617,29.18,19.2,6.01,23.09,0.7,17.11,0.52,72.65,1.56,29.44,11.79,25.58,-17.91,-82.83,130.02,33.13,46.65,14.04,10288,46654,18946,9155,3540,4250,2832,1.14,2601,4.455791638108294,6.7718750000000005,21.633943427620636,119.31,PG
9/30/2021,5.47,24.782449725776967,29.77,19.18,5.94,24.34,0.67,18.03,0.49,73.26,1.58,29.42,11.66,25.72,-17.59,-79.74,135.56,36.59,46.41,13.87,10370,46408,20338,9973,5023,5734,4042,1.61,2559,4.5535774269398726,7.0677789363920756,22.82154882154882,119.67,PG
12/31/2021,5.66,28.199646643109542,30.46,18.73,5.85,25.55,0.67,18.87,0.5,76.52,1.71,30.79,11.93,25.77,-18.96,-79.27,159.61,38.03,44.89,14.23,11544,44893,20953,10289,5168,5852,4153,1.66,2544,5.239986868023638,8.521623064602244,27.283760683760686,121.42,PG
3/31/2022,5.73,26.15881326,31.13,19.07,5.5,23.42,0.68,16.32,0.47,74.47,1.63,31.17,11.91,25.97,-18.88,-78.07,149.89,34.4,45.75,14.31,8526,45746,19381,9055,4024,4714,3287,1.33,2530,4.814969482814005,7.859989512323019,27.25272727272727,120.22,PG
6/30/2022,5.81,24.41308089500861,31.53,19.57,5.39,21.65,0.66,14.73,0.45,70.35,1.5,31.45,12.09,26.06,-16.53,-80.39,141.84,33.08,46.85,14.46,7214,46854,19515,8713,3598,4320,2979,1.21,2539,4.498572787821122,7.2478283086356665,26.31539888682746,117.21,PG
9/30/2022,5.77,21.724436741767764,31.81,18.71,5.24,22.52,0.62,14.93,0.41,71.95,1.62,31.43,12.03,26.07,-17.89,-79.09,125.35,36.62,44.33,14.29,6710,44334,20612,9766,4939,5602,3868,1.57,2504,3.940584721785602,6.699625868519508,23.921755725190838,116.28,PG
3/31/2009,,,,6.72,,10.26,1.4,7.71,1.05,18.87,2.44,,,,,,,7.36,7.73,,,,,,,,,,,,,,,LLY
6/30/2009,,,,7.45,,10.94,1.57,7.94,1.14,18.37,2.15,,,,,,,6.99,8.56,,3490,8560,5293,4345,1597,1903,1159,1.06,1097,,,,,LLY
9/30/2009,,,,8.62,,11.81,1.95,8.68,1.43,17.22,1.74,,,,,,,6.07,9.91,,3929,9905,5562,4510,1686,1996,942,0.86,1098,,,,,LLY
12/31/2009,3.95,6.106329114,19.89,8.29,3.27,12.49,1.9,9.64,1.47,17.94,1.88,48.48,16.02,35.65,5.83,83.94,24.12,6.57,9.53,4.33,4498,9525,5934,4503,550,926,915,0.82,1098,1.2126696832579185,2.909529553679132,7.376146788990826,27.46,LLY
3/31/2010,3.88,6.396907216494846,20.27,9.07,4.09,12.25,2.17,9.78,1.73,16.74,1.6,44.36,15.69,33.7,6.43,73.54,24.82,5.66,10.46,4.26,4758,10462,5486,4363,1660,1959,1248,1.13,1103,1.2244696595954614,2.7364939360529217,6.068459657701712,27.2,LLY
6/30/2010,4.04,5.762376237623762,20.65,8.88,5,12.47,1.97,10.29,1.63,17.49,1.71,44.4,16.27,33.87,6.2,72.36,23.28,6.33,10.24,4.45,5197,10235,5749,4725,1782,2128,1349,1.22,1104,1.127360774818402,2.6216216216216215,4.656000000000001,27.72,LLY
9/30/2010,4.36,5.899082568807339,20.7,10.76,5.41,14.18,2.33,11.51,1.89,17.5,1.41,45.18,17.15,32.94,8.1,72.53,25.72,6.1,12.41,4.82,6140,12406,5655,4667,1753,2097,1303,1.18,1105,1.242512077294686,2.390334572490706,4.754158964879852,29.9,LLY
12/31/2010,4.58,5.462882096069869,20.89,10.76,5.6,14.84,2.14,12.32,1.78,18.59,1.5,44.56,17.51,35.89,7.59,71.61,25.02,6.93,12.41,5.07,6727,12413,6187,4955,1336,1674,1170,1.05,1106,1.1977022498803254,2.325278810408922,4.467857142857143,31,LLY
3/31/2011,4.4,5.788636363636363,21.17,12.04,5.81,15.35,2.01,12.59,1.65,17.76,1.28,39.83,16.22,33.35,9.2,62.75,25.47,7.65,13.93,4.88,6713,13934,5839,4659,1361,1702,1056,0.95,1112,1.2031176192725554,2.1154485049833887,4.383820998278829,31.7,LLY
6/30/2011,4.25,6.475294117647059,21.58,12.33,5.92,14.95,1.73,12.08,1.4,18.5,1.3,35.65,15.08,31.32,9.32,55.25,27.52,8.62,14.28,4.73,6330,14277,6253,5025,1589,1945,1197,1.07,1114,1.2752548656163114,2.231954582319546,4.648648648648648,32.78,LLY
9/30/2011,4.18,6.576555023923445,21.98,13.01,6.18,14.57,1.77,12.06,1.47,17.98,1.19,33.47,14.5,30.02,9.84,51.83,27.49,8.22,15.06,4.66,6784,15058,6148,4810,1586,1944,1236,1.11,1114,1.2506824385805277,2.112990007686395,4.448220064724919,33.04,LLY
12/31/2011,3.9,8.028205128205128,21.81,11.69,5.91,14.25,1.6,11.95,1.34,20.12,1.49,30.61,13.26,28.33,8.41,47.29,31.31,8.93,13.54,4.35,6897,13536,6047,4725,992,1311,858,0.77,1114,1.4355800091701054,2.6783575705731395,5.297800338409475,33.66,LLY
3/31/2012,3.86,7.958549222797927,21.61,12.77,5.6,12.6,1.92,10.18,1.55,17.42,1.18,29.83,13.06,28.02,9.56,46.36,30.72,6.55,14.82,4.3,4925,14823,5602,4404,1381,1767,1011,0.91,1110,1.4215640906987506,2.4056382145653874,5.485714285714286,32.24,LLY
6/30/2012,3.62,9.149171271,21,12.33,4.89,12.31,1.86,9.99,1.51,17.51,1.22,27.92,12.33,25.95,9.17,43.6,33.12,6.61,14.31,4.03,5262,14308,5601,4454,1202,1564,924,0.83,1119,1.577142857142857,2.6861313868613137,6.773006134969325,31.81,LLY
9/30/2012,3.69,10.02981029810298,20.34,13.84,4.41,14.04,2.02,11.49,1.65,18.26,1.14,28.06,12.48,23.4,11.03,43.19,37.01,6.96,16.06,4.12,6900,16057,5443,4240,1140,1509,1327,1.18,1120,1.8195673549655849,2.6741329479768785,8.392290249433106,34.32,LLY
12/31/2012,3.66,10.631147540983605,20.25,12.92,3.96,13.04,1.55,10.4,1.24,19.63,1.33,27.28,12.32,23.12,10.02,41.13,38.91,8.39,14.77,4.09,5684,14774,5957,4709,1011,1356,827,0.74,1117,1.9214814814814813,3.011609907120743,9.825757575757574,34.4,LLY
3/31/2013,4.17,10.841726618705037,20.33,13.28,3.51,12.33,1.62,9.75,1.28,17.35,1.16,30.79,13.93,23.67,10.34,45.63,45.21,7.59,14.96,4.63,4732,14956,5602,4444,1444,1825,1548,1.42,1092,2.223807181505165,3.404367469879518,12.88034188034188,32.3,LLY
6/30/2013,4.45,8.865168539325843,20.79,13.52,3.89,12.64,1.5,9.91,1.18,17.99,1.18,32.17,14.62,25.25,10.73,46.62,39.45,8.41,15.24,4.91,4711,15236,5930,4765,1503,1867,1206,1.11,1084,1.8975468975468979,2.917899408284024,10.141388174807199,33.23,LLY
9/30/2013,4.38,9.310502283105023,21.26,15,4.28,13.2,1.64,10.23,1.27,17.07,1.01,30.93,14.29,27.39,12.44,43.96,40.78,8.08,16.9,4.78,5379,16896,5773,4575,1545,1894,1203,1.11,1084,1.9181561618062088,2.7186666666666666,9.528037383177569,33.97,LLY
12/31/2013,4.31,9.679814385150813,21.28,15.8,4.52,13.11,1.47,10.18,1.14,17.61,1,28.95,13.91,26.23,13.31,40.02,41.72,8.92,17.64,4.68,5397,17641,5809,4422,879,1230,728,0.68,1085,1.9605263157894735,2.640506329113924,9.230088495575222,35.25,LLY
3/31/2014,3.57,13.610644257703083,20.5,16.39,4.38,13.04,1.97,10.07,1.52,16.41,0.89,22.69,11.27,22.26,14.15,30.53,48.59,6.63,18.35,3.86,5212,18349,4683,3460,866,1215,728,0.68,1076,2.3702439024390247,2.9646125686394145,11.093607305936073,34.76,LLY
6/30/2014,3.14,16.480891719745223,19.62,16.11,3.74,13.16,1.77,9.97,1.34,17.02,0.95,19.14,9.76,18.58,13.33,25.49,51.75,7.42,18,3.39,5127,17995,4936,3746,887,1235,734,0.68,1076,2.6376146788990824,3.212290502793296,13.836898395721924,35.02,LLY
9/30/2014,2.5,21.764,18.83,15.88,3.43,12.11,1.6,9.27,1.22,16.97,0.96,15.01,7.7,14.09,12.93,20.03,54.41,7.58,17.68,2.69,4810,17683,4876,3609,598,941,501,0.47,1074,2.889537971322358,3.426322418,15.862973760932944,34.65,LLY
12/31/2014,2.23,26.14798206278027,18.24,13.86,3.08,11.93,1.23,9.19,0.94,20.92,1.36,13.78,6.8,11.74,10.75,18.71,58.31,9.74,15.39,2.39,4827,15388,5121,3868,309,648,429,0.4,1074,3.1968201754385968,4.207070707070708,18.931818181818183,36.31,LLY
3/31/2015,2.05,30.16585365853659,18.24,13.47,2.76,11.74,1.41,8.76,1.05,20.71,1.39,13.29,6.2,10.38,6.05,20.38,61.84,8.34,14.95,2.19,4140,14947,4645,3452,525,883,530,0.5,1067,3.390350877192983,4.590942836,22.405797101449277,35.65,LLY
6/30/2015,1.93,37.07253886010363,18.33,13.27,2.7,12.35,1.5,9.06,1.1,21.33,1.45,13.14,5.78,10.4,5.84,23.18,71.55,8.23,14.71,2.06,4231,14705,4979,3760,875,1244,601,0.56,1066,3.9034369885433717,5.391861341371515,26.499999999999996,36.04,LLY
9/30/2015,2.21,32.65158371040724,18.45,13.75,2.18,12.57,1.51,9.15,1.1,21.06,1.38,15.66,6.54,11.99,6.57,32.32,72.16,8.3,15.24,2.36,4319,15241,4960,3723,961,1320,800,0.75,1065,3.911111111111111,5.247999999999999,33.100917431192656,36.31,LLY
12/31/2015,2.26,32.34513274336283,18.73,13.2,1.87,12.57,1.53,9.13,1.11,20.98,1.44,16.2,6.71,11.83,5.52,40.19,73.1,8.23,14.59,2.41,4452,14590,5376,3986,328,671,478,0.45,1066,3.902829685,5.537878787878788,39.090909090909086,35.57,LLY
3/31/2016,2.17,28.99078341013825,18.95,13.62,1.77,11.72,1.6,7.97,1.09,19.66,1.31,15.57,6.5,12.65,6.1,38.62,62.91,7.34,15.03,2.32,2995,15029,4865,3542,716,1101,440,0.41,1063,3.3197889182058047,4.618942731277533,35.54237288135593,34.69,LLY
6/30/2016,2.32,29.853448275862075,19.37,13.28,2.18,12.98,1.55,9.22,1.1,21.82,1.49,16.57,6.9,12.77,5.82,41.09,69.26,8.4,14.66,2.47,3935,14656,5405,3940,923,1297,748,0.71,1060,3.5756324212700052,5.215361445783133,31.770642201834864,36.48,LLY
9/30/2016,2.3,30.882608695652177,19.61,14.15,2.75,13.39,1.62,9.51,1.15,21.98,1.41,16.32,6.77,12.56,6.97,40.06,71.03,8.27,15.62,2.44,4227,15616,5192,3791,944,1336,778,0.73,1061,3.622131565527792,5.019787985865724,25.829090909090908,37.59,LLY
12/31/2016,2.58,25.39534884,19.99,12.79,3.66,15.1,1.38,11.54,1.05,24.73,1.76,18.44,7.42,14.09,5.75,44.45,65.52,10.99,14.08,2.74,6039,14081,5761,4239,679,1023,772,0.73,1062,3.277638819409705,5.122752150117279,17.901639344262293,38.81,LLY
3/31/2017,2.07,36.434782608695656,20.37,12.78,4.17,12.98,1.24,8.94,0.86,23.52,1.67,14.96,5.81,11.01,5.2,36.85,75.42,10.45,14.1,2.19,3506,14104,5228,3880,-17,370,-111,-0.1,1056,3.702503681885125,5.901408450704226,18.086330935251798,37.62,LLY
6/30/2017,2.31,32.15584415584416,20.78,12.87,4.44,15.75,1.39,11.4,1.01,26.78,1.89,16.88,6.32,12.13,5.34,42.09,74.28,11.3,14.17,2.45,5434,14170,5824,4253,1200,1596,1008,0.95,1057,3.5745909528392685,5.771561771561772,16.72972972972973,40.95,LLY
9/30/2017,2.11,36.824644549763036,21.24,13.59,4.64,17.43,1.38,13.02,1.03,28.05,1.88,15.53,5.55,10.33,6.32,39.37,77.7,12.67,14.96,2.23,6943,14961,5658,4072,542,915,556,0.53,1056,3.6581920903954805,5.717439293598234,16.745689655172416,43.01,LLY
12/31/2017,-0.2,-386,18.92,10.61,4.31,19.2,1.32,14.74,1.01,33.31,2.86,-1.49,-0.49,8.69,3.27,-4.05,77.2,14.54,11.67,-0.2,8034,11668,3263,3321,279,691,-1657,-1.57,1052,4.080338266384778,7.276154571159284,17.911832946635734,44.98,LLY
3/31/2018,1.06,67.20754717,18.7,13.44,4.34,16.26,1.41,11.63,1.01,29.77,2.04,8.12,2.59,14.04,6.26,21.22,71.24,11.55,14.59,1.12,4790,14588,4964,3799,1296,1719,1217,1.16,1050,3.809625668449198,5.300595238095238,16.41474654,44.36,LLY
6/30/2018,-0.14,-565.0714286,18.61,10.82,4.17,18.33,1.4,14.18,1.09,30.74,2.65,-1.09,-0.33,9.26,3.52,-2.97,79.11,13.06,11.62,-0.14,6910,11621,5585,4351,-5,420,-260,-0.25,1030,4.250940354648039,7.311460258780037,18.971223021582734,42.36,LLY
9/30/2018,0.45,222.31111111111113,18.42,13.27,4.42,20.69,1.91,16.57,1.53,30.47,2.15,3.46,1.02,12.64,6.17,9.37,100.04,10.83,14.15,0.45,9036,14151,5307,4154,1343,1759,1150,1.12,1026,5.4310532030401735,7.538809344385833,22.63348416289593,44.63,LLY
12/31/2018,3.13,34.64217252396166,20.77,10.32,4.17,20.55,1.73,17.45,1.47,33,3.03,25.22,7.38,15.58,8.47,52.94,108.43,11.89,10.91,3.23,7409,10909,5638,4508,900,1246,1125,1.1,1034,5.220510351468465,10.506782945736434,26.002398081534775,43.91,LLY
3/31/2019,6.28,19.463375796178344,21.22,2.64,4.09,12.6,1.12,9.54,0.85,35.44,13.82,63.77,14.82,13.91,-7.93,244.63,122.23,11.24,2.57,6.26,2137,2565,5092,3954,645,1002,4242,4.31,984,5.760131950989633,46.29924242424242,29.88508557457213,38.01,LLY
6/30/2019,7.97,13.166875784190715,21.9,2.96,3.8,13.46,1.14,10.27,0.87,35.81,12.53,102.93,18.99,22.3,-7.55,-3762.11,104.94,11.86,2.86,7.84,2368,2857,5637,4512,1498,1746,1327,1.44,925,4.791780821917809,35.4527027,27.61578947368421,38.67,LLY
9/30/2019,8.22,12.885644768856446,22.69,3.61,3.36,12.66,1.17,9.56,0.88,34.43,9.94,160.62,20.06,25.57,-7,-226.99,105.92,10.83,3.46,7.95,1653,3462,5477,4302,1431,1719,1254,1.37,919,4.668135742617893,29.34072022160665,31.523809523809526,37.89,LLY
12/31/2019,8.76,14.29337899543379,23.77,2.82,4.06,13.71,1.16,10.52,0.89,36.59,13.56,287.28,21.63,29.97,-7.6,-110.63,125.21,11.78,2.7,8.32,2439,2699,6114,4831,1400,1741,1496,1.77,936,5.267564156499789,44.40070921985816,30.839901477832512,39.29,LLY
3/31/2020,6.05,21.958677685950413,25.02,3.34,4.09,13.99,1.11,10.89,0.86,37.91,11.86,181.22,14.1,35.14,-8.35,-72.59,132.85,12.61,3.2,5.53,1777,3197,5860,4645,1591,1864,1457,1.6,912,5.309752198241407,39.775449101796404,32.48166259168704,41.1,LLY
6/30/2020,6.16,25.642857142857142,24.96,4.47,5.64,14.58,1.22,11.27,0.94,37.7,8.82,164.9,14.03,32.04,-7.16,-74.65,157.96,11.99,4.27,5.62,2388,4272,5499,4277,1197,1521,1412,1.55,911,6.328525641025641,35.337807606263986,28.007092198581564,41.97,LLY
9/30/2020,6.12,23.383986928104576,25.3,5.22,5.82,16.24,1.36,12.69,1.06,38.95,7.8,147.01,13.4,29.4,-6.32,-75.75,143.11,11.98,5,5.57,3630,4996,5741,4414,1278,1637,1208,1.33,911,5.656521739130435,27.41570881226054,24.58934708,43.95,LLY
12/31/2020,6.8,24.13235294117647,26.92,6.09,5.6,17.46,1.4,13.48,1.08,40.81,7.01,135.46,14.27,30.19,-5.39,-91.01,164.1,12.48,5.83,6.19,3681,5825,7440,5720,1992,2360,2117,2.31,913,6.095839524517087,26.945812807881772,29.30357142857143,46.63,LLY
3/31/2021,6.69,27.255605381165918,27.95,7.4,7,16.61,1.42,12.94,1.11,39.74,5.6,109.81,13.58,26.03,-4.87,-102.65,182.34,11.71,7.1,6.09,3051,7099,6806,4927,1155,1506,1355,1.49,912,6.523792486583185,24.640540540540538,26.048571428571428,46.84,LLY
6/30/2021,6.67,33.73163418290855,29.31,6.97,6.1,17.3,1.15,13.47,0.89,41.15,6.18,98.76,13.11,26.36,-5.21,-111.47,224.99,15.09,6.66,6.07,3271,6664,6740,4787,1403,1773,1390,1.53,910,7.6762197202320035,32.27977044476327,36.88360655737705,47.81,LLY
9/30/2021,6.56,34.63719512195122,30.45,8.32,5.97,17.81,1.3,13.9,1.02,40.23,5.06,86.73,12.61,28.4,-3.82,-123.89,227.22,13.68,7.95,5.97,3825,7954,6773,5342,1881,2264,1110,1.22,911,7.462068965517242,27.310096153846153,38.06030150753769,48.19,LLY
12/31/2021,6.14,44.38599348534202,31.07,9.6,6.53,18.45,1.23,14.57,0.97,39.65,4.33,72.31,11.65,27.43,-2.43,-136.8,272.53,15.05,9.16,5.58,3909,9155,8000,5950,1917,2363,1726,1.88,912,8.771483746379143,28.388541666666665,41.73506891271056,48.81,LLY
3/31/2022,6.75,42.03407407407408,32.23,9.96,7.35,16.97,1.27,13.07,0.98,37.46,3.96,73.77,12.79,32.36,-1.91,-183.43,283.73,13.39,9.46,6.13,2568,9462,7810,5738,2404,2840,1903,2.1,906,8.803288861,28.486947791164656,38.60272108843538,46.92,LLY
6/30/2022,6.27,51.40510366826157,32.01,9.11,6.32,17.12,1.1,13.22,0.85,38.4,4.44,64.63,11.92,30.9,-2.73,-209.09,322.31,15.62,8.66,5.69,2737,8659,6488,5058,1210,1559,953,1.05,903,10.069040924711029,35.379802414928655,50.99841772151898,47.06,LLY
9/30/2022,6.66,48.41741741741741,32.26,10.7,6.63,17.64,1.13,13.81,0.88,37.3,3.67,64.46,12.69,29.79,-0.85,-304.71,322.46,15.65,10.17,6.03,2742,10166,6942,5363,1677,2039,1452,1.61,904,9.995660260384376,30.13644859813084,48.63650075414781,47.46,LLY
3/31/2009,,,,43.81,,34.07,1.37,27.65,1.11,71.61,0.82,,,,,,,24.89,87.82,,,,,,,,,,,,,,,CVX
6/30/2009,,,,44.12,,34.72,1.37,28.23,1.11,72.72,0.82,,,,,,,25.36,88.48,,7344,88480,40205,12141,3346,6451,1745,0.87,2000,,,,,CVX
9/30/2009,,,,45.47,,35.54,1.4,29.22,1.15,71.34,0.78,,,,,,,25.39,91.22,,7689,91222,46625,15012,6188,9190,3831,1.92,2001,,,,,CVX
12/31/2009,5.24,8.782442748091603,85.81,46.1,-0.23,37.22,1.42,31.69,1.21,72.06,0.78,11.65,6.47,18.4,87.94,12.28,46.02,26.21,92.56,10.48,8822,92561,48676,15487,5821,8977,3070,1.53,2001,0.5363011304043818,0.9982646420824295,-200.0869565,164.62,CVX
3/31/2010,6.59,6.943854324734446,91.78,47.82,3.33,40.83,1.48,34.75,1.26,72.88,0.76,14.33,8.03,22.44,91.43,15.09,45.76,27.57,96.05,13.2,11155,96052,48179,16563,7650,10752,4552,2.27,2004,0.4985835694050991,0.9569217900460059,13.741741741741741,168.93,CVX
6/30/2010,8.42,4.908551069,98.09,49.88,5.42,42.39,1.63,36.48,1.4,71.46,0.71,17.74,10.1,27.02,95.67,18.65,41.33,26.01,100.29,16.86,13215,100291,53004,17863,8766,11924,5409,2.7,2006,0.42134774186971147,0.828588613,7.625461254612546,171.75,CVX
9/30/2010,8.37,5.953405017921147,99.56,51.16,5.31,44.48,1.66,38.35,1.43,74.23,0.72,17.15,9.85,26.91,98.35,18,49.83,26.85,102.97,16.8,14534,102965,49718,16549,6873,10283,3768,1.87,2007,0.5005022097227803,0.9740031274433151,9.384180790960452,177.2,CVX
12/31/2010,9.48,5.969409282700422,102.16,52.71,5.85,48.84,1.68,43.35,1.49,78.96,0.75,18.78,10.83,28.68,101.19,19.68,56.59,29.01,105.81,19.02,17070,105811,54027,19295,8766,12209,5295,2.64,2007,0.5539350039154268,1.073610320622273,9.673504273504275,184.77,CVX
3/31/2011,10.3,6.519417475728155,108.16,55.14,6.65,50.85,1.53,44.62,1.34,83.89,0.76,19.7,11.36,30.79,106.2,20.61,67.15,33.31,110.85,20.68,16874,110850,60341,20579,11122,14248,6211,3.09,2009,0.6208394970414202,1.2178092129125861,10.097744360902256,194.74,CVX
6/30/2011,11.45,5.655021834061135,116.06,58.13,6.58,54.01,1.53,46.72,1.33,85.29,0.73,21.1,12.13,33.5,111.78,22.04,64.75,35.22,116.43,23.01,17964,116430,68948,23346,13207,16464,7732,3.85,2009,0.5579010856453558,1.1138826767589884,9.840425531914894,201.72,CVX
9/30/2011,13.5,4.352592592592592,123.52,61.1,7.79,53.03,1.64,46.95,1.45,82.42,0.68,23.81,13.79,37.53,117.02,24.82,58.76,32.34,121.68,27.07,20335,121676,64432,23288,13340,16555,7829,3.92,1999,0.47571243523316065,0.9617021276595744,7.543003851091142,204.1,CVX
12/31/2011,13.44,5.063988095238096,126.58,61.67,7.29,53.23,1.58,47.69,1.42,87.29,0.71,22.83,13.28,37.37,117.54,23.77,68.06,33.6,122.18,26.9,20071,122181,59985,20942,9965,13278,5123,2.58,2001,0.5376836783062096,1.103616020755635,9.336076817558299,209.47,CVX
3/31/2012,13.62,5.074155653450808,127.21,64.02,5.98,55.22,1.61,47.88,1.4,88.56,0.7,22.32,13.08,37.06,121.69,23.21,69.11,34.26,126.33,27.16,19768,126326,60705,21800,12069,15274,6471,3.27,1979,0.5432748997720305,1.0795064042486724,11.556856187290968,214.89,CVX
6/30/2012,13.43,5.109456441,124.71,66.91,5.98,56.01,1.72,48.82,1.5,88.09,0.67,21.24,12.57,35.39,126.65,22.06,68.62,32.66,131.29,26.63,21463,131289,62608,22802,12355,15639,7210,3.66,1968,0.5502365487932003,1.0255567179793754,11.474916387959865,219.38,CVX
9/30/2012,12.2,6.2639344262295085,122.08,68.58,3.72,58.47,1.64,50.47,1.42,92.64,0.69,18.72,11.05,32.07,129.58,19.42,76.42,35.67,134.22,24.06,21582,134222,58044,20823,9932,13302,5253,2.69,1960,0.6259829619921363,1.1143190434529018,20.543010752688172,226.86,CVX
12/31/2012,13.32,5.369369369369369,122.92,70.8,4.01,55.72,1.63,49.58,1.45,95.15,0.69,19.77,11.71,32.48,133.19,20.49,71.52,34.21,137.83,26.18,21913,137832,60552,23342,11976,15530,7245,3.7,1965,0.5818418483566546,1.0101694915254238,17.835411471321695,232.98,CVX
3/31/2013,13.23,5.986394558,121.47,72.97,1.47,54.7,1.58,48.03,1.39,95.92,0.68,19,11.3,30.25,136.85,19.68,79.2,34.69,141.49,25.89,19048,141486,56818,20771,10283,13764,6178,3.18,1944,0.6520128426772043,1.0853775524188023,53.87755102040816,237.41,CVX
6/30/2013,12.34,6.4440842787682335,119.28,74.62,-0.01,56.1,1.68,48.68,1.46,99.88,0.69,17.24,10.22,26.74,139.52,17.84,79.52,33.41,144.16,24.04,22296,144164,57369,19747,8589,12001,5365,2.77,1937,0.6666666666666666,1.0656660412757972,-7952,244.05,CVX
9/30/2013,12.22,6.7364975450081825,119.98,75.95,0.22,53.5,1.6,46.61,1.39,101.77,0.7,16.67,9.87,25.2,141.43,17.23,82.32,33.47,146.07,23.74,18580,146073,58503,20315,8835,12493,4950,2.57,1930,0.6861143523920653,1.0838709677419354,374.18181818181813,247.84,CVX
12/31/2013,11.09,7.695220919747521,118.23,78.61,-1.54,50.25,1.52,43.87,1.33,103.33,0.69,14.72,8.72,22.08,145.79,15.2,85.34,33.02,150.43,21.42,16516,150427,56158,20256,8198,11833,4930,2.57,1932,0.7218134145309989,1.0856125174914133,-55.41558442,253.75,CVX
3/31/2014,10.27,7.980525803310613,116.9,79.75,-0.34,49.75,1.4,42.28,1.19,106.43,0.7,13.34,7.87,20.07,147.17,13.77,81.96,35.65,151.81,19.76,16183,151810,53265,19423,7928,12058,4512,2.36,1909,0.7011120615911034,1.0277115987460814,-241.0588235,258.24,CVX
6/30/2014,10.48,8.661259541984732,117.73,81.49,-0.86,48.92,1.35,41.71,1.15,107.3,0.69,13.3,7.85,19.96,150.13,13.73,90.77,36.33,154.75,20.06,14235,154747,57938,20927,9027,12869,5665,2.98,1902,0.7710014439819927,1.113879003558719,-105.5465116,262.05,CVX
9/30/2014,10.86,7.703499079189687,116.25,83.21,-1,47.08,1.27,39.78,1.07,108.12,0.69,13.48,7.97,19.59,152.69,13.9,83.66,37.09,157.31,20.7,14490,157307,54679,20702,8863,12811,5593,2.95,1896,0.7196559139784946,1.0054080038456916,-83.66,265.43,CVX
12/31/2014,10.14,7.828402366863904,111.47,83.1,-2.07,42.23,1.32,35.73,1.12,109.84,0.7,12.41,7.32,17.72,151.6,12.79,79.38,31.93,156.19,19.24,13215,156191,46088,18707,5384,10257,3471,1.85,1898,0.7121198528752131,0.9552346570397112,-38.34782609,266.03,CVX
3/31/2015,9.15,8.196721311,101.99,83.49,-4.82,41.27,1.4,34.43,1.17,112.6,0.72,11.07,6.51,14.56,152.41,11.4,75,29.45,157,17.3,13107,157001,34558,14247,2905,7316,2567,1.37,1876,0.7353662123737622,0.898311175,-15.56016598,269.6,CVX
6/30/2015,6.47,10.757341576506954,93.03,82.84,-4.49,40.74,1.44,33.62,1.19,110.56,0.71,7.79,4.57,10.15,151.3,8.03,69.6,28.27,155.89,12.2,12521,155891,40357,16643,1363,8321,571,0.3,1877,0.7481457594324411,0.8401738290680829,-15.50111359,266.46,CVX
9/30/2015,4.61,12.503253796095445,82.53,82.86,-5.49,39.82,1.32,32.96,1.09,112.51,0.72,5.53,3.23,6.74,151.35,5.7,57.64,30.14,155.94,8.65,13239,155938,34315,13985,2784,7052,2037,1.09,1872,0.6984126984126984,0.6956311851315472,-10.49908925,268.45,CVX
12/31/2015,2.45,27.146938775510204,73.85,81.73,-5.36,34.43,1.35,28.1,1.1,110.65,0.72,2.95,1.72,2.6,149.3,3.04,66.51,25.47,153.89,4.59,11332,153886,29247,11821,-2210,3190,-588,-0.31,1875,0.9006093432633718,0.8137770708430198,-12.40858209,264.54,CVX
3/31/2016,0.69,103.50724637681161,68.03,80.37,-4.91,31.71,1.09,25.21,0.86,112.37,0.74,0.84,0.49,0.12,146.89,0.87,71.42,29.16,151.48,1.3,8879,151476,23553,9464,-1711,2692,-725,-0.39,1870,1.0498309569307658,0.8886400398158517,-14.54582485,263.84,CVX
6/30/2016,-0.39,-203.3846154,62.16,78.62,-5.72,32.47,1.3,26.04,1.05,113.15,0.76,-0.49,-0.28,-1.72,143.74,-0.5,79.32,24.93,148.33,-0.75,9084,148325,29282,11031,-2070,4730,-1470,-0.78,1872,1.276061776061776,1.008903586873569,-13.86713287,261.48,CVX
9/30/2016,-0.8,-98.3625,59.84,78.37,-4.25,28.87,1.17,22.9,0.93,111.91,0.76,-1,-0.57,-2.61,143.37,-1.03,78.69,24.74,147.95,-1.5,7672,147952,30140,11336,1109,5303,1283,0.68,1883,1.3150066844919786,1.0040831951001659,-18.51529412,259.86,CVX
12/31/2016,-0.27,-336.5925926,61.06,77.57,-2.89,29.62,0.93,24.2,0.76,113.36,0.77,-0.33,-0.19,-1.17,142.14,-0.35,90.88,31.79,146.72,-0.5,7001,146722,31497,11652,512,4773,415,0.22,1873,1.4883720930232558,1.1715869537192214,-31.44636678,260.08,CVX
3/31/2017,1.53,54.705882352941174,66.09,78.01,-0.28,29.57,1.04,23.65,0.83,111.32,0.75,1.97,1.12,1.44,143.25,2.03,83.7,28.43,147.79,2.91,6994,147790,33421,13044,3129,7374,2682,1.41,1895,1.2664548343168407,1.0729393667478528,-298.9285714,259.11,CVX
6/30/2017,3.08,26.678571428571427,68.67,77.78,1.67,26.63,0.95,20.55,0.74,107.21,0.73,3.95,2.26,3.64,142.85,4.08,82.17,27.96,147.39,5.83,4775,147388,34480,13090,1953,7312,1450,0.77,1893,1.1965923984272608,1.0564412445358704,49.20359281437126,254.6,CVX
9/30/2017,3.43,27.253644314868804,71.76,77.87,2.19,29.4,1.04,23.64,0.84,107.25,0.73,4.41,2.53,4.52,143.38,4.55,93.48,28.22,147.91,6.5,6654,147911,36205,14216,2658,7802,1952,1.03,1896,1.3026755852842808,1.2004623089764992,42.68493150684932,255.16,CVX
12/31/2017,4.85,20.72989691,74.76,78.39,3.65,28.56,1.03,22.98,0.83,104.49,0.7,6.21,3.6,5.05,144.79,6.4,100.54,27.74,149.32,9.2,4822,149319,37616,13276,1481,6389,3111,1.64,1898,1.344836811128946,1.2825615512182678,27.545205479452058,253.81,CVX
3/31/2018,5.34,17.320224719101123,76.87,79.31,4.48,31.73,1.04,25.6,0.84,104.88,0.69,6.81,3.98,6.13,147.04,7.02,92.49,30.63,151.57,10.15,6504,151566,37764,15187,5073,9521,3638,1.9,1913,1.203200208143619,1.1661833312318748,20.64508928571428,256.44,CVX
6/30/2018,6.35,16.288188976377956,80.66,80.05,5.44,34.26,1.08,27.61,0.87,104.55,0.68,8.04,4.73,7.73,148.86,8.29,103.43,31.86,153.38,12.11,7686,153380,42236,16129,4905,9620,3409,1.78,1919,1.2822960575254154,1.292067457838851,19.012867647058822,257.93,CVX
9/30/2018,7.43,13.592193808882907,84.51,80.95,7.37,35.58,1.22,29.55,1.01,101.93,0.66,9.33,5.54,9.36,150.16,9.62,100.99,29.18,154.67,14.21,9746,154673,43987,18047,5699,11261,4047,2.11,1917,1.1950065081055494,1.247560222359481,13.702849389416553,256.61,CVX
12/31/2018,7.74,11.719638242894055,86.82,81.79,8.79,34.02,1.25,28.32,1.04,98.22,0.63,9.64,5.79,11.2,151.12,9.93,90.71,27.17,155.64,14.82,10345,155642,42352,17531,4898,10340,3730,1.95,1914,1.0448053443906935,1.109059787260056,10.319681456200227,253.86,CVX
3/31/2019,7.23,14.348547717842322,85.6,81.96,8.83,33.67,1.12,26.95,0.9,100.69,0.65,8.93,5.4,10.6,151.61,9.2,103.74,29.95,156.12,13.84,8755,156118,35200,14436,3957,8276,2649,1.39,1901,1.2119158878504672,1.2657393850658858,11.748584371460929,256.81,CVX
6/30/2019,7.72,13.708549222797927,84,82.94,9.67,33.09,1.15,26.28,0.91,98.43,0.63,9.44,5.76,11.17,152.94,9.73,105.83,28.83,157.45,14.73,8571,157451,38850,16968,5935,10467,4305,2.27,1903,1.2598809523809524,1.2759826380516035,10.944157187176835,255.88,CVX
9/30/2019,6.97,14.619799139167863,80.13,82.97,8.91,33.99,1.12,28.04,0.93,99.65,0.64,8.47,5.19,10.31,152.39,8.73,101.9,30.23,156.89,13.26,11755,156892,36116,15175,4049,8607,2580,1.36,1894,1.2716835142892802,1.2281547547306255,11.43658810325477,256.54,CVX
12/31/2019,1.51,69.24503311258279,77.19,77.15,6.96,28.33,1.07,22.48,0.85,92.22,0.64,1.9,1.16,3.09,140.75,1.96,104.56,26.53,145.21,2.92,5749,145208,36350,15688,-8405,8202,-6610,-3.48,1895,1.3545796087576112,1.3552819183408944,15.022988505747128,237.43,CVX
3/31/2020,2.05,31.02926829268293,75.55,77.62,6.71,28.56,1.01,21.99,0.78,91.76,0.63,2.56,1.57,3.26,140.46,2.64,63.61,28.24,144.91,3.87,8542,144914,31501,14825,4145,8595,3599,1.93,1866,0.841958968,0.8195052821437773,9.479880774962743,236.68,CVX
6/30/2020,-4.66,-17.04291845,62.42,71.97,2.9,23.73,1.14,18.22,0.88,89.02,0.66,-5.99,-3.65,-6.32,129.97,-6.18,79.42,20.83,134.39,-8.7,6914,134386,13494,4385,-10597,-3708,-8270,-4.44,1853,1.2723486062159564,1.1035153536195637,27.386206896551727,223.4,CVX
9/30/2020,-6.14,-10.59120521,56.54,70.71,1.56,24.8,1.26,19.12,0.97,91.03,0.69,-8.26,-4.99,-8.92,127.62,-8.53,65.03,19.66,132.04,-11.49,6894,132038,24451,9912,-44,4137,-207,-0.12,1854,1.1501591793420587,0.9196718993070289,41.68589743589744,223.06,CVX
12/31/2020,-2.96,-26.14864865,50.86,68.94,0.89,26.08,1.18,20.4,0.92,107.06,0.81,-4.08,-2.4,-4.42,128.32,-4.21,77.4,22.18,132.73,-5.54,5627,132726,25246,10583,-957,3728,-665,-0.33,1870,1.5218246165945735,1.122715404699739,86.96629213483146,239.79,CVX
3/31/2021,-4.17,-23.35251799,50.69,68.95,1.31,30.43,1.11,24.81,0.9,108.71,0.82,-5.84,-3.35,-5.54,128.53,-6.04,97.38,27.48,132.93,-7.77,7108,132933,32029,13041,2177,6661,1377,0.72,1916,1.9210889721838627,1.4123277737490934,74.33587786259541,241.65,CVX
6/30/2021,1.87,52.705882352941174,62.97,69.24,5.07,32.97,1.17,26.73,0.95,108.9,0.81,2.7,1.51,3.25,129.51,2.79,98.56,28.15,133.91,3.59,7561,133911,37597,15402,4422,9129,3082,1.6,1922,1.565189772907734,1.4234546504910457,19.439842209072978,242.81,CVX
9/30/2021,5.18,18.68532818532819,73.05,70.93,7.52,32.14,1.28,26.01,1.03,103.23,0.76,7.39,4.11,7.87,132.32,7.64,96.79,25.19,136.72,9.91,6032,136722,44710,18801,8055,12533,6111,3.19,1921,1.3249828884325805,1.3645848019173832,12.871010638297873,239.95,CVX
12/31/2021,8.14,13.914004914004913,84.62,72.52,11.01,33.74,1.26,27.43,1.02,99.6,0.71,11.5,6.48,12.51,135.56,11.88,113.26,26.79,139.94,15.63,5675,139940,48129,19009,6985,11953,5055,2.63,1920,1.3384542661309382,1.5617760617760619,10.287011807447776,239.54,CVX
3/31/2022,10.64,14.925751879699247,95.86,74.87,12.86,44.71,1.43,38.18,1.22,101.95,0.69,14.71,8.44,16.43,142.73,15.19,158.81,31.2,147.1,20.51,11704,147100,54373,19722,9054,12844,6259,3.22,1945,1.6566868349676611,2.121143315079471,12.349144634525661,249.05,CVX
6/30/2022,14.99,9.499666444296198,111.44,78.96,15.58,51.19,1.31,43.47,1.11,103.37,0.67,20.09,11.78,22.96,149.9,20.73,142.4,39.12,154.56,29.05,12370,154562,68762,27196,16003,19832,11622,5.95,1957,1.2778176597272075,1.8034447821681867,9.139922978,257.94,CVX
9/30/2022,17.58,8.109783845278725,122.52,82.55,18.5,51.5,1.4,42.5,1.15,100.11,0.63,22.73,13.58,26.55,154.96,23.44,142.57,36.88,159.63,34.17,15431,159627,66644,26847,14809,19138,11231,5.78,1940,1.1636467515507671,1.7270745003028467,7.706486486486486,259.74,CVX
3/31/2009,,,,1.72,,4.11,1.49,0,0,4.19,1.88,,,,,,,2.75,2.23,,,,,,,,,,,,,,,MA
6/30/2009,,,,2.06,,4.69,1.57,0,0,4.31,1.61,,,,,,,2.98,2.67,,2654,2674,1280,1280,557,617,349,0.27,1300,,,,,MA
9/30/2009,,,,2.49,,4.75,1.7,0,0,3.71,1.15,,,,,,,2.79,3.23,,2946,3225,1364,1364,673,732,452,0.35,1300,,,,,MA
12/31/2009,1.13,21.26548672566372,3.92,2.71,0.95,5,1.58,0,0,3.96,1.13,50.27,21.04,77.11,2.79,66.22,24.03,3.17,3.51,1.46,2879,3512,1299,1299,469,520,295,0.22,1300,6.130102040816327,8.867158671586717,25.294736842105266,7.47,MA
3/31/2010,1.19,20.050420168067227,4.03,2.93,0.71,5.11,1.81,0,0,3.45,0.9,46.85,21.63,71.99,3.13,59.68,23.86,2.82,3.83,1.55,3101,3832,1308,1308,700,746,455,0.35,1310,5.9205955334987586,8.14334471,33.605633802816904,7.29,MA
6/30/2010,1.28,14.6484375,4.09,3.15,0.69,5.54,1.97,0,0,3.31,0.8,45.19,22.8,69.27,3.47,55.86,18.75,2.82,4.13,1.66,3453,4125,1365,1365,717,762,458,0.35,1310,4.5843520782396086,5.9523809523809526,27.17391304347826,7.43,MA
9/30/2010,1.32,15.962121212121211,4.13,3.71,0.89,6.23,2.2,0,0,3.32,0.68,42.3,22.74,64.75,4.14,51.03,21.07,2.83,4.85,1.73,4143,4851,1428,1428,766,810,518,0.39,1310,5.101694915254238,5.679245283018868,23.674157303370787,8.17,MA
12/31/2010,1.41,14.957446808510639,4.23,3.98,1.18,6.45,2.05,0,0,3.62,0.69,40.9,23.24,85.67,4.01,49.98,21.09,3.14,5.22,1.84,4198,5216,1438,1438,569,582,412,0.32,1310,4.985815602836879,5.298994974874372,17.872881355932204,8.84,MA
3/31/2011,1.49,15.91275167785235,4.38,4.05,1.37,6.07,2.18,0,0,3.3,0.63,40.22,23.68,128.41,3.95,50.09,23.71,2.79,5.2,1.95,3939,5202,1501,1501,836,878,562,0.43,1310,5.4132420091324205,5.854320987654321,17.306569343065693,8.5,MA
6/30/2011,1.62,17.52469135802469,4.64,4.31,1.54,6.01,2.03,0,0,3.54,0.65,40.48,24.33,251.94,3.71,53.11,28.39,2.96,5.48,2.1,3604,5481,1667,1667,885,934,608,0.48,1280,6.118534482758621,6.587006960556845,18.435064935064936,9.03,MA
9/30/2011,1.78,16.79775280898876,4.98,4.71,1.88,6.75,2.18,0,0,3.69,0.62,42.03,25.52,251.94,4.27,57.66,29.9,3.11,5.98,2.3,4392,5982,1818,1818,1002,1053,717,0.56,1270,6.004016064257027,6.348195329087049,15.904255319148936,9.67,MA
12/31/2011,1.48,23.756756756756754,5.23,4.63,1.95,7.74,1.84,0,0,4.82,0.82,33.82,20.12,251.94,4.2,47.25,35.16,4.22,5.88,1.91,4949,5877,1728,1728,-10,42,19,0.01,1284,6.722753346080305,7.593952483801296,18.03076923076923,10.69,MA
3/31/2012,1.59,24.955974842767294,5.46,5.04,2,8.11,1.98,0,0,4.75,0.75,34.17,20,251.94,4.66,48.13,39.68,4.09,6.38,2.03,5141,6379,1758,1758,1000,1054,682,0.54,1270,7.267399267399267,7.873015873015873,19.84,11.13,MA
6/30/2012,1.67,24.317365269461078,5.61,5.02,2.07,8.28,1.92,0,0,4.96,0.79,34.56,19.82,251.94,4.61,47.76,40.61,4.31,6.28,2.12,4956,6276,1820,1820,974,1030,700,0.56,1260,7.23885918,8.089641434,19.618357487922708,11.24,MA
9/30/2012,1.72,24.802325581395348,5.71,5.56,2.08,9.07,2,0,0,5.2,0.75,34.15,19.24,251.94,5.16,46.67,42.66,4.55,6.92,2.17,5639,6924,1918,1918,1064,1122,772,0.62,1250,7.471103327495621,7.672661870503597,20.509615384615383,12.12,MA
12/31/2012,2.19,21.21004566210046,5.87,5.62,2.17,9.36,1.91,0,0,5.53,0.8,41.63,23.5,251.94,5.17,56.33,46.45,4.91,6.93,2.76,5729,6929,1895,1895,899,1480,605,0.48,1258,7.913117546848382,8.265124555160142,21.405529953917053,12.46,MA
3/31/2013,2.28,22.451754385964914,6.03,5.54,2.55,8.78,1.99,0,0,5.05,0.75,42.3,23.88,251.94,5.08,56.82,51.19,4.41,6.76,2.84,5744,6756,1906,1906,1107,1169,766,0.62,1230,8.489220563847429,9.240072202166065,20.07450980392157,11.81,MA
6/30/2013,2.42,22.483471074380166,6.31,5.81,2.65,8.96,2.07,0,0,4.99,0.71,43.29,24.71,251.94,5.34,57.67,54.41,4.33,7.03,2.99,5814,7029,2096,2096,1228,1289,848,0.7,1217,8.622820919175911,9.364888123924269,20.532075471698114,12.02,MA
9/30/2013,2.53,25.209486166007906,6.61,6.37,2.94,10.56,1.95,0,0,6.06,0.79,43.66,24.77,251.94,5.91,57.65,63.78,5.42,7.67,3.1,6734,7668,2218,2218,1248,1312,879,0.73,1209,9.649016641452345,10.012558869701726,21.69387755102041,13.73,MA
12/31/2013,2.57,30.848249027237358,6.83,6.28,3.16,10.95,1.82,0,0,6.75,0.9,43.06,24.06,251.94,5.7,56.57,79.28,6.03,7.5,3.12,7018,7495,2092,2092,920,1594,623,0.51,1215,11.607613469985358,12.624203821656051,25.088607594936708,14.24,MA
3/31/2014,2.67,26.55056179775281,7.11,5.6,2.92,11.34,1.89,0,0,8.22,1.25,44.77,23.51,231.96,4.57,59.84,70.89,5.99,6.58,3.22,7102,6578,2172,2172,1285,1522,870,0.73,1189,9.970464135021096,12.658928571428572,24.277397260273972,14.8,MA
6/30/2014,2.78,25.118705035971225,7.41,5.45,2.94,10.58,1.83,0,0,8.06,1.28,47.09,23.12,121.81,4.03,65.37,69.83,5.79,6.31,3.3,6254,6314,2368,2368,1383,1625,931,0.8,1169,9.423751686909581,12.812844036697246,23.75170068027211,14.38,MA
9/30/2014,2.92,24.095890410958905,7.72,5.67,3.02,10.96,1.87,0,0,8.11,1.24,51.07,23.69,83.74,4.39,73.62,70.36,5.85,6.55,3.44,6859,6548,2490,2490,1420,1691,1015,0.87,1160,9.113989637,12.409171075837742,23.29801324503311,14.66,MA
12/31/2014,3.09,26.58252427184466,8.06,5.92,2.63,11,1.77,0,0,8.51,1.25,55.09,24.45,63.35,4.59,82.34,82.14,6.22,6.82,3.62,6915,6824,2411,2411,1018,1280,801,0.7,1169,10.19106699751861,13.875,31.23193916,15.33,MA
3/31/2015,3.25,25.38769230769231,8.17,5.54,2.93,10.35,1.74,0,0,8.3,1.31,57.91,25.54,64.66,4.22,87.5,82.51,5.94,6.33,3.77,6336,6334,2230,2230,1351,1622,1020,0.89,1152,10.099143206854347,14.893501805054152,28.160409556313994,14.63,MA
6/30/2015,3.26,27.438650306748468,8.24,5.68,3,10.22,1.58,0,0,8.84,1.37,57.49,25.09,62.76,3.63,89.31,89.45,6.48,6.44,3.76,5618,6436,2390,2390,1251,1517,921,0.81,1141,10.855582524271846,15.74823943661972,29.816666666666666,15.27,MA
9/30/2015,3.25,26.578461538461536,8.33,5.6,2.9,9.63,1.62,0,0,8.34,1.32,57.45,24.85,62.61,3.57,92.92,86.38,5.94,6.3,3.72,5650,6298,2530,2530,1369,1665,977,0.86,1133,10.369747899159663,15.425,29.78620689655172,14.63,MA
12/31/2015,3.35,27.90149253731343,8.48,5.43,3.31,10.98,1.75,0,0,10.19,1.68,60.61,25.06,61.77,3.37,102.99,93.47,6.27,6.06,3.81,7279,6062,2517,2517,1107,1404,890,0.79,1137,11.022405660377357,17.21362799263352,28.238670694864048,16.25,MA
3/31/2016,3.32,27.382530120481928,8.74,5,3.45,10.61,1.65,0,0,10.39,1.89,61.66,24.15,59.89,2.84,111.77,90.91,6.44,5.51,3.75,6750,5511,2446,2446,1348,1647,959,0.86,1112,10.401601830663616,18.182,26.350724637681157,15.91,MA
6/30/2016,3.4,24.96764705882353,9.09,5.35,3.67,11,1.7,0,0,10.41,1.77,64.18,24.16,59.23,3.27,116.76,84.89,6.46,5.87,3.81,6989,5869,2694,2694,1380,1665,983,0.89,1101,9.338833883,15.86728971962617,23.130790190735695,16.28,MA
9/30/2016,3.62,27.160220994475136,9.48,5.72,3.84,11.78,1.65,0,0,11.07,1.77,67.81,24.43,59.64,3.69,122.01,98.32,7.12,6.25,4.02,7522,6249,2880,2880,1670,1996,1184,1.08,1099,10.371308016877636,17.18881118881119,25.604166666666664,17.32,MA
12/31/2016,3.69,27.08130081300813,9.77,5.26,3.86,13.23,1.84,0,0,12.99,2.29,69.64,23.81,59.92,3.21,124.85,99.93,7.21,5.68,4.06,8878,5684,2756,2756,1363,1686,933,0.86,1101,10.228249744114638,18.99809885931559,25.88860103626943,18.68,MA
3/31/2017,3.83,28.48041775456919,10.1,5.25,3.57,12.89,1.82,0,0,12.93,2.29,71.35,23.6,58.51,3.16,125.48,109.08,7.1,5.64,4.18,8203,5638,2734,2734,1506,1864,1081,1,1082,10.8,20.777142857142856,30.554621848739497,18.57,MA
6/30/2017,4.04,29.21287128712871,10.49,5.51,3.86,12.54,1.65,0,0,13.96,2.38,74.63,23.52,58.28,1.99,145.25,118.02,7.58,5.88,4.38,7503,5878,3053,3053,1653,1994,1177,1.1,1075,11.25071496663489,21.41923774954628,30.575129533678755,19.84,MA
9/30/2017,4.3,31.96744186046512,11.05,6.1,4.21,13.23,1.66,0,0,14.45,2.23,78.1,23.7,57.73,2.31,173.3,137.46,7.98,6.47,4.62,7968,6468,3398,3398,1941,2324,1430,1.34,1068,12.439819004524887,22.53442623,32.650831353919244,20.91,MA
12/31/2017,3.65,40.43287671232877,11.64,5.22,4.89,13.8,1.57,0,0,15.83,2.88,66.69,19.42,59.07,1.34,177.91,147.58,8.79,5.5,3.92,8328,5497,3312,3312,1522,1878,227,0.21,1072,12.678694158075603,28.27203065,30.179959100204503,21.33,MA
3/31/2018,4.06,42.13054187192119,12.5,5.47,5.16,14.71,1.64,0,0,17.21,3,73.4,20.35,60.11,1.51,242.01,171.05,8.95,5.73,4.33,8816,5731,3580,3580,1825,2232,1492,1.41,1057,13.684000000000001,31.27056672760512,33.14922480620155,22.94,MA
6/30/2018,4.46,43.091928251121075,13.15,5.08,5.3,14.31,1.51,0,0,17.19,3.26,82.14,21.53,62.66,1.26,294,192.19,9.46,5.28,4.72,8294,5279,3665,3665,1936,2342,1569,1.5,1049,14.615209125475285,37.83267716535433,36.262264150943395,22.47,MA
9/30/2018,4.94,44.12550607287449,13.71,5.6,5.9,15.06,1.55,0,0,17.54,3.03,93.03,23.03,65.95,1.82,349.53,217.98,9.71,5.8,5.19,9043,5796,3898,3898,2287,2705,1899,1.82,1043,15.899343544857766,38.925,36.945762711864404,23.34,MA
12/31/2018,5.6,33.025,14.25,5.26,5.46,16.17,1.4,0,0,19.44,3.59,105.45,25.03,62.99,1.52,383.13,184.94,11.59,5.42,5.86,8931,5418,3807,3807,1234,1697,899,0.87,1047,12.978245614035087,35.159695817490494,33.87179487179487,24.86,MA
3/31/2019,5.99,38.53422370617696,14.64,5.07,5.74,14.4,1.41,0,0,18.33,3.53,114.91,26.45,68.13,1.22,427.45,230.82,10.25,5.19,6.23,7836,5190,3889,3889,2213,2675,1862,1.8,1032,15.76639344262295,45.526627218934905,40.21254355400696,23.52,MA
6/30/2019,6.49,40.01386748844376,15.15,4.96,5.76,14.17,1.49,0,0,19.7,3.91,125.16,27.82,69.59,0.28,553.69,259.69,9.5,5.04,6.71,7162,5035,4113,4113,2397,2797,2048,2,1025,17.14125412541254,52.35685483870968,45.08506944444444,24.73,MA
9/30/2019,6.74,39.603857566765576,15.8,4.93,5.71,14.85,1.39,0,0,21.01,4.22,134.19,27.92,71.13,-0.06,933.47,266.93,10.71,4.98,6.92,6518,4975,4467,4467,2655,3047,2108,2.07,1019,16.894303797468353,54.14401622718053,46.74781085814361,25.98,MA
12/31/2019,7.94,37.00881612,16.48,5.88,7.29,16.9,1.42,0,0,23.32,3.94,153.77,31.38,75.82,0.48,1691.25,293.85,11.9,5.92,8.12,8260,5917,4414,4414,2399,2808,2100,2.07,1022,17.830703883495147,49.97448979591837,40.308641975308646,29.24,MA
3/31/2020,7.82,30.439897698209716,16.68,5.4,7.79,18.12,1.87,0,0,25.23,4.65,148.93,28.75,66.77,-0.09,5255.54,238.04,9.71,5.42,7.95,11271,5423,4009,4009,2211,2592,1693,1.68,1010,14.270983213429256,44.081481481481475,30.557124518613605,30.65,MA
6/30/2020,7.23,40.36237897648686,15.98,6.47,7.73,19.38,1.95,0,0,25.63,3.94,128.37,24.82,56.04,0.94,2318.61,291.82,9.92,6.5,7.32,12114,6498,3335,3335,1707,2083,1420,1.41,1008,18.261576971214016,45.10355486862442,37.75161708,32.13,MA
9/30/2020,6.67,50.10194902548726,15.41,5.87,7.11,18.47,1.86,0,0,25.74,4.4,113.55,21.77,48.29,0.19,1779.37,334.18,9.96,5.86,6.73,11211,5856,3837,3837,2105,2527,1513,1.51,1005,21.685918234912396,56.93015332197615,47.00140647,31.59,MA
12/31/2020,6.38,55.34952978056426,15.19,6.52,6.48,19.11,1.61,0,0,27.1,4.18,105.68,20.04,43.78,-0.23,3173.76,353.13,11.85,6.49,6.41,11182,6488,4120,4120,2058,2531,1785,1.77,1006,23.247531270572747,54.16104294478528,54.49537037037037,33.58,MA
3/31/2021,6.53,54.012251148545175,15.39,6.48,6.17,16.41,1.43,0,0,28.38,4.42,103.63,19.82,42.69,-3.95,-859.9,352.7,11.48,6.43,6.55,8321,6425,4155,4155,2197,2698,1828,1.83,998,22.917478882391162,54.429012345679006,57.163695299837926,34.8,MA
6/30/2021,7.2,50.287499999999994,16.63,6.62,6.99,15.08,1.34,0,0,28.37,4.34,113.67,21.33,45.57,-4.73,-330.06,362.07,11.3,6.54,7.19,7346,6540,4528,4528,2341,2840,2066,2.08,994,21.772098616957308,54.69335347432024,51.798283261802574,34.91,MA
9/30/2021,8.13,42.46248462484625,17.85,6.88,7.83,15.38,1.33,0,0,28.64,4.23,123.43,23.34,47.8,-4.36,-244.08,345.22,11.56,6.77,8.09,7502,6773,4985,4985,2717,3249,2414,2.44,990,19.340056022408962,50.17732558139535,44.08939974457216,35.41,MA
12/31/2021,8.76,40.77853881278539,19.01,7.53,8.72,16.95,1.29,0,0,30.29,4.1,128.12,24.34,50.47,-3.95,-204.54,357.22,13.16,7.38,8.69,8480,7383,5216,5216,2827,3392,2379,2.41,992,18.791162546028406,47.43957503320053,40.96559633027523,37.67,MA
3/31/2022,9.61,37.01977107180021,20.12,7.28,8.91,15.95,1.34,0,0,30.06,4.23,136.56,26.15,53.35,-4.2,-220.2,355.76,11.93,7.1,9.49,7913,7102,5167,5167,2950,3572,2631,2.68,981,17.681908548707753,48.86813186813187,39.92817059483726,37.16,MA
6/30/2022,9.87,31.863221884498483,21.2,6.44,9.16,15.21,1.26,0,0,30,4.81,141.11,26.49,56.55,-4.96,-222.15,314.49,12.09,6.24,9.7,6943,6236,5497,5497,3018,3589,2275,2.34,974,14.834433962264152,48.83385093167702,34.332969432314414,36.23,MA
9/30/2022,10.01,28.35964035964036,22.12,6.67,10.55,16.82,1.25,0,0,31.19,4.86,144.18,26.32,58.48,-4.34,-224.38,283.88,13.48,6.42,9.78,8631,6423,5756,5756,3112,3682,2499,2.58,968,12.833634719710668,42.56071964017991,26.908056872037914,37.61,MA
1/31/2009,,,,10.48,,13.36,1.2,2.69,0.24,23.39,1.32,,,,,,,11.15,17.78,,,,,,,,,,,,,,,HD
4/30/2009,,,,10.57,,16.31,1.2,4.89,0.36,25.77,1.43,,,,,,,13.55,17.99,,2220,17994,16175,5450,980,1433,514,0.3,1689,,,,,HD
7/31/2009,,,,11.25,,16.56,1.32,5.77,0.46,24.83,1.3,,,,,,,12.56,19.17,,3113,19169,19071,6388,1833,2291,1116,0.66,1691,,,,,HD
10/31/2009,1.34,13.686567164179104,39.18,11.39,4.79,15.9,1.28,5.08,0.41,23.67,1.22,12.19,5.27,15.51,18.22,12.99,18.34,12.46,19.38,2.27,2725,19380,16361,5561,1263,1716,689,0.41,1693,0.46809596733027053,1.6101843722563651,3.8288100208768268,43.05,HD
1/31/2010,1.57,13.146496815286625,39.13,11.42,2.56,13.9,1.34,3.71,0.36,21.48,1.11,14.02,6.2,17.06,18.22,14.93,20.64,10.36,19.39,2.66,1421,19393,14569,5013,727,1169,342,0.2,1692,0.5274725274725275,1.8073555166374782,8.0625,40.88,HD
4/30/2010,1.7,15.388235294117647,39.54,11.49,2.73,16.65,1.19,5.17,0.37,24.25,1.25,14.86,6.7,18.32,18.18,15.82,26.16,13.98,19.37,2.87,2442,19371,16863,5794,1305,1743,725,0.43,1688,0.661608498,2.2767624020887727,9.582417582417582,43.62,HD
7/31/2010,1.76,12.113636363636363,39.94,11.67,2.54,15.76,1.24,5,0.39,23.09,1.19,15.2,6.93,19.38,18.26,16.18,21.32,12.74,19.45,2.95,2395,19445,19410,6582,2049,2477,1192,0.72,1663,0.5338007010515774,1.8269065981148245,8.393700787401574,42.54,HD
10/31/2010,1.86,12.526881720430108,40.36,11.64,2.09,15.08,1.33,4.08,0.36,22.63,1.18,16,7.33,20.08,17.94,17.04,23.3,11.36,19.12,3.09,1425,19115,16598,5685,1448,1874,834,0.51,1646,0.5773042616451933,2.0017182130584192,11.148325358851675,41.74,HD
1/31/2011,2.02,13.831683168316832,40.87,11.64,2.16,13.48,1.33,2.85,0.28,21.24,1.12,17.38,7.95,21.29,17.7,18.53,27.94,10.12,18.89,3.34,545,18889,15126,5243,1037,1463,587,0.35,1658,0.6836310252018596,2.4003436426116838,12.935185185185185,40.13,HD
4/30/2011,2.09,13.598086124401915,41.32,11.39,2.22,16.16,1.41,4.47,0.39,24.6,1.35,18.11,8.19,21.36,16.99,19.33,28.42,11.46,18.2,3.43,1806,18198,16823,5828,1422,1846,812,0.5,1611,0.6878025169409487,2.495171202809482,12.801801801801801,42.8,HD
7/31/2011,2.23,12.067264573991032,42.48,11.62,2.92,15.86,1.45,5.1,0.47,24.04,1.32,19.32,8.62,21.88,17.06,20.64,26.91,10.95,18.23,3.6,2551,18233,20232,6876,2294,2719,1363,0.86,1577,0.6334745762711865,2.315834767641997,9.215753424657535,42.28,HD
10/31/2011,2.32,11.97844827586207,43.59,11.53,3.28,15.48,1.46,4.76,0.45,23.73,1.34,20.23,8.87,22.35,16.7,21.6,27.79,10.59,17.77,3.7,2234,17769,17326,5961,1615,2031,934,0.6,1548,0.6375315439320944,2.4102341717259326,8.472560975609756,41.5,HD
1/31/2012,2.79,12.440860215053764,47.16,11.64,5.48,14.52,1.55,4.2,0.45,22.62,1.26,21.54,9.3,23.16,16.78,23,34.71,9.38,17.9,3.88,1987,17898,16014,5597,1330,1747,774,0.51,1570,0.7360050890585242,2.981958762886598,6.333941605839415,40.52,HD
4/30/2012,2.61,15.616858237547893,45.96,11.75,5.58,17.35,1.43,5.77,0.48,25.33,1.41,22.85,9.8,24.21,16.84,24.38,40.76,12.1,17.98,4.11,3191,17975,17808,6183,1714,2124,1035,0.68,1531,0.8868581375108789,3.468936170212766,7.304659498207885,43.3,HD
7/31/2012,3.02,13.67549668874172,48.38,11.7,5.96,16.23,1.45,5.32,0.47,24.35,1.38,23.99,10.22,25.29,16.48,25.6,41.3,11.23,17.63,4.28,2810,17634,20570,7026,2569,2992,1532,1.01,1512,0.8536585365853657,3.52991453,6.929530201342281,41.98,HD
10/31/2012,2.82,17.31560283687943,47.54,11.86,4.86,15.96,1.5,5,0.47,23.92,1.35,24.07,10.24,25.7,16.6,25.72,48.83,10.67,17.74,4.29,2554,17738,18130,6267,1733,2157,947,0.63,1498,1.0271350441733278,4.117200674536257,10.047325102880658,41.66,HD
1/31/2013,3,17.826666666666664,49.41,11.98,3.78,15.37,1.34,4.66,0.41,23.31,1.31,25.5,10.8,27.5,16.61,27.27,53.48,11.46,17.78,4.54,2494,17777,18246,6366,1750,2177,1021,0.68,1511,1.0823719894758146,4.464106844741235,14.148148148148149,41.08,HD
4/30/2013,2.79,21.125448028673834,47.4,11.22,4.82,18.62,1.33,6.8,0.49,27.8,1.7,27.18,11.19,29.09,15.21,29.13,58.94,14.02,16.39,4.73,4337,16393,19124,6679,2094,2529,1226,0.83,1478,1.2434599156118142,5.253119429590018,12.228215767634854,44.2,HD
7/31/2013,3.56,17.929775280898877,53.39,10.79,1.38,16.9,1.3,5.81,0.45,26.71,1.73,29.61,11.8,31.1,14.31,31.82,63.83,13,15.48,4.99,3419,15478,22522,7721,3018,3460,1795,1.24,1443,1.1955422363738528,5.915662651,46.25362319,42.19,HD
10/31/2013,3.5,18.068571428571428,53.53,10.1,1.1,18.6,1.48,7.25,0.58,29.6,2.08,33.78,12.59,33.01,13.04,36.46,63.24,12.53,14.21,5.39,4853,14214,19470,6798,2293,2733,1351,0.95,1417,1.1813936110592191,6.261386138613862,57.490909090909085,43.81,HD
1/31/2014,3.6,17.419444444444444,53.76,9.07,1.4,15.28,1.42,4.22,0.39,28,2.24,36.75,12.62,33.06,11.23,40.05,62.71,10.75,12.52,5.39,1929,12522,17696,5717,1761,2201,1013,0.74,1434,1.1664806547619049,6.9140022050716645,44.792857142857144,40.52,HD
4/30/2014,3.92,16.645408163265305,56,8.88,2.29,17.52,1.32,5.17,0.39,30.48,2.51,40.75,13.1,34.03,10.85,44.81,65.25,13.27,12.15,5.54,2511,12146,19687,6757,2277,2724,1379,1,1376,1.1651785714285714,7.347972972972972,28.49344978165939,42.63,HD
7/31/2014,4.2,15.890476190476189,57.99,8.51,5,18.49,1.44,6.83,0.53,32.02,2.8,46.03,13.6,35.2,10.16,51.16,66.74,12.84,11.46,5.79,4216,11457,23811,8007,3448,3897,2050,1.52,1353,1.150888084,7.842538190364277,13.347999999999999,43.48,HD
10/31/2014,4.4,18.388636363636362,59.63,7.67,4.8,16.75,1.37,4.74,0.39,31.4,3.11,51.73,14.22,36.83,8.83,58.23,80.91,12.26,10.11,5.98,2181,10110,20516,7043,2553,3002,1537,1.15,1334,1.3568673486500082,10.548891786179922,16.85625,41.51,HD
1/31/2015,4.72,18.44279661016949,61.52,7.13,5.09,15.3,1.36,4.22,0.38,30.62,3.29,58.98,15.15,38.77,7.97,67.12,87.05,11.27,9.32,6.35,1723,9322,19162,6582,2191,2632,1379,1.04,1346,1.4149869960988295,12.208976157082748,17.102161100196465,39.95,HD
4/30/2015,4.93,18.184584178498987,63.22,7.09,5.79,18,1.06,5.69,0.34,33.31,3.62,65.3,15.63,41.43,7.85,75.22,89.65,17.01,9.2,6.55,2827,9204,20891,7179,2597,3051,1579,1.21,1305,1.4180639038279026,12.64456981664316,15.483592400690847,42.51,HD
7/31/2015,5.14,19.182879377431906,64.89,6.73,5.7,19.53,1.19,7.67,0.47,35.16,4.07,72.21,16.04,43.53,7.3,84.28,98.6,16.4,8.64,6.73,4936,8637,24829,8365,3647,4108,2234,1.73,1289,1.5194945292032669,14.65081723625557,17.298245614035086,43.8,HD
10/31/2015,5.34,19.60861423220974,66.63,6.01,6.09,18.61,1.17,6.11,0.38,36.53,4.8,79.55,16.24,45.85,5.51,96.68,104.71,15.98,7.62,6.92,3040,7619,21819,7565,2981,3450,1725,1.35,1274,1.5715143328830856,17.422628951747086,17.193760262725778,44.15,HD
1/31/2016,5.46,19.59157509157509,68.75,5.04,6.17,16.48,1.32,4.68,0.37,35.66,5.65,88.23,16.26,46.85,4.21,112.76,106.97,12.52,6.32,7.01,2216,6316,20980,7156,2549,3028,1471,1.17,1283,1.5559272727272726,21.224206349206348,17.33711507293355,41.97,HD
4/30/2016,5.69,20.124780316344463,70.92,5.09,6.45,19.01,1.26,5.79,0.38,38.24,6.04,100.09,16.58,46.8,4.21,136.27,114.51,15.15,6.34,7.23,3257,6335,22762,7791,3077,3563,1803,1.44,1252,1.614636209813875,22.497053045186643,17.753488372093024,44.58,HD
7/31/2016,5.93,20.040472175379428,73.01,5.39,7.11,18.94,1.3,6.62,0.46,37.59,5.65,110.52,17.01,47.37,4.55,161,118.84,14.53,6.66,7.44,4018,6657,26472,8927,4103,4595,2441,1.97,1240,1.62772223,22.048237476808907,16.71448663853727,44.25,HD
10/31/2016,6.18,17.059870550161815,74.72,4.61,6.75,19.35,1.34,6.11,0.42,38.88,6.92,123.29,17.53,47.51,3.53,186.23,105.43,14.43,5.62,7.68,3589,5622,23154,8042,3320,3816,1969,1.6,1229,1.4110010706638116,22.86984815618221,15.61925925925926,44.5,HD
1/31/2017,6.45,18.530232558139534,76.36,3.6,6.65,17.72,1.25,5.18,0.37,38.63,8.92,138.7,18.05,49.08,2.24,219.05,119.52,14.13,4.33,7.96,2538,4333,22207,7553,2927,3426,1744,1.44,1234,1.565217391304348,33.199999999999996,17.972932330827067,42.97,HD
4/30/2017,6.68,20.42365269461078,78.02,3.31,7.42,19.9,1.21,6.29,0.38,40.98,10.34,158.8,18.49,50.48,1.87,268.13,136.43,16.44,3.96,8.17,3565,3962,23887,8154,3349,3854,2014,1.67,1204,1.7486541912330174,41.21752265861027,18.38679245283019,44.94,HD
7/31/2017,6.96,18.895114942528735,80.32,3.01,7.56,20.51,1.3,7.64,0.48,42.41,11.93,192.3,18.83,51.61,1.32,375.25,131.51,15.82,3.55,8.4,4830,3554,28108,9461,4463,4973,2672,2.25,1189,1.6373256972111554,43.691029900332225,17.395502645502646,45.96,HD
10/31/2017,7.2,20.36111111111111,82.79,2.18,8.29,19.68,1.23,6.26,0.39,42.48,16.71,238.88,19.22,53.49,0.33,597.71,146.6,16,2.54,8.6,3549,2543,25026,8648,3680,4198,2165,1.84,1174,1.7707452590892618,67.24770642201834,17.683956574185768,45.02,HD
1/31/2018,7.28,24.524725274725274,84.97,1.26,8.6,18.93,1.17,6.19,0.38,43.08,29.63,299.83,19.13,54.95,-0.82,1282.79,178.54,16.19,1.45,8.63,3595,1454,23883,8093,3189,3718,1779,1.53,1184,2.1012121925385427,141.69841269841268,20.760465116279068,44.53,HD
4/30/2018,7.69,21.479843953185956,86.67,1.46,8.14,21.21,1.17,6.78,0.37,44.96,26.65,390.56,19.81,55.29,-0.59,15686.96,165.18,18.13,1.69,9.02,3599,1687,24947,8617,3381,3913,2404,2.08,1158,1.9058497750086536,113.13698630136987,20.292383292383292,46.65,HD
7/31/2018,8.49,20.910482921083627,89.54,1.75,8.62,20.8,1.13,6.76,0.37,44.22,22.01,512.36,21.61,58.41,-0.24,-2961.38,177.53,18.43,2.01,9.85,3490,2009,30463,10365,4901,5431,3506,3.05,1149,1.9826893008711188,101.44571428571429,20.59512761020882,46.23,HD
10/31/2018,9.16,17.344978165938866,91.28,1.17,8.74,19.81,1.09,5.06,0.28,43.88,33.24,652.61,23.12,60.39,-0.94,-1627.13,158.88,18.2,1.32,10.56,1764,1320,26302,9151,3870,4411,2867,2.51,1141,1.7405784399649429,135.7948717948718,18.17848970251716,45.2,HD
1/31/2019,9.73,17.138746145940388,94.28,-1.7,9.38,18.53,1.11,4.6,0.28,45.88,-24.43,1417.59,24.43,61.62,-4.13,-753.46,166.76,16.72,-1.88,11.12,1778,-1878,26491,9027,3378,3927,2344,2.09,1143,1.7687738650827323,-98.09411765,17.77825159914712,44,HD
4/30/2019,9.92,18.797379032258064,96.59,-1.95,10.07,20.55,1.05,5.06,0.26,53.66,-25.04,-6491.33,24.03,63.27,-4.39,-462.95,186.47,19.67,-2.14,11.23,1882,-2143,26381,9017,3597,4144,2513,2.27,1106,1.9305311108810435,-95.62564103,18.517378351539225,51.52,HD
7/31/2019,10.04,19.618525896414344,98.14,-1.06,10.09,20.7,1.1,5.96,0.32,53.17,-45.84,-1160.63,23.25,62.87,-3.41,-348.05,196.97,18.8,-1.16,11.2,2547,-1160,30839,10432,4896,5456,3479,3.17,1099,2.007030772366008,-185.8207547,19.521308225966305,52.01,HD
10/31/2019,10.06,21.62425447316103,99.97,-0.99,10.22,21.17,1.08,5.46,0.28,53.39,-49.35,-709.24,22.23,62.64,-3.34,-290.86,217.54,19.57,-1.08,11.11,2193,-1082,27223,9387,3947,4541,2769,2.53,1094,2.1760528158447534,-219.7373737,21.285714285714285,52.31,HD
1/31/2020,10.25,20.767804878048782,100.3,-2.89,10.04,19.81,1.08,5.28,0.29,54.35,-17.44,-599.49,21.72,62.35,-5.37,-272.34,212.87,18.38,-3.12,11.24,2133,-3116,25782,8736,3403,3998,2481,2.28,1097,2.122333000997009,-73.65743945,21.202191235059765,51.24,HD
4/30/2020,10.06,20.536779324055665,102.69,-3.24,11.17,27.28,1.17,12.29,0.53,62.23,-17.83,-496.11,20.48,59.07,-5.71,-246.21,206.6,23.35,-3.49,10.97,8696,-3490,28260,9625,3276,3883,2245,2.08,1077,2.0118804167883924,-63.7654321,18.495971351835273,58.74,HD
7/31/2020,10.91,23.00641613,109.96,-0.38,16.2,31.36,1.3,17.86,0.74,63.76,-154.02,-583.91,20.97,60.07,-2.65,-277.27,251,24.2,-0.41,11.83,14139,-414,38053,12941,6067,6682,4332,4.02,1077,2.282648235722081,-660.5263158,15.493827160493828,63.35,HD
10/31/2020,11.56,21.926470588235293,116.18,1.43,16.64,34.51,1.36,18.35,0.72,65.38,42.6,-910.85,20.8,58.66,-0.7,-346.27,253.47,25.4,1.54,12.49,14652,1535,33536,11456,4852,5483,3432,3.18,1078,2.181700809089344,177.25174825174827,15.232572115384615,66.92,HD
1/31/2021,11.93,21.693210393964797,122.61,3.06,15.19,28.48,1.23,11.85,0.51,67.28,20.4,5533.76,19.83,54.73,-3.83,-399.41,258.8,23.17,3.3,12.87,7895,3299,32261,10831,4083,4749,2857,2.66,1078,2.1107576869749614,84.57516339869281,17.037524687294272,70.58,HD
4/30/2021,13.71,22.700218818380744,131.25,1.64,15.79,30.67,1.11,11.49,0.41,70.82,40.51,957.59,21.6,58.59,-5.39,-470.11,311.22,27.76,1.75,14.77,6648,1748,37500,12742,5781,6484,4145,3.86,1075,2.3712000000000004,189.76829268292687,19.70994300189994,72.57,HD
7/31/2021,14.22,22.30872011251758,134.64,1.96,10.77,28.26,1.06,9.35,0.35,68.7,33.2,704.7,21.71,58.61,-5.39,-398.41,317.23,26.67,2.07,15.24,4566,2069,41118,13665,6639,7350,4807,4.53,1062,2.356134878193702,161.85204081632654,29.454967502321267,70.77,HD
10/31/2021,14.96,24.141711229946523,138.49,0.99,11.49,30.47,1.13,9.88,0.37,72,69.56,782.14,22.22,59.81,-6.41,-303.42,361.16,26.9,1.04,15.94,5067,1035,36820,12563,5795,6509,4129,3.92,1053,2.6078417214239296,364.80808080808083,31.432550043516102,73.03,HD
1/31/2022,15.52,23.06765463917526,142.33,-1.64,13.24,29.06,1.01,6.99,0.24,73.57,-43.38,2082.76,22.8,63.6,-9.15,-249.66,358.01,28.69,-1.7,16.43,2343,-1696,35719,11862,4825,5559,3352,3.22,1058,2.5153516475795685,-218.2987805,27.04003021148036,71.88,HD
4/30/2022,15.75,18.718095238095238,145.07,-1.66,10.84,33.87,1.12,8.57,0.28,78.28,-45.8,-21952.16,22.61,63.56,-9.16,-219.53,294.81,30.39,-1.71,16.52,2844,-1709,38908,13145,5929,6656,4231,4.09,1034,2.032191355897153,-177.5963855,27.19649446494465,76.57,HD
7/31/2022,16.27,18.26859250153657,149.08,0.23,10.45,32.94,1.18,6.85,0.25,75.59,318.94,-3166.43,22.72,63.52,-7.21,-211.54,297.23,27.83,0.24,16.89,1259,237,43792,14483,7210,7956,5173,5.05,1025,1.9937617386638047,1292.304347826087,28.44306220095694,75.83,HD
10/31/2022,16.59,17.74562989752863,152.11,1.27,9.8,33.68,1.39,7.96,0.33,75.57,58.22,-3656.68,22.71,62.26,-6.14,-216.02,294.4,24.28,1.3,17.1,2462,1298,38872,13224,6148,6891,4339,4.24,1023,1.935441456840444,231.81102362204723,30.040816326530607,76.87,HD
12/31/2009,,,,,,0,0,0,0,0,0,,,,,,,,0,,,,,,,,,,,,,,,META
3/31/2010,,,,,,0,0,0,0,0,0,,,,,,,,0,,,0,345,245,162,162,95,0,,,,,,META
6/30/2010,,,,,,0,0,0,0,0,0,,,,,,,,0,,,0,431,320,218,218,129,0,,,,,,META
9/30/2010,,,,,,0,0,0,0,0,0,,,,,,,,0,,,0,467,336,216,216,131,0,,,,,,META
12/31/2010,,,,,,2.25,5.77,0,0,0.83,0.38,112.12,81.07,171.31,2.16,112.12,,0.39,2.16,0.61,1785,2162,731,581,437,576,251,0,,,,,2.99,META
3/31/2011,,,,,,0,0,0,0,0,0,122.85,88.83,208.79,,122.85,,,,0.66,,,731,564,388,439,153,0.11,2878,,,,0,META
6/30/2011,,,,,,0,0,0,0,0,0,128.4,92.84,240.13,,128.4,,,,0.69,,,895,685,407,479,159,0.11,1510,,,,0,META
9/30/2011,,,,,,0,0,0,0,0,0,131.91,95.38,272.97,,131.91,,,,0.71,,,954,718,414,511,150,0.1,1520,,,,0,META
12/31/2011,,,,,,4.6,5.12,0,0,1.43,0.29,54.46,42.14,132.68,4.74,56.32,,0.9,4.9,0.67,3908,4899,1131,884,548,651,205,0.14,1519,,,,6.33,META
3/31/2012,,,,,,4.69,4.52,0,0,1.59,0.3,25.6,19.74,63.79,5.08,26.52,,1.04,5.27,0.65,3910,5272,1058,781,381,491,137,0.09,1527,,,,6.86,META
6/30/2012,,,,6.21,,11.97,11.57,0,0,1.62,0.12,5.71,4.77,9.73,12.5,6,,1.03,13.31,0.34,10188,13309,1184,817,-743,-604,-157,-0.08,1879,,,,14.93,META
9/30/2012,,,,6.54,,12.29,11.38,0,0,1.86,0.13,1.34,1.14,5.72,12.75,1.44,,1.08,14.17,0.13,10452,14174,1262,940,377,553,-59,-0.02,2420,,,,16.04,META
12/31/2012,,,,4.98,,11.27,10.71,0,0,3.35,0.29,-0.13,-0.11,4.5,10.37,-0.15,,1.05,11.76,-0.02,9626,11755,1585,1187,523,747,64,0.03,2506,,,,15.1,META
3/31/2013,0.02,1279,2.37,4.94,0.31,11.04,10.39,0,0,3.34,0.28,0.51,0.42,3.79,10.32,0.57,25.58,1.06,11.82,0.07,9472,11824,1458,1045,373,606,217,0.09,2499,10.793248945147678,5.178137651821862,82.51612903225806,15.16,META
6/30/2013,0.23,108.17391304347825,2.46,5.11,0.83,11.42,10.58,0,0,3.38,0.27,4.41,3.57,13.02,10.72,5.01,24.88,1.08,12.35,0.55,10252,12349,1813,1348,562,792,331,0.13,2502,10.113821138211382,4.868884540117416,29.97590361445783,15.72,META
9/30/2013,0.42,119.59523809523809,2.74,5.35,1.03,10.55,10.72,0,0,1.89,0.14,8.44,6.79,15.95,11.44,9.65,50.23,0.98,13.05,1.03,9328,13048,2016,1509,736,1010,422,0.17,2528,18.332116788321166,9.388785046728971,48.76699029126213,14.93,META
12/31/2013,0.59,92.62711864406779,3.13,6.1,1.14,13.07,11.88,0,0,2.43,0.16,11.32,9.36,19.68,13.75,12.9,54.65,1.1,15.47,1.49,11449,15470,2585,2095,1133,1407,521,0.21,2517,17.46006389776358,8.959016393442623,47.938596491228076,17.9,META
3/31/2014,0.75,80.32000000000001,3.51,6.56,1.33,14.06,13.56,0,0,2.29,0.14,13.28,11.32,23.31,15.06,15.02,60.24,1.04,16.74,1.91,12629,16737,2502,2040,1075,1339,639,0.25,2609,17.162393162393165,9.182926829268293,45.29323308270676,19.03,META
6/30/2014,0.92,73.14130435,3.9,7.15,1.24,15.56,12.82,0,0,2.42,0.13,14.91,13.05,26.89,16.67,16.66,67.29,1.21,18.35,2.37,13956,18346,2910,2437,1390,1647,788,0.3,2615,17.253846153846155,9.411188811188811,54.26612903225807,20.77,META
9/30/2014,1.05,75.27619047619048,4.31,8.18,1.27,16.12,13.06,0,0,2.95,0.14,15.32,13.43,27.56,17.31,17.52,79.04,1.23,21.24,2.75,14250,21238,3203,2638,1397,1686,802,0.3,2644,18.338747099767986,9.662591687041566,62.23622047244095,24.19,META
12/31/2014,1.1,70.92727272727272,4.73,12.99,2.06,13.39,9.4,0,0,3.87,0.11,12.66,11.26,21.48,14.19,18.51,78.02,1.42,36.1,2.93,11199,36096,3851,3198,1132,1565,696,0.25,2664,16.494714587737842,6.006158583525789,37.873786407766985,39.97,META
3/31/2015,1.03,79.82524272,5.02,13.45,2.13,15,8.59,0,0,4.51,0.12,9.88,8.81,17.07,15.72,17.5,82.22,1.75,37.5,2.8,12413,37501,3543,2889,933,1390,509,0.18,2836,16.378486055776893,6.113011152416357,38.60093896713615,42.01,META
6/30/2015,0.98,87.52040816,5.32,14.09,2.26,16.95,9.01,0,0,4.68,0.12,8.11,7.24,14.05,17.82,16.74,85.77,1.88,39.45,2.72,14125,39452,4042,3374,1273,1732,715,0.25,2850,16.122180451127818,6.087295954577715,37.95132743362832,44.13,META
9/30/2015,0.99,90.63636363636364,5.69,14.72,2.47,19.14,10.68,0,0,5.05,0.12,7.28,6.52,12.39,19.96,16.61,89.73,1.79,41.42,2.81,15834,41420,4501,3781,1459,1945,891,0.31,2863,15.769771528998243,6.095788043478261,36.32793522267206,46.47,META
12/31/2015,1.28,81.765625,6.29,15.6,2.73,21.65,11.25,0,0,5.19,0.12,9.03,8.06,15.27,22.95,19.2,104.66,1.93,44.22,3.67,18434,44218,5842,5017,2560,3103,1554,0.55,2853,16.639109697933225,6.708974358974359,38.336996336996336,49.41,META
3/31/2016,1.62,70.43209876543209,6.89,16.54,3.12,23.81,13.16,0,0,4.93,0.1,11.36,10.19,23.29,26.05,22.55,114.1,1.81,47.15,4.89,20621,47150,5382,4544,2010,2562,1732,0.6,2905,16.560232220609578,6.898428053204353,36.57051282051282,52.08,META
6/30/2016,2.08,54.94230769230769,7.68,17.6,3.56,27.01,12.22,0,0,5.36,0.11,14.09,12.67,40.83,29.46,26.23,114.28,2.21,50.38,6.45,23293,50383,6436,5519,2734,3319,2276,0.78,2921,14.880208333333334,6.493181818181818,32.10112359550562,55.74,META
9/30/2016,2.59,49.52509652509653,8.5,18.82,4.07,30.33,11.69,0,0,5.56,0.1,16.71,15.09,94.04,33.33,29.28,128.27,2.6,54.12,8.18,26140,54115,7011,6024,3117,3708,2620,0.9,2931,15.090588235294119,6.815621679064825,31.515970515970515,59.67,META
12/31/2016,3.26,35.29141104294479,9.46,20.47,3.97,34.4,11.97,0,0,5.77,0.1,19.33,17.53,272.97,38.54,31.99,115.05,2.88,59.19,10.19,29449,59194,8809,7762,4566,5180,3560,1.21,2925,12.161733615221985,5.620420127015144,28.979848866498738,64.96,META
3/31/2017,3.78,37.57936507936508,10.34,21.46,4.45,36.93,12.61,0,0,6.53,0.11,20.39,18.49,272.97,41.7,32.2,142.05,2.93,62.19,11.52,32306,62188,8032,6873,3327,3998,3059,1.04,2944,13.737911025145069,6.619291705498602,31.921348314606742,68.71,META
6/30/2017,4.39,34.391799544419136,11.29,22.92,4.87,40.8,12.31,0,0,7.36,0.11,21.7,19.65,272.97,46.17,32.88,150.98,3.32,66.48,13.13,35452,66481,9321,8084,4401,5130,3890,1.32,2951,13.372896368467671,6.587260034904013,31.002053388090346,73.84,META
9/30/2017,5.16,33.11434108527132,12.39,24.52,5.34,44.2,13.38,0,0,7.79,0.11,23.49,21.24,272.97,50.95,34.31,170.87,3.31,71.21,15.21,38289,71208,10328,8880,5122,5894,4704,1.59,2956,13.790960451977401,6.968597063621534,31.99812734082397,79,META
12/31/2017,5.39,32.73840445269017,13.77,25.58,5.91,48.56,12.92,0,0,10.18,0.14,23.22,20.81,272.97,54.24,32.99,176.46,3.76,74.35,15.92,41711,74347,12972,11362,7353,8206,4267,1.44,2956,12.814814814814817,6.898358092259579,29.85786802030457,84.52,META
3/31/2018,6.04,26.45529801324503,15.1,26.75,6.34,50.41,9.91,0,0,11.33,0.15,24.65,21.88,272.97,57.62,34.16,159.79,5.09,77.62,17.85,43956,77620,11966,10039,5449,6398,4987,1.69,2945,10.582119205298014,5.973457943925234,25.20347003154574,88.95,META
6/30/2018,6.46,30.08049535603715,16.46,27.46,6,49.83,10.67,0,0,10.91,0.14,25.2,22.25,272.97,59.55,34.3,194.32,4.67,79.38,19.06,42309,79382,13231,11017,5863,6897,5106,1.74,2930,11.805589307411907,7.076474872541879,32.38666666666666,90.29,META
9/30/2018,6.63,24.805429864253394,17.68,27.96,5.96,49.15,9,0,0,12.11,0.15,25.02,21.89,272.97,60.59,33.62,164.46,5.46,80.34,19.5,41206,80342,13727,11309,5781,6888,5137,1.76,2913,9.302036199095022,5.881974248927039,27.593959731543627,92.45,META
12/31/2018,7.57,17.317040951122852,19.08,29.48,5.26,50.48,7.19,0,0,13.21,0.16,27.51,23.97,272.97,64.53,36.5,131.09,7.02,84.13,22.11,41114,84127,16914,14118,7820,9045,6881,2.38,2921,6.870545073375263,4.446743555,24.922053231939167,97.33,META
3/31/2019,6.73,24.76820208023774,20.27,30.29,5.45,53.3,5.38,0,0,22.96,0.27,23.67,20.08,97.9,67.03,31.07,166.69,9.91,86.52,19.55,45243,86516,15077,12261,3317,4672,2429,0.85,2869,8.223482979773063,5.503136348629911,30.58532110091743,109.48,META
6/30/2019,5.9,32.71186440677966,21.63,31.1,6.2,57.96,4.47,0,0,28.24,0.32,20.09,16.4,92.58,69.43,26.09,193,12.98,88.76,17.06,48596,88762,16886,13579,4626,6128,2616,0.91,2875,8.922792418,6.205787781350482,31.129032258064516,117.01,META
9/30/2019,6.26,28.447284345047926,23.06,32.94,6.77,62.08,4.66,0,0,30.42,0.32,20.39,16.08,98.62,74.81,26.13,178.08,13.33,94,18.02,52269,93999,17652,14497,7185,8601,6091,2.12,2874,7.7224631396357335,5.406193078324226,26.304283604135897,124.42,META
12/31/2019,6.44,31.871118012422357,24.6,35.43,7.38,66.23,4.4,0,0,32.32,0.32,19.97,15.27,103.08,81.45,25.26,205.25,15.05,101.05,18.49,54855,101054,21082,17590,8858,10326,7349,2.55,2876,8.343495935,5.793113180920124,27.811653116531165,133.38,META
3/31/2020,7.3,22.84931506849315,25.53,36.94,8.06,69.35,4.6,0,0,33.07,0.31,21.54,16.34,272.97,85.66,26.93,166.8,15.07,105.3,20.96,60289,105304,17737,14278,5893,7490,4902,1.71,2868,6.533490011750882,4.515430427720629,20.694789081885855,138.37,META
6/30/2020,8.19,27.725274725274726,26.15,38.75,6.54,68.13,6.03,0,0,29.24,0.27,22.9,17.56,272.97,90.56,28.3,227.07,11.31,110.45,23.52,58240,110447,18687,14858,5963,7667,5178,1.8,2879,8.683365200764818,5.859870967741935,34.72018348623853,139.69,META
9/30/2020,8.78,29.82915717539863,27.43,41.31,6.64,65.8,5.51,0,0,28.71,0.24,23.27,18.12,272.97,97.96,28.43,261.9,11.94,117.73,25.28,55620,117731,21470,17276,8040,9738,7846,2.71,2891,9.547940211447319,6.339869281,39.442771084337345,146.44,META
12/31/2020,10.1,27.04554455445545,29.82,45.03,8.18,75.67,5.05,0,0,31.03,0.24,25.25,19.97,272.97,108.62,30.46,273.16,14.98,128.29,29.15,61954,128290,28071,22861,12775,14638,11220,3.87,2888,9.160295103957077,6.066178103486565,33.39364303178485,159.32,META
3/31/2021,11.69,25.19503849443969,32.72,47.05,8.35,77.32,6.08,0,0,29.87,0.22,27.54,22.16,272.97,114.1,32.82,294.53,12.72,133.66,33.74,64219,133657,26171,21040,11378,13350,9497,3.3,2882,9.001528117359413,6.2599362380446335,35.273053892215565,163.52,META
6/30/2021,13.5,25.756296296296295,36.33,48.91,11.15,80.7,5.43,0,0,32.38,0.23,30.09,24.35,272.97,118.49,35.48,347.71,14.87,138.23,38.96,64080,138227,29077,23678,12367,14353,10394,3.61,2877,9.570878062207543,7.109180126763444,31.184753363228698,170.61,META
9/30/2021,14.01,24.224839400428266,39.05,47.75,12.5,75.42,4.23,0,0,36.23,0.27,30.22,24.32,272.97,113.93,35.42,339.39,17.81,133.36,40.31,58075,133360,29010,23239,10423,12418,9194,3.22,2859,8.691165172855314,7.107643979057591,27.1512,169.59,META
12/31/2021,13.8,24.37318841,41.11,45.56,13.68,66.67,3.15,0,0,41.11,0.33,29.71,23.51,272.97,105.05,34.87,336.35,21.14,124.88,39.37,47998,124879,33671,27323,12585,14599,10285,3.64,2859,8.181707614,7.382572431957858,24.58698830409357,165.99,META
3/31/2022,13.22,16.819969742813917,42.21,45.4,14.11,59.27,2.81,0,0,40.99,0.33,28.74,22.28,272.97,102.4,33.95,222.36,21.09,123.23,37.34,43890,123228,27908,21903,8524,10680,7465,2.72,2742,5.267945984363895,4.897797356828194,15.759036144578316,164.22,META
6/30/2022,12.07,13.35956917978459,42.73,46.63,12.86,55.99,2.52,0,0,44.01,0.35,26.52,20.09,272.97,104.57,31.58,161.25,22.22,125.77,33.63,40489,125767,28822,23630,8358,10337,6687,2.46,2713,3.7736952960449335,3.4580742011580528,12.538880248833593,169.78,META
9/30/2022,10.49,12.934223069590086,42.89,46.56,9.58,58.32,2.57,0,0,54.8,0.44,23.16,16.99,104.86,102.95,27.79,135.68,22.69,124.09,28.83,41776,124094,27714,21998,5664,7839,4395,1.64,2687,3.163441361622756,2.9140893470790377,14.162839248434238,178.89,META
3/31/2009,,,,8.96,,54.25,2.32,49.8,2.13,62.49,1.03,,,,,,,23.34,60.44,,,,,,,,,,,,,,,PFE
6/30/2009,,,,9.37,,71.55,2.74,66.56,2.55,76.1,1.2,,,,,,,26.11,63.24,,49647,63235,10984,9228,3121,4127,2261,0.34,6752,,,,,PFE
9/30/2009,,,,8.21,,73.78,3.08,68.73,2.87,75.04,1.13,,,,,,,23.99,66.25,,52473,66250,11621,9832,4131,5100,2878,0.43,6762,,,,,PFE
12/31/2009,1.27,8.409448818897637,7.2,11.21,2.18,61.67,1.66,49.27,1.32,122.5,1.35,12.32,5.6,10.72,-19.95,62.52,10.68,37.23,90.45,8.64,25969,90446,15797,12291,-39,1735,767,0.06,7045,1.4833333333333332,0.9527207850133809,4.899082568807339,212.95,PFE
3/31/2010,1.12,9.071428571428571,7.63,11.17,0.93,49.92,1.93,39.78,1.54,105.03,1.17,10.23,4.61,9.46,-17.05,196.24,10.16,25.92,90.08,7.93,17262,90082,16576,12374,3561,5612,2026,0.25,8101,1.3315858453473133,0.90957923,10.924731182795698,195.11,PFE
6/30/2010,1.09,7.834862385,8.13,10.81,0.86,51.1,2.07,41.59,1.69,104.19,1.2,9.77,4.4,9.77,-18.5,-119.98,8.54,24.68,86.88,8.15,19268,86878,17132,13448,4201,6414,2475,0.31,8072,1.0504305043050428,0.7900092506938019,9.930232558139535,191.07,PFE
9/30/2010,0.77,13.506493506493507,8.4,10.99,1.08,54.09,2.24,45.32,1.88,103.35,1.17,6.9,3.1,8.94,-14.35,-35.14,10.4,24.17,88.07,6.13,22464,88068,15995,12205,3763,5992,866,0.11,8057,1.2380952380952381,0.9463148316651502,9.62962963,191.42,PFE
12/31/2010,1.03,10.398058252427186,8.07,11.02,1.23,61.01,2.13,52.74,1.84,106.75,1.21,9.35,4.27,10.59,-13.22,-52.34,10.71,28.64,88.27,8.26,28012,88265,15462,12350,1887,3793,2890,0.35,8074,1.3271375464684017,0.971869328,8.707317073170733,195.01,PFE
3/31/2011,1.06,11.839622641509434,8.08,11.46,2.6,58.24,2,49.78,1.71,104.42,1.15,9.56,4.38,10.94,-12.82,-57.43,12.55,29.17,90.53,8.45,24009,90533,16502,12809,3945,6049,2222,0.28,8035,1.5532178217821784,1.0951134380453753,4.826923076923077,194.96,PFE
6/30/2011,1.08,11.907407407407407,8.03,11.4,2.75,60.48,1.99,51.89,1.7,106.94,1.2,9.65,4.42,10.8,-13.2,-64.11,12.86,30.47,88.96,8.59,25484,88963,16485,12914,4021,6270,2610,0.33,7935,1.601494396014944,1.1280701754385964,4.676363636363636,195.9,PFE
9/30/2011,1.45,7.696551724137931,8.17,11.78,2.49,62.73,2.25,54.31,1.95,105.6,1.17,12.79,5.86,11.08,-10.48,-92.21,11.16,27.86,90.53,11.46,28963,90530,16609,13200,4088,6303,3738,0.48,7810,1.3659730722154224,0.9473684210526316,4.481927710843373,196.13,PFE
12/31/2011,1.28,10.773437499999998,7.71,10.91,2.36,60.82,2.1,54.21,1.88,105.38,1.28,11.35,5.17,11.31,-13.13,-80.67,13.79,28.91,82.62,10.01,26452,82621,11439,9612,1913,4371,1439,0.18,7870,1.788586251621271,1.2639780018331805,5.843220338983051,188,PFE
3/31/2012,1.24,11.758064516129032,7.62,11.17,2.15,54.86,2.03,47.67,1.76,102.01,1.22,11.08,5,11.63,-14.38,-74.87,14.58,27.09,83.68,9.58,23972,83677,14885,12140,4093,6314,1794,0.24,7598,1.9133858267716535,1.3052820053715308,6.781395349,185.68,PFE
6/30/2012,1.34,11.164179104477611,7.39,10.71,1.94,58.77,1.91,51.76,1.68,102.88,1.29,12.14,5.43,12.69,-13.01,-80.2,14.96,30.8,79.96,10.22,24306,79961,13968,11592,4868,6539,3253,0.43,7537,2.0243572395128555,1.3968253968253967,7.711340206185568,182.84,PFE
9/30/2012,1.29,12.643410852713178,6.99,11.15,2.04,57.13,1.96,49.61,1.7,100.49,1.22,11.81,5.25,12.74,-9.46,-77.59,16.31,29.13,82.12,9.69,22968,82115,12953,10644,3743,5399,3208,0.43,7508,2.333333333333333,1.4627802690582958,7.995098039215685,182.6,PFE
12/31/2012,1.95,8.517948717948718,7.25,11.23,2.05,64.83,2.22,58.76,2.01,104.12,1.28,17.8,7.91,13.45,-7.13,-132.53,16.61,29.19,81.68,14.57,32399,81678,12851,10460,2560,4667,6315,0.84,7508,2.2910344827586204,1.479073909171861,8.102439024390245,185.8,PFE
3/31/2013,2.09,9.224880383,7,11.68,2.01,64.76,2.35,57.73,2.1,104.57,1.26,19.02,8.41,13.34,-5.03,-179.32,19.28,27.54,82.83,15.53,35346,82827,12410,10147,3870,5644,2750,0.38,7269,2.7542857142857144,1.6506849315068495,9.592039800995027,187.4,PFE
6/30/2013,3.64,5.184065934065934,6.97,11.93,2,61.44,2.62,55.15,2.35,100.36,1.27,32.39,14.35,12.83,-5.23,-392.72,18.87,23.45,78.98,26.37,33711,78977,12973,10731,4287,5913,14095,1.98,7117,2.707317073170732,1.5817267393126573,9.435,179.34,PFE
9/30/2013,3.6,5.419444444444445,7.14,12.09,2.27,59.5,2.92,53.02,2.6,97.17,1.24,32,14.15,13.13,-4.6,-468.44,19.51,20.37,78.35,25.75,33679,78354,12643,10356,3984,5505,2590,0.39,6656,2.732492997,1.6137303556658398,8.594713656387666,175.52,PFE
12/31/2013,3.14,6.675159236,7.4,11.97,2.39,56.24,2.41,50.08,2.14,95.48,1.25,27.78,12.32,13.74,-5.28,-436.94,20.96,23.37,76.62,22,32408,76620,13558,10764,3043,4532,2568,0.44,6895,2.8324324324324324,1.7510442773600667,8.769874476987448,172.1,PFE
3/31/2014,3.12,7.105769230769231,7.44,12.24,2.51,57.79,2.33,51.73,2.09,93.74,1.2,27.67,12.35,13.64,-2.52,-489.67,22.17,24.79,78.07,21.58,33881,78068,11353,9308,3470,4926,2329,0.36,6476,2.9798387096774195,1.8112745098039216,8.832669322709165,171.81,PFE
6/30/2014,1.59,13,7.6,12.14,2.61,58.29,2.66,52.04,2.37,95.66,1.24,13.42,6.01,13.37,-3.07,-268.97,20.67,21.94,76.96,10.4,34054,76956,12773,10311,3950,5374,2912,0.45,6444,2.7197368421052635,1.7026359143327843,7.919540229885058,172.61,PFE
9/30/2014,1.62,12.820987654320987,7.63,12.43,2.37,56.99,2.86,50.63,2.54,93.06,1.19,13.52,6.09,13.1,-0.79,-359.26,20.77,19.92,78.31,10.48,33446,78305,12361,9993,3682,5008,2666,0.42,6403,2.7221494102228045,1.6709573612228479,8.763713080168776,171.36,PFE
12/31/2014,1.42,15.542253521126762,7.71,11.38,2.47,55.6,2.58,49.93,2.31,95.94,1.34,11.98,5.35,12.38,-5.61,-304.7,22.07,21.59,71.62,9.14,36122,71622,13118,10416,2147,3478,1228,0.19,6424,2.8625162127107653,1.9393673110720562,8.935222672064777,167.57,PFE
3/31/2015,1.44,17.270833333333336,7.68,10.98,2.13,49.44,2.45,43.66,2.16,93.05,1.38,12.47,5.46,12.23,-8.6,-203.23,24.87,20.22,67.59,9.18,27708,67587,10864,9026,3037,4297,2376,0.38,6292,3.2382812500000004,2.2650273224043715,11.67605633802817,160.64,PFE
6/30/2015,1.41,17.141843971631207,7.6,10.89,2.16,51.72,2.14,45.92,1.9,93.7,1.4,12.5,5.39,12.34,-7.82,-155.92,24.17,24.14,67.18,8.9,30256,67180,11853,9673,3595,4796,2626,0.42,6243,3.1802631578947373,2.2194674012855833,11.189814814814815,160.88,PFE
9/30/2015,1.33,17.157894736842106,7.6,10.87,2.25,45,1.62,37.32,1.34,103.74,1.55,12.23,5.07,12.44,-23.39,-73.63,22.82,27.85,67.12,8.36,20658,67124,12087,9868,3358,4630,2130,0.34,6243,3.0026315789473688,2.099356026,10.142222222222223,170.87,PFE
12/31/2015,1.24,19.06451612903226,7.81,10.53,2.12,43.8,1.49,36.29,1.23,102.38,1.58,10.43,4.22,12.42,-23.6,-43.91,23.64,29.4,65,6.96,23290,64998,14047,10636,1834,3258,-172,-0.03,6257,3.026888604353393,2.245014245014245,11.150943396226415,167.38,PFE
3/31/2016,1.35,16.244444444444444,8.17,10.44,2.3,41.3,1.44,33.72,1.17,99.58,1.57,11.61,4.61,13.52,-24.81,-38.29,21.93,28.74,63.35,7.62,19443,63347,13005,10154,3891,5316,3038,0.49,6225,2.6842105263157894,2.1005747126436782,9.534782608695652,162.93,PFE
6/30/2016,1.26,20.857142857142858,8.41,10.4,2.21,43.85,1.37,36.23,1.13,107.59,1.71,10.9,4.19,13.41,-30.59,-27.51,26.28,32.1,63.07,7.04,20942,63066,13147,9973,3477,4864,2047,0.33,6149,3.1248513674197387,2.526923076923077,11.891402714932127,170.66,PFE
9/30/2016,1.13,22.56637168141593,8.59,10.48,2.15,38.5,1.11,30.99,0.89,114.83,1.81,9.83,3.69,13.13,-46.92,-19.91,25.5,34.76,63.6,6.27,14371,63601,13045,9960,3021,4417,1355,0.22,6150,2.9685681024447033,2.433206106870229,11.86046511627907,178.43,PFE
12/31/2016,1.16,21.29310344827586,8.56,9.86,2.33,38.95,1.25,32.17,1.03,111.78,1.87,11.55,4.22,13.13,-47.26,-19.29,24.7,31.12,59.84,7.22,17850,59840,13627,10415,1756,3305,775,0.13,6159,2.8855140186915884,2.5050709939148073,10.600858369098711,171.62,PFE
3/31/2017,1.18,22.262711864406782,8.57,9.84,2.29,35.88,1.44,28.46,1.15,110.04,1.87,11.9,4.23,13.12,-48.34,-16.86,26.27,24.86,58.75,7.3,14560,58746,12779,10311,4010,5565,3121,0.51,6092,3.0653442240373394,2.6697154471544717,11.471615720524017,168.78,PFE
6/30/2017,1.36,19.15441176470588,8.57,9.87,2.23,36.39,1.34,28.8,1.06,109.86,1.87,13.82,4.84,13.43,-47.67,-17.51,26.05,27.18,58.69,8.32,14333,58694,12896,10236,3741,5315,3073,0.51,6037,3.039673278879813,2.639311043566363,11.681614349775785,168.56,PFE
9/30/2017,1.62,17.253086419753085,8.63,10.25,2.27,40.29,1.43,32.37,1.15,111.04,1.82,16.46,5.76,14.06,-44.69,-20.88,27.95,28.22,61.11,9.81,16925,61110,13168,10324,3664,5230,2840,0.47,6041,3.2387022016222478,2.7268292682926827,12.312775330396475,172.15,PFE
12/31/2017,3.51,8.153846153846155,8.68,11.98,2.45,41.14,1.35,33.56,1.1,100.14,1.4,34.06,12.51,14.12,-33.04,-49.06,28.62,30.43,71.66,21.31,19992,71656,13703,10447,2307,3881,12274,2.03,6058,3.297235023041475,2.388981636,11.681632653061223,171.8,PFE
3/31/2018,3.59,7.883008356545962,8.71,12.06,2.51,34.84,1.27,26.69,0.98,94.07,1.33,33.2,12.85,13.8,-33.54,-54.73,28.3,27.37,70.54,21.75,11421,70541,12906,10343,3949,5516,3561,0.59,6057,3.2491389207807115,2.3466003316749586,11.274900398406375,164.61,PFE
6/30/2018,3.73,7.831099195710456,8.83,11.96,2.63,37.3,1.16,29.23,0.91,94.86,1.35,32.98,13.39,13.82,-32.3,-62.82,29.21,32.16,70.12,22.55,13431,70124,13466,10550,3976,5538,3872,0.65,5952,3.3080407701019254,2.442307692307692,11.106463878326997,164.98,PFE
9/30/2018,3.95,9.060759493670885,8.88,12.4,2.68,41.58,1.43,33.4,1.15,96.17,1.34,33.55,14.24,13.59,-29.26,-74.36,35.79,29.01,71.66,23.82,17239,71664,13298,10604,3764,5378,4114,0.69,5986,4.030405405405405,2.886290322580645,13.354477611940297,167.84,PFE
12/31/2018,1.86,19.204301075268816,6.81,11.15,2.32,49.93,1.57,42.42,1.33,95.66,1.5,16.16,6.79,5.62,-24.86,-37.19,35.72,31.86,63.76,11.15,18833,63758,1155,341,-6017,-4610,-394,-0.06,5977,5.2452276064610865,3.203587443946188,15.396551724137932,159.42,PFE
3/31/2019,1.95,17.974358974358974,6.96,10.65,2.27,45.29,1.54,37.26,1.27,96.26,1.63,17.34,7.09,6.2,-28.37,-39.99,35.05,29.42,59.16,11.48,11619,59158,13118,10685,4414,5959,3884,0.68,5750,5.035919540229885,3.2910798122065725,15.440528634361232,155.42,PFE
6/30/2019,2.19,16.47031963,7.03,10.77,2.07,47.07,1.47,38.84,1.21,96.27,1.61,19.88,7.92,6.54,-26.45,-46.45,36.07,32.03,59.92,12.65,12912,59924,13264,10688,4266,5794,5046,0.89,5672,5.130867709815078,3.349117920148561,17.425120772946862,156.2,PFE
9/30/2019,2.86,10.55944055944056,7.06,11.82,1.99,33.46,0.91,25.24,0.68,105.05,1.61,26.13,10.11,5.78,-32.27,-57.94,30.2,36.97,65.4,16.22,9087,65396,12680,10078,2958,4511,7680,1.36,5649,4.277620396600566,2.554991539763113,15.175879396984925,170.45,PFE
12/31/2019,2.87,11.585365853658535,7.19,11.46,1.86,32.8,0.88,25.74,0.69,104.15,1.64,25.86,9.87,6.85,-18.69,-60.6,33.25,37.3,63.45,16.03,9646,63447,1843,1400,-4928,-3799,-584,-0.11,5675,4.624478442280945,2.901396160558464,17.876344086021504,167.59,PFE
3/31/2020,2.8,9.992857142857144,6.7,11.77,2.12,34.74,1.03,26.32,0.78,101,1.55,24.39,9.38,5.34,-27.63,-59.02,27.98,33.89,65.34,15.5,10350,65338,10083,8143,3027,4193,3355,0.6,5613,4.176119402985075,2.377230246389125,13.19811320754717,166.34,PFE
6/30/2020,2.52,11.238095238095237,6.12,11.62,2.29,46.42,1.42,37.86,1.16,113.37,1.76,21.55,8.17,3,-27.43,-52.6,28.32,32.72,64.56,13.94,22794,64564,9864,8038,2072,3271,3489,0.62,5619,4.627450980392156,2.4371772805507748,12.366812227074236,177.93,PFE
9/30/2020,1.55,20.70967741935484,5.7,11.79,1.87,47.74,1.4,38.44,1.13,113.49,1.73,11.94,4.48,2.43,-25.33,-31.2,32.1,34.15,65.5,7.73,21912,65495,10277,8270,2448,3656,1469,0.26,5633,5.631578947368421,2.7226463104325704,17.165775401069517,178.98,PFE
12/31/2020,1.71,20.06432748538012,7.41,11.4,2.16,35.07,1.35,27.05,1.04,90.76,1.43,14.15,5.41,7.63,-14.42,-38.64,34.31,25.92,63.47,9.16,12223,63473,11427,8716,703,1811,846,0.15,5632,4.630229419703104,3.0096491228070175,15.88425925925926,154.23,PFE
3/31/2021,1.96,17.41326530612245,8.17,12.31,2.39,39.53,1.48,31.04,1.17,89.95,1.31,16.28,6.38,9.11,-8.9,-56.16,34.13,26.65,68.87,10.68,13667,68865,14516,10359,4689,5896,4877,0.86,5662,4.177478580171359,2.7725426482534528,14.280334728033473,158.82,PFE
6/30/2021,2.33,15.991416309012875,9.75,12.56,3.73,48.81,1.37,39.87,1.12,99.61,1.42,19.03,7.71,12.63,-6.88,-91.88,37.26,35.66,70.32,12.76,21700,70315,18899,11903,5606,6914,5563,0.98,5678,3.8215384615384616,2.9665605095541396,9.989276139410187,169.92,PFE
9/30/2021,3.36,12.291666666666666,12.12,13.54,5.21,57.9,1.39,49.26,1.18,103.22,1.36,27.9,11.74,16.22,0.17,-258.89,41.3,41.8,75.97,19.43,29696,75967,24035,14103,6147,7488,8146,1.42,5725,3.4075907590759074,3.050221565731167,7.927063339731285,179.19,PFE
12/31/2021,3.85,14.857142857142858,14.27,13.78,5.23,59.69,1.4,50.63,1.19,104.01,1.34,30.05,12.75,17.84,3.11,-703.67,57.2,42.67,77.46,21.98,31069,77462,23838,14102,2991,4326,3393,0.59,5708,4.008409250175193,4.150943396226415,10.936902485659655,181.48,PFE
3/31/2022,4.36,11.589449541284402,16.16,14.79,5.55,54.42,1.39,44.44,1.13,101.16,1.22,32.59,13.98,21.47,2.66,-10680.64,50.53,39.27,82.69,24.97,23897,82685,25661,15677,9401,10588,7864,1.37,5758,3.1268564356435644,3.4164976335361734,9.104504504504504,183.84,PFE
6/30/2022,5.11,10.093933463796477,17.69,15.64,4.97,67.47,1.42,57.01,1.2,107.82,1.23,36.23,15.85,26.4,8.51,811.15,51.58,47.41,87.47,29.31,33304,87469,27742,19094,12219,13394,9906,1.73,5712,2.9157716223855283,3.2979539641943734,10.378269617706238,195.29,PFE
9/30/2022,5.2,8.344230769,17.45,16.55,4.1,70.4,1.59,60.89,1.37,102.46,1.1,34.97,15.75,28,15.3,402.58,43.39,44.31,92.89,29.77,36123,92891,22638,16575,8943,10126,8608,1.51,5718,2.4865329512893983,2.6217522658610273,10.582926829268294,195.35,PFE
12/31/2009,,,,,,0,0,0,0,0,0,,,,,,,,0,,,,,,,,,,,,,,,ABBV
12/31/2010,,,,,,8.22,2.19,7.38,1.96,5.43,0.35,,,,,,,3.76,15.7,,11,15703,,,,,,0,,,,,,ABBV
3/31/2011,,,,,,0,0,0,0,0,0,,,,,,,,0,,,0,3897,2689,824,1139,723,0,,,,,,ABBV
6/30/2011,,,,,,0,0,0,0,0,0,,,,,,,,0,,,0,4274,4274,4274,4592,1540,0.98,1571,,,,,ABBV
9/30/2011,,,,,,0,0,0,0,0,0,,,,,,,,0,,,0,4409,4409,4409,4724,13,0.01,1300,,,,,ABBV
12/31/2011,,,,,,7.35,1.25,6.48,1.1,7.59,0.64,115.09,70.34,121.03,2.92,469.95,,5.9,11.93,3.43,653,11932,4864,1432,-5887,-5562,1157,0.73,1585,,,,19.52,ABBV
3/31/2012,,,,,,6.75,1.22,5.84,1.06,6.91,0.57,59.93,37.35,126.18,3.14,237.01,,5.52,12.05,3.59,43,12051,4173,3017,978,1297,883,0.56,1577,,,,18.96,ABBV
6/30/2012,,,,,,5.99,1.24,5.13,1.06,6.2,0.54,37.42,23.63,30.83,2.99,146.66,,4.84,11.51,3.32,75,11505,4493,3420,1422,1717,1267,0.8,1577,,,,17.71,ABBV
9/30/2012,,,,,,10.93,2.04,9.97,1.86,7.06,0.45,38.25,24.79,-63.22,7.15,120.78,,5.37,15.67,4.89,4586,15669,4508,3494,1596,1823,1585,1.01,1577,,,,22.73,ABBV
12/31/2012,,,,,,15.35,2.27,14.26,2.11,23.65,7.03,49.54,24.42,129.32,-5.09,257.66,,6.78,3.36,5.28,7976,3363,5206,3941,1821,2130,1540,0.98,1577,,,,27.01,ABBV
3/31/2013,,,,1.87,,14.92,2.21,13.89,2.05,24.21,8.19,64.01,22.66,69.13,-5.26,-10258.37,,6.77,2.96,5.36,7479,2957,4329,3176,1305,1532,968,0.6,1605,,,,27.17,ABBV
6/30/2013,,,,2.24,,15.66,2.3,14.58,2.14,24.35,6.84,80.81,19.7,46.22,-4.66,-262.55,,6.81,3.56,5.16,8754,3558,4692,3638,1453,1689,1068,0.66,1609,,,,27.91,ABBV
9/30/2013,,,,2.25,,16.54,2.41,15.37,2.24,24.68,6.9,134.97,16.46,33.34,-4.62,-92.54,,6.88,3.58,4.54,9596,3577,4658,3566,1371,1605,964,0.6,1605,,,,28.25,ABBV
12/31/2013,2.56,14.23046875,11.7,2.83,3.6,17.85,2.6,16.7,2.43,24.71,5.5,113.22,14.67,31.39,-3.68,-90.68,36.43,6.88,4.49,4.13,9895,4492,5111,3829,1535,1735,1128,0.7,1604,3.1136752136752137,12.872791519434628,10.119444444444444,29.2,ABBV
3/31/2014,2.57,13.90661478599222,11.84,2.95,3.22,17.33,2.79,16.23,2.61,23.96,5.1,101.45,14.52,30.99,-3.38,-101.41,35.74,6.22,4.7,4.14,9100,4697,4563,3463,1351,1550,980,0.61,1609,3.018581081081081,12.115254237288136,11.099378881987578,28.66,ABBV
6/30/2014,2.59,15.289575289575291,11.99,3.28,3.01,17.79,2.82,16.75,2.65,23.83,4.57,92.75,14.49,30.58,-2.72,-115.94,39.6,6.32,5.22,4.17,10246,5218,4926,3813,1515,1717,1098,0.68,1608,3.302752293577982,12.073170731707318,13.156146179401995,29.05,ABBV
9/30/2014,2.3,17.756521739130438,12.2,2.92,2.96,17.56,2.65,16.55,2.49,23.81,5.13,77.93,12.87,27.97,-2.9,-117.2,40.84,6.64,4.65,3.71,10323,4645,5019,3925,960,1152,506,0.31,1610,3.347540983606558,13.986301369863016,13.797297297297298,28.45,ABBV
12/31/2014,1.31,35.58778625954198,13.23,1.09,3.8,16.08,1.41,14.96,1.31,25.77,14.79,43.53,6.24,19.45,-5.63,-48.51,46.62,11.39,1.74,1.77,8374,1742,5452,4333,-415,-222,-810,-0.5,1610,3.5238095238095233,42.77064220183486,12.26842105263158,27.51,ABBV
3/31/2015,1.26,33.35714285714286,13.3,0.86,3.72,15.41,1.39,14.39,1.3,25.32,18.39,55.95,6.5,23.74,-5.64,-43.02,42.03,11.05,1.38,1.82,7924,1377,5040,4098,1687,1845,1022,0.63,1608,3.1601503759398497,48.872093023255815,11.298387096774194,26.7,ABBV
6/30/2015,1.78,27.325842696629213,13.54,3.33,3.76,16.88,1.5,15.25,1.36,48.35,8.79,62.83,6.11,21.47,-27.64,-19.94,48.64,11.26,5.5,2.08,8279,5504,5475,4559,1852,2042,1366,0.83,1633,3.5923190546528807,14.606606606606606,12.936170212765958,53.86,ABBV
9/30/2015,1.69,23.47928994,13.45,2.97,3.71,17.91,2.03,16.07,1.82,49.97,10.28,83.55,6.92,21.5,-28.2,-16.79,39.68,8.81,4.86,2.82,9249,4863,5944,4777,1885,2112,1239,0.74,1664,2.9501858736059483,13.36026936026936,10.695417789757412,54.83,ABBV
12/31/2015,3.12,13.977564102564102,13.97,2.45,4.28,16.31,1.5,14.6,1.34,49.11,12.45,131.15,10.92,26.43,-28.93,-22.76,43.61,10.89,3.95,5.14,8407,3945,6400,4925,2113,2374,1517,0.93,1637,3.121689334287759,17.799999999999997,10.189252336448597,53.05,ABBV
3/31/2016,2.43,17.497942386831276,12.68,2.87,3.51,16.62,1.56,14.83,1.39,49.08,10.57,115.56,10.17,23.88,-28.14,-19.4,42.52,10.66,4.64,5.48,8600,4643,5958,4589,2278,2546,1354,0.83,1625,3.353312302839117,14.815331010452962,12.113960113960115,53.72,ABBV
6/30/2016,3.47,13.40922190201729,14.79,3.46,1.43,16.79,1.81,15.04,1.62,61.57,10.92,119.85,10,23.65,-39.32,-18.36,46.53,9.27,5.64,5.72,8002,5640,6452,5047,2387,2676,1610,0.98,1632,3.1460446247464504,13.447976878612717,32.53846153846154,67.21,ABBV
9/30/2016,3.61,13.246537396121884,15.36,3.98,1.2,16.29,1.79,14.66,1.61,60.16,9.3,117.49,10.11,23.73,-38.3,-18.05,47.82,9.1,6.47,6.08,7950,6469,6432,4928,2361,2665,1598,0.97,1640,3.11328125,12.015075376884422,39.85,66.63,ABBV
12/31/2016,3.72,12.881720430107526,15.95,2.91,0.91,16.19,1.66,14.74,1.51,61.46,13.26,111.33,9.39,23.07,-39.68,-16.37,47.92,9.78,4.64,5.95,6423,4636,6796,5242,2314,2642,1391,0.85,1631,3.0043887147335426,16.467353951890033,52.65934065934066,66.1,ABBV
3/31/2017,3.86,13.051813471502593,16.12,3.14,1,15.55,1.76,14.12,1.6,60.67,12.14,116.08,9.5,22.37,-39.12,-16.14,50.38,8.84,5,6.31,6248,4998,6538,4922,2407,2781,1711,1.06,1603,3.1253101736972706,16.044585987261147,50.38,65.66,ABBV
6/30/2017,4.07,13.91154791154791,16.51,3.77,4.13,16.96,1.38,15.38,1.26,60.99,10.15,119.66,9.97,23.45,-38.01,-17.06,56.62,12.26,6.01,6.62,7205,6009,6944,5415,2662,3041,1915,1.19,1600,3.4294367050272556,15.018567639257293,13.709443099273608,66.99,ABBV
9/30/2017,4.11,17.034063260340634,16.95,4.19,5.28,18.93,1.45,17.15,1.32,62.15,9.3,119.09,9.94,24.72,-37.23,-17.26,70.01,13.03,6.69,6.65,9554,6687,6995,5379,2694,3073,1631,1.01,1603,4.130383480825959,16.708830548926013,13.259469696969697,68.84,ABBV
12/31/2017,3.29,23.322188449848024,17.61,3.2,5.88,21.22,1.28,19.62,1.18,65.69,12.89,93.18,7.8,24.16,-38.25,-13.92,76.73,16.64,5.1,5.31,9789,5097,7739,5458,1782,2151,52,0.04,1603,4.357183418512209,23.978125,13.049319727891158,70.79,ABBV
3/31/2018,3.97,19.050377833753146,18.5,2.24,6.21,20.44,1.2,18.71,1.1,65.79,18.52,119.57,9.25,26.6,-39.56,-16.68,75.63,17.06,3.55,6.38,9474,3553,7934,6007,2903,3348,2783,1.74,1596,4.088108108108107,33.763392857142854,12.178743961352657,69.34,ABBV
6/30/2018,4.04,18.51732673267327,19.43,-2.23,6.81,13.85,0.8,12.27,0.71,65.02,-19.26,215.65,9.53,29.31,-45.97,-16.02,74.81,17.22,-3.38,6.45,3743,-3375,8278,6344,2762,3205,1983,1.26,1572,3.850231600617602,-33.5470852,10.98531571218796,61.64,ABBV
9/30/2018,4.84,15.93595041322314,20.5,-1.94,7.78,18.47,1.2,16.68,1.08,69.09,-23.65,1285.47,11.29,32.32,-45.26,-17.9,77.13,15.39,-2.92,7.57,8785,-2921,8236,6401,3159,3594,2747,1.81,1515,3.7624390243902437,-39.75773196,9.913881748,66.16,ABBV
12/31/2018,3.58,21.22346368715084,21.05,-5.69,8.27,16.95,0.98,15.34,0.89,67.8,-8.03,-203.31,8.87,20.96,-45.34,-12.92,75.98,17.24,-8.45,5.69,8061,-8446,8305,6283,-2441,-1999,-1826,-1.15,1546,3.609501187648456,-13.35325132,9.187424425634825,59.35,ABBV
3/31/2019,3.49,19.27220630372493,21.35,-5.29,8.65,14.41,1.04,12.71,0.91,64.6,-8.25,-95,8.79,22.66,-44.28,-11.85,67.26,13.9,-7.83,5.36,5228,-7826,7828,6134,3010,3513,2456,1.65,1483,3.150351288056206,-12.71455577,7.775722543352601,56.77,ABBV
6/30/2019,2.72,22.606617647058822,21.65,-5.79,8.46,15.1,0.89,13.21,0.78,65.71,-7.67,-59.34,6.88,25.82,-44.67,-9.17,61.49,16.94,-8.57,4.12,5416,-8566,8255,6436,3400,3902,741,0.49,1484,2.840184757505774,-10.62003454,7.2683215130023635,57.14,ABBV
9/30/2019,2.17,29.953917050691246,21.93,-5.56,8.5,20.17,1.15,18.24,1.04,67.67,-8.23,-39.38,5.6,25.89,-42.8,-7.35,65,17.49,-8.23,3.26,10648,-8226,8479,6559,2617,3120,1884,1.26,1483,2.9639762881896945,-11.69064748,7.647058823529412,59.44,ABBV
12/31/2019,5.28,14.604166666666666,22.42,-5.53,8.61,49.52,3.18,47.71,3.06,97.29,-11.91,-96.15,12.01,39.95,-42.43,-18.1,77.11,15.59,-8.17,7.88,39924,-8172,8704,6698,3956,4465,2801,1.88,1484,3.439339875111507,-13.94394213,8.955865272938444,89.12,ABBV
3/31/2020,5.65,11.900884955752211,22.95,-5.02,9.13,51.76,3.14,49.91,3.03,98.61,-13.3,-104.22,11.37,34.23,-41.18,-19.73,67.24,16.47,-7.42,8.44,41142,-7415,8619,6677,3603,4162,3010,2.02,1484,2.9298474945533766,-13.39442231,7.364731653888279,91.2,ABBV
6/30/2020,4.7,18.70212765957447,23.72,8.35,9.07,21.26,0.86,17.2,0.7,134.8,9.15,-306.44,7.15,18.81,-104.4,-12.06,87.9,24.65,14.73,6.96,6040,14732,10425,6714,752,2307,-738,-0.46,1647,3.7057335581787525,10.526946107784433,9.691289966923925,149.53,ABBV
9/30/2020,4.73,16.775898520084564,25.28,8.66,8.98,23.01,0.95,19.54,0.81,134.33,8.79,204.54,6.16,15.17,-102.16,-10.18,79.35,24.18,15.29,7.38,7950,15289,12902,7852,3255,5547,2308,1.29,1774,3.1388449367088604,9.162817551963048,8.836302895,149.62,ABBV
12/31/2020,2.86,34.40559440559441,27.69,7.42,10.04,24.17,0.84,20.86,0.73,137.47,10.5,51.72,3.41,13.33,-102.9,-5.27,98.4,28.66,13.1,4.62,8479,13097,13858,9174,3753,5818,36,-0.13,1673,3.553629469122427,13.26145552560647,9.800796812749006,150.57,ABBV
3/31/2021,2.83,35.526501766784456,29.22,7.78,10.19,26.57,0.83,23.3,0.73,136.77,9.96,36.3,3.44,12.72,-99.91,-5.04,100.54,31.95,13.73,5.16,9777,13733,13010,8797,4103,6318,3553,1.99,1775,3.4407939767282687,12.922879177377892,9.866535819430815,150.5,ABBV
6/30/2021,3.71,28.555256064690028,30.75,7.13,11.31,26,0.91,22.61,0.79,135.38,10.75,48.71,4.45,17.14,-99.14,-6.6,105.94,28.68,12.59,6.66,8600,12594,13959,9436,4441,6641,766,0.42,1776,3.4452032520325204,14.858345021037868,9.366931918656055,147.97,ABBV
9/30/2021,4.2,24.421428571428567,31.54,7.68,12.77,28.96,1.02,25.86,0.91,135.28,9.96,56.86,5.04,18.81,-96.18,-7.57,102.57,28.53,13.58,7.53,12249,13577,14342,9952,4306,6433,3179,1.78,1777,3.2520608750792643,13.35546875,8.032106499608457,148.86,ABBV
12/31/2021,6.45,20.2,31.64,8.73,12.37,27.93,0.79,24.8,0.71,131.09,8.49,83.43,7.77,20.96,-92.89,-11.9,130.29,35.19,15.44,11.54,9830,15436,14886,10566,5074,7053,4044,2.26,1777,4.1178887484197215,14.924398625429552,10.532740501212611,146.53,ABBV
3/31/2022,6.97,22.616929698708752,31.92,9.23,12.4,26.51,0.82,23.03,0.71,126.9,7.78,86.18,8.51,22.21,-89.97,-13.2,157.64,32.52,16.31,12.48,7572,16314,13538,9486,4717,6770,4490,2.51,1778,4.938596491228069,17.079089924160343,12.71290322580645,143.21,ABBV
6/30/2022,7.06,21.28328611898017,32.27,8.31,12.5,29.1,0.84,25.7,0.75,128.5,8.75,84.23,8.69,21.55,-89.16,-13.73,150.26,34.47,14.69,12.64,9961,14688,14583,10413,3295,5347,924,0.51,1776,4.656337155252555,18.08182912154031,12.0208,143.19,ABBV
9/30/2022,7.49,17.74365821094793,32.54,9.06,12.34,30.36,0.93,27.19,0.83,125.3,7.82,85.85,9.34,22.71,-84.42,-15.04,132.9,32.71,16.03,13.41,11879,16027,14812,9790,4603,6808,3949,2.21,1776,4.084204057,14.668874172185431,10.769854132901136,141.33,ABBV
3/31/2009,,,,10.43,,26.19,1.95,24.06,1.79,24.54,1.12,,,,,,,13.42,22,,,,,,,,,,,,,,,MRK
6/30/2009,,,,10.78,,29.23,2.54,27.08,2.35,26.67,1.17,,,,,,,11.51,22.74,,16932,22737,5900,4546,1421,1911,1556,0.74,2110,,,,,MRK
9/30/2009,,,,12.02,,29.67,3.7,27.57,3.44,23.39,0.92,,,,,,,8.03,25.35,,22256,25349,6050,4619,1640,2034,3424,1.61,2114,,,,,MRK
12/31/2009,5.11,4.577299412915851,13.43,19.78,0.74,28.43,1.82,20.38,1.3,50.83,0.83,39.07,20,9.57,1.69,78.24,23.39,15.64,61.49,12.85,9604,61485,10093,5192,-234,1015,6447,2.63,2273,1.7416232315711095,1.1825075834175935,31.60810810810811,112.31,MRK
3/31/2010,4.47,5.402684563758389,14.27,19.36,0.88,28.25,1.72,21.42,1.3,51.25,0.85,27.6,14.56,6.91,2.5,97.18,24.15,16.46,60.34,11.73,9777,60343,11422,6206,933,2620,299,0.09,3141,1.6923615977575333,1.2474173553719008,27.443181818181817,111.59,MRK
6/30/2010,3.1,7.374193548387097,15.04,18.71,2.13,26.25,1.7,20.01,1.3,48.51,0.84,21.33,11.53,5.86,2.16,147.07,22.86,15.42,57.67,10.92,9943,57666,11346,6797,1443,3391,752,0.24,3125,1.5199468085106382,1.2218065205772313,10.732394366197184,106.17,MRK
9/30/2010,2.81,8.654804270462634,15.29,18.85,2.19,27.76,1.6,21.49,1.24,49.79,0.86,13.2,7.16,4.8,2.61,349.84,24.32,17.32,58.05,7.84,10625,58048,11125,6934,1420,3300,342,0.11,3102,1.590582079790713,1.2901856763925728,11.10502283105023,107.84,MRK
12/31/2010,0.28,85.92857142857142,14.73,18.43,2.93,29.06,1.86,23.2,1.48,48.98,0.86,1.48,0.8,4.6,4.97,28.06,24.06,15.64,56.81,0.86,12201,56805,12094,7654,-441,1425,-534,-0.16,3120,1.6334012219959266,1.305480195333695,8.211604095563139,105.78,MRK
3/31/2011,0.52,42.86538461538461,14.82,18.42,3.06,31.02,1.98,24.97,1.59,49.03,0.86,2.8,1.51,6.41,6.73,38.93,22.29,15.66,56.84,1.6,13029,56839,11580,7521,2199,4030,1043,0.34,3104,1.5040485829959513,1.2100977198697067,7.284313725490196,105.87,MRK
6/30/2011,0.93,25.903225806451612,15.1,18.79,2.9,32.37,2.05,26.14,1.66,48.27,0.83,5,2.7,7.69,8.48,50.4,24.09,15.76,57.92,2.87,13981,57922,12151,7867,2406,4238,2020,0.65,3110,1.5953642384105962,1.282064928153273,8.306896551724138,106.2,MRK
9/30/2011,1.37,16.48905109489051,15.4,18.87,3.51,34.11,2.06,27.87,1.68,48.94,0.85,7.36,3.98,8.97,9.55,56.77,22.59,16.59,57.6,4.22,15576,57596,12022,7670,2376,4279,1689,0.55,3091,1.466883116883117,1.1971383147853736,6.435897435897436,106.53,MRK
12/31/2011,2.03,12.980295566502464,15.5,18.73,3.45,33.18,2.04,26.93,1.66,48.19,0.85,10.91,5.91,12.3,10.49,71.04,26.35,16.25,56.94,6.26,14972,56943,12294,8118,1995,3856,1505,0.48,3094,1.7000000000000002,1.406833956219968,7.637681159,105.13,MRK
3/31/2012,2.25,12.062222222222223,15.59,18.84,3.59,34.34,2.07,28.01,1.69,48.2,0.84,12.1,6.57,13.06,12.16,68.36,27.14,16.58,57.31,6.95,15566,57314,11731,7694,2758,4548,1736,0.56,3074,1.7408595253367545,1.440552016985138,7.559888579387187,105.51,MRK
6/30/2012,2.18,13.683486238532108,15.69,18.98,3.6,35.64,2.11,29.39,1.74,47.85,0.83,11.71,6.36,13.63,13.9,58.34,29.83,16.91,57.67,6.72,17450,57673,12311,8199,2785,4589,1792,0.58,3072,1.9012109623964308,1.5716543730242358,8.286111111,105.53,MRK
9/30/2012,2.19,14.849315068493153,15.53,19.12,3.13,36.23,2.33,29.5,1.89,48.09,0.83,11.75,6.4,13.5,15.72,51.76,32.52,15.58,58.21,6.76,18117,58212,11488,7351,2370,4093,1729,0.56,3079,2.0940115904700582,1.700836820083682,10.389776357827477,106.3,MRK
12/31/2012,2.16,13.800925925925924,15.37,18.33,2.62,34.86,1.9,28.32,1.54,50.67,0.91,10.78,5.82,13.49,14.25,44.02,29.81,18.35,55.46,6.17,16141,55463,11737,7577,1964,3625,908,0.3,3076,1.9394925178919975,1.6262956901254775,11.377862595419847,106.13,MRK
3/31/2013,2.12,15.330188679245282,15.05,18.43,2.68,35.24,1.87,28.47,1.51,50.59,0.91,10.61,5.68,12.25,15.29,40.72,32.5,18.8,55.61,6.02,16022,55606,10671,6712,1818,3492,1593,0.52,3053,2.1594684385382057,1.763429192,12.12686567164179,106.2,MRK
6/30/2013,1.84,18.72826086956522,14.7,17.12,2.52,37,2.01,30.23,1.64,56.77,1.13,9.36,4.83,10.47,11.57,36.15,34.46,18.4,50.11,5.14,18098,50105,11010,6726,1485,3140,906,0.3,3010,2.344217687,2.0128504672897196,13.674603174603174,106.88,MRK
9/30/2013,1.66,21.46385542168675,14.7,17.09,2.87,37.77,2.07,31.02,1.7,56.41,1.13,8.58,4.26,10.71,12.88,33.57,35.63,18.22,50.01,4.53,18169,50006,11032,6928,2465,4170,1124,0.38,2960,2.423809523809524,2.084844938560562,12.414634146341465,106.42,MRK
12/31/2013,1.46,25.89041095890411,14.66,17.87,3.37,35.69,2,29.46,1.65,53.32,1.02,8.47,4.14,10.58,16.22,31.47,37.8,17.87,52.33,4.4,17486,52326,11320,6713,1897,3851,781,0.27,2996,2.578444747612551,2.1152770005595967,11.216617210682491,105.65,MRK
3/31/2014,1.51,28.62251655629139,14.62,17.94,3.45,41.24,1.84,34.86,1.55,55.9,1.06,8.81,4.23,10.89,19.93,29.8,43.22,22.47,52.56,4.52,20513,52564,10264,6361,2053,3807,1705,0.57,2971,2.9562243502051984,2.4091415830546263,12.527536231884056,108.46,MRK
6/30/2014,1.89,23.476190476190474,14.67,16.73,3.49,33.59,1.87,27.45,1.53,49.34,1.02,11.04,5.37,10.98,17.9,33.55,44.37,17.93,48.52,5.61,13395,48516,10934,6041,1404,3157,2004,0.68,2949,3.0245398773006134,2.6521219366407647,12.71346705,97.86,MRK
9/30/2014,1.82,25.16483516483516,14.57,15.86,3.65,34.72,1.34,28.9,1.12,56.45,1.24,10.84,5.21,10.22,11.79,32.71,45.8,25.93,45.36,5.39,14347,45360,10557,6334,1700,3311,895,0.31,2911,3.1434454358270414,2.8877679697351826,12.547945205479452,101.81,MRK
12/31/2014,4.1,10.782926829268295,14.37,17.19,2.28,32.61,1.77,27.03,1.47,49.38,1.01,24.42,11.74,9.88,15.41,73.32,44.21,18.4,48.79,11.92,15719,48791,10482,6733,1526,3099,7316,2.51,2928,3.076548364648574,2.5718440954043045,19.390350877192983,98.17,MRK
3/31/2015,3.86,11.683937823834198,14.2,16.94,2.28,32.93,1.61,27.39,1.34,60.43,1.26,23.44,11,9.04,4.1,90.79,45.1,20.44,47.92,11.17,15601,47917,9425,5856,1518,3155,953,0.33,2865,3.1760563380281694,2.662337662337662,19.780701754385966,108.35,MRK
6/30/2015,3.42,13.160818713450292,13.93,16.52,2.45,28.32,1.62,23.01,1.31,55.94,1.2,20.88,9.59,9.41,4.18,111.04,45.01,17.51,46.64,9.85,11370,46638,9785,6031,1737,3345,687,0.24,2850,3.2311557788944723,2.7245762711864407,18.37142857142857,102.58,MRK
9/30/2015,3.75,10.504,13.85,16.3,2.11,28.57,1.63,23.44,1.33,55.55,1.22,22.82,10.51,10.12,4.19,154.66,39.39,17.58,45.68,10.78,12089,45679,10073,6312,2340,3910,1826,0.64,2836,2.844043321299639,2.416564417177914,18.668246445497633,101.23,MRK
12/31/2015,1.56,27.24358974358974,13.87,16.1,3.96,29.75,1.55,25.05,1.31,56.91,1.27,9.6,4.29,10.68,4.44,105.05,42.5,19.2,44.77,4.44,13427,44767,10215,6365,1952,3512,976,0.35,2841,3.064167267483778,2.639751552795031,10.732323232323232,101.68,MRK
3/31/2016,3.42,12.555555555555555,11.54,15.85,0.79,28.77,1.64,23.67,1.35,54.85,1.25,10.2,4.57,11.27,4.75,105.04,42.94,17.57,43.9,4.61,12943,43901,9312,5740,1763,3324,1125,0.4,2795,3.7209705372616986,2.709148264984227,54.35443037974683,98.76,MRK
6/30/2016,1.66,28.391566265060245,14.11,15.71,0.39,27.93,1.87,22.68,1.52,53.03,1.22,11.55,5.16,11.3,5.32,109.71,47.13,14.92,43.45,5.13,11834,43446,9844,6266,1657,3207,1205,0.43,2789,3.3401842664776757,3,120.84615384615385,96.48,MRK
9/30/2016,2.2,23.38181818181818,14.46,15.92,0.46,29.44,1.89,24.2,1.56,54.38,1.24,12.47,5.56,12.47,5.19,111.43,51.44,15.56,43.96,5.49,13067,43957,10536,7127,3070,4245,2184,0.78,2786,3.557399723374827,3.2311557788944723,111.82608695652173,98.34,MRK
12/31/2016,1.98,24.691919191919194,14.54,14.66,0.5,30.61,1.78,25.75,1.5,55.07,1.37,9.14,4.03,8.24,4.84,77.98,48.89,17.2,40.31,3.92,14341,40308,10115,6644,-991,194,-594,-0.2,2787,3.362448418156809,3.3349249658935882,97.78,95.38,MRK
3/31/2017,2.19,24.273972602739725,14.35,14.63,-0.84,31.53,1.59,26.38,1.33,56.47,1.41,10.36,4.49,8.86,4.87,85.97,53.16,19.82,40.09,4.35,15249,40088,9434,6385,2083,3276,1551,0.56,2766,3.7045296167247384,3.633629528,-63.28571429,96.56,MRK
6/30/2017,2.47,21.870445344129553,14.43,14.56,3.07,28.17,1.5,22.76,1.21,53.09,1.34,12.4,5.31,10.41,5.24,101.06,54.02,18.76,39.71,5.09,11967,39712,9930,6814,2532,3694,1946,0.71,2752,3.743589743589744,3.7101648351648353,17.596091205211728,92.8,MRK
9/30/2017,1.67,32.54491017964072,14.43,14.12,1.57,27.92,1.43,22.66,1.16,53.18,1.38,7.18,3.03,6.04,5.02,57.04,54.35,19.47,38.5,2.85,11195,38499,10325,7018,146,1300,-56,-0.02,2727,3.7664587664587668,3.849150142,34.617834394904456,91.68,MRK
12/31/2017,0.93,51.795698924731184,14.6,12.82,1.66,24.77,1.33,19.67,1.06,53.3,1.54,6.26,2.6,11.27,2.1,55.59,48.17,18.61,34.57,2.39,8498,34569,10433,6993,2036,3203,-1047,-0.38,2748,3.2993150684931507,3.7574102964118565,29.018072289156628,87.87,MRK
3/31/2018,0.64,73.5,14.89,12.59,1.94,24.09,1.42,18.7,1.1,52.14,1.54,4.31,1.76,10.06,2.1,43.69,47.04,16.96,33.9,1.58,7346,33901,10037,6853,1149,2286,736,0.27,2710,3.1591672263263932,3.7362986497220017,24.24742268041237,86.04,MRK
6/30/2018,0.56,94.33928571428571,15.17,12.27,1.92,24.06,1.33,18.89,1.04,52.27,1.6,3.84,1.53,9.98,1.59,49.57,52.83,18.13,32.77,1.34,7594,32766,10465,7048,2266,3556,1707,0.63,2696,3.482531311799604,4.305623472,27.515625,85.04,MRK
9/30/2018,1.31,47.45038167938931,15.41,12.28,3.31,26.84,1.44,21.42,1.15,52.47,1.61,10,3.89,14.98,2.22,166.97,62.16,18.59,32.66,3.35,10285,32656,10794,7175,2664,3758,1950,0.73,2678,4.033744321868916,5.061889250814332,18.77945619335347,85.13,MRK
12/31/2018,2.32,29.06896551724138,15.72,10.37,3.1,25.88,1.17,20.44,0.92,55.76,2.07,19.71,7.34,17.22,-4.48,1728.98,67.44,22.21,26.88,6.22,8864,26882,10998,7709,2852,3850,1827,0.69,2679,4.290076335877862,6.503375121,21.75483870967742,82.64,MRK
3/31/2019,3.17,23.31230283911672,16.17,10.71,3.13,25.35,1.37,19.64,1.06,54.68,1.98,28,10.02,22.12,-1.5,-1557.53,73.9,18.54,27.67,8.4,8798,27670,10816,7764,3408,4306,2915,1.12,2603,4.570191713048856,6.900093370681606,23.610223642172528,82.35,MRK
6/30/2019,3.57,21.008403361344538,16.84,10.81,2.98,24.3,1.21,18.45,0.92,56.23,2.03,32.58,11.21,24.74,-5.13,-421.47,75,20.09,27.74,9.36,7105,27737,11760,8359,3458,4431,2670,1.03,2588,4.453681710213777,6.938020351526364,25.16778523489933,83.97,MRK
9/30/2019,3.58,21.17318436,17.62,10.56,3.45,26.14,1.26,20.29,0.98,56.41,2.1,34.11,11.21,25.02,-4.86,-233.26,75.8,20.68,26.93,9.31,8018,26925,12397,8407,2614,3459,1901,0.74,2572,4.301929625425652,7.178030303030303,21.97101449275362,83.33,MRK
12/31/2019,3.81,21.64041994750656,15.13,10.24,2.14,27.48,1.24,21.51,0.97,58.4,2.25,36.34,11.79,15.91,-7.62,-205.97,82.45,22.22,26,9.84,10450,26001,4148,2575,-1554,-960,2357,0.92,2580,5.449438202247191,8.051757813,38.52803738317757,84.4,MRK
3/31/2020,3.95,17.8,15.71,10.42,1.74,26.17,1.12,20.33,0.87,58.61,2.23,37.95,12.06,17.28,-9.56,-149.34,70.31,23.48,26.3,10.15,7432,26300,12057,8745,3981,4802,3219,1.26,2547,4.475493316359007,6.747600767754319,40.40804598,84.91,MRK
6/30/2020,4.1,17.37317073170732,14.85,10.97,1.38,29.34,1.32,23.29,1.05,62.87,2.27,39.18,12.21,14.94,-8.89,-135.5,71.23,22.18,27.74,10.48,11103,27744,9353,6606,2436,3411,3002,1.18,2536,4.796632996632997,6.4931631722880585,51.615942028985515,90.62,MRK
9/30/2020,4.52,17.02654867256637,14.34,11.57,0.16,26.58,1.3,20.45,1,60.53,2.07,42.15,13.17,14.3,-7.66,-136.61,76.96,20.41,29.27,11.52,7356,29270,10929,7916,2507,3314,2941,1.16,2538,5.366806136680613,6.651685393258426,480.99999999999994,89.8,MRK
12/31/2020,2.77,27.617328519855594,16.34,10.04,1.25,27.76,1.02,22.21,0.81,66.18,2.61,26,7.92,10.66,-7.58,-83.92,76.5,27.33,25.4,7.07,8050,25404,9179,4633,-3376,-2493,-2095,-0.82,2541,4.681762545899633,7.619521912350598,61.2,91.59,MRK
3/31/2021,2.76,26.351449275362324,15.79,10.68,1.43,26.91,1.02,20.51,0.78,63.81,2.36,25.68,7.75,8.32,-7.57,-88.68,72.73,26.36,27.04,7.03,6981,27039,10627,7428,2829,3721,3179,1.25,2541,4.606079797340089,6.809925093632959,50.86013986013987,90.85,MRK
6/30/2021,2.19,33.789954337899545,16.59,13.18,1.29,28.67,1.31,23.17,1.06,57.3,1.72,19.36,6.14,6.81,0.89,-101.67,74,21.91,33.39,5.57,8575,33388,11402,8298,1696,2424,1545,0.61,2540,4.460518384569018,5.614567526555387,57.36434108527131,90.69,MRK
9/30/2021,2.83,25.480565371024735,17.47,14.2,2.67,31.06,1.31,25.46,1.07,57.63,1.61,23.65,7.85,11.14,3.62,-270.45,72.11,23.73,35.86,7.2,10016,35863,13154,9704,4923,5682,4567,1.8,2536,4.127647395535203,5.078169014084507,27.00749063670412,93.49,MRK
12/31/2021,5.14,14.449416342412452,19.19,15.14,3.42,30.27,1.27,24.31,1.02,67.44,1.76,38.79,13.71,22.35,-5.94,-579.7,74.27,23.87,38.26,13.05,8096,38257,13521,9648,3751,4586,3758,1.48,2538,3.8702449192287647,4.905548216644649,21.716374269005847,105.69,MRK
3/31/2022,5.59,14.350626118067979,21.27,16.2,4.84,31.18,1.4,25.41,1.14,65.72,1.61,38.21,14.3,24.92,-3.33,-1192.35,80.22,22.32,40.95,14.18,8928,40953,15901,10521,5622,6742,4310,1.7,2537,3.771509167842031,4.951851851851852,16.574380165289256,106.67,MRK
6/30/2022,6.53,13.761102603369066,22.53,17.1,5.7,32.12,1.39,26.58,1.15,63.78,1.47,41.87,16.06,28.55,-0.39,-1097.58,89.86,23.17,43.32,16.58,10128,43318,14593,10377,5067,6005,3944,1.55,2540,3.9884598313359962,5.254970760233918,15.764912280701754,107.1,MRK
9/30/2022,6.01,14.236272878535775,23.23,17.57,6.03,33.56,1.46,27.95,1.22,62.56,1.41,36.54,14.31,25.98,2,-796.55,85.56,23,44.52,15.26,11248,44524,14959,11025,4106,5065,3248,1.28,2542,3.6831683168316833,4.869664200341491,14.189054726368159,107.08,MRK
3/31/2009,,,,4.56,,14.71,1.12,12.42,0.94,22,1.04,,,,,,,13.17,21.11,,,,,,,,,,,,,,,KO
6/30/2009,,,,5.08,,16.37,1.21,13.89,1.02,22.54,0.96,,,,,,,13.57,23.52,,7945,23517,8267,5354,2438,2740,2037,0.44,4646,,,,,KO
9/30/2009,1.48,12.054054054054054,6.67,5.28,1.26,16.99,1.27,14.65,1.09,22.69,0.93,,,,,,17.84,13.41,24.42,,9125,24422,8044,5110,2150,2470,1896,0.41,4664,2.6746626686656674,3.3787878787878785,14.158730158730158,,KO
12/31/2009,1.47,12.97278911564626,6.66,5.5,1.35,17.55,1.28,15.2,1.11,23.33,0.92,28.92,14.76,28.75,14.47,59.53,19.07,13.72,25.35,6.82,9213,25346,7510,4859,1780,2111,1543,0.33,4658,2.8633633633633635,3.4672727272727273,14.125925925925925,48.67,KO
3/31/2010,,,,5.45,,17.21,1.27,14.88,1.1,22.25,0.88,28.81,14.99,29,12.84,56.72,,13.58,25.16,7.09,8794,25157,7525,4984,2183,2478,1614,0.35,4654,,,,47.4,KO
6/30/2010,1.69,10.088757396449704,6.98,5.59,0.66,18.57,1.33,16.21,1.16,22.64,0.88,29.47,15.49,29.67,13.7,56.22,17.05,13.93,25.81,7.42,10166,25808,8674,5719,2763,3079,2369,0.51,4650,2.4426934097421205,3.050089445438283,25.833333333333332,48.44,KO
9/30/2010,1.69,11.86982249,7.01,6.09,0.7,23.11,1.34,20.85,1.21,25.89,0.92,29.01,15.27,29.53,15.94,53.24,20.06,17.27,28.2,7.58,13265,28201,8426,5508,2344,2667,2055,0.44,4672,2.861626248216833,3.293924466338259,28.65714285714286,54.09,KO
12/31/2010,2.51,9.043824701,7.53,6.83,0.54,21.58,1.17,18.93,1.02,41.6,1.33,42.67,21.16,27.19,31.32,63.89,22.7,18.51,31.32,11.79,11337,31317,10494,6215,1123,1632,5749,1.24,4667,3.0146082337317397,3.323572474377745,42.03703703703703,72.92,KO
3/31/2011,2.59,8.903474903474903,8.17,7.13,0.22,23.54,1.07,20.51,0.94,43.46,1.33,40.96,19.21,24.41,12.8,65.49,23.06,21.92,32.6,12.08,12277,32596,10517,6569,2284,2770,1903,0.41,4662,2.8225214198286412,3.2342215988779803,104.81818181818181,76.06,KO
6/30/2011,2.68,8.791044776119403,9.04,7.72,1.38,26.54,1.1,23.3,0.96,44.67,1.26,39.23,17.67,22.89,15.56,66.16,23.56,24.19,35.42,12.51,14017,35424,12737,7748,3179,3650,2800,0.6,4660,2.606194690265487,3.0518134715025904,17.07246376811594,80.09,KO
9/30/2011,2.72,8.757352941,9.87,7.38,1.38,28.19,1.1,25.02,0.98,48.25,1.44,38.17,16.31,21.9,6.02,77.18,23.82,25.58,33.5,12.68,16497,33499,12248,7373,2754,3220,2224,0.48,4653,2.413373860182371,3.227642276422764,17.260869565217394,81.75,KO
12/31/2011,1.85,13.427027027027027,10,7.05,1.43,25.5,1.05,22.41,0.92,48.05,1.51,25.73,10.8,22.01,4.25,88.88,24.84,24.28,31.92,8.58,14035,31921,11040,6637,1956,2487,1657,0.36,4646,2.484,3.523404255319149,17.37062937062937,79.97,KO
3/31/2012,1.88,14.079787234042554,10.16,7.36,1.44,28.02,1.13,24.58,0.99,50.68,1.53,26.06,10.73,21.99,5.33,112.15,26.47,24.85,33.22,8.74,15779,33218,11137,6789,2509,2956,2054,0.45,4601,2.6053149606299213,3.5964673913043477,18.381944444444443,83.9,KO
6/30/2012,1.89,14.894179894179894,10.28,7.25,1.53,29.33,1.11,25.74,0.97,52.52,1.61,26.58,10.55,21.97,12.62,123.7,28.15,26.48,32.63,8.72,16966,32629,13085,7861,3294,3802,2788,0.61,4592,2.7383268482490273,3.882758620689655,18.398692810457515,85.15,KO
9/30/2012,1.91,14.397905759162304,10.34,7.49,1.66,29.71,1.1,26.27,0.97,53.06,1.58,26.83,10.5,21.76,5.82,125.82,27.5,27.01,33.59,8.81,18083,33590,12340,7487,2793,3307,2311,0.5,4587,2.6595744680851063,3.671562082777036,16.566265060240966,86.65,KO
12/31/2012,1.88,14.074468085106384,10.41,7.42,3.06,30.33,1.09,27.06,0.97,53.01,1.6,27.21,10.55,21.97,5.83,121.93,26.46,27.82,33.17,9.02,16551,33168,11455,6827,2183,2696,1866,0.41,4584,2.5417867435158503,3.566037735849057,8.647058823529411,86.17,KO
3/31/2013,1.66,17.90963855421687,9.99,7.4,2.41,31.52,1.01,27.91,0.9,55.56,1.69,26.36,10.06,22.03,5.51,117.12,29.73,31.1,32.89,8.72,18428,32894,11035,6711,2408,2881,1751,0.39,4530,2.975975975975976,4.017567567567568,12.33609958506224,88.45,KO
6/30/2013,1.75,16.965714285714288,10.12,7.36,2.4,32.57,1,28.93,0.89,56.88,1.74,26.02,9.81,22.18,4.93,155.9,29.69,32.47,32.63,8.6,19213,32631,12749,7760,3243,3717,2676,0.59,4527,2.9337944664031625,4.033967391304348,12.370833333333334,89.51,KO
9/30/2013,1.93,14.637305699481866,10.43,7.35,2.96,31.58,0.96,28.26,0.86,56.97,1.76,26.65,9.89,21.87,4.96,164.73,28.25,33.04,32.47,8.74,20459,32465,12030,7237,2472,2969,2447,0.54,4498,2.7085330776605945,3.8435374149659864,9.543918919,89.43,KO
12/31/2013,1.9,16.326315789473686,10.38,7.6,1.8,31.3,1.13,28.03,1.01,56.62,1.69,26.12,9.61,21.17,5.83,161.8,31.02,27.81,33.44,8.58,20268,33440,11040,6725,2105,2638,1710,0.38,4509,2.9884393063583814,4.081578947368421,17.233333333333334,90.06,KO
3/31/2014,1.91,15.319371727748692,10.33,7.5,1.45,31.05,1.03,27.7,0.92,58.37,1.77,25.72,9.38,20.64,5.33,160.66,29.26,30.06,32.92,8.45,19433,32922,10576,6493,2376,2849,1619,0.36,4464,2.832526621490804,3.9013333333333335,20.179310344827588,91.29,KO
6/30/2014,2.09,15.454545454545455,10.76,7.82,0.8,33.87,1.04,30.34,0.93,61.19,1.78,25.15,9.14,19.87,6.86,145.7,32.3,32.63,34.3,8.37,21609,34301,12574,7755,3170,3664,2595,0.58,4454,3.0018587360594795,4.130434782608695,40.37499999999999,95.49,KO
9/30/2014,1.98,16.550505050505052,10.64,7.7,0.81,35.45,1.08,32.18,0.98,62.65,1.86,23.93,8.62,19.65,6.71,129.99,32.77,32.76,33.67,8.04,23714,33669,11976,7346,2711,3221,2114,0.48,4445,3.079887218045113,4.255844155844156,40.45679012345679,96.31,KO
12/31/2014,1.61,20.27950310559006,10.41,7,0.53,32.99,1.02,29.89,0.92,61.46,2.01,21.6,7.57,18.68,4.19,122.94,32.65,32.37,30.56,7.1,21675,30561,10872,6515,1451,1950,770,0.18,4450,3.1364073006724302,4.664285714285714,61.60377358490565,92.02,KO
3/31/2015,1.58,20.01265823,10.38,6.67,0.34,32.12,1.23,28.9,1.11,61.94,2.13,22.05,7.51,18.21,3.02,135.37,31.62,26.12,29.08,7.04,20049,29078,10711,6608,2296,2769,1557,0.35,4422,3.046242774566474,4.740629685157422,93,91.02,KO
6/30/2015,1.71,18.035087719298247,10.32,6.59,2.01,32.8,1.14,29.58,1.03,64.9,2.27,24.76,8.1,16.87,2.56,183.14,30.84,28.85,28.64,7.55,20947,28641,12156,7408,2535,3023,3108,0.71,4408,2.988372093023256,4.679817905918058,15.343283582089553,93.54,KO
9/30/2015,1.56,20.39102564102564,10.22,6.05,1.97,36.59,1.16,33.68,1.07,66.74,2.54,24.04,7.45,16.37,1.85,236.93,31.81,31.55,26.27,6.88,22774,26267,11427,6850,2379,2861,1449,0.33,4399,3.112524462,5.257851239669422,16.14720812182741,93.01,KO
12/31/2015,1.67,20.550898203592816,10.05,5.96,1.83,33.4,1.24,30.49,1.13,64.23,2.49,26.79,8,16.16,1.63,324.37,34.32,26.93,25.76,7.35,19900,25764,10000,5946,1518,2045,1237,0.28,4405,3.414925373134328,5.758389261744966,18.754098360655735,90,KO
3/31/2016,1.66,22.500000000000004,9.97,5.8,1.61,36.51,1.18,33.46,1.08,66.13,2.63,27.51,7.91,16.1,1.1,407.68,37.35,30.99,25.13,7.28,22211,25129,10282,6213,2141,2599,1483,0.34,4382,3.7462387161484454,6.439655172413794,23.198757763975156,91.26,KO
6/30/2016,1.74,21.137931034482758,9.85,6.22,1.55,35.87,1.21,32.87,1.11,67.26,2.51,29.3,8.27,16.59,3.15,394.25,36.78,29.54,26.84,7.62,24075,26838,11539,7068,2859,3304,3448,0.79,4377,3.7340101522842644,5.913183279742766,23.729032258064517,94.09,KO
9/30/2016,1.65,20.98181818181818,9.69,6.09,1.49,37.96,1.37,35.21,1.27,67.68,2.58,27.75,7.81,15.97,4,292.09,34.62,27.79,26.25,7.21,25569,26245,10633,6502,2271,2691,1046,0.24,4364,3.5727554179566563,5.684729064039408,23.234899328859058,93.93,KO
12/31/2016,1.5,22.80666666666667,9.57,5.42,1.53,34.01,1.28,31.34,1.18,64.05,2.76,25.74,7.12,15.81,2.09,252.52,34.21,26.53,23.22,6.53,22201,23220,9409,5615,1386,1850,550,0.12,4367,3.574712643678161,6.311808118081181,22.359477124183005,87.27,KO
3/31/2017,1.43,24.6993007,9.33,5.4,1.59,40.25,1.41,37.37,1.3,68.13,2.95,25.06,6.8,15.31,4.3,183.93,35.32,28.66,23.07,6.23,25205,23067,9118,5605,1963,2291,1182,0.27,4334,3.7856377277599145,6.540740741,22.21383647798742,91.2,KO
6/30/2017,0.96,39.208333333333336,8.94,5.18,1.49,38.96,1.35,36.17,1.26,69.06,3.13,17.54,4.57,13.97,4.9,108.56,37.64,28.83,22.09,4.15,27224,22089,9702,6043,2037,2338,1371,0.32,4327,4.210290827740493,7.2664092664092665,25.261744966442954,91.15,KO
9/30/2017,1.05,36.25714285714285,8.6,5.2,1.42,38.4,1.39,35.8,1.3,68.36,3.09,20.1,5.05,14.13,5.59,107.84,38.07,27.63,22.15,4.55,27357,22152,9078,5684,2245,2542,1447,0.33,4320,4.426744186046512,7.321153846153846,26.80985915492958,90.52,KO
12/31/2017,0.27,144.88888888888886,8.37,4.46,1.25,36.55,1.34,33.89,1.25,68.92,3.63,5.79,1.38,14.54,2.34,29.15,39.12,27.19,18.98,1.25,20675,18977,8314,5159,1510,1844,-2752,-0.63,4324,4.673835125448028,8.771300448430493,31.296,87.9,KO
3/31/2018,0.32,116.75,8.04,5.08,1.26,38.04,1.21,35.11,1.12,71.67,3.32,6.76,1.58,14.48,4.6,32.92,37.36,31.48,21.62,1.43,21373,21617,7626,4888,1811,2081,1368,0.32,4306,4.646766169,7.354330708661417,29.65079365079365,93.28,KO
6/30/2018,0.54,70.5,7.99,4.74,1.14,36.02,1.15,33.14,1.06,69.42,3.44,11.48,2.63,16.3,3.31,60.08,38.07,31.4,20.18,2.38,19354,20176,9421,5878,2766,3049,2316,0.54,4290,4.764705882352941,8.031645569620252,33.39473684210527,89.59,KO
9/30/2018,0.65,62.21538461538461,7.93,4.74,1.25,33.41,1.06,30.79,0.98,66.7,3.31,13.9,3.14,17.8,3.32,82.86,40.44,31.43,20.18,2.81,18847,20178,8775,5429,2614,2868,1880,0.44,4295,5.099621689785624,8.531645569620252,32.352,86.88,KO
12/31/2018,1.5,27.853333333333335,7.98,4.47,1.47,24.93,0.87,21.86,0.76,64.16,3.37,31.76,7.29,19.29,-2.53,295.65,41.78,28.78,19.06,6.43,16115,19058,8478,5038,1961,2240,870,0.2,4299,5.235588972431078,9.346756152,28.421768707482993,83.22,KO
3/31/2019,1.57,26.56687898089172,8.23,4.64,1.48,28.54,1.02,25.36,0.91,68.54,3.46,34.05,7.75,20.85,-2.94,2309.59,41.71,27.94,19.8,6.74,11948,19804,8694,5329,2435,2710,1678,0.39,4306,5.068043742405832,8.989224137931036,28.182432432432435,88.35,KO
6/30/2019,1.64,27.853658536585368,8.36,4.75,1.87,24.36,0.83,20.91,0.71,69.7,3.43,35.47,8.08,21.17,-6.62,-321.01,45.68,29.38,20.3,7.04,13361,20295,9997,6076,2988,3315,2607,0.61,4305,5.464114832535886,9.616842105263158,24.427807486631014,90,KO
9/30/2019,1.8,27.333333333333336,8.51,4.83,2.11,23.12,0.92,19.85,0.79,66.75,3.23,38.82,8.88,20.28,-5.65,-174.74,49.2,25.1,20.68,7.75,12988,20683,9507,5740,2499,2862,2593,0.6,4321,5.781433607520564,10.186335403726709,23.31753555,87.43,KO
12/31/2019,2.07,24.342995169082126,8.64,4.93,2.18,20.41,0.76,17.03,0.63,65.28,3.09,43.58,10.13,20.26,-5.67,-170.92,50.39,26.97,21.1,8.92,11175,21098,9068,5502,2164,2564,2042,0.47,4314,5.832175925925926,10.221095334685598,23.114678899082566,86.38,KO
3/31/2020,2.32,17.51293103448276,8.61,4.62,2.15,28.23,0.87,24.68,0.76,74.18,3.74,48.92,11.2,19.98,-8,-154.47,40.63,32.4,19.83,10.02,17666,19834,8601,5230,2380,2747,2775,0.64,4325,4.718931475029037,8.794372294372295,18.89767441860465,94.01,KO
6/30/2020,2.12,19.52358490566038,7.95,4.47,1.85,29.37,1.09,25.87,0.96,75.5,3.94,45.49,10.14,17.34,-8.26,-133.28,41.39,26.85,19.19,9.19,19816,19189,7150,4137,1981,2362,1779,0.41,4316,5.206289308176101,9.259507829977629,22.37297297297297,94.69,KO
9/30/2020,1.92,24.015625,7.75,4.73,1.74,30.41,1.13,27.15,1.01,76.87,3.78,41.44,8.95,16.32,-7.6,-112.86,46.11,26.89,20.32,8.33,21128,20316,8652,5181,2298,2656,1737,0.4,4321,5.949677419354838,9.748414376321351,26.5,97.18,KO
12/31/2020,1.79,28.83798882681564,7.64,4.95,2.05,19.24,1.32,15.97,1.09,66.01,3.1,38.44,8.3,15.71,-7.27,-99.54,51.62,14.6,21.28,7.75,10914,21284,8611,5033,2338,2768,1456,0.34,4323,6.756544502617801,10.428282828282827,25.180487804878048,87.3,KO
3/31/2021,1.67,29.95808383233533,7.73,5.18,2.31,21.93,1.33,18.58,1.13,67.66,3.03,34.73,7.82,15.52,-6.46,-97.57,50.03,16.49,22.33,7.22,12589,22332,9020,5515,2722,3088,2245,0.52,4330,6.472186287192756,9.658301158301159,21.658008658008658,89.99,KO
6/30/2021,1.87,27.67379679144385,8.41,5.62,2.68,22.48,1.47,19.2,1.26,65.94,2.72,36.64,8.86,16.75,-4.65,-124.39,51.75,15.3,24.26,8.08,13042,24255,10129,6342,3016,3399,2641,0.61,4338,6.153388822829964,9.208185053380783,19.30970149253731,90.19,KO
9/30/2021,2.04,24.784313725490197,8.72,5.59,2.72,24.24,1.52,21.06,1.32,66.47,2.75,38.32,9.84,17.45,-4.27,-155.69,50.56,15.99,24.13,8.81,14869,24133,10042,6065,2898,3260,2471,0.57,4344,5.798165137614679,9.044722719141324,18.588235294117645,90.61,KO
12/31/2021,2.26,25.44690265486726,8.91,5.75,2.62,22.55,1.13,19.13,0.96,69.49,2.8,40.89,10.7,16.29,-9.75,-155.53,57.51,19.95,24.86,9.77,12625,24860,9464,5376,1672,2013,2414,0.55,4340,6.454545454545454,10.001739130434782,21.950381679389313,94.35,KO
3/31/2022,2.38,25.491596638655466,9.24,6.2,2.39,22.16,1.18,18.42,0.98,67.22,2.5,41.19,11.17,17.28,-7.9,-155.17,60.67,18.79,26.84,10.31,10356,26841,10491,6400,3405,3729,2781,0.64,4357,6.566017316017316,9.785483870967742,25.384937238493723,94.06,KO
6/30/2022,2.21,28.063348416289596,9.5,5.73,2.38,23.14,1.13,19.52,0.95,68.37,2.76,38.04,10.29,16.38,-9.09,-123.48,62.02,20.53,24.8,9.57,11619,24803,11325,6495,2341,2663,1905,0.44,4353,6.528421052631579,10.823734729493891,26.058823529411768,93.17,KO
9/30/2022,2.29,24.29694323144105,9.74,5.65,2.33,24.14,1.13,20.43,0.95,68.04,2.78,39.33,10.61,16.92,-8.51,-112.63,55.64,21.44,24.44,9.93,13220,24436,11063,6497,3088,3395,2825,0.65,4346,5.712525667351129,9.847787610619468,23.879828326180256,92.47,KO
3/31/2009,,,,7.76,,10.86,1.36,8.28,1.04,22.94,1.9,,,,,,,7.99,12.08,,,,,,,,,,,,,,,PEP
6/30/2009,,,,9.25,,11.63,1.35,8.68,1.01,22.64,1.57,,,,,,,8.62,14.41,,2424,14409,10592,5711,2190,2561,1658,1.06,1572,,,,,PEP
9/30/2009,,,,10.15,,12.42,1.34,9.7,1.04,22.79,1.44,,,,,,,9.3,15.83,,3460,15831,11080,5899,2232,2630,1716,1.09,1577,,,,,PEP
12/31/2009,3.77,11.045092838196286,27.46,11.15,3,12.57,1.44,9.95,1.14,22.41,1.29,39.76,15.78,34.97,8.29,85.76,41.64,8.76,17.44,5.94,4135,17442,13297,7004,2034,2586,1432,0.9,1577,1.5163874726875455,3.734529147982063,13.88,39.85,PEP
3/31/2010,3.94,11.581218274111675,28.03,13.44,3.34,15.27,1.31,11.98,1.03,42.29,1.94,35.87,13.88,25.95,-5.65,148.84,45.63,11.65,21.86,6.24,4147,21856,9368,4905,840,1216,1429,0.89,1606,1.6278986799857296,3.395089285714286,13.661676646706589,64.14,PEP
6/30/2010,3.86,10.974093264248705,30.35,12.5,3.42,16.74,1.15,13.21,0.91,45.16,2.27,32.93,11.9,23.4,-7.57,1233.75,42.36,14.57,19.91,6.18,4754,19914,14801,8056,2461,3054,1601,0.98,1634,1.3957166392092255,3.3888,12.385964912280702,65.07,PEP
9/30/2010,3.96,11.744949494949495,32.95,12.79,3.49,17.9,1.05,14.54,0.85,46.47,2.3,32.14,10.83,22.48,-7.43,-206.55,46.51,17.12,20.24,6.38,5809,20236,15514,8506,2800,3411,1922,1.19,1612,1.4115326251896811,3.6364347146207976,13.326647564469912,66.7,PEP
12/31/2010,3.91,11.782608695652174,35.76,13.58,3.27,17.57,1.11,14.2,0.89,46.68,2.17,30.25,9.56,20.65,-6.99,-91.37,46.07,15.89,21.48,6.31,6369,21476,18155,9796,2231,2978,1362,0.85,1614,1.2883109619686801,3.3924889543446244,14.08868501529052,68.15,PEP
3/31/2011,3.73,12.270777479892763,37.37,14.97,3.25,16.51,0.98,12.68,0.75,49.41,2.09,28.26,8.83,22.45,-10.05,-75.24,45.77,16.84,23.67,6.03,4029,23674,11937,6490,1726,2249,1141,0.71,1605,1.2247792346802249,3.0574482297929193,14.083076923076923,73.09,PEP
6/30/2011,3.92,12.85969387755102,38.79,15.39,3.06,17.92,0.99,13.38,0.74,51.31,2.11,28.11,8.9,22.28,-9.96,-73.29,50.41,18.06,24.37,6.31,3344,24370,16827,8864,2754,3418,1883,1.17,1605,1.299561742717195,3.2755035737491873,16.473856209150327,75.68,PEP
9/30/2011,3.98,11.22110552763819,40.17,15.31,3.13,17.83,1.02,13.63,0.78,51.38,2.14,27.31,8.74,21.63,-10.13,-68.8,44.66,17.57,24,6.39,3535,24003,17582,9130,2906,3596,1999,1.25,1599,1.1117749564351505,2.917047681254082,14.268370607028753,75.38,PEP
12/31/2011,4.02,12.00497512437811,41.54,13.35,3.56,17.44,0.96,13.61,0.75,51.98,2.49,27.7,8.67,21.67,-12.35,-60.61,48.26,18.15,20.9,6.44,4425,20899,20158,10427,2247,3107,1413,0.9,1597,1.1617717862301395,3.614981273,13.556179775280897,72.88,PEP
3/31/2012,4.02,12.101990049751246,41.95,14.65,2.96,17.58,1.04,13.36,0.79,51.44,2.24,27.85,8.61,21.61,-11.31,-58.72,48.65,16.99,22.95,6.42,3813,22954,12428,6539,1722,2277,1126,0.71,1584,1.1597139451728247,3.3208191126279862,16.43581081081081,74.39,PEP
6/30/2012,3.79,13.778364116094986,41.87,13.22,3.09,18.03,0.99,13.76,0.75,51.8,2.52,27.24,8.17,21.25,-12.07,-52.55,52.22,18.27,20.6,6.02,4193,20595,16458,8543,2377,3023,1485,0.94,1581,1.2471936947695248,3.9500756429652037,16.899676375404532,72.39,PEP
9/30/2012,3.75,14.053333333333335,41.45,13.92,3.5,19.27,1.19,15.37,0.95,52.43,2.43,27.55,8.07,21.06,-11.43,-50.27,52.7,16.22,21.58,5.93,5711,21584,16652,8819,2800,3436,1901,1.21,1575,1.2714113389626056,3.785919540229885,15.057142857142859,74.02,PEP
12/31/2012,3.92,13.099489795918368,41.5,14.51,3.72,18.72,1.1,15.14,0.89,52.24,2.33,28.2,8.36,20.46,-11.1,-53.78,51.35,17.09,22.4,6.17,6619,22399,19954,10300,2213,3065,1659,1.06,1575,1.2373493975903616,3.5389386629910407,13.803763440860214,74.64,PEP
3/31/2013,3.9,15.328205128205129,41.7,14.54,4.61,19.91,1.11,15.99,0.89,52.89,2.35,28.12,8.26,20.24,-10.86,-53.85,59.78,17.99,22.46,6.12,7011,22464,12581,6747,1658,2209,1073,0.69,1563,1.4335731414868105,4.111416781292985,12.967462039045552,75.36,PEP
6/30/2013,4.24,14.679245283018867,42.02,14.72,4.84,21.96,1.15,17.83,0.93,53.89,2.37,29.77,8.83,20.86,-10.13,-61.05,62.24,19.16,22.77,6.64,8139,22765,16807,8909,2869,3503,2007,1.28,1567,1.4811994288434078,4.228260869565218,12.859504132231406,76.65,PEP
9/30/2013,4.26,14.302816901408452,42.28,14.58,4.67,22.93,1.24,19.19,1.04,54.41,2.43,29.55,8.77,20.66,-10.09,-63.09,60.93,18.47,22.4,6.65,9559,22402,16909,8963,2780,3410,1913,1.23,1561,1.4411069063386943,4.179012345679013,13.047109207708779,76.81,PEP
12/31/2013,4.32,14.814814814814813,42.5,15.95,4.49,22.2,1.25,18.79,1.05,53.09,2.18,29.3,8.8,20.75,-8.26,-68.53,64,17.84,24.39,6.74,9678,24389,20118,10553,2398,3246,1747,1.12,1560,1.5058823529411764,4.012539184952979,14.253897550111358,77.48,PEP
3/31/2014,4.42,14.680995475113123,42.65,15.07,4.12,23.29,1.2,19.54,1,54.6,2.39,29.78,8.92,20.91,-9.06,-73.31,64.89,19.46,22.89,6.88,10086,22893,12623,6876,1807,2339,1215,0.79,1540,1.5214536928487692,4.305905773059058,15.75,77.49,PEP
6/30/2014,4.43,15.787810383747178,42.95,15.62,4.3,25.8,1.28,21.6,1.07,56.83,2.41,29.38,8.78,20.61,-8.65,-75.98,69.94,20.23,23.6,6.85,11299,23600,16894,9116,2896,3526,1976,1.29,1532,1.628405122235157,4.477592829705506,16.26511627906977,80.43,PEP
9/30/2014,4.52,16.236725663716815,43.41,15.43,4.57,26.59,1.16,22.81,1,57.28,2.47,29.54,8.8,20.75,-8.54,-80.51,73.39,22.84,23.19,6.95,12906,23187,17218,9223,2847,3479,2008,1.32,1525,1.6906242801197882,4.756318859364874,16.059080962800873,80.47,PEP
12/31/2014,4.27,17.576112412177988,43.58,11.79,5.08,20.66,1.14,17.52,0.97,52.96,3.02,29.82,8.42,20.78,-11.51,-68.9,75.05,18.09,17.55,6.5,8726,17548,19948,10230,2031,2862,1304,0.87,1527,1.7221202386415788,6.365564037319762,14.773622047244094,70.51,PEP
3/31/2015,4.29,17.80885780885781,43.51,10.81,5.2,20.92,1.04,17.46,0.87,53.64,3.36,32.41,8.65,21.8,-12.45,-63.29,76.4,20.13,15.99,6.51,8495,15989,12217,6714,1797,2293,1221,0.81,1503,1.7559181797287982,7.067530064754857,14.692307692307693,69.63,PEP
6/30/2015,4.33,17.351039260969976,43.16,11.18,5.22,23.07,1.07,19.14,0.89,55.8,3.39,35.6,8.9,23.08,-12.48,-57.93,75.13,21.55,16.46,6.51,9579,16464,15923,8672,2900,3479,1980,1.33,1491,1.7407321594068583,6.720035778175313,14.392720306513409,72.26,PEP
9/30/2015,3.37,22.694362017804156,42.88,9.29,5.29,22.81,1.2,19.69,1.03,56.32,4.15,31.7,7.14,20.46,-14.22,-39.78,76.48,19.07,13.58,5.04,10679,13579,16331,8841,1416,1985,533,0.36,1483,1.7835820895522387,8.232508073196987,14.457466918714557,69.9,PEP
12/31/2015,3.67,22.237057220708447,42.34,8.31,5.52,23.03,1.31,20.31,1.16,57.64,4.79,37.56,7.75,21,-15.23,-40.1,81.61,17.58,12.03,5.45,12009,12030,18585,10098,2240,3012,1718,1.17,1485,1.927491733585262,9.820697954,14.784420289855074,69.67,PEP
3/31/2016,3.5,24.085714285714285,42.34,7.77,5.47,23.97,1.42,20.75,1.23,58.79,5.23,38.74,7.33,20.06,-15.95,-35.68,84.3,16.84,11.23,5.16,12144,11231,11862,6711,1619,2100,931,0.64,1459,1.9910250354274914,10.84942084942085,15.411334552102376,70.02,PEP
6/30/2016,3.55,24.732394366197184,42.23,8.59,5.74,25.88,1.4,22.39,1.21,60.34,4.88,42.16,7.35,19.77,-15.37,-34.14,87.8,18.46,12.38,5.19,13379,12376,15395,8565,2964,3527,2005,1.38,1456,2.0790906938195595,10.221187427240977,15.296167247386759,72.71,PEP
9/30/2016,4.56,19.907894736842106,42.26,8.86,5.55,27.1,1.32,23.98,1.17,61.18,4.81,54.98,9.29,22.85,-14.96,-43.22,90.78,20.59,12.72,6.65,14780,12718,16027,8743,2821,3388,1992,1.37,1452,2.1481306199716044,10.24604966139955,16.356756756756756,73.9,PEP
12/31/2016,4.36,20.178899082568808,43.18,7.84,5.32,26.45,1.25,23.73,1.12,62.29,5.56,53.27,8.73,23.23,-16.66,-40.22,87.98,21.14,11.2,6.33,16125,11199,19515,10558,2400,3157,1401,0.97,1452,2.0375173691523853,11.221938775510205,16.537593984962406,73.49,PEP
3/31/2017,4.64,20.40948275862069,43.42,8.17,5.01,27.15,1.25,23.87,1.1,62.94,5.39,55.99,9.12,23.88,-16.5,-42.31,94.7,21.64,11.68,6.72,15989,11683,12049,6759,1863,2340,1318,0.91,1440,2.181022570244127,11.591187270501836,18.902195608782435,74.62,PEP
6/30/2017,4.72,20.85805084745763,43.75,8.79,4.76,29.25,1.32,25.64,1.16,64.41,5.14,56.65,9.12,23.71,-15.85,-42.62,98.45,22.11,12.53,6.82,17160,12530,15710,8651,2919,3473,2105,1.46,1441,2.2502857142857144,11.200227531285552,20.682773109243698,76.94,PEP
9/30/2017,4.84,19.76239669421488,44,9.42,4.92,30.2,1.35,26.95,1.21,65.05,4.85,57.09,9.18,23.56,-15.17,-43.42,95.65,22.36,13.41,6.97,18278,13411,16240,8872,2924,3497,2144,1.49,1438,2.1738636363636363,10.153927813163483,19.441056910569106,78.46,PEP
12/31/2017,3.37,30.756676557863504,44.14,7.73,5.04,31.03,1.51,28.08,1.37,68.82,6.27,39.97,6.27,23.47,-17.6,-29.83,103.65,20.5,10.98,4.86,19510,10981,19526,10447,2570,3335,-710,-0.48,1438,2.348210240144993,13.408796895213454,20.56547619047619,79.8,PEP
3/31/2018,3.39,28.035398230088497,44.56,7.74,4.23,33.05,1.28,29.71,1.15,70.9,6.45,40.76,6.16,23.19,-17.65,-29.46,95.04,25.89,10.99,4.88,20610,10985,12562,6907,1807,2303,1343,0.94,1430,2.132854578096948,12.279069767441861,22.46808510638298,81.89,PEP
6/30/2018,3.21,29.80685358255452,44.94,7.22,4.19,30.37,1.24,26.88,1.1,68.51,6.7,40.33,5.77,23.82,-18,-26.87,95.68,24.56,10.22,4.6,18129,10221,16090,8827,3028,3602,1820,1.28,1426,2.129060970182466,13.252077562326871,22.835322195704055,78.73,PEP
9/30/2018,3.47,28.547550432276655,45.22,7.36,4.07,25.84,1.31,22.7,1.15,63.24,6.09,46.51,6.31,24.17,-17.41,-28.03,99.06,19.7,10.39,4.95,13898,10389,16485,8958,2844,3410,2498,1.75,1424,2.190623618,13.459239130434783,24.33906633906634,73.63,PEP
12/31/2018,8.8,11.211363636363634,45.35,10.36,4.4,21.89,0.99,18.77,0.85,63.05,4.32,108.34,16.05,24.11,-16.03,-72.44,98.66,22.14,14.6,12.51,10990,14602,19524,10588,2431,3194,6852,4.81,1425,2.175523704520397,9.523166023166024,22.42272727272727,77.65,PEP
3/31/2019,8.86,12.451467268623025,45.68,10.18,5,17.92,0.94,14.36,0.75,61.17,4.28,101.66,16.48,24.62,-16.62,-73.95,110.32,19.09,14.3,12.58,5551,14296,12884,7196,2008,2506,1413,1,1413,2.415061295971979,10.836935166994106,22.064,75.47,PEP
6/30/2019,9.02,13.181818181818183,46.07,10.03,4.45,17.21,0.86,13.22,0.66,61.05,4.35,96,16.96,23.78,-17.18,-76.13,118.9,19.93,14.04,12.8,3734,14037,16449,9045,2729,3287,2035,1.44,1409,2.5808552203169093,11.85443668993021,26.719101123595507,75.08,PEP
9/30/2019,8.76,14.289954337899545,46.73,10.19,4.35,19.2,0.95,15.53,0.77,63.22,4.45,86.78,16.23,23.41,-16.93,-74.3,125.18,20.13,14.22,12.4,5908,14224,17188,9494,2855,3433,2100,1.49,1405,2.678793066552536,12.28459273797841,28.77701149425288,77.44,PEP
12/31/2019,5.19,24.21387283236994,47.7,10.69,3.97,17.65,0.86,14.31,0.7,63.68,4.28,50.95,9.54,23.88,-16.68,-43.41,125.67,20.46,14.87,7.31,5738,14868,20640,11294,2699,3909,1766,1.27,1407,2.634591194968553,11.755846585594014,31.65491183879093,78.55,PEP
3/31/2020,5.15,21.59029126213592,48.52,9.76,3.65,24.27,1.1,20.67,0.94,71.5,5.27,51.08,9.16,22.87,-17.89,-42.17,111.19,22.08,13.56,7.24,11247,13559,13881,7754,1924,2457,1338,0.96,1396,2.291632316570486,11.392418032786885,30.46301369863014,85.06,PEP
6/30/2020,4.89,25.23721881390593,48.29,9.09,3.99,23.19,0.97,18.88,0.79,76.94,6.11,49.6,8.29,20.87,-24.25,-36.18,123.41,23.83,12.59,6.85,9123,12587,15945,8857,2319,2908,1646,1.18,1393,2.5556015738248083,13.576457645764576,30.929824561403507,89.53,PEP
9/30/2020,5.05,25.7960396,49.07,9.83,4.65,24.06,0.93,19.93,0.77,78.45,5.77,51.57,8.16,20.38,-24.19,-33.93,130.27,26.01,13.6,7.04,9705,13595,18091,9935,3011,3620,2291,1.65,1390,2.654778887303852,13.252288911495423,28.01505376344086,92.04,PEP
12/31/2020,5.12,27.41796875,50.54,9.82,4.62,23,0.98,18.83,0.81,79.37,5.86,53.44,7.92,19.64,-24.52,-31.35,140.38,23.37,13.55,7.12,9551,13552,22455,12029,2826,4121,1845,1.33,1392,2.777601899485556,14.295315682281059,30.385281385281385,92.92,PEP
3/31/2021,5.4,24.992592592592594,51.28,10.17,4.64,21.2,0.93,16.64,0.73,77.17,5.49,55.75,8.2,20,-24.06,-30.9,134.96,22.69,14.05,7.5,6625,14053,14820,8149,2312,2971,1714,1.24,1387,2.6318252730109206,13.270403146509341,29.08620689655173,91.22,PEP
6/30/2021,5.92,24.054054054054056,53.68,11.14,5.17,21.6,0.91,16.59,0.7,76.99,5,58.01,8.91,21.29,-22.92,-34.31,142.4,23.62,15.4,8.21,5777,15398,19217,10337,3129,3903,2358,1.7,1388,2.6527570789865873,12.782764811490125,27.543520309477756,92.39,PEP
9/30/2021,5.87,24.79386712,55.2,11.56,4.85,23.71,0.95,19.35,0.77,77.26,4.83,55.2,8.81,21.42,-21.42,-35.05,145.54,25.08,15.99,8.14,6850,15990,20189,10795,3159,3929,2224,1.6,1389,2.6365942028985505,12.589965397923875,30.008247422680412,93.25,PEP
12/31/2021,5.49,30.821493624772312,57.24,11.68,5.15,21.78,0.83,17.44,0.67,76.23,4.72,49.47,8.25,21.09,-20.9,-34.13,169.21,26.22,16.15,7.62,5988,16151,25248,13118,2562,3574,1322,0.95,1389,2.9561495457721874,14.487157534246576,32.85631067961165,92.38,PEP
3/31/2022,7.31,22.451436388508895,58.2,13.24,5.51,22.34,0.87,17.58,0.68,74.64,4.07,61.74,10.96,26.69,-17.89,-48.92,164.12,25.82,18.32,10.17,6904,18320,16200,8767,5267,5925,4261,3.06,1391,2.819931271477663,12.395770392749245,29.785843920145194,92.96,PEP
6/30/2022,6.64,24.78012048192771,58.92,13.52,4.83,22.63,0.83,17.35,0.64,74.43,3.99,53.44,9.94,24.88,-16.96,-47.88,164.54,27.22,18.67,9.24,5692,18674,20225,10810,2077,2837,1429,1.03,1389,2.792600135777325,12.170118343195266,34.06625258799172,93.1,PEP
9/30/2022,6.99,23.213161659513588,60.22,13.88,4.85,23.54,0.92,18.52,0.72,75.33,3.94,53.76,10.42,24.98,-16.41,-53.85,162.26,25.65,19.14,9.71,6742,19135,21971,11663,3353,4135,2702,1.95,1387,2.694453669877117,11.690201729106628,33.455670103092785,94.46,PEP
1/31/2009,,,,,,0,0,0,0,0,0,,,,,,,,0,,,,,,,,,,,,,,,AVGO
4/30/2009,,,,,,0,0,0,0,0,0,,,,,,,,0,,,0,325,98,-11,29,-31,-0.14,214,,,,,AVGO
7/31/2009,,,,,,0.62,2.45,0.46,1.85,1.02,1.34,,,,,,,0.25,0.76,,254,758,363,141,24,65,2,0.01,218,,,,,AVGO
10/31/2009,,,,4.42,,0.86,1.37,0.7,1.11,0.93,0.89,-9.79,-4.7,7.02,0.22,-122.22,,0.63,1.04,-0.04,472,1040,428,178,5,46,-21,-0.1,219,,,,1.97,AVGO
1/31/2010,,,,4.6,,0.56,2.25,0.39,1.58,0.55,0.5,-1.66,-0.89,9.47,0.29,-11.09,,0.25,1.09,-0.01,144,1087,456,194,78,118,38,0.16,244,,,,1.63,AVGO
4/30/2010,,,,5.03,,0.73,2.59,0.55,1.95,0.58,0.49,10.67,6.09,15.67,0.42,50.99,,0.28,1.2,0.11,256,1200,515,233,108,148,90,0.37,246,,,,1.78,AVGO
7/31/2010,0.94,17.297872340425535,8.14,5.58,1.37,0.87,3.06,0.69,2.41,0.59,0.44,19.74,12.6,23.31,0.57,61.29,16.26,0.29,1.33,0.23,367,1333,550,263,135,175,123,0.5,247,1.9975429975429977,2.913978494623656,11.86861313868613,1.92,AVGO
10/31/2010,1.69,10.911242603550297,8.51,6.27,1.76,1.09,1.92,0.9,1.59,0.65,0.43,32.39,22.16,31.98,0.76,81.41,18.44,0.57,1.51,0.42,561,1505,572,276,145,186,164,0.66,246,2.166862514688602,2.9409888357256784,10.477272727272728,2.16,AVGO
1/31/2011,2.01,10.701492537313435,8.85,6.75,1.77,0.91,3.84,0.71,2.98,0.33,0.2,34.92,25.34,34.42,0.91,74.53,21.51,0.24,1.64,0.5,363,1644,550,271,142,183,119,0.48,250,2.4305084745762713,3.186666666666667,12.152542372881356,1.97,AVGO
4/30/2011,2.18,11.53211009174312,8.97,7.28,2.3,1.13,3.81,0.93,3.16,0.39,0.22,34.5,26.31,34.36,1.08,65.26,25.14,0.3,1.79,0.54,596,1791,560,275,138,176,135,0.54,252,2.802675585284281,3.4532967032967035,10.930434782608696,2.18,AVGO
7/31/2011,2.25,11.257777777777777,9.13,7.62,2.57,1.23,3.95,1.03,3.31,0.4,0.22,33.01,26.21,33.4,1.17,57.32,25.33,0.31,1.87,0.56,704,1870,603,297,145,185,144,0.57,253,2.7743702081051476,3.324146981627296,9.856031128,2.27,AVGO
10/31/2011,2.2,11.595454545454546,9.28,8.16,2.44,1.39,3.98,1.2,3.43,0.44,0.22,30.2,24.9,31.88,1.33,49.15,25.51,0.35,2.01,0.55,829,2006,623,304,159,198,154,0.6,252,2.7489224137931036,3.1262254901960786,10.454918032786885,2.45,AVGO
1/31/2012,2.22,11.599099099099098,9.33,8.37,2.66,1.37,4.37,1.18,3.76,0.4,0.2,28.96,23.9,29.73,1.38,44.97,25.75,0.31,2.04,0.56,819,2040,563,270,132,169,125,0.5,250,2.759914255091104,3.0764635603345285,9.680451127819548,2.44,AVGO
4/30/2012,2.22,11.824324324324323,9.42,8.85,2.36,1.51,4.24,1.29,3.62,0.44,0.21,27.56,22.8,28.31,1.53,41.14,26.25,0.36,2.17,0.56,954,2167,577,278,137,175,134,0.54,250,2.786624203821656,2.9661016949152543,11.122881355932204,2.61,AVGO
7/31/2012,2.23,12.654708520179371,9.46,9.35,1.87,1.58,4.62,1.37,3.99,0.43,0.19,26.25,21.85,27.11,1.67,37.77,28.22,0.34,2.29,0.56,973,2289,606,295,149,189,145,0.58,250,2.983086680761099,3.018181818181818,15.09090909090909,2.72,AVGO
10/31/2012,2.26,11.22566371681416,9.46,9.85,1.81,1.69,4.89,1.5,4.33,0.44,0.18,25.26,21.18,26.08,1.82,35.2,25.37,0.35,2.42,0.56,1084,2419,618,299,164,204,159,0.63,250,2.6818181818181817,2.5756345177664977,14.01657458563536,2.86,AVGO
1/31/2013,2.26,12.22123894,9.5,10.23,1.91,1.71,6.18,1.51,5.43,0.37,0.15,23.98,20.32,24.42,1.94,32.41,27.62,0.28,2.52,0.56,1151,2518,576,276,124,165,125,0.5,251,2.907368421052632,2.699902248289345,14.460732984293195,2.89,AVGO
4/30/2013,2.17,11.433179723502304,9.43,10.58,1.85,1.82,5.51,1.59,4.82,0.43,0.16,22.04,18.84,22.55,2.02,29.15,24.81,0.33,2.61,0.54,1219,2611,562,272,118,160,113,0.45,251,2.630965005302227,2.3449905482041586,13.41081081081081,3.04,AVGO
7/31/2013,2.15,13.316279069767441,9.56,11.01,1.88,1.64,4.32,1.36,3.57,0.48,0.18,20.99,17.97,21.24,1.82,28.41,28.63,0.38,2.73,0.54,863,2726,644,304,140,186,142,0.56,252,2.994769874476987,2.600363306085377,15.22872340425532,3.2,AVGO
10/31/2013,2.19,16.287671232876715,10.02,11.59,1.93,1.82,4.39,1.53,3.7,0.53,0.18,20.56,17.59,28.09,2,28.4,35.67,0.41,2.89,0.55,985,2886,738,346,170,229,172,0.68,252,3.5598802395209583,3.0776531492666095,18.481865284974095,3.42,AVGO
1/31/2014,2.22,19.414414414414413,10.5,11.98,2.15,1.86,5.11,1.57,4.32,0.48,0.16,20.01,17.09,27.22,2.13,28.15,43.1,0.36,2.99,0.56,1112,2992,709,339,139,196,134,0.53,255,4.104761904761905,3.5976627712854756,20.046511627906977,3.47,AVGO
4/30/2014,2.38,21.134453781512605,10.98,12.55,2.27,2.03,4.89,1.73,4.17,0.52,0.16,20.62,17.61,42.59,2.32,29.29,50.3,0.42,3.15,0.61,1278,3154,701,357,160,221,158,0.61,258,4.581056466302368,4.007968127490039,22.158590308370044,3.67,AVGO
7/31/2014,1.17,47.162393162393165,13.46,12.26,2.89,3.84,4.09,3.36,3.57,7.16,2.31,9.89,5.76,10.62,-1.98,26.8,55.18,0.94,3.1,0.3,1277,3098,1269,393,-162,102,-164,-0.65,252,4.099554234769688,4.500815660685155,19.093425605536332,10.26,AVGO
10/31/2014,0.99,69.54545454545455,16.49,12.75,2.87,3.84,3.78,3.32,3.26,7.25,2.24,8.42,3.77,8.64,-1.97,208.73,68.85,1.02,3.24,0.26,1604,3243,1590,788,301,558,135,0.5,267,4.175257731958763,5.3999999999999995,23.989547038327522,10.49,AVGO
1/31/2015,1.72,47.91279069767442,19.59,14.16,3.42,4.1,4.85,3.6,4.26,7.07,1.95,14.63,5.47,10.62,-1.41,-63.12,82.41,0.85,3.63,0.48,2569,3628,1635,826,401,634,351,1.26,278,4.206738131699847,5.819915254237288,24.096491228070175,10.7,AVGO
4/30/2015,2.32,40.47413793103449,22.56,15.65,4.55,4.08,4.5,3.59,3.96,6.47,1.59,18.99,6.35,10.86,-0.82,-43.12,93.9,0.91,4.06,0.67,2508,4061,1614,846,418,655,344,1.21,284,4.162234042553192,6,20.63736263736264,10.53,AVGO
7/31/2015,3.81,26.461942257217846,23.56,15.57,5.16,3.17,3.33,2.66,2.8,5.71,1.33,28.13,10.26,16.27,-0.92,-83.68,100.82,0.95,4.28,1.07,1354,4281,1735,884,299,559,240,0.84,287,4.2792869269949065,6.475272960822093,19.53875968992248,9.99,AVGO
10/31/2015,4.8,20.733333333333334,24.16,17.06,6.53,3.76,3.36,3.24,2.89,5.8,1.23,32.7,13.07,18.8,-0.24,-161.32,99.52,1.12,4.71,1.36,1822,4714,1840,997,514,768,429,1.54,281,4.119205298013245,5.833528722157093,15.24042879019908,10.52,AVGO
1/31/2016,4.84,22.396694214876035,24.4,18.41,6.44,3.97,4.61,3.48,4.04,5.66,1.1,30.59,13.3,19.69,0.35,-342.79,108.4,0.86,5.12,1.39,2169,5121,1771,941,475,723,377,1.3,289,4.442622950819673,5.888104291146116,16.832298136645964,10.78,AVGO
4/30/2016,0.61,194.34426229508196,27.25,57.65,5.4,6.69,2.52,5.22,1.97,28.65,1.26,-1.52,-0.68,1.82,-18.96,2.83,118.55,2.65,22.76,-0.14,2041,22762,3541,1046,-1001,52,-1186,-3.02,415,4.350458716,2.056374674761492,21.953703703703702,51.41,AVGO
7/31/2016,-0.98,-134.8673469,30.26,56.77,5.62,6.05,2.22,4.74,1.74,27.25,1.21,-4.92,-2.21,-1.22,-18.1,7.34,132.17,2.73,22.5,-0.68,1961,22504,3792,1782,-264,804,-298,-0.75,419,4.367812293456708,2.328166285009688,23.517793594306045,49.75,AVGO
10/31/2016,9.26,15.048596112311015,40.89,54.93,9.54,7.13,2.32,5.73,1.86,28.09,1.28,-9.63,-4.3,-1.39,-17.92,12.73,139.35,3.08,21.88,-1.74,3097,21876,4136,2171,381,1090,-632,-2.39,383,3.407923697725605,2.536865101037684,14.606918238993712,49.97,AVGO
1/31/2017,12.85,12.778210116731517,41.78,54.98,11.11,7.35,3.46,6.01,2.83,27.61,1.25,-8.42,-3.74,-1.05,-16.76,10.47,164.2,2.12,22.01,-1.88,3536,22010,4139,2001,506,1628,239,0.57,439,3.9301101005265675,2.9865405602037103,14.77947794779478,49.62,AVGO
4/30/2017,14.65,12.46211604095563,42.21,55.03,12.36,8.47,4.13,7.16,3.49,27.51,1.23,-1.13,-0.5,3.08,-15.38,1.47,182.57,2.05,22.34,-0.25,4454,22343,4190,1976,474,1673,440,1.05,442,4.325278370054489,3.317644920952208,14.771035598705502,49.85,AVGO
7/31/2017,1.17,175.05982905982907,39.74,55.71,11.48,9.94,4.48,8.51,3.84,27.24,1.2,2.37,1.06,5.63,-13.93,-3.3,204.82,2.22,22.7,0.53,5449,22704,4463,2149,648,1864,481,1.14,445,5.154001006542526,3.676539220965715,17.841463414634145,49.94,AVGO
10/31/2017,4.26,51.652582159624416,40.44,56.69,14.07,15.82,6.26,14.38,5.68,31.23,1.35,7.5,3.32,6.39,-12.35,-11.59,220.04,2.53,23.19,1.69,11204,23186,4844,2383,743,1943,532,1.26,421,5.441147378832839,3.8814605750573294,15.638948116560057,54.42,AVGO
1/31/2018,12.15,17.133333333333333,36.22,70.93,7.66,11.22,5.7,9.93,5.04,25.46,0.88,31.58,14.72,7.05,-10.99,-58.37,208.17,1.97,29.08,7.68,7076,29081,5327,2628,943,2127,6230,14.62,426,5.747377139701822,2.934865360214295,27.17624020887728,54.54,AVGO
4/30/2018,12.02,16.133111480865225,42.21,73.55,6.2,12.47,5.87,11.24,5.29,22.87,0.71,40.96,20.5,8.17,-7.19,-98.62,193.92,2.12,32.07,10.96,8187,32067,5014,2551,1201,2165,3718,8.33,448,4.594171997157072,2.6365737593473826,31.277419354838706,54.94,AVGO
7/31/2018,13.68,13.794590643274855,44.21,66.47,8.17,8.7,3.98,7.48,3.42,22.92,0.84,41.78,21.8,9.31,-11.07,-112.29,188.71,2.19,27.45,11.68,4136,27452,5063,2619,1339,2304,1196,2.71,441,4.268491291562995,2.8390251241161426,23.097919216646268,50.37,AVGO
10/31/2018,15.18,12.61923583662714,46.81,65.34,11.24,9.11,3.9,7.98,3.41,23.47,0.88,42.54,23.35,11.09,-11.02,-121.8,191.56,2.34,26.66,12.26,4292,26657,5444,2935,1652,2620,1115,2.78,431,4.0922879726554156,2.9317416590143863,17.04270462633452,50.12,AVGO
1/31/2019,14.8,15.700675675675676,49.12,58.65,10.47,10.6,1.27,9.53,1.14,48.89,2.11,23.77,11.43,9.69,-34.92,-40.51,232.37,8.35,23.22,6.5,5093,23224,5789,3208,555,2014,471,1.12,419,4.730659609120521,3.9619778346121057,22.193887297039158,72.11,AVGO
4/30/2019,8.11,34.318125770653516,51,55.57,21.98,10.68,1.26,9.64,1.13,48.74,2.2,13.96,5.7,8.92,-34.68,-15.15,278.32,8.5,22.17,3.47,5328,22172,5517,3089,970,2417,691,1.64,422,5.457254901960784,5.0084578009717475,12.662420382165605,70.92,AVGO
7/31/2019,7.11,35.99718706,52.71,54.03,22.84,10.9,1.32,9.81,1.18,48.26,2.25,12.79,4.55,7.58,-34.06,-10.44,255.94,8.28,21.5,2.99,5462,21503,5515,3034,865,2315,715,1.71,418,4.855625118573325,4.736997964094022,11.205779334500876,69.77,AVGO
10/31/2019,6.44,40.50776397515528,53.87,62.67,22.32,9.92,1.44,9.04,1.31,42.55,1.71,11.74,3.85,6.15,-29.33,-8.11,260.87,6.9,24.94,2.7,5055,24941,5776,3152,1054,2506,818,1.96,419,4.842583998514944,4.162597734163076,11.687724014336917,67.49,AVGO
1/31/2020,6.06,45.31518151815182,54,61.07,22.74,12.11,1.57,11.17,1.44,56.64,2.32,10.91,3.51,6.17,-40.57,-7.31,274.61,7.74,24.37,2.54,6444,24368,5858,3264,714,2442,311,0.74,420,5.085370370370371,4.496643196332078,12.076077396657872,81.01,AVGO
4/30/2020,5.59,44.46511627906977,54.7,59.56,24.14,14.22,2.16,13.27,2.01,57.61,2.41,9.84,3.11,5.52,-39.42,-6.51,248.56,6.6,23.94,2.33,9207,23942,5742,3189,766,2496,488,1.17,417,4.544058500914076,4.173270651443922,10.296603148301575,81.55,AVGO
7/31/2020,5.33,54.966228893058165,55.3,58.31,25.48,13.68,2.04,12.6,1.88,55.74,2.37,9.22,2.88,5.5,-38.25,-6.05,292.97,6.7,23.56,2.23,8857,23557,5821,3316,1008,2727,614,1.45,422,5.297830018083183,5.024352598,11.498037676609107,79.3,AVGO
10/31/2020,6.29,51.88553259141494,56.87,58.66,27.55,11.9,1.87,10.89,1.71,52.06,2.18,11.13,3.35,6.02,-36.36,-6.89,326.36,6.37,23.87,2.66,7618,23874,6467,3747,1526,3254,1250,2.97,421,5.738702303499209,5.563586771224004,11.846098003629765,75.93,AVGO
1/31/2021,8.6,49.30348837209302,58.47,58.76,29.28,14.3,2.14,13.35,1.99,53,2.21,15.34,4.66,7.76,-34.9,-9.82,424.01,6.69,23.97,3.66,9552,23973,6655,3952,1837,3370,1304,3.05,428,7.2517530357448265,7.215963240299524,14.481215846994534,76.97,AVGO
4/30/2021,10.73,40.31966449207828,60.11,58.39,29.91,14.25,2.21,13.24,2.06,51.59,2.16,19.24,5.96,9.76,-33.59,-12.82,432.63,6.44,23.94,4.59,9518,23939,6610,4057,1975,3479,1417,3.3,429,7.197304940941607,7.409316663812296,14.464393179538616,75.52,AVGO
7/31/2021,13.48,34.41320474777448,62.12,59.08,30.74,15.64,2.41,14.48,2.23,51.54,2.12,24.02,7.59,11.58,-31.84,-16.89,463.89,6.5,24.34,5.77,11105,24340,6778,4197,2126,3629,1802,4.2,429,7.467643271088217,7.851895734597156,15.090761223162005,75.88,AVGO
10/31/2021,15,34.122,64.02,60.44,31.05,16.59,2.64,15.29,2.43,50.61,2.03,26.49,8.47,13.2,-29.86,-19.78,511.83,6.28,24.96,6.44,12163,24962,7407,4638,2581,4082,1914,4.45,429,7.994845360824742,8.468398411647915,16.48405797101449,75.57,AVGO
1/31/2022,17.54,32.36031927023946,66.44,56.02,31.93,15.34,2.44,13.82,2.2,50.26,2.19,31.31,10.03,15.35,-30.73,-23.91,567.6,6.29,22.97,7.53,10219,22968,7706,5049,3108,4395,2398,5.59,429,8.543046357615895,10.132095680114245,17.776385844033825,73.22,AVGO
4/30/2022,20.17,26.809618244918195,70.14,51.63,33.83,14.81,2.14,13.14,1.9,50.76,2.42,37.02,11.65,17.85,-31.88,-27.77,540.75,6.91,20.96,8.63,9005,20963,8103,5439,3394,4658,2515,5.93,424,7.709580838323353,10.47356188262638,15.98433343186521,71.72,AVGO
7/31/2022,23.12,22.77508650519031,74.02,51.55,35.61,15.56,2.32,13.72,2.05,50.45,2.42,43.78,13.47,20.78,-30.91,-31.86,526.56,6.7,20.88,9.83,9977,20876,8464,5681,3737,4954,2999,7.15,430,7.113753039718994,10.214548981571289,14.786857624262845,71.33,AVGO
10/31/2022,26.5,17.59320754716981,77.87,54.33,38.56,18.5,2.62,16.58,2.35,50.54,2.23,51.3,15.51,23.31,-28.02,-36.94,466.22,7.05,22.71,11.22,12416,22709,8930,5926,3986,5202,3311,7.86,423,5.987158083986131,8.581262654150562,12.090767634854771,73.25,AVGO
3/31/2010,,,,,,2.48,1.11,0,0,2.23,0.57,,,,,,,2.23,3.88,,,,,,,,,,,,,,,BABA
3/31/2011,,,,,,2.97,24.63,0,0,1.41,0.33,,,,,,,0.12,4.24,,2967,4240,,,,,,0,,,,,,BABA
3/31/2012,,,,,,4.37,2.37,0,0,2.01,0.37,,,,,,,1.84,5.38,,4017,5384,,,,,,0,,,,,,BABA
3/31/2013,,,,,,6.94,1.8,0,0,8.5,4.82,,,,,,,3.86,1.76,,5952,1763,,,,,,0,,,,,,BABA
9/30/2013,,,,,,0,0,0,0,0,0,,,,,,,,,,,,1777,1777,1777,1777,802,0.34,2317,,,,,BABA
12/31/2013,,,,,,11.23,1.73,0,0,11.73,2.14,,,,,,,6.49,5.49,,8753,5490,3061,2380,1437,1437,1350,0.58,2343,,,,,BABA
6/30/2014,,,,,,14.11,1.94,0,0,16.03,1.61,,,,,,,7.26,9.95,,10596,9951,2542,1803,1103,1209,1990,0.84,2384,,,,,BABA
9/30/2014,,,,8.48,,23.04,3.01,0,0,16.76,0.8,50.66,22.83,35.04,14.16,87.19,,7.66,21.09,4.63,18619,21090,2742,1830,708,895,485,0.2,2425,,,,37.85,BABA
12/31/2014,,,,9.69,,27.43,2.7,0,0,19.43,0.81,31.55,15.35,21.37,15.96,51.44,,10.17,24.09,4.78,21843,24088,4219,3007,1534,1534,957,0.37,2588,,,,43.52,BABA
3/31/2015,,,,10.18,,22.93,3.58,0,0,15.81,0.62,19.35,10.49,13.34,17.07,30.44,,6.4,25.39,3.9,20696,25393,2790,1808,415,415,464,0.15,2500,,,,41.21,BABA
6/30/2015,2.67,30.812734082397004,5.14,,3,21.76,3.4,0,0,15.82,0.53,27.46,16.38,10.52,23.02,39.2,82.27,6.4,29.68,6.88,19306,29677,3265,2182,832,832,4975,1.92,2588,16.005836575875488,,27.423333333333332,45.49,BABA
9/30/2015,3.87,15.237726098191214,5.37,,3.03,19.19,2.83,0,0,16.4,0.47,34.9,21.95,10.3,20.75,51.96,58.97,6.78,35.17,9.98,17289,35174,3488,2366,1006,1006,3580,1.4,2564,10.981378026070763,,19.462046204620464,51.57,BABA
12/31/2015,4.26,19.077464788732396,5.84,,3.29,21.09,2.53,0,0,18.08,0.47,34.09,22.51,10.52,24.24,51.48,81.27,8.34,38.22,10.95,18787,38215,5333,3642,1989,1989,1929,0.76,2538,13.916095890410958,,24.702127659574465,56.3,BABA
3/31/2016,4.41,17.92063492063492,6.13,15.64,3.11,20.79,2.58,0,0,17.82,0.46,31.27,21.12,10.49,24.76,47.79,79.03,8.07,38.7,11.08,18152,38700,3600,2168,757,757,599,0.25,2562,12.892332789559543,5.053069054,25.411575562700968,56.52,BABA
6/30/2016,2.93,27.143344709897608,6.75,,3.34,17.02,1.86,0,0,22.77,0.59,19.19,12.82,10.86,18.88,32.7,79.53,9.15,38.92,7.24,13932,38922,4838,3071,1326,1326,1136,0.44,2568,11.782222222222222,,23.811377245508982,61.69,BABA
9/30/2016,1.98,53.429292929292934,7.39,,3.42,20.44,2.02,0,0,25.07,0.58,12.08,7.91,10.89,22.36,21.31,105.79,10.11,43.37,4.81,16677,43369,5142,3174,1356,1356,1143,0.45,2566,14.315290933694182,,30.932748538011698,68.44,BABA
12/31/2016,2.22,39.55405405405405,8.28,,3.86,24.27,1.82,0,0,26.62,0.6,13.21,8.47,12.33,23.89,24.25,87.81,13.34,44.08,5.45,20567,44075,7669,4914,2976,2976,2572,1,2571,10.605072463768117,,22.748704663212436,70.7,BABA
3/31/2017,2.49,43.30522088353413,8.95,18.45,3.85,26.52,1.95,0,0,26.98,0.58,14.67,9.25,12.76,25.7,27.95,107.83,13.62,46.65,6.35,22294,46654,5345,3193,1323,1323,1494,0.58,2573,12.048044692737431,5.844444444444445,28.007792207792207,73.63,BABA
6/30/2017,2.88,48.923611111111114,9.91,,4.41,27.5,1.74,0,0,29.51,0.58,15.96,10.07,14.28,28.21,29.45,140.9,15.78,50.69,7.38,22986,50690,7403,4827,2583,2583,2166,0.83,2599,14.217961654894047,,31.950113378684808,80.2,BABA
9/30/2017,3.45,50.06086956521739,11.09,,4.54,30.76,1.71,0,0,31.82,0.58,18.08,11.41,15.53,32.4,32.26,172.71,17.97,55.18,8.89,25244,55176,8285,4978,2493,2493,2656,1.02,2607,15.573489630297566,,38.041850220264315,87,BABA
12/31/2017,3.86,44.67098445595855,12.98,,6.47,41.24,1.97,0,0,43.72,0.67,18.37,11.44,15.46,35.03,33.02,172.43,20.97,65.62,10.02,34968,65624,12761,7371,4072,4072,3700,1.41,2615,13.284283513097073,,26.650695517774345,109.35,BABA
3/31/2018,3.72,49.33870967741935,15.29,27.05,6.07,40.95,1.89,0,0,44.75,0.64,16.93,10.44,14.76,37.86,30.57,183.54,21.65,69.58,10.2,34058,69578,11449,5657,1981,1981,1679,0.65,2610,12.003924133420536,6.785212569316081,30.237232289950573,114.33,BABA
6/30/2018,3.39,54.72861356932153,17.1,,6.71,35.82,1.44,0,0,48.97,0.69,14.28,8.67,11.83,32.24,27.19,185.53,24.81,71.42,9.35,28939,71420,12229,5622,1212,1212,1313,0.5,2627,10.84970760233918,,27.649776453055143,120.39,BABA
9/30/2018,3.48,47.34482759,18.64,,7.24,34.64,1.42,0,0,47.96,0.67,13.79,8.28,10.42,35.08,27.41,164.76,24.48,72.12,9.61,27579,72124,12398,5586,1966,1966,2917,1.11,2628,8.839055793991415,,22.756906077348063,120.09,BABA
12/31/2018,3.91,35.05626598465473,20.28,,6.91,38.06,1.25,0,0,51.93,0.64,14.54,8.78,9.85,36.17,30.33,137.07,30.37,81.58,10.72,30325,81583,17057,8212,3898,3898,4807,1.84,2614,6.75887574,,19.836468885672936,133.51,BABA
3/31/2019,4.92,37.08333333333333,21.41,35.05,6.74,40.27,1.3,0,0,53.12,0.59,16.53,10.08,8.8,41.03,36.13,182.45,30.94,90.68,13.05,31542,90681,14468,5899,1430,1430,4016,1.52,2623,8.521718822979915,5.205420827389443,27.06973293768546,143.8,BABA
6/30/2019,5.59,30.313059033989266,23.11,,6.58,42.34,1.38,0,0,55.48,0.6,17.59,10.87,10.68,44.44,37.87,169.45,30.69,92.93,14.84,33200,92930,16741,8003,3551,3551,3096,1.19,2634,7.332323669407183,,25.752279635258358,148.41,BABA
9/30/2019,8.33,20.07563025210084,24.71,,7.35,46.96,1.38,0,0,61.47,0.61,24.12,15.01,10.91,52.81,50.6,167.23,34.13,100.76,22.07,35691,100764,16651,7481,2930,2930,10149,3.85,2637,6.767705382,,22.752380952380953,162.23,BABA
12/31/2019,9.3,22.806451612903224,26.86,,8.96,66,1.75,0,0,66.1,0.54,24.3,15.39,11.44,74.34,46.61,212.1,37.7,123.43,24.78,54319,123433,23192,11078,5682,5682,7514,2.81,2674,7.896500372300819,,23.671874999999996,189.53,BABA
3/31/2020,7.99,24.340425531914892,27.11,45.76,8.92,65.38,1.91,0,0,62.48,0.51,19.16,12.3,10.23,75.25,34.16,194.48,34.16,122.95,21.08,53482,122945,15401,5545,830,830,321,0.05,2668,7.173736629,4.25,21.80269058295964,185.43,BABA
6/30/2020,9.28,23.243534482758623,28.7,,9.6,69.54,1.98,0,0,63.48,0.49,20.71,13.53,10.52,82.97,34.65,215.7,35.12,130.31,24.72,56713,130311,21762,9799,4912,4912,6736,2.46,2741,7.515679442508711,,22.46875,193.79,BABA
9/30/2020,6.97,42.17790530846485,30.7,,10.18,77.02,1.99,0,0,67.82,0.47,14.47,9.65,9.13,94.36,23.01,293.98,38.73,143.34,18.81,62461,143335,22838,9588,2008,2008,4237,1.54,2745,9.575895765472314,,28.878192534381142,211.15,BABA
12/31/2020,8.58,27.124708624708624,34.28,,10.84,91.61,1.67,0,0,86.03,0.52,16.73,11.16,9.72,108.29,26.01,232.73,54.89,164.58,23.47,73347,164584,33883,15298,7510,7510,12173,4.42,2767,6.789089848308051,,21.469557195571955,250.62,BABA
3/31/2021,8.12,27.92241379310345,39.79,60.49,12.9,98.2,1.71,0,0,93.91,0.57,15.24,10.04,8.13,108.57,23.28,226.73,57.6,164.07,22.94,79162,164071,30997,10506,-742,-742,-205,-0.07,2748,5.698165368,3.748222846751529,17.57596899224806,257.98,BABA
6/30/2021,8.2,27.656097560975613,43.41,,12.2,100.23,1.76,0,0,93.7,0.55,14.41,9.42,7.55,116.21,21.71,226.78,57.03,171.96,23.2,80565,171956,31865,12645,4778,4778,6991,2.54,2755,5.224141902787377,,18.588524590163935,265.65,BABA
9/30/2021,6.97,21.24103299856528,46.53,62.07,11.25,99.02,1.65,0,0,97.43,0.57,11.8,7.6,7.41,114.56,17.69,148.05,60.2,170.4,19.79,77322,170395,31147,11010,2329,2329,833,0.31,2724,3.181818181818182,2.385210246495892,13.16,267.82,BABA
12/31/2021,3.73,31.847184986595177,48.14,,9.95,105.94,1.65,0,0,102.16,0.59,6.36,4.06,5.98,122.14,9.38,118.79,64.42,174.11,10.83,83951,174112,38066,15052,5054,5054,3206,1.18,2746,2.467594515995015,,11.938693467336686,276.27,BABA
3/31/2022,3.07,35.43973941368078,49.16,63.37,8.27,100.73,1.66,0,0,98.28,0.58,5.7,3.63,7.78,117.32,8.31,108.8,60.54,169.19,9.77,77696,169189,33489,10764,2790,2790,-1256,-0.44,2723,2.2131814483319774,1.716900741675872,13.155985489721887,267.47,BABA
6/30/2022,1.8,63.15555555555556,49.07,,8.27,96.29,1.72,0,0,92.76,0.57,3.66,2.32,7.33,113.44,5.29,113.68,56.07,162.3,6.18,75017,162296,30689,11332,3724,3724,3395,1.27,2673,2.316690442225392,,13.746070133010884,255.05,BABA
9/30/2022,0.4,199.97499999999997,48.62,,8.61,95.27,1.77,0,0,89.94,0.6,1.5,0.94,8.17,105.05,2.14,79.99,53.82,150.81,2.46,74120,150805,29124,10679,3534,3534,-2890,-1.09,2651,1.6452077334430275,,9.290360046457607,240.75,BABA
3/31/2009,,,,,,3.53,2.66,2.31,1.73,2.55,1.09,,,,,,,1.33,2.35,,,,244,20,-188,-138,-156,-0.47,333,,,,,ASML
6/30/2009,0.45,43.62222222222222,9.49,,1.13,3.44,2.68,2.18,1.7,2.53,1.1,,,,,,19.63,1.28,2.3,,1488,2304,387,57,-160,-115,-145,-0.44,333,2.0684931506849313,,17.371681415929203,,ASML
9/30/2009,0.1,268.09999999999997,8.87,,0.66,3.71,2.74,2.45,1.81,2.66,1.09,,,,,,26.81,1.36,2.44,,1455,2438,793,273,55,116,28,0.08,335,3.0225479143179257,,40.62121212121212,,ASML
12/31/2009,-0.61,-50.67213115,6.74,,0,3.83,2.63,2.49,1.71,2.72,1.1,-8.4,-4.02,-6.04,2.27,-9.22,30.91,1.46,2.48,-0.2,1446,2475,833,320,94,134,72,0.22,336,4.586053412462908,,-305.7,5.2,ASML
3/31/2010,,,,,,4.56,2.04,2.96,1.32,3.58,1.43,4.15,1.9,4.72,2.29,4.55,,2.24,2.51,0.1,1507,2509,1008,394,170,218,146,0.43,337,,,,6.09,ASML
6/30/2010,0.74,33.89189189189189,10,,0.63,4.76,2.09,3.09,1.36,3.56,1.34,21.76,9.7,19.57,2.44,23.78,25.08,2.28,2.65,0.55,1517,2653,1350,572,359,401,302,0.88,338,2.508,,39.80952381,6.21,ASML
9/30/2010,2.21,12.28054298642534,13.32,,2.33,5.49,1.97,3.61,1.3,4.1,1.22,31.49,13.88,27.61,2.73,35.63,27.14,2.79,3.36,0.87,1997,3363,1517,600,398,582,346,1.03,338,2.0375375375375375,,11.648068669527897,7.47,ASML
12/31/2010,3.74,9.358288770053475,17,,3.52,6.36,2.24,4.37,1.54,4.56,1.14,42.65,18.87,35.76,3.45,49.05,35,2.84,4.01,1.34,2589,4014,2031,760,534,615,543,1.61,336,2.0588235294117645,,9.943181818181818,8.57,ASML
3/31/2011,5.21,7.798464491362765,20.71,,7.71,7.55,2.26,5.4,1.62,5.37,1.19,48.41,21.93,43.82,3.97,55.99,40.63,3.34,4.53,1.76,3690,4528,2098,966,716,808,571,1.69,339,1.9618541767262192,,5.269779507133593,9.9,ASML
6/30/2011,6.15,5.564227642276422,23.13,,9.18,7.96,2.48,5.64,1.76,5.74,1.19,49.35,22.62,44.28,4.27,57.26,34.22,3.21,4.83,2.06,3946,4825,2137,888,629,735,604,1.82,333,1.4794638996973628,,3.727668845315904,10.56,ASML
9/30/2011,6.6,4.845454545454546,24.71,,8.56,7.72,2.68,5.65,1.96,5.44,1.09,47.96,22.31,42.37,4.45,54.57,31.98,2.88,4.99,2.2,4018,4989,1985,749,481,575,483,1.48,327,1.2942128692836907,,3.735981308411215,10.43,ASML
12/31/2011,6.12,6.321895424836601,23.46,,8.06,7.75,2.49,5.48,1.76,5.35,1.03,41.43,19.53,37.18,4.59,46.81,38.69,3.11,5.18,2.02,3805,5181,1549,571,361,439,364,1.13,323,1.6491901108269393,,4.800248138957816,10.53,ASML
3/31/2012,5.58,8.318996416,22.42,,5.25,7.38,2.69,5.27,1.92,5,0.97,36.18,17.48,32.27,4.54,40.83,46.42,2.74,5.14,1.82,3926,5140,1644,654,478,543,370,1.16,320,2.0704727921498662,,8.841904761904763,10.14,ASML
6/30/2012,4.9,9.830612244897958,20.75,,3.12,6.97,2.62,4.74,1.78,4.7,0.92,30.89,15.41,28.77,4.42,35.01,48.17,2.67,5.09,1.58,3511,5088,1508,590,432,503,358,1.13,318,2.321445783,,15.439102564102564,9.78,ASML
9/30/2012,4.52,11.126106194690266,19.6,,4.37,11.12,3.86,8.7,3.02,4.65,0.51,23.65,13.12,25.46,8.45,26.4,50.29,2.88,9.15,1.45,7760,9154,1608,701,538,676,360,1.1,328,2.565816326530612,,11.508009153318078,13.81,ASML
12/31/2012,4.26,13.591549295774648,17.78,,1.5,7.5,2.8,5.11,1.91,4.3,0.82,24.12,13.72,21.42,5.03,26.46,57.9,2.68,5.23,1.48,3469,5230,1360,668,74,39,396,0.87,455,3.2564679415073114,,38.6,9.53,ASML
3/31/2013,3.4,17.982352941176472,15.5,,-0.2,8.01,2.59,5.36,1.73,4.55,0.83,19.87,11.5,16.17,5.29,21.41,61.14,3.1,5.51,1.24,3461,5511,1176,447,121,179,127,0.3,411,3.944516129032258,,-305.7,10.06,ASML
6/30/2013,2.94,24.425170068027214,14.37,,1.52,7.69,2.37,4.61,1.42,5.14,0.56,16.11,9.82,13.33,4.75,19.93,71.81,3.25,9.21,1.17,3115,9208,1555,608,365,478,289,0.67,430,4.997216423103689,,47.24342105263158,14.34,ASML
9/30/2013,2.42,37.04132231404959,13.45,,-1.32,9.05,2.48,5.76,1.58,5.91,0.68,14.96,8.83,10.37,5.18,21.2,89.64,3.65,8.75,1.07,3608,8747,1784,741,297,338,261,0.58,447,6.664684014869889,,-67.90909091,14.66,ASML
12/31/2013,3.01,28.255813953488374,16.08,,2.51,9.33,2.45,6.15,1.62,6.1,0.66,16.28,9.78,15.41,5.49,25.66,85.05,3.81,9.2,1.33,3999,9195,2503,1146,660,750,652,1.46,446,5.289179104477612,,33.88446215139442,15.29,ASML
3/31/2014,3.33,25.447447447447445,16.68,,3.18,9.92,2.45,6.43,1.59,6.44,0.67,16.03,9.77,12.13,5.86,27.74,84.74,4.05,9.67,1.48,4108,9671,1533,455,-44,45,274,0.62,444,5.080335731414868,,26.647798742138363,16.12,ASML
6/30/2014,3.9,21.930769230769233,18.16,,2.2,9.75,2.32,6.16,1.47,6.72,0.63,18.07,10.9,13.12,5.76,31.05,85.53,4.2,10.67,1.73,3758,10674,2235,1012,536,448,543,1.24,439,4.709801762114537,,38.877272727272725,17.39,ASML
9/30/2014,4.03,22.48635236,18.17,,,9.5,2.45,5.95,1.53,6.33,0.65,18.27,11.06,13.26,,,90.62,3.88,9.72,1.79,,,1754,767,347,,324,0.74,439,4.987341772151899,,,16.05,ASML
12/31/2014,3.38,29.254437869822485,16.52,,3.37,9.5,2.47,6.11,1.59,6.24,0.62,14.92,9.08,9.72,5.89,31.69,98.88,3.84,9.99,1.49,3661,9986,1730,710,282,258,353,0.81,436,5.985472154963681,,29.341246290801184,16.22,ASML
3/31/2015,3.75,24.706666666666667,17.34,,2.69,8.61,2.39,5.66,1.57,5.66,0.62,16.96,10.4,14.8,5.3,28.51,92.65,3.61,9.12,1.68,3204,9116,1862,879,514,589,455,1.05,435,5.343137254901961,,34.44237918215614,14.78,ASML
6/30/2015,3.47,27.714697406340058,16.46,,2.8,8.09,2.56,5.22,1.65,5.21,0.59,16.38,10.09,14.87,5.14,31.89,96.17,3.16,8.81,1.54,2788,8808,1830,834,463,542,409,0.94,434,5.842648845686512,,34.346428571428575,14.02,ASML
9/30/2015,3.59,22.63231197771588,16.45,,2.8,8.18,2.71,5.35,1.77,5.07,0.56,17.05,10.66,15.82,5.38,29.06,81.25,3.02,9.06,1.58,2983,9062,1724,783,414,501,359,0.84,432,4.939209726443769,,29.017857142857146,14.14,ASML
12/31/2015,3.52,23.289772727272727,16.1,21.76,4.24,8.56,2.48,5.7,1.65,5.45,0.59,16.98,10.68,16.81,5.58,28.82,81.98,3.45,9.32,1.54,3785,9315,1566,720,346,435,318,0.74,433,5.091925465838509,3.7674632352941178,19.33490566037736,14.76,ASML
3/31/2016,3.04,30.5,15.25,,3.44,8.48,2.37,5.45,1.52,5.34,0.58,14.35,9.08,14.27,5.58,24.07,92.72,3.58,9.16,1.3,3462,9160,1471,627,252,342,218,0.51,429,6.08,,26.953488372093023,14.5,ASML
6/30/2016,,,,,,8.56,2.04,5.5,1.31,5.82,0.63,14.1,8.87,14.15,5.46,23.55,,4.2,9.21,1.3,3306,9207,1965,838,457,554,400,0.94,427,,,,15.03,ASML
9/30/2016,3.12,32.8525641,15.79,,3.74,10.28,2.82,7.27,1.99,7.02,0.74,14.83,9.07,14.83,5.85,24.52,102.5,3.65,9.5,1.38,4811,9496,2024,931,553,648,442,1.04,426,6.491450284990501,,27.406417112299465,16.51,ASML
12/31/2016,3.62,28.99171270718232,16.61,25.28,5.7,9.47,2.61,6.39,1.76,8.17,0.75,16.82,10.01,15.59,4.01,31.17,104.95,3.63,10.87,1.63,4489,10867,2059,974,573,685,569,1.32,428,6.318482842,4.151503164556962,18.412280701754387,19.04,ASML
3/31/2017,4,31.055,17.79,,2.98,9.35,3.05,6.15,2.01,7.55,0.69,18.7,10.97,16.95,4.45,38.29,124.22,3.06,10.92,1.89,4088,10916,2071,985,570,687,482,1.12,432,6.98257448,,41.68456375838926,18.46,ASML
6/30/2017,4.57,26.93654266958424,19.71,,4.33,8.85,2.57,5.4,1.57,7.97,0.72,18.96,10.99,16.8,4.57,42.48,123.1,3.44,11.04,2.01,2766,11038,2312,1041,611,730,513,1.19,432,6.245560629122273,,28.429561200923786,19,ASML
9/30/2017,5.05,32.02376237623763,21.61,,4.39,9.75,2.79,6.22,1.78,8.4,0.69,19.73,11.52,17.28,5.4,48.15,161.72,3.5,12.16,2.22,3147,12161,2876,1233,771,906,655,1.52,432,7.483572420175845,,36.83826879271071,20.56,ASML
12/31/2017,5.49,29.90892531876138,23.68,28.23,3.82,10.18,2.7,6.84,1.81,8.5,0.7,20.74,12.19,18.93,5.62,47.8,164.2,3.78,12.07,2.4,3717,12067,2973,1348,870,971,745,1.72,432,6.934121621621621,5.816507261778249,42.98429319371728,20.57,ASML
3/31/2018,5.92,31.68412162162162,25.44,,4.51,11.32,2.94,7.35,1.91,9.32,0.69,21.09,12.41,19.39,6.61,46.43,187.57,3.85,13.6,2.58,3926,13597,2809,1369,789,916,663,1.55,429,7.373034591194968,,41.589800443458984,22.92,ASML
6/30/2018,6.47,29.15919629057187,27.74,,5.08,10.99,2.73,7.15,1.77,9.44,0.73,21.75,12.77,20.05,6.14,46.44,188.66,4.03,12.91,2.76,3554,12907,3268,1415,822,937,696,1.63,428,6.801009372746936,,37.13779527559055,22.35,ASML
9/30/2018,6.81,26.311306901615275,28.66,,5.16,11.53,2.8,7.57,1.84,9.66,0.74,22.47,13.09,20.91,6.4,46.76,179.18,4.12,12.97,2.9,3427,12969,3228,1553,951,1073,791,1.86,426,6.251919051,,34.724806201550386,22.62,ASML
12/31/2018,7.16,20.712290502793298,30.26,32.65,6.92,12.44,2.78,8.38,1.87,10.03,0.73,23,13.35,20.75,7.08,46.66,148.3,4.48,13.75,3.06,4765,13748,3620,1602,940,1076,910,2.14,426,4.900859220092531,4.542113323124044,21.43063583815029,23.78,ASML
3/31/2019,7.04,25.45596590909091,29.7,,5.06,11.81,2.79,7.53,1.78,9.54,0.7,21.05,12.19,18.37,7.12,41.9,179.21,4.23,13.59,2.8,3720,13591,2532,1054,380,499,404,0.95,423,6.034006734006734,,35.416996047430835,23.13,ASML
6/30/2019,6.68,29.998502994011975,28.9,,3.23,11.12,2.68,6.72,1.62,9.54,0.74,19.82,11.47,16.79,6.59,38.84,200.39,4.15,12.98,2.64,2624,12977,2886,1242,556,676,535,1.27,422,6.933910034602076,,62.040247678018574,22.52,ASML
9/30/2019,6.48,36.947530864197525,29.2,,1.99,11.23,2.72,6.89,1.67,9.59,0.72,18.95,11.02,15.55,7.13,36.48,239.42,4.13,13.42,2.55,2302,13423,3321,1453,762,885,697,1.65,422,8.199315068493151,,120.31155778894471,23.02,ASML
12/31/2019,7.34,39.02316076294278,31.38,33.6,6.67,13.59,2.58,9.32,1.77,11.24,0.8,21.47,12.36,18.36,7.78,40.6,286.43,5.26,14.1,2.9,5284,14103,4499,2164,1428,1568,1268,3.01,422,9.1277884,8.524702381,42.943028485757125,25.35,ASML
3/31/2020,6.94,36.48991354466859,31.82,,6.15,14.01,2.72,9.22,1.79,11.86,0.86,21.58,12.14,18.62,7.61,40.28,253.24,5.16,13.82,2.93,4536,13818,2692,1215,471,601,431,1.03,419,7.958516656191075,,41.177235772357726,25.68,ASML
6/30/2020,7.64,46.85732984293194,33.71,,6.6,14.86,2.91,9.7,1.9,12.78,0.91,23.3,12.79,20.41,7.82,42.5,357.99,5.1,13.98,3.22,4889,13984,3662,1765,997,1134,827,1.97,419,10.619697419163453,,54.24090909090909,26.76,ASML
9/30/2020,8.94,40.17785234899329,36.88,,6.72,17.01,2.92,11.62,1.99,13.7,0.85,25.99,14.01,22.66,9.55,46,359.19,5.83,16.07,3.77,5153,16065,4627,2199,1421,1581,1241,2.96,419,9.739425162689804,,53.45089285714286,29.77,ASML
12/31/2020,9.81,48.54434250764526,38.1,38.03,9.99,18.2,2.41,12.98,1.72,15.31,0.97,27.2,14.33,23.2,9.35,47.31,476.22,7.54,15.84,4.06,8398,15838,4986,2585,1739,1873,1561,3.73,419,12.499212598425197,12.522219300552196,47.66966966966967,31.15,ASML
3/31/2021,12.64,47.69066455696202,44.33,,8.92,19.12,2.31,13.4,1.62,16.38,1,33.6,17.38,28.84,9.72,57.47,602.81,8.29,16.43,5.23,5613,16431,5261,2836,1881,2024,1605,3.86,416,13.59824046920821,,67.57959641255604,32.82,ASML
6/30/2021,13.71,49.34208606856309,47.35,,18.23,20.17,1.91,14.04,1.33,18.94,1.3,35.98,17.79,30.82,7.89,62,676.48,10.55,14.57,5.66,6474,14571,4844,2464,1493,1629,1251,3.04,412,14.286800422386484,,37.10806363137685,33.52,ASML
9/30/2021,15.77,46.26696258719087,51.43,,22.95,18.49,1.71,12.66,1.17,18.63,1.37,42.84,19.96,36.1,7.06,76.07,729.63,10.81,13.56,6.47,5254,13564,6181,3197,2263,2394,2052,5.02,409,14.18685592066887,,31.79215686,32.19,ASML
12/31/2021,16.93,46.166568222090966,53.51,29.8,28.67,21.52,1.48,15.39,1.06,23.77,1.98,49.22,20.73,41.28,5.48,92.36,781.6,14.55,12,6.96,8980,11997,5733,3108,2348,2497,2052,5.05,410,14.60661559,26.22818791946309,27.26194628531566,35.77,ASML
3/31/2022,16.66,39.35954381752701,50.73,,29.64,20.43,1.34,13.62,0.89,24.04,2.43,49.06,18.12,40.09,3.74,101.55,655.73,15.28,9.89,6.14,5300,9887,3966,1943,880,1027,780,1.94,402,12.92588212103292,,22.123144399460188,33.93,ASML
6/30/2022,17.39,27.217366302472684,53.49,,26.24,21.14,1.36,14.35,0.92,25.86,3.17,58.6,18.8,46.52,2.34,137.24,473.31,15.6,8.15,6.39,4691,8150,5787,2839,1762,1895,1503,3.77,399,8.848569826135726,,18.037728658536587,34.01,ASML
9/30/2022,16.69,24.810665068903532,53.04,,23.56,19.87,1.26,12.94,0.82,25.03,3.12,63.6,17.7,50.03,2.55,171.51,414.09,15.78,8.01,6.05,3387,8012,,,,,,,,7.8071266968325785,,17.57597623089983,33.04,ASML
2/28/2009,,,,4.63,,15.61,1.96,0,0,21.87,0.95,,,,,,,7.97,23.08,,,,,,,,,,,,,,,ORCL
5/31/2009,,,,5.08,,18.58,2.03,0,0,21.97,0.86,,,,,,,9.15,25.45,,12624,25445,6861,5682,2885,3387,1891,0.37,5130,,,,,ORCL
8/31/2009,,,,5.28,,24.45,2.67,0,0,26.51,1,,,,,,,9.16,26.49,,20565,26487,5054,4046,1740,2232,1124,0.22,5063,,,,,ORCL
11/30/2009,1.15,16.16521739130435,4.57,5.57,2.35,25.24,2.96,0,0,25.92,0.93,22.55,11.65,23.33,2.23,-2397.52,18.59,8.53,27.92,5.8,20784,27915,5858,4762,2178,2676,1458,0.29,5064,4.067833698030634,3.3375224416517053,7.910638298,53.83,ORCL
2/28/2010,1.12,18.562499999999996,4.75,5.75,1.55,23.98,1.68,23.66,1.66,30.54,1.06,20.84,10.6,22.04,-1.43,2606.21,20.79,14.25,28.85,5.66,17489,28851,6404,4985,1843,2418,1189,0.23,5076,4.376842105263158,3.6156521739130434,13.412903225806451,59.39,ORCL
5/31/2010,1.2,15.899999999999999,5.29,6.21,1.67,27,1.84,26.75,1.82,30.38,0.97,21.44,10.77,21.98,1.45,821.29,19.08,14.69,31.2,6.14,18469,31199,9504,7263,3301,4007,2364,0.47,5073,3.606805293005671,3.072463768115942,11.425149700598801,61.58,ORCL
8/31/2010,1.25,14.8,5.77,6.47,1.67,30.26,2.19,30.03,2.18,32.74,1.01,21.13,10.6,21.48,2.49,536.85,18.5,13.8,32.51,6.36,23637,32512,7502,5440,1917,2619,1352,0.27,5083,3.2062391681109186,2.8593508500772797,11.077844311377246,65.26,ORCL
11/30/2010,1.33,17.25563909774436,6.29,6.9,1.7,32.72,2.45,32.49,2.44,32.39,0.93,21.27,10.69,21.85,5.44,341.18,22.95,13.34,34.85,6.78,24845,34850,8582,6425,2770,3479,1870,0.37,5117,3.6486486486486487,3.326086956521739,13.5,67.24,ORCL
2/28/2011,1.51,18.516556291390728,6.73,7.32,1.87,32.46,2.88,32.18,2.85,30.61,0.83,22.72,11.77,22.93,7.31,184.64,27.96,11.28,37.06,7.7,24355,37059,8764,6752,2987,3688,2116,0.41,5149,4.154531946508172,3.819672131147541,14.95187165775401,67.67,ORCL
5/31/2011,1.67,17.449101796407188,6.96,7.94,2.12,39.17,2.76,38.87,2.74,33.29,0.83,23.63,12.49,23.62,10.83,131.17,29.14,14.19,40.25,8.55,28848,40245,10774,8607,4359,5043,3209,0.62,5128,4.186781609195402,3.6700251889168767,13.745283018867925,73.54,ORCL
8/31/2011,1.76,13.602272727272728,7.11,8.16,2.41,39.21,3,38.95,2.98,32.62,0.79,23.56,12.8,24.09,11.75,102.31,23.94,13.06,41.24,9.04,31660,41239,8374,6386,2683,3392,1840,0.36,5150,3.367088607594937,2.933823529411765,9.933609958506224,73.86,ORCL
11/30/2011,1.82,14.725274725274724,7.15,8.4,2.48,38.48,3.48,38.26,3.46,30.64,0.73,23.27,13,23.9,13.12,87.02,26.8,11.07,42.27,9.36,31012,42267,8792,6836,3111,3812,2192,0.43,5123,3.7482517482517483,3.1904761904761902,10.806451612903226,72.91,ORCL
2/29/2012,1.9,13.189473684210526,7.22,8.69,2.55,37.54,3.23,37.37,3.21,31.1,0.72,23.32,13.22,23.83,11.99,81.68,25.06,11.63,43.27,9.74,29742,43266,9039,7131,3317,4047,2498,0.49,5080,3.4709141274238227,2.8837744533947065,9.827450980392157,74.36,ORCL
5/31/2012,1.97,11.532994923857867,7.26,8.99,2.57,40.02,2.6,39.87,2.59,34.24,0.78,23.37,13.33,23.97,11.07,83.3,22.72,15.39,44.09,9.98,30676,44087,10916,8773,4595,5371,3451,0.68,5095,3.1294765840220387,2.5272525027808674,8.840466926,78.33,ORCL
8/31/2012,2.02,13.475247524752474,7.29,9.05,2.67,38.17,2.74,38.02,2.73,32.82,0.75,23.48,13.47,24.18,11.07,86.13,27.22,13.96,43.74,10.18,31607,43736,8181,6406,2879,3625,2034,0.41,4939,3.7338820301783264,3.0077348066298337,10.194756554307116,76.56,ORCL
11/30/2012,2.12,13.080188679245282,7.45,9.14,2.58,41.13,3.33,40.97,3.32,36.25,0.84,24.22,13.68,24.29,11.08,93.46,27.73,12.35,43.41,10.56,33695,43410,9094,7300,3471,4189,2581,0.53,4868,3.7221476510067113,3.033916849015317,10.748062015503876,79.66,ORCL
2/28/2013,2.15,13.804651162790698,7.53,9.28,2.66,40.69,3.41,40.48,3.4,35.66,0.81,24.16,13.47,23.89,11.03,95.56,29.68,11.92,43.79,10.57,33407,43790,8958,7242,3334,4059,2504,0.52,4812,3.941567065073041,3.1982758620689657,11.157894736842104,79.45,ORCL
5/31/2013,2.26,12.955752212389383,7.65,9.72,2.8,41.69,3.24,41.45,3.22,36.67,0.81,24.82,13.76,23.96,11.16,98.56,29.28,12.87,45.15,10.93,32216,45145,10947,8853,5000,5742,3806,0.8,4844,3.827450980392157,3.0123456790123457,10.457142857142859,81.81,ORCL
8/31/2013,2.32,11.948275862068966,7.78,9.63,3,45.46,3.13,45.21,3.11,42.42,0.96,25.14,13.54,23.08,9.11,104.61,27.72,14.53,43.99,11.08,39104,43986,8372,6651,2873,3618,2191,0.47,4674,3.562982005141388,2.8785046728971957,9.24,86.41,ORCL
11/30/2013,2.35,13.11063829787234,7.93,9.78,3.1,44.25,3.38,44.02,3.36,41.17,0.93,24.98,13.28,22.56,9.28,108.98,30.81,13.11,44.07,11.05,36974,44066,9275,7468,3410,4139,2553,0.56,4600,3.8852459016393444,3.150306748466258,9.938709677419354,85.24,ORCL
2/28/2014,1.59,21.547169811320753,10.31,10.09,2.19,44.4,3.39,44.18,3.37,41.33,0.91,24.92,13.08,22.43,9.36,114.29,34.26,13.09,45.24,11.12,37225,45235,9307,7532,3567,4277,2565,0.56,4575,3.3229873908826377,3.3954410307234886,15.643835616438356,86.56,ORCL
5/31/2014,1.92,19.229166666666668,10.98,10.63,1.8,48.13,3.35,47.94,3.33,42.82,0.9,24.25,12.57,21.77,11.66,111.23,36.92,14.39,47.45,10.96,38819,47447,11321,9388,4909,5633,3646,0.79,4604,3.3624772313296902,3.4731890874882407,20.511111111111113,90.27,ORCL
8/31/2014,1.84,19.88586956521739,10.85,10.8,2.99,58.19,4.35,58.02,4.34,51.8,1.08,23.71,12.1,20.83,12.62,102.06,36.59,13.38,47.93,10.95,51616,47931,8596,6915,2963,3670,2184,0.48,4548,3.372350230414747,3.387962962962963,12.237458193979933,99.73,ORCL
11/30/2014,2.4,15.616666666666665,8.51,10.91,3.62,52.04,4.34,51.83,4.33,50.34,1.05,23.11,11.63,20.05,7.41,106.2,37.48,11.99,47.96,10.9,44733,47962,9598,7699,3542,4275,2502,0.56,4505,4.404230317273795,3.435380384967919,10.353591160220994,98.31,ORCL
2/28/2015,2.4,16.183333333333337,8.55,11.1,2.98,51.29,3.72,51.01,3.7,50.28,1.04,22.57,11.19,19.11,7.36,110.9,38.84,13.79,48.53,10.83,43777,48532,9327,7427,3383,4087,2495,0.56,4494,4.542690058479532,3.4990990990990993,13.033557046979867,98.82,ORCL
5/31/2015,2.54,15.228346456692913,9.8,11.31,1.49,62.52,4.11,62.21,4.09,61.81,1.26,20.54,9.75,16.88,8.61,110.43,38.68,15.21,49.1,9.94,54368,49098,10705,8653,3983,4700,2757,0.61,4503,3.946938775510204,3.4199823165340404,25.959731543624162,110.9,ORCL
8/31/2015,2.38,13.911764705882353,9.58,11.1,2.53,62.12,4.04,61.87,4.02,62.17,1.31,19.68,9.1,16.15,7.45,123.27,33.11,15.39,47.54,9.5,55930,47538,8448,6598,2654,3325,1747,0.4,4412,3.4561586638830897,2.982882882882883,13.08695652173913,109.71,ORCL
11/30/2015,2.33,14.991416309012875,9.59,11.01,2.2,58.62,4.26,58.38,4.25,60.15,1.3,19.21,8.64,15.19,6.56,122.7,34.93,13.75,46.33,9.2,52335,46332,8993,7140,2955,3588,2197,0.51,4316,3.6423357664233578,3.172570390554042,15.877272727272725,106.48,ORCL
2/29/2016,2.03,16.305418719211826,8.49,11.15,2.94,57.07,4.83,56.86,4.81,58.56,1.26,18.69,8.19,14.45,6.8,120.23,33.1,11.83,46.34,8.84,50767,46336,9012,7173,3027,3649,2142,0.5,4256,3.898704358068316,2.968609865470852,11.258503401360544,104.89,ORCL
5/31/2016,2.07,17.54106280193237,8.58,11.57,2.9,64.31,3.74,64.1,3.73,64.39,1.35,18.94,8.22,14.48,8.26,122.47,36.31,17.21,47.79,8.9,56125,47790,10594,8657,3968,4551,2815,0.66,4305,4.231934731934732,3.1382886776145202,12.520689655172415,112.18,ORCL
8/31/2016,2.1,17.795238095238094,8.7,11.65,2.99,74.45,4.92,74.17,4.9,75.39,1.58,19.09,8.05,13.93,7.39,123.89,37.37,15.14,47.83,8.99,68396,47832,8595,6819,2641,3174,1832,0.43,4221,4.295402298850575,3.207725321888412,12.498327759197323,123.22,ORCL
11/30/2016,2.07,17.671497584541065,8.77,11.9,2.98,64.73,3.96,64.41,3.94,74.76,1.53,18.49,7.61,13.53,-1.21,166.08,36.58,16.35,48.85,8.82,58206,48845,9035,7238,3037,3580,2032,0.48,4195,4.1710376282782216,3.0739495798319325,12.275167785234899,123.6,ORCL
2/28/2017,2.1,18.533333333333335,8.84,12.4,2.76,66.01,4.18,65.62,4.16,74.36,1.46,18.25,7.36,12.94,0.73,235.1,38.92,15.79,51.02,8.92,59352,51023,9205,7313,2959,3615,2239,0.53,4204,4.402714932126697,3.138709677419355,14.10144927536232,125.38,ORCL
5/31/2017,2.2,18.93181818181818,8.98,13.11,2.87,74.52,3.08,0,0,80.75,1.49,18.72,7.45,12.78,3.52,362.21,41.65,24.18,54.25,9.45,66078,54246,10957,8970,4276,4995,3349,0.8,4217,4.638084632516703,3.176964149504195,14.512195121951219,134.99,ORCL
8/31/2017,2.29,20.244541484716155,9.07,13.51,2.97,73.34,3.63,73.02,3.61,77.23,1.37,18.56,7.55,12.77,6.16,424.2,46.36,20.23,56.37,9.76,66897,56366,9104,7176,2749,3445,2144,0.5,4284,5.111356119,3.4315321983715767,15.609427609427609,133.6,ORCL
11/30/2017,2.33,19.472103004291842,9.15,13.59,2.94,78.55,5.07,78.11,5.04,82.46,1.47,18.25,7.47,12.32,6.54,234.64,45.37,15.49,56.3,9.95,71580,56300,9589,7629,3039,3727,2214,0.52,4283,4.958469945355191,3.338484179543782,15.431972789115646,138.76,ORCL
2/28/2018,0.82,57.36585365853659,9.31,11.79,3.2,77.73,4.33,77.24,4.3,89.93,1.86,6.8,2.68,12.56,-1.09,96.76,47.04,17.97,48.27,3.66,70455,48272,9676,7680,3315,4014,-4047,-0.98,4122,5.052631578947368,3.989821882951654,14.7,138.2,ORCL
5/31/2018,0.88,49.48863636363636,9.31,11.73,3.22,76.16,3.98,0,0,90.98,1.94,6.9,2.62,12.44,-3.55,178.08,43.55,19.12,46.87,3.59,67261,46873,11014,8838,4161,4863,3276,0.81,4238,4.677765843179376,3.7127024722932647,13.524844720496892,137.85,ORCL
8/31/2018,0.93,48.88172043010753,9.48,10.12,3.38,67.01,3.43,0,0,89.79,2.33,7.81,2.73,12.82,-11.43,-155.54,45.46,19.56,38.56,3.71,60094,38564,9193,7240,2778,3498,2265,0.57,3999,4.795358649789029,4.492094861660079,13.449704142011836,128.36,ORCL
11/30/2018,1.02,44.73529411764706,9.75,8.55,3.43,56.94,2.8,0,0,87.26,2.81,9.29,2.93,13.95,-18.83,-43.86,45.63,20.32,31.06,3.83,49391,31055,9562,7561,3101,3805,2333,0.61,3817,4.680000000000001,5.336842105263158,13.303206997084548,118.32,ORCL
2/28/2019,2.76,17.746376811594203,10.06,7.04,3.4,47.62,2.65,0,0,85.2,3.52,30.18,8.6,15.16,-25.22,-71.96,48.98,17.99,24.24,10.62,40030,24238,9614,7638,3399,4140,2745,0.76,3617,4.868787276341948,6.957386363636363,14.405882352941177,109.44,ORCL
5/31/2019,4.12,11.589805825242719,11.52,6.66,1.87,46.39,2.49,0,0,86.35,3.86,38.14,9.54,16.63,-26.7,-53.95,47.75,18.63,22.36,11.08,37827,22363,11137,9072,4257,5011,3740,1.03,3732,4.144965277777778,7.16966967,25.534759358288767,108.71,ORCL
8/31/2019,4.14,11.915458937198068,11.71,5.77,3.41,42.38,2.25,0,0,87.21,4.59,45.33,9.9,18.04,-29.58,-43.68,49.33,18.88,19.02,10.96,35704,19019,9218,7261,2877,3627,2137,0.63,3410,4.21263877,8.549393414211439,14.466275659824046,106.23,ORCL
11/30/2019,4.07,13.127764127764127,11.94,5.04,2.73,34.54,2.37,0,0,82.26,5.08,53.46,10.34,19.15,-32.12,-38.5,53.43,14.59,16.19,10.93,27444,16185,9614,7566,3183,3931,2311,0.69,3331,4.474874371859297,10.601190476190476,19.571428571428573,98.44,ORCL
2/29/2020,3.18,14.867924528301886,11.57,4.71,2.81,33.44,2.13,0,0,81.82,5.5,59.4,10.49,20.15,-32.99,-35.46,47.28,15.74,14.88,10.76,25858,14881,9796,7832,3528,4276,2571,0.79,3271,4.086430423509075,10.038216560509554,16.825622775800714,96.7,ORCL
5/31/2020,3.1,16.65806451612903,11.75,4.15,3.51,52.14,3.03,0,0,102.72,8.08,64.55,9.73,19.66,-34.79,-31.31,51.64,17.2,12.72,10.14,43057,12717,10440,8471,4308,5030,3116,0.97,3294,4.3948936170212765,12.443373493975903,14.712250712250713,115.44,ORCL
8/31/2020,3.19,17.29780564263323,12.07,3.36,3.64,49.94,2.66,0,0,103.41,10.2,76.03,9.67,19.57,-37.13,-29.92,55.18,18.75,10.14,10.25,42279,10140,9367,7487,3211,3912,2251,0.72,3107,4.571665285832643,16.422619047619047,15.159340659340659,113.55,ORCL
11/30/2020,2.4,23.283333333333335,9.31,2.92,2.08,46.25,2.17,0,0,101.4,11.77,89.57,9.53,19.76,-38.32,-28.99,55.88,21.35,8.62,10.38,38593,8616,9800,7861,3583,4314,2442,0.8,3046,6.002148227712137,19.136986301369863,26.865384615384617,110.01,ORCL
2/28/2021,3.62,17.320441988950275,10.83,3.33,3.22,43.74,2.16,0,0,108.47,11.26,124.84,11.23,19.63,-37.07,-34.84,62.7,20.25,9.64,12.83,35864,9637,10085,8170,3878,4610,5021,1.68,2994,5.7894736842105265,18.82882882882883,19.472049689440993,118.11,ORCL
5/31/2021,3.87,19.86046511627907,12.89,2.12,6.33,55.57,2.3,0,0,125.16,21.03,160.09,11.63,19.94,-40.41,-35.95,76.86,24.16,5.95,13.75,46554,5952,11227,9106,4541,5293,4032,1.35,3022,5.962761830876648,36.25471698113207,12.14218009478673,131.11,ORCL
8/31/2021,3.94,22.159898477157363,13.3,-0.41,7.01,47.12,2.04,0,0,124.05,-109.78,241.85,11.57,20.43,-47.17,-34.24,87.31,23.07,-1.13,13.95,39310,-1130,9728,7625,3427,4184,2457,0.86,2861,6.564661654135338,-212.9512195,12.45506419400856,122.92,ORCL
11/30/2021,2.49,35.81927710843373,13.98,-3.62,4.45,31.08,1.65,0,0,116.56,-12.07,855.07,8.57,15.01,-55.38,-22.8,89.19,18.88,-9.66,10.26,22838,-9658,10360,8201,-824,-65,-1247,-0.46,2694,6.379828326180257,-24.63812155,20.04269662921348,106.9,ORCL
2/28/2022,2.61,28.716475095785444,14.78,-3.08,3.67,31.68,1.52,0,0,116.86,-14.23,-231.81,6.44,15.42,-53.73,-15.38,74.95,20.83,-8.21,7.56,23389,-8211,10513,8295,3822,4597,2319,0.84,2754,5.071041948579161,-24.33441558,20.422343324250683,108.64,ORCL
5/31/2022,2.4,29.67916666666667,15.31,-2.16,1.8,31.63,1.62,0,0,115.07,-19.95,-108.48,6,16.25,-51.02,-12.96,71.23,19.51,-5.77,6.72,21902,-5768,11839,9442,4501,5332,3188,1.17,2786,4.652514696276944,-32.97685185,39.57222222222222,109.3,ORCL
8/31/2022,2.1,35.128571428571426,16.08,-2.02,1.99,21,0.6,0,0,135.76,-24.91,-79.87,5.1,15.33,-79.58,-9.69,73.77,34.82,-5.45,5.81,11220,-5449,11445,8408,2623,4089,1548,0.56,2747,4.587686567164179,-36.51980198,37.07035175879397,130.31,ORCL
11/30/2022,1.83,45.37158469945355,10.54,-1.4,2.02,17.56,0.65,0,0,132.25,-35.02,-151.63,7.38,20.19,-76.88,-13.47,83.03,27.11,-3.78,8.8,7350,-3776,12275,8917,3071,4569,1741,0.63,2746,7.877609108159394,-59.30714286,41.103960396039604,128.47,ORCL
3/31/2009,,,,35.84,,4.52,3.01,3.36,2.24,6.04,0.4,,,,,,,1.5,14.99,,,,,,,,,,,,,,,TMO
6/30/2009,,,,36.94,,4.47,2.93,3.28,2.15,6.08,0.4,,,,,,,1.52,15.08,,1427,15076,2484,988,259,453,207,0.49,424,,,,,TMO
9/30/2009,,,,37.71,,4.8,3.01,3.63,2.28,6.02,0.39,,,,,,,1.59,15.4,,1756,15399,2531,1011,276,471,221,0.53,420,,,,,TMO
12/31/2009,2.02,22.559405940594058,23.44,37.7,3.48,4.53,2.76,3.4,2.07,6.19,0.4,5.58,3.99,5.81,0.11,469.61,45.57,1.64,15.43,0.85,1571,15431,2641,1011,278,460,273,0.64,423,1.944112627986348,1.2087533156498673,13.094827586206897,21.63,TMO
3/31/2010,2.23,22.04484304932735,24.42,37.72,3.46,4.53,2.55,3.37,1.9,6.15,0.4,6.08,4.35,6.32,0.13,492.35,49.16,1.78,15.48,0.93,1440,15480,2627,1066,285,478,232,0.55,418,2.0131040131040128,1.303287380699894,14.208092485549132,21.63,TMO
6/30/2010,2.31,20.29004329004329,24.79,37.66,3.19,4.35,2.69,3.2,1.98,5.94,0.39,6.25,4.48,6.52,0.19,426.58,46.87,1.62,15.35,0.96,1317,15345,2596,1049,298,483,237,0.57,416,1.890681726502622,1.2445565586829528,14.692789968652036,21.28,TMO
9/30/2010,2.44,18.75409836065574,25.27,38.74,3.31,4.17,2.36,2.96,1.67,6.14,0.4,6.56,4.7,6.67,-0.08,1123.33,45.76,1.77,15.4,1.01,939,15397,2629,1062,303,485,269,0.66,405,1.8108428967154728,1.181208053691275,13.82477341389728,21.54,TMO
12/31/2010,2.54,20.826771653543307,25.23,39.25,3.08,4.14,2.42,2.96,1.73,5.99,0.39,6.72,4.83,6.83,0.45,590.58,52.9,1.71,15.36,1.04,926,15361,2542,1085,303,481,297,0.75,409,2.096710265556877,1.3477707006369426,17.175324675324674,21.35,TMO
3/31/2011,2.62,20.259541984732824,25.85,39.8,3.08,6.19,1.49,4.93,1.19,8.18,0.54,6.88,4.82,7.07,0.36,454.74,53.08,4.15,15.26,1.06,2794,15255,2721,1120,322,506,252,0.64,395,2.053384912959381,1.3336683417085429,17.233766233766232,23.43,TMO
6/30/2011,3.41,18.04398826979472,27,41.02,3.33,5.01,2.76,3.65,2.01,8.41,0.54,8.7,5.93,6.66,-1.36,-862.38,61.53,1.82,15.67,1.34,1364,15666,2854,1161,265,466,523,1.36,386,2.278888888888889,1.5,18.47747747747748,24.07,TMO
9/30/2011,3.44,14.06686046511628,28.16,40.17,3.17,4.74,1.7,3.33,1.19,11.8,0.78,8.7,5.58,6.39,-4.87,-98.8,48.39,2.79,15.2,1.34,898,15196,2933,1219,316,545,265,0.69,383,1.7183948863636365,1.2046303211351754,15.264984227129338,26.99,TMO
12/31/2011,3.46,12.419075144508671,29.88,40.49,3.74,4.82,1.55,3.49,1.12,11.8,0.78,8.69,5.25,6.34,-4.75,-50.08,42.97,3.11,15.04,1.33,1021,15038,3051,1294,348,594,289,0.77,385,1.4380856760374834,1.061249691281798,11.489304812834224,26.83,TMO
3/31/2012,3.57,15.126050420168069,31.25,41.63,3.92,4.77,1.68,3.35,1.18,11.53,0.75,8.85,5.17,6.24,-4.54,-34.92,54,2.85,15.29,1.35,793,15289,3057,1290,362,604,277,0.75,370,1.728,1.2971414845063656,13.775510204081632,26.82,TMO
6/30/2012,2.84,17.552816901408452,32.27,41.29,4.33,4.67,1.73,3.28,1.21,11.27,0.75,7.03,3.98,6.64,-4.45,-22.9,49.85,2.7,15.09,1.07,737,15094,3108,1321,368,609,234,0.63,369,1.5447784319801672,1.2073141196415598,11.51270207852194,26.36,TMO
9/30/2012,2.94,19.258503401360542,33.05,42.45,4.67,4.95,1.96,3.43,1.36,12.29,0.8,7.18,4.05,6.73,-5.12,-23.13,56.62,2.52,15.29,1.09,837,15291,3086,1298,352,597,290,0.79,365,1.7131618759455371,1.3338044758539456,12.124197002141328,27.58,TMO
12/31/2012,3.21,19.165109034267914,34.01,43.26,4.74,4.84,2.31,3.39,1.62,11.98,0.78,7.7,4.35,6.84,-4.81,-24.89,61.52,2.09,15.47,1.18,810,15465,3259,1386,401,655,376,1.04,367,1.808879741252573,1.4220989366620436,12.978902953586498,27.45,TMO
3/31/2013,3.39,21.805309734513273,34.58,43.46,4.51,5.14,2.23,3.66,1.59,11.81,0.76,8.05,4.54,6.86,-4.41,-26.31,73.92,2.3,15.6,1.24,1008,15600,3192,1336,387,638,336,0.93,362,2.1376518218623484,1.7008743672342383,16.390243902439025,27.41,TMO
6/30/2013,3.52,23.27840909090909,35.07,43.83,4.43,5.64,2.39,4.15,1.76,11.83,0.75,8.23,4.65,6.76,-3.92,-28.03,81.94,2.36,15.8,1.28,1413,15803,3240,1363,375,625,277,0.76,364,2.3364699173082406,1.8694957791467033,18.49661399548533,27.63,TMO
9/30/2013,3.59,24.891364902506965,35.32,45.49,4.53,6.21,2.53,4.66,1.9,11.84,0.72,8.26,4.72,6.87,-3.31,-31.79,89.36,2.45,16.44,1.31,1850,16437,3192,1348,392,643,318,0.86,367,2.5300113250283127,1.9643877775335237,19.72626931567329,28.27,TMO
12/31/2013,3.47,31.164265129682995,35.9,46.57,4.78,9.88,3.16,8.39,2.68,15.01,0.89,7.87,4.42,6.82,-2.72,-35.49,108.14,3.13,16.86,1.27,5831,16856,3467,1482,455,704,342,0.93,366,3.012256267409471,2.32209577,22.623430962343097,31.86,TMO
3/31/2014,3.9,29.97948717948718,36.88,51.21,4.13,7.31,1.36,5.25,0.97,25.7,1.26,8.51,4.42,7.79,-15.08,-23.66,116.92,5.39,20.43,1.48,1523,20431,3904,1620,876,1241,543,1.36,398,3.170281995661605,2.283147822690881,28.309927360774818,46.13,TMO
6/30/2014,3.83,29.997389033942557,38.69,51.73,5.04,5.94,0.95,4.01,0.64,23.66,1.15,7.97,3.94,7,-14.4,-16.7,114.89,6.24,20.66,1.48,606,20659,4322,1847,348,783,279,0.69,403,2.969501163091238,2.220954958438044,22.79563492063492,44.31,TMO
9/30/2014,4.14,28.654589371980677,40.33,51.27,5.26,5.72,0.92,3.81,0.61,22.18,1.08,8.34,3.97,7.3,-13.24,-14.4,118.63,6.22,20.51,1.64,544,20511,4171,1934,640,1096,472,1.17,404,2.941482767170841,2.3138287497561927,22.55323194,42.69,TMO
12/31/2014,4.71,25.961783439490446,42.02,51.31,5.57,6.54,1.22,4.68,0.88,22.3,1.09,9.23,4.31,7.49,-12.41,-13.75,122.28,5.35,20.55,1.9,1344,20548,4493,2092,639,1068,601,1.49,402,2.9100428367444073,2.3831611771584487,21.953321364452425,42.85,TMO
3/31/2015,4.31,30.454756380510442,41.99,50.03,5.53,6.18,0.9,4.28,0.62,21.94,1.1,8.51,4.05,6.58,-12.44,-13.24,131.26,6.86,19.92,1.74,873,19915,3919,1823,487,904,385,0.96,401,3.125982377,2.6236258245052966,23.735985533453885,41.86,TMO
6/30/2015,4.89,25.95705521472393,41.9,51.9,5.17,6.24,1.02,4.27,0.7,21.1,1.02,9.65,4.66,7.45,-11.51,-15.89,126.93,6.1,20.68,1.97,770,20680,4271,1942,596,1016,512,1.27,402,3.0293556085918856,2.445664739884393,24.551257253384914,41.77,TMO
9/30/2015,4.9,24.440816326530612,41.82,52.24,5.31,6.03,1.05,4.04,0.7,20.3,0.97,9.63,4.71,7.25,-10.91,-16.7,119.76,5.74,20.85,1.97,503,20850,4123,1883,563,991,476,1.18,402,2.8637015781922526,2.2924961715160794,22.553672316384183,41.15,TMO
12/31/2015,4.91,28.325865580448067,42.23,53.42,6.31,5.74,1.39,3.75,0.9,19.48,0.91,9.54,4.77,7.42,-10.24,-17.52,139.08,4.15,21.35,1.98,452,21350,4652,2108,690,1114,602,1.51,402,3.293393322282738,2.603519281168102,22.041204437400953,40.83,TMO
3/31/2016,4.96,28.02016129032258,43.24,53.17,6.92,6.54,1.03,4.38,0.69,22.03,1.05,9.51,4.78,7.41,-11.95,-17.86,138.98,6.32,20.92,1.99,827,20924,4295,1958,518,934,402,1.01,399,3.2141535615171133,2.613880007523039,20.083815028901732,42.95,TMO
6/30/2016,4.99,29.094188376753507,44.03,53.93,7.29,6.33,1.15,4.25,0.77,20.99,0.99,9.47,4.78,7.45,-11.13,-18.07,145.18,5.53,21.26,2,663,21264,4535,2079,638,1073,517,1.3,397,3.2972972972972974,2.6920081587242723,19.914951989026065,42.25,TMO
9/30/2016,5,31.288,45.08,54.83,7.51,8.2,1.56,5.81,1.11,26.35,1.22,9.37,4.58,6.98,-14.44,-16.71,156.44,5.26,21.66,2,1970,21659,4491,2054,541,974,474,1.19,397,3.4702750665483584,2.8531825642896225,20.830892143808256,48.01,TMO
12/31/2016,5.09,27.292730844793713,45.98,54.75,7.15,7.02,1.44,4.81,0.99,24.37,1.13,9.48,4.52,6.97,-13.76,-15.78,138.92,4.87,21.54,2.02,786,21540,4953,2282,761,1235,630,1.59,397,3.021313615,2.5373515981735157,19.429370629370627,45.91,TMO
3/31/2017,5.48,27.622262773722625,47.3,55.71,7.27,7.25,1.37,4.92,0.93,24.42,1.12,10.07,4.76,7.04,-13.59,-16.42,151.37,5.3,21.8,2.17,713,21795,4765,2193,620,1085,551,1.4,394,3.2002114164904865,2.7171064440854424,20.821182943603855,46.21,TMO
6/30/2017,5.74,29.979094076655052,48.57,57.4,7.16,7.45,1.47,5.03,0.99,24.12,1.08,10.38,4.86,7.12,-13.03,-16.54,172.08,5.08,22.39,2.27,611,22392,4990,2284,749,1226,612,1.56,393,3.542927733168623,2.9979094076655057,24.033519553072626,46.51,TMO
9/30/2017,5.89,31.707979626485567,50.06,61.6,7.34,8.84,1.26,5.72,0.81,31.28,1.27,10.29,4.78,7.03,-17.46,-16.1,186.76,7.03,24.7,2.33,741,24702,5116,2300,634,1151,534,1.34,400,3.730723132,3.0318181818181817,25.444141689373296,55.99,TMO
12/31/2017,5.6,33.496428571428574,52.77,63.32,8.8,9.42,1.34,6.45,0.92,31.26,1.23,9.44,4.33,7.19,-16.56,-14.68,187.58,7.05,25.41,2.23,1335,25413,6047,2671,957,1531,528,1.29,398,3.554671214705325,2.962413139608339,21.31590909090909,56.67,TMO
3/31/2018,5.63,36.255772646536414,55.1,64.93,8.03,9.59,1.36,6.7,0.95,30.46,1.17,9.14,4.18,7.27,-15.63,-14.38,204.12,7.07,26.12,2.25,950,26123,5853,2580,786,1361,579,1.43,406,3.7045372050816696,3.1436932080702293,25.419676214196766,56.58,TMO
6/30/2018,5.92,34.61993243243243,57.37,65.65,9.2,9.47,1.58,6.61,1.11,28.96,1.1,9.32,4.26,7.43,-14.36,-14.96,204.95,5.98,26.45,2.39,937,26445,6078,2738,937,1508,752,1.85,406,3.5724246121666376,3.1218583396801214,22.27717391304348,55.4,TMO
9/30/2018,6.33,38.178515007898895,59.16,66.79,9.78,9.57,1.84,6.58,1.27,28.19,1.05,9.79,4.59,8.1,-13.47,-17.11,241.67,5.2,26.89,2.57,1098,26890,5920,2615,912,1475,709,1.75,406,4.085023664638269,3.6183560413235507,24.710633946830267,55.08,TMO
12/31/2018,7.25,30.58482759,60,68.6,9.45,10.63,1.73,7.62,1.24,28.65,1.04,10.98,5.26,8.48,-12.74,-20.91,221.74,6.15,27.59,2.94,2103,27586,6507,2924,1148,1706,898,2.21,406,3.695666666666667,3.232361516034986,23.46455026455027,56.23,TMO
3/31/2019,7.84,34.61862244897959,60.78,69.24,10.67,9.94,1.69,6.82,1.16,27.9,1.01,11.69,5.71,8.77,-12.03,-24.14,271.41,5.9,27.69,3.17,1106,27693,6125,2707,920,1475,815,2.02,403,4.465449160908194,3.919844020797228,25.43673851921275,55.6,TMO
6/30/2019,8.77,33.226909920182436,61.48,71.74,10.24,11.22,1.5,8.01,1.07,29.24,1.02,12.77,6.3,9.95,-11.89,-28.25,291.4,7.51,28.73,3.54,2288,28729,6316,2823,1496,2067,1119,2.77,403,4.7397527651268705,4.061890158907165,28.457031249999996,57.97,TMO
9/30/2019,8.9,32.49325842696629,62.42,73.21,9.89,10.51,1.8,7.21,1.23,27.37,0.93,12.67,6.34,9.97,-10.58,-30.41,289.19,5.84,29.36,3.59,1273,29355,6272,2763,946,1521,760,1.88,404,4.632970201858378,3.9501434230296413,29.24064711830131,56.73,TMO
12/31/2019,9.17,35.19629225736096,63.34,74.42,10.13,11.89,1.92,8.52,1.38,28.71,0.97,12.81,6.47,10.07,-10.05,-33.18,322.75,6.2,29.68,3.7,2399,29675,6829,3035,1232,1808,1002,2.5,403,5.095516261446163,4.336871808653588,31.860809476801577,58.38,TMO
3/31/2020,9.12,30.91557018,63.72,72.31,9.27,12.74,2.32,9.28,1.69,30.13,1.06,12.62,6.33,9.87,-10.6,-34.03,281.95,5.5,28.56,3.67,2981,28559,6230,2740,906,1480,788,1.97,400,4.424827369742624,3.8991840685935553,30.41531823085221,58.69,TMO
6/30/2020,9.24,39.011904761904766,65.42,75.52,10.66,15.78,2.62,12.13,2.02,31.72,1.06,12.62,6.3,9.38,-9,-36.85,360.47,6.01,29.88,3.71,5818,29875,6917,3377,1391,1965,1156,2.9,398,5.510088657902783,4.773172669491526,33.81519699812383,61.59,TMO
9/30/2020,12.2,36.02131147540984,71.26,80.3,14.29,18.23,2.93,14.41,2.31,32.24,1.01,16.27,8.04,12.03,-6.83,-53.51,439.46,6.23,31.82,4.88,7540,31824,8521,4331,2426,3001,1933,4.84,399,6.166994106090373,5.472727272727273,30.75297410776767,64.06,TMO
12/31/2020,15.95,29.08025078369906,80.75,87.02,17.1,21.96,2.13,17.93,1.74,34.54,1,20.44,10.06,15.22,-4.21,-83.25,463.83,10.3,34.52,6.38,10325,34517,10550,5556,3071,3673,2498,6.25,399,5.744024767801857,5.3301539875890604,27.124561403508768,69.05,TMO
3/31/2021,19.86,22.896777442094663,90.13,89.2,20.25,17.69,2.53,13.34,1.91,30.87,0.88,24.14,12.16,18.86,-4.6,-128.7,454.73,7,35.06,7.92,5583,35058,9906,5209,3049,3670,2337,5.88,397,5.045267946,5.097869955156951,22.455802469135804,65.93,TMO
6/30/2021,21.57,23.315716272600834,96.17,93.68,20.45,19.26,2.78,14.64,2.11,30.84,0.84,24.87,12.89,19.84,-2.44,-190.25,502.92,6.93,36.85,8.6,7023,36854,9273,4524,2163,2823,1828,4.61,396,5.229489446,5.368488471391973,24.59266503667482,67.7,TMO
9/30/2021,21.52,26.479553903345728,98.31,98.24,19.93,24.72,3.19,19.82,2.56,34.89,0.9,23.6,12.4,18.91,-0.13,-301.29,569.84,7.75,38.71,8.57,12027,38710,9330,4651,2278,2906,1902,4.79,397,5.7963584579391725,5.800488599348535,28.59207225,73.6,TMO
12/31/2021,19.45,34.22982005141388,98.83,103.58,17.15,20.11,1.5,15.06,1.12,54.27,1.33,20.4,10.22,16.51,-21.18,-109.02,665.77,13.44,40.86,7.73,4477,40855,10702,5254,2538,3221,1658,4.18,397,6.736517251846605,6.427592199266267,38.820408163265306,95.12,TMO
3/31/2022,19.18,30.74400417101147,103.79,104.78,17.7,18.78,1.56,13.29,1.1,51.73,1.26,19.32,9.24,14.98,-20.08,-69.39,589.67,12.07,41.02,7.6,2752,41018,11818,5464,2821,3680,2215,5.61,395,5.681375855092012,5.627696125214735,33.31468926553672,92.75,TMO
6/30/2022,18.79,28.882384246939864,108.22,108.1,16.06,18.1,1.65,12.43,1.13,48.23,1.14,18.26,8.45,13.89,-17.29,-50.71,542.7,11,42.35,7.44,1888,42354,10970,4599,2001,2837,1664,4.22,394,5.014784697837738,5.020351526364478,33.79202988792031,90.58,TMO
9/30/2022,17.79,28.494659921304105,111.75,111.19,14.23,19.3,1.74,13.58,1.22,46.93,1.08,16.76,7.62,12.56,-14.69,-38.4,506.92,11.12,43.61,7.03,2919,43608,10677,4302,1710,2548,1495,3.79,395,4.536196868008949,4.559043079413617,35.62333099086437,90.54,TMO
3/31/2009,,,,,,15.85,1.13,14.15,1.01,30.99,2,,,,,,,14.05,15.53,,,,,,,,,,,,,,,AZN
6/30/2009,,,,,,19.13,1.26,17.26,1.14,32.26,1.8,,,,,,,15.14,17.94,,7275,17942,7958,6494,2537,3001,1707,0.59,2893,,,,,AZN
9/30/2009,,,,,,20.54,1.36,18.64,1.23,32.35,1.65,,,,,,,15.12,19.55,,7834,19553,8200,6937,3145,3608,2115,0.73,2897,,,,,AZN
12/31/2009,2.6,5.188461538461539,11.31,,3.75,23.76,1.35,22.01,1.25,34.1,1.64,40.78,14.79,40.7,-1.29,-210.97,13.49,17.64,20.82,7.53,11402,20821,8945,7280,2963,3738,1562,0.54,2910,1.1927497789566754,,3.5973333333333333,54.92,AZN
3/31/2010,2.81,4.747330960854092,11.61,,3.6,22.35,1.32,20.57,1.21,33.19,1.59,41.22,15.46,40.85,-2.02,-328.91,13.34,16.99,20.89,8.16,9396,20888,8576,6922,3391,3792,2777,0.96,2904,1.1490094745908699,,3.7055555555555553,54.08,AZN
6/30/2010,2.95,4.766101694915254,11.68,,3.36,23.38,1.43,21.69,1.33,32.38,1.45,41.04,15.9,40.87,-0.41,-544.56,14.06,16.3,22.27,8.57,11052,22265,8178,6726,2868,3299,2116,0.73,2900,1.2037671232876712,,4.18452381,54.65,AZN
9/30/2010,2.75,5.574545454545454,11.58,,3.76,24.57,1.46,22.76,1.35,34.08,1.53,37.13,14.56,37.89,-0.51,-756.28,15.33,16.85,22.31,8.01,11527,22312,7898,6374,2406,3008,1554,0.54,2892,1.3238341968911918,,4.077127659574469,56.39,AZN
12/31/2010,2.79,5.007168458781362,11.53,8.31,3.5,25.13,1.5,23.45,1.4,32.72,1.4,36.36,14.61,36.69,1.38,-2070.21,13.97,16.79,23.41,8.08,12559,23410,8617,6858,2829,4136,1632,0.57,2852,1.2116218560277539,1.6811070998796631,3.9914285714285715,56.13,AZN
3/31/2011,2.87,5.048780487804878,11.53,,3.57,23.47,1.47,21.57,1.35,31.99,1.42,36.27,14.81,36.21,0.43,3722.9,14.49,16.02,22.55,8.21,10788,22547,8292,6953,3401,3927,2907,1.04,2808,1.256721595836947,,4.058823529411765,54.53,AZN
6/30/2011,2.9,5.424137931034483,11.74,,3.07,22.69,1.64,20.67,1.49,29.59,1.24,35.65,14.89,36.03,1.87,1038.41,15.73,13.84,23.82,8.21,10295,23815,8430,6948,2965,3476,2113,0.77,2774,1.339863713798978,,5.1237785016286646,53.41,AZN
9/30/2011,3.65,3.8931506849315074,12.04,,2.73,22.47,1.53,20.51,1.4,28.42,1.18,43.14,18.7,41.8,2.62,644.03,14.21,14.66,24.15,10.13,10813,24154,8213,6620,4262,4805,3477,1.27,2718,1.180232558139535,,5.205128205128205,52.58,AZN
12/31/2011,3.66,4.049180327868853,12.3,9.08,2.69,23.51,1.49,21.65,1.38,29.36,1.25,42.52,18.73,40.27,2.62,530.4,14.82,15.75,23.47,9.99,11844,23466,8656,7044,2167,3137,1493,0.58,2634,1.2048780487804878,1.63215859,5.509293680297398,52.83,AZN
3/31/2012,3.26,4.558282208588957,12.21,,2.67,21.56,1.37,19.52,1.24,29.05,1.34,37.39,16.62,37.13,0.82,439.47,14.86,15.8,21.72,8.71,10000,21715,7349,5974,2160,2659,1625,0.64,2570,1.217035217035217,,5.5655430711610485,50.76,AZN
6/30/2012,3.14,4.761146496815286,11.79,,2.85,19.78,1.34,17.74,1.2,29.16,1.31,35.79,15.79,34.57,-1.26,682.95,14.95,14.8,22.23,8.19,9204,22234,6660,5314,1868,2378,1597,0.63,2538,1.2680237489397794,,5.245614035087719,51.39,AZN
9/30/2012,2.46,6.621951219512195,11.44,,2.67,18.03,1.28,15.94,1.13,30.19,1.36,27.77,12.01,27.6,-4.32,-1163.19,16.29,14.13,22.26,6.23,6816,22255,6682,5408,2156,2901,1511,0.6,2504,1.423951048951049,,6.101123595505618,52.45,AZN
12/31/2012,2.49,6.4618473895582325,11.03,9.6,2.56,19.05,1.37,16.99,1.22,29.59,1.24,27.69,11.99,26.37,-2.4,-348.36,16.09,13.9,23.95,6.24,8555,23946,7282,5884,1964,2728,1507,0.61,2528,1.458748866727108,1.6760416666666667,6.28515625,53.53,AZN
3/31/2013,2.26,7.840707965,10.73,,2.8,18.34,1.32,16.31,1.18,29.84,1.33,24.75,10.73,23.39,-3.44,-196.95,17.72,13.86,22.49,5.63,8029,22488,6385,5119,1397,2048,1011,0.41,2500,1.651444547996272,,6.328571428571428,52.33,AZN
6/30/2013,1.95,8.6,10.59,,2.94,19.39,1.28,17.31,1.14,30.58,1.31,21.07,9.14,20.88,-2.94,-148.14,16.77,15.2,23.41,4.85,9095,23412,6232,4915,1200,2139,823,0.33,2508,1.5835694050991502,,5.704081632653061,53.99,AZN
9/30/2013,1.84,10.18478260869565,10.41,,2.87,18.79,1.28,16.72,1.14,30.67,1.31,19.67,8.57,19.42,-3.75,-146.4,18.74,14.68,23.45,4.59,8342,23447,6250,5012,1706,2094,1246,0.5,2508,1.8001921229586935,,6.529616724738675,54.12,AZN
12/31/2013,1.02,21,10.3,9.25,2.68,20.34,1.27,18.43,1.15,32.65,1.4,11.04,4.73,11.64,-2.78,-79.21,21.42,16.05,23.25,2.56,10053,23253,6939,5499,-591,2014,-524,-0.21,2508,2.079611650485437,2.315675675675676,7.992537313432836,55.9,AZN
3/31/2014,0.82,29.378048780487806,10.3,,2.27,16.54,0.95,14.38,0.82,37.91,1.77,8.95,3.67,10.1,-11.66,-38.81,24.09,17.51,21.48,2.05,5164,21477,6460,5007,836,1548,504,0.2,2524,2.3388349514563105,,10.612334801762115,59.39,AZN
6/30/2014,0.8,34.4875,10.49,8.73,2.44,16.2,0.99,13.96,0.86,36.49,1.66,8.96,3.55,9.99,-10.66,-28.04,27.59,16.32,22.05,2.02,5778,22052,6762,5455,1109,1807,796,0.32,2528,2.6301239275500476,3.1603665521191293,11.307377049180328,58.54,AZN
9/30/2014,0.41,65.53658536585367,10.62,,2.72,15.07,0.95,13.12,0.83,35.7,1.74,4.72,1.79,6.4,-11.25,-11.34,26.87,15.82,20.47,1.03,5957,20466,6609,5194,541,1392,254,0.1,2528,2.5301318267419965,,9.878676470588236,56.16,AZN
12/31/2014,0.49,54.02040816,10.51,7.78,2.45,16.7,0.96,14.74,0.85,38.95,1.98,5.9,2.12,7.45,-12.89,-10.62,26.47,17.33,19.65,1.23,7176,19646,6716,5049,-349,672,-321,-0.13,2528,2.5185537583254045,3.402313624678663,10.80408163265306,58.6,AZN
3/31/2015,0.51,51.88235294117647,10.34,6.71,1.92,12.69,0.81,10.72,0.68,36.75,2.17,6.47,2.25,8.06,-14.75,-10.33,26.46,15.76,16.96,1.28,3722,16956,6057,4788,933,1782,550,0.22,2530,2.5589941972920696,3.9433681073025335,13.781250000000002,53.7,AZN
6/30/2015,0.48,51.333333333333336,10.16,7.24,1.47,13.81,0.86,11.61,0.72,36.87,2.02,6.26,2.11,7.59,-13.65,-8.98,24.64,16.15,18.3,1.18,4549,18299,6307,5240,923,1639,697,0.28,2530,2.425196850393701,3.403314917127072,16.761904761904763,55.17,AZN
9/30/2015,0.68,36.67647058823529,9.89,6.87,1.33,13.2,0.82,11.01,0.69,36.75,2.12,9.39,3.06,10.15,-14.06,-12.26,24.94,16.04,17.37,1.7,4607,17368,5945,4904,1170,1741,770,0.3,2530,2.5217391304347827,3.6302765647743813,18.75187969924812,54.12,AZN
12/31/2015,1.12,23.75892857142857,9.77,7.32,0.81,16.01,1.08,13.86,0.93,41.55,2.25,15.89,5.07,14.94,-15.94,-19.35,26.61,14.87,18.51,2.83,6855,18509,6399,5130,1088,1804,808,0.32,2530,2.7236438075742067,3.635245901639344,32.85185185185185,60.06,AZN
3/31/2016,1.16,19.629310344827587,9.79,6.58,1.29,12.77,0.8,10.43,0.65,47.68,2.87,16.5,5,14.59,-24.97,-17.03,22.77,15.93,16.64,2.92,4107,16642,6115,5111,1038,1607,646,0.26,2530,2.3258426966292136,3.4604863221884496,17.651162790697672,64.32,AZN
6/30/2016,0.88,27.738636363636363,9.51,6.08,0.91,13.32,0.93,10.9,0.76,49.03,3.19,13.08,3.66,11.9,-25.9,-10.99,24.41,14.34,15.39,2.22,4651,15390,5603,4541,303,890,-3,0,2530,2.5667718191377498,4.014802631578947,26.824175824175825,64.42,AZN
9/30/2016,0.98,27.479591836734695,9.41,5.89,0.58,12.87,0.84,10.45,0.68,48.31,3.24,15.06,3.91,11.06,-25.4,-10.69,26.93,15.38,14.91,2.47,4025,14912,5699,4799,1028,1639,1014,0.4,2532,2.8618490967056323,4.572156196943973,46.431034482758626,63.22,AZN
12/31/2016,1.39,16.10791366906475,9.09,6.59,1.1,13.26,0.87,10.93,0.72,45.86,2.75,22,5.5,15.87,-22.58,-14.16,22.39,15.26,16.67,3.5,5929,16669,5585,4425,2533,3123,1842,0.73,2532,2.463146314631463,3.3975720789074355,20.354545454545452,62.53,AZN
3/31/2017,1.34,19.671641791044774,8.81,5.84,0.66,11.64,0.75,8.99,0.58,46.18,3.13,21.96,5.4,15.67,-24.3,-13.81,26.36,15.43,14.78,3.39,3672,14779,5405,4511,917,1575,537,0.21,2532,2.992054484,4.513698630136986,39.93939393939394,60.96,AZN
6/30/2017,1.53,18.862745098039216,8.58,6.09,0.72,14.3,0.91,11.4,0.73,49.71,3.23,25.06,6.15,17.66,-23.83,-16.11,28.86,15.66,15.41,3.87,6263,15412,5051,4101,925,1541,477,0.19,2534,3.3636363636363638,4.738916256157635,40.083333333333336,65.12,AZN
9/30/2017,1.4,20.8,8.8,6.1,1.28,13.63,0.94,10.47,0.72,49.14,3.18,22.74,5.6,17.67,-23.52,-15.04,29.12,14.46,15.45,3.54,5211,15447,6232,4983,1149,1804,686,0.27,2532,3.309090909090909,4.773770491803279,22.75,64.59,AZN
12/31/2017,1.19,25.058823529411764,8.87,6.57,0.92,13.15,0.8,10.12,0.62,46.71,2.81,19.27,4.73,11.66,-21.37,-12.91,29.82,16.38,16.64,3,4582,16642,5777,4552,686,1793,1301,0.51,2532,3.361894024802706,4.538812785388128,32.41304347826087,63.35,AZN
3/31/2018,1.11,27.828828828828826,8.78,5.76,0.86,13.18,0.73,9.9,0.55,48.71,3.34,18.07,4.38,10.88,-23.11,-12.21,30.89,18.16,14.57,2.8,3892,14573,5178,4044,696,1405,340,0.14,2534,3.518223234624146,5.362847222222222,35.918604651162795,63.28,AZN
6/30/2018,1.06,29.264150943396224,8.82,5.64,0.77,12.45,0.72,9.33,0.54,47.07,3.3,17.57,4.24,10.58,-22.33,-11.85,31.02,17.2,14.27,2.68,3810,14272,5155,4143,763,1447,350,0.14,2534,3.517006802721088,5.5,40.285714285714285,61.34,AZN
9/30/2018,0.96,36.82291666666667,8.47,,0.09,13.11,0.86,10.08,0.66,47.91,3.54,16.41,3.88,9.65,-22.61,-10.83,35.35,15.25,13.54,2.42,4262,13537,5340,4187,851,1549,431,0.17,2534,4.1735537190082646,,392.7777777777778,61.44,AZN
12/31/2018,0.85,39.91764705882353,8.72,5.54,0.63,15.59,0.96,12.7,0.78,46.61,3.32,15.28,3.49,10.98,-19.62,-9.83,33.93,16.29,14.04,2.16,5938,14044,6417,4780,1077,2739,1034,0.41,2534,3.891055045871559,6.124548736462094,53.857142857142854,60.65,AZN
3/31/2019,0.96,38.489583333333336,8.84,,0.55,13.65,0.75,10.6,0.58,49.03,4.08,17.88,3.94,12.38,-22.5,-11.06,36.95,18.26,12.03,2.41,5192,12029,5491,4362,1097,1773,593,0.24,2536,4.179864253393665,,67.18181818181819,61.06,AZN
6/30/2019,0.87,43.36781609195402,9.02,,0.87,15.22,0.95,12.02,0.75,46.82,3.11,16.01,3.57,11.25,-18.85,-10.47,37.73,16.03,15.07,2.19,6457,15071,5823,4760,493,1220,130,0.05,2624,4.182926829268292,,43.36781609195402,61.89,AZN
9/30/2019,0.82,50.18292683,9.36,,1.12,13.52,0.92,10.39,0.7,45.24,3.31,15,3.39,11.04,-19.38,-10.23,41.15,14.78,13.67,2.06,4789,13669,6406,5055,757,1473,299,0.12,2624,4.396367521367521,,36.74107142857142,58.91,AZN
12/31/2019,0.53,86.84905660377358,9.39,5.56,0.78,15.56,0.86,12.37,0.68,46.78,3.21,9.65,2.2,9.51,-17.91,-6.79,46.03,18.12,14.6,1.34,6254,14596,6664,5286,577,2220,313,0.12,2602,4.9020234291799785,8.278776978417268,59.01282051282051,61.38,AZN
3/31/2020,0.59,71.35593220338984,9.64,,0.97,12.82,0.75,9.7,0.57,45,3.68,10.96,2.54,10.03,-19.07,-8.09,42.1,17.04,12.22,1.52,4226,12216,6354,4934,1220,2061,780,0.3,2626,4.367219917012448,,43.402061855670105,57.21,AZN
6/30/2020,0.83,60.07228915662651,9.81,,1.08,14.93,0.82,11.37,0.63,46.27,3.39,15.87,3.62,13.02,-17.72,-11.6,49.86,18.18,13.66,2.15,6115,13658,6275,5291,1284,1994,756,0.29,2626,5.082568807339449,,46.166666666666664,59.93,AZN
9/30/2020,0.96,54.239583333333336,9.88,,1.35,18.17,0.96,14.48,0.77,50.49,3.71,18.47,4.12,14.31,-18.71,-13.61,52.07,18.94,13.62,2.5,8483,13618,6578,5208,1171,1972,648,0.25,2626,5.2702429149797565,,38.57037037037037,64.11,AZN
12/31/2020,1.23,38.61788617886179,10.14,5.96,1.5,19.54,0.96,15.52,0.76,51.09,3.27,23.19,5.16,16.97,-17.15,-17.6,47.5,20.31,15.64,3.2,8134,15638,7410,5885,1487,2284,1012,0.39,2626,4.684418145956608,7.969798657718121,31.666666666666668,66.73,AZN
3/31/2021,1.52,31.690789473684212,10.49,,2.17,18.74,0.87,14.46,0.67,50.48,3.49,27.73,6.22,18.57,-17.67,-22.33,48.17,21.51,14.45,3.98,7829,14446,7320,5456,1895,2692,1561,0.6,2638,4.591992373689228,,22.19815668202765,64.93,AZN
6/30/2021,1.44,40.298611111111114,11.22,,2.05,27.27,1.23,22.51,1.01,57.95,3.69,25.4,5.6,16.62,-16.11,-21.66,58.03,22.22,15.69,3.77,15670,15693,8220,6029,1127,1880,550,0.21,2636,5.172014260249554,,28.307317073170736,73.64,AZN
9/30/2021,0.64,91.625,12.01,,1.83,26.69,1.13,16.16,0.68,67.31,1.69,6.87,1.88,6.56,-24.27,-7.82,58.64,23.65,39.91,1.47,7209,39912,9866,6109,-1674,1114,-1652,-0.55,2992,4.8825978351373855,,32.04371584699454,107.22,AZN
12/31/2021,0.14,406.21428571428567,13.4,,1.71,26.24,1.16,17.26,0.76,66.08,1.68,0.41,0.13,2.04,-23.1,-0.55,56.87,22.59,39.29,0.11,6481,39287,12011,7386,-292,1900,-347,-0.22,2854,4.244029850746268,,33.25730994152047,105.36,AZN
3/31/2022,-0.32,-205.84375,14.27,,2.03,22.65,1,15.02,0.66,63.91,1.76,-3.24,-1.1,0.07,-24.87,4.81,65.87,22.74,36.36,-1.06,5877,36359,11390,7879,878,2187,386,0.13,3122,4.615977575332867,,32.44827586206897,100.27,AZN
6/30/2022,-0.41,-160,14.61,,2.12,20.92,0.96,14.7,0.67,60.63,1.69,-3.31,-1.22,-0.84,-23.77,5.22,65.6,21.82,35.95,-1.25,4996,35951,10771,7773,539,1896,360,0.12,3120,4.4900752908966455,,30.94339622641509,96.58,AZN
9/30/2022,0.67,81.85074626865672,14.83,,2.6,20.22,0.81,15.15,0.61,59.03,1.68,5.56,2.06,3.76,-24.14,-8.51,54.84,24.85,35.15,2.04,5003,35154,10982,8000,1245,2579,1640,0.53,3118,3.6979096426163185,,21.092307692307692,94.19,AZN
3/31/2009,,,,,,114.48,1.14,93.08,0.92,153.38,1.2,,,,,,,100.71,127.94,,,,58222,11644,4698,7788,3488,1.14,3060,,,,,SHEL
6/30/2009,,,,43.3,,108.05,1.15,83.13,0.89,156.62,1.16,,,,,,,93.76,135.12,,10596,135122,63882,11139,3648,6927,3822,1.24,3082,,,,,SHEL
9/30/2009,,,,44.38,,106.66,1.2,81.24,0.91,158.74,1.15,,,,,,,89.14,138.51,,14275,138512,75009,12706,3741,8082,3247,1.06,3063,,,,,SHEL
12/31/2009,4.08,9.004901960784315,92.93,38.96,-1.21,96.46,1.14,69.05,0.81,154.05,1.12,9.28,4.31,13.35,132.78,9.65,36.74,84.79,138.14,12.52,9719,138135,88016,19086,9475,13223,1961,0.64,3068,0.39535133971806735,0.9430184804928132,-30.36363636,292.18,SHEL
3/31/2010,4.73,7.594080338266385,101.85,44.78,-1.82,100.04,1.19,71.32,0.85,157.47,1.13,10.52,4.93,14.91,134.44,10.94,35.92,84.35,139.74,14.51,8448,139737,86062,15497,8264,11190,5481,1.78,3079,0.35267550319096713,0.8021438142027691,-19.73626374,297.2,SHEL
6/30/2010,4.92,6.428861788617886,110.81,44.59,0.85,102.6,1.22,74.62,0.88,158.09,1.14,10.86,5.1,16.91,133.99,11.29,31.63,84.43,139.16,15.08,12008,139163,90568,14481,7631,10868,4393,1.44,3051,0.2854435520259904,0.7093518726171787,37.21176470588235,297.26,SHEL
9/30/2010,4.98,7.736947791164658,116.32,46.29,0.4,102.97,1.11,74.05,0.8,166.21,1.15,10.9,5.11,17.8,139.27,11.32,38.53,92.79,144.45,15.3,11282,144445,92742,15802,5702,11898,3463,1.12,3092,0.3312414030261348,0.8323612011233528,96.325,310.65,SHEL
12/31/2010,6.55,6.596946564885497,123.07,47.85,1.22,112.89,1.12,83.55,0.83,172.78,1.15,14.05,6.56,20.38,144.74,14.57,43.21,100.55,149.78,20.13,13444,149780,108780,22702,14743,17979,6790,2.22,3070,0.35110099943121803,0.9030303030303031,35.41803278688525,322.56,SHEL
3/31/2011,7.6,6.277631578947369,132.27,,3.7,128.34,1.15,94.71,0.85,183.64,1.15,15.8,7.36,24.59,154.96,16.35,47.71,111.44,159.68,23.43,16608,159683,114842,23718,16818,20134,8780,2.84,3092,0.3607015952218946,,12.894594594594594,343.33,SHEL
6/30/2011,8.95,5.265921787709498,142.56,52.99,4.82,128.91,1.18,94.96,0.87,183.51,1.1,17.83,8.35,27.86,162.65,18.41,47.13,108.88,167.32,27.7,19465,167316,124562,22117,15254,18120,8662,2.78,3116,0.3305976430976431,0.889413097,9.778008298755188,350.82,SHEL
9/30/2011,10.07,4.096325719960278,153.01,52.66,6.72,128.04,1.19,97.79,0.91,181.28,1.09,19.41,9.15,30.94,161.7,20,41.25,107.53,166.2,31.21,19256,166203,125957,20441,12869,16672,6976,2.24,3114,0.2695902228612509,0.7833270034181542,6.138392857142858,347.48,SHEL
12/31/2011,9.94,4.990945674044266,155.69,,,119.78,1.17,90.8,0.88,174.25,1.02,18.62,8.92,28.91,,,49.61,102.66,171,30.92,,,119128,19445,12092,,6500,2.08,3125,0.31864602736206565,,,345.26,SHEL
3/31/2012,9.9,4.863636363636363,158.21,,9.33,127.99,1.18,93.82,0.87,183.43,1.09,18.37,8.85,28.27,163.34,20.64,48.15,108.49,167.88,30.88,15024,167884,123774,23305,15950,19352,8737,2.8,3120,0.3043423298148031,,5.160771704180064,351.32,SHEL
6/30/2012,8.42,5.5700712589073635,156.99,56.08,9.48,116.78,1.2,88.48,0.91,167.76,0.94,15.4,7.57,25.58,173.65,17.21,46.9,97.67,178.08,26.3,17282,178076,119886,17617,10395,13898,4083,1.32,3093,0.298745143,0.8363052781740371,4.947257383966244,345.83,SHEL
9/30/2012,8.46,5.776595745,153.28,58.15,8.02,122.17,1.17,89.81,0.86,175.17,0.95,15.09,7.55,25.19,180.71,15.87,48.87,104.23,185.18,26.48,18839,185183,115429,20959,13098,16973,7164,2.28,3142,0.31882828810020875,0.8404127257093723,6.093516209476309,360.35,SHEL
12/31/2012,8.5,5.784705882352942,154.16,55.14,0.24,114.73,1.18,83.95,0.87,174.11,0.99,15.11,7.59,25.41,171.71,15.5,49.17,96.98,176.18,26.71,18550,176182,122611,20775,12826,5881,6728,2.14,3144,0.3189543331603529,0.8917301414581067,204.87500000000003,350.29,SHEL
3/31/2013,8.29,5.677925211097708,150.95,,-1.47,115.74,1.16,84.21,0.85,175.76,0.97,14.51,7.4,23.98,176.78,14.88,47.07,99.62,181.24,26.15,17614,181239,115514,21805,13699,17924,8176,2.58,3169,0.31182510765154026,,-32.02040816,356.99,SHEL
6/30/2013,7.54,6.193633952254642,149.05,55.98,-2.82,103.88,1.14,74.85,0.82,167.29,0.94,13.21,6.74,21.76,173.84,13.54,46.7,91.27,178.22,23.81,12540,178221,114348,17219,5751,13253,1737,0.54,3102,0.31331767863133175,0.8342265094676671,-16.56028369,345.51,SHEL
9/30/2013,6.75,7.222222222222222,150.24,56.73,-2.79,106.66,1.14,76.84,0.82,174.21,0.97,11.91,6.06,19.98,176.06,12.21,48.75,93.78,180.41,21.32,14278,180406,118258,17364,9354,13507,4677,1.5,3118,0.3244808306709265,0.8593336858804865,-17.47311828,354.61,SHEL
12/31/2013,5.19,10.333333333333334,146.67,56.87,0.53,103.34,1.11,73.33,0.79,176.36,0.97,9.08,4.63,16.69,176.75,9.31,53.63,93.26,181.15,16.37,9696,181148,111479,16348,6430,12059,1781,0.58,3147,0.36565078066407586,0.9430279585018464,101.18867924528301,357.51,SHEL
3/31/2014,4.02,13.850746268656717,145.86,,1.51,104.42,1.13,75.59,0.82,183.46,1,7.03,3.57,14.2,175.65,7.24,55.68,92.38,183.13,12.7,11924,183130,112079,20138,8997,16421,4509,1.44,3144,0.3817359111476758,,36.87417218543046,366.59,SHEL
6/30/2014,5.15,12.188349514563107,145.46,,1.61,112.01,1.18,80.64,0.85,184.6,0.99,8.91,4.49,15.66,178.69,9.21,62.77,94.9,186.11,16.27,15419,186113,115274,21011,9628,16983,5307,1.68,3162,0.43152756771621065,,38.98757763975155,370.72,SHEL
9/30/2014,5.06,11.466403162055338,142.21,56.78,3.85,105.4,1.19,78.08,0.88,178.42,0.99,8.78,4.42,15.19,173.86,9.11,58.02,88.43,180.99,16.06,19027,180992,109825,16917,8535,13264,4463,1.4,3167,0.407988186,1.0218386755899964,15.07012987012987,359.41,SHEL
12/31/2014,4.74,10.763713080168776,136.62,54.44,7.36,99.78,1.16,80.08,0.93,180.33,1.04,8.23,4.1,13.71,165.71,8.57,51.02,86.21,172.79,14.87,21607,172786,94166,11738,2958,7949,595,0.2,3156,0.3734445908358952,0.9371785451873623,6.932065217391305,353.12,SHEL
3/31/2015,4.7,9.812765957446807,122.57,,6.07,91.53,1.15,71.56,0.9,173.01,1.03,8.35,4.15,12.73,161.97,8.7,46.12,79.5,168.82,14.8,19867,168822,68846,13966,6215,10819,4430,1.38,3189,0.3762747817573631,,7.598023064250411,341.83,SHEL
6/30/2015,4.26,10.347417840375586,109.28,,4.74,100.4,1.28,77.91,0.99,178.32,1,7.69,3.82,11.08,171.23,8.01,44.08,78.5,178.01,13.47,26981,178008,73950,14039,6038,10711,3986,1.24,3192,0.4033674963396779,,9.299578059,356.33,SHEL
9/30/2015,0.54,67.85185185185185,96.23,50.92,3.76,100.25,1.31,80.98,1.06,181.22,1.12,0.94,0.46,3.11,156.18,0.97,36.64,76.67,162.48,1.6,31846,162482,69184,6747,-8596,3560,-7416,-2.32,3198,0.3807544424815546,0.7195600942655145,9.744680851,343.7,SHEL
12/31/2015,0.6,60.10000000000001,85.21,51.04,2.63,93.36,1.32,77.54,1.09,176.04,1.07,1.15,0.56,1.83,157.84,1.2,36.06,70.95,164.12,1.94,31752,164121,60176,8946,278,5559,939,0.3,3197,0.4231897664593358,0.7065047021943575,13.711026615969583,340.16,SHEL
3/31/2016,-0.64,-60.828125,78.01,49.37,0.32,81.25,1.04,63.85,0.81,218.29,1.1,-1.14,-0.55,-1.1,176.69,-1.21,38.93,78.47,198.01,-2.01,11019,198014,49732,9224,-272,5875,484,0.14,3457,0.4990385847968209,0.7885355479035852,121.65625,416.3,SHEL
6/30/2016,-1.59,-28.44025157,70.23,,-0.3,85.4,1.1,64.77,0.84,224.94,1.17,-2.69,-1.27,-2.82,171.41,-2.91,45.22,77.47,192.51,-4.82,15222,192506,60271,11298,1731,7828,1175,0.3,3917,0.6438843798946319,,-150.7333333,417.44,SHEL
9/30/2016,1.07,39.05607476635514,64.12,46.51,-1.18,87.1,1.16,66.54,0.89,230.92,1.22,2.14,1,1.76,164.86,2.37,41.79,74.94,188.73,3.97,19984,188729,62938,12102,2807,8998,1375,0.34,4054,0.6517467248908296,0.8985164480756826,-35.41525424,419.65,SHEL
12/31/2016,1.15,39.46086956521739,62.3,46.12,0.14,86.57,1.17,64.79,0.88,222.76,1.18,2.38,1.1,3.23,164.54,2.7,45.38,73.83,188.51,4.58,19130,188511,67092,14293,4543,11101,1541,0.38,3946,0.7284109149277689,0.9839549,324.1428571428571,411.28,SHEL
3/31/2017,1.87,23.946524064171122,65.74,46.89,2.77,85.39,1.21,63.8,0.9,218.2,1.13,4,1.84,4.96,169.05,4.56,44.78,70.78,192.75,7.63,19595,192753,73311,14944,4482,12320,3538,0.86,4114,0.6811682385153637,0.9550010663254426,16.166064981949457,410.95,SHEL
6/30/2017,1.96,23.43877551020408,67.88,47.54,6.07,88.05,1.24,65.73,0.92,214.53,1.09,4.18,1.94,5.57,171.75,4.77,45.94,71.25,196.26,8,23992,196257,72702,12276,3481,9662,1545,0.38,4146,0.6767825574543311,0.9663441312578881,7.568369028006589,410.79,SHEL
9/30/2017,2.6,20.123076923076923,71.03,47.9,5.82,91.92,1.23,67.91,0.91,214.55,1.08,5.52,2.6,6.96,174.11,6.31,52.32,74.92,198.53,10.71,20699,198533,77733,16061,6673,13081,4087,0.98,4162,0.7365901731662677,1.0922755741127348,8.989690721649485,413.08,SHEL
12/31/2017,3.14,18.350318471337577,75.27,47.42,5.69,95.4,1.2,70.18,0.88,209.29,1.06,6.61,3.16,8.04,173.63,7.54,57.62,79.77,197.81,12.98,25616,197812,88124,16545,7536,13332,3807,0.9,4150,0.7655108276869935,1.2150991142977645,10.12653778558875,407.1,SHEL
3/31/2018,3.68,14.97554347826087,79.39,48.26,5.7,98.05,1.2,73.03,0.9,209.41,1.04,7.73,3.74,9.8,177,8.81,55.11,81.59,201.31,15.34,27961,201313,91114,17433,9303,14637,5899,1.4,4152,0.6941680312381912,1.1419394944053047,9.668421052631578,410.72,SHEL
6/30/2018,4.74,12.782700421940929,85.56,48.24,4.35,103.51,1.27,75.54,0.93,205.99,1.02,9.92,4.84,12.42,177.27,11.29,60.59,81.52,201.24,19.82,26883,201240,99268,18916,10539,15898,6024,1.44,4188,0.708158018,1.2560116086235489,13.92873563218391,407.23,SHEL
9/30/2018,5.16,11.556201550387597,91.2,48.55,5.26,107.25,1.2,77.93,0.87,206.5,1.03,10.76,5.28,14.03,177.8,12.23,59.63,89.75,201.49,21.57,26836,201486,101548,18900,10646,15844,5839,1.4,4177,0.6538377192982456,1.228218332,11.336501901140686,407.99,SHEL
12/31/2018,5.59,9.261180679785332,95.02,49.29,8.25,97.48,1.25,76.37,0.98,196.66,0.97,11.58,5.75,14.55,178.95,13.14,51.77,77.81,202.53,23.35,33934,202534,104626,18598,8878,15122,5590,1.36,4174,0.544832667,1.050314465408805,6.275151515151515,399.19,SHEL
3/31/2019,5.65,9.991150442477876,94.1,49.17,7.85,95.99,1.16,72.05,0.87,211.57,1.06,11.65,5.77,14.99,176.61,13.2,56.45,82.85,200.26,23.45,27532,200256,85662,19079,10565,16515,6001,1.46,4076,0.5998937300743891,1.148057758796014,7.191082802547771,411.83,SHEL
6/30/2019,4.95,12.03030303030303,92.84,48.59,8.1,93.1,1.1,68.63,0.81,212.64,1.08,10.21,5.02,13.37,172.78,11.57,59.55,84.32,196.25,20.43,25492,196254,91838,15974,6169,12868,2998,0.74,4091,0.6414261094355881,1.2255608149825066,7.351851851851852,408.89,SHEL
9/30/2019,5.01,10.932135728542915,90.73,48.27,8.85,86.19,1.15,62.95,0.84,203.19,1.06,10.34,5.07,12.93,169.46,11.73,54.77,75.17,192.58,20.47,22252,192580,89541,18995,9532,16347,5879,1.46,4034,0.6036592086410228,1.1346592086181893,6.188700564971752,395.77,SHEL
12/31/2019,3.9,14.3,86.63,46.36,5.92,92.69,1.16,68.62,0.86,213.87,1.12,8.13,3.91,11.07,166.98,9.24,55.77,79.62,190.46,15.84,25204,190463,85065,16283,3909,13146,964,0.24,4056,0.6437723652314441,1.2029767040552202,9.420608108108109,404.34,SHEL
3/31/2020,2.43,13.576131687242798,81.21,45.03,8.14,84.97,1.12,71.08,0.93,210.58,1.15,5.15,2.45,7.94,160.16,5.87,32.99,76.24,183.38,9.82,34278,183379,60959,11470,1741,8834,-24,0,3910,0.4062307597586505,0.7326226959804575,4.052825552825553,393.96,SHEL
6/30/2020,-2.97,-10.40740741,67.1,48.78,6.39,86.2,1.24,68.48,0.99,214.65,1.34,-6.23,-2.88,-2.91,137.28,-7.14,30.91,69.39,160.45,-11.31,36100,160445,32491,7853,-22838,5251,-18131,-4.66,3895,0.4606557377049181,0.6336613366133661,4.837245696400626,375.1,SHEL
9/30/2020,-4.31,-5.577726218,56.34,50.53,5.92,92.31,1.31,75.01,1.06,218.91,1.37,-9.62,-4.3,-6.09,137.81,-11.09,24.04,70.54,160.34,-16.7,41972,160341,44717,11723,1435,9124,489,0.12,3912,0.42669506567270143,0.4757569760538294,4.0608108108108105,379.25,SHEL
12/31/2020,-5.59,-6.069767442,46.92,40.61,5.13,91.95,1.25,72.5,0.98,220.73,1.39,-13.09,-5.68,-9.04,135.83,-15.19,33.93,73.71,158.54,-21.68,37613,158537,45028,9308,-3216,6357,-4014,-1.02,3898,0.7231457800511508,0.8355084954444718,6.614035087719298,379.27,SHEL
3/31/2021,-4.14,-9.222222222,46.42,42.7,3.93,99.56,1.3,76.88,1.01,218.45,1.31,-9.9,-4.21,-6.17,144.08,-11.53,38.18,76.43,166.95,-16,36737,166953,59115,17653,9129,15025,5660,1.44,3916,0.8224903059026282,0.8941451990632318,9.715012723,385.4,SHEL
6/30/2021,1.4,28.100000000000005,53.93,43.87,6.55,111.68,1.32,86.59,1.03,226.61,1.32,3.39,1.44,4.88,148.78,3.93,39.34,84.5,171.24,5.56,42891,171243,61764,16553,5022,13245,3428,0.88,3895,0.7294641201557576,0.8967403692728517,6.006106870229008,397.86,SHEL
9/30/2021,1.16,37.41379310344828,58.34,42.97,7.92,131.57,1.26,106.97,1.03,242.09,1.45,2.79,1.18,5.12,144.34,3.23,43.4,104.23,166.68,4.63,52686,166683,61555,11447,2052,8410,-447,-0.12,3887,0.743914981,1.0100069816150803,5.479797979797979,408.77,SHEL
12/31/2021,5.16,8.189922480620154,69.9,45.63,10.33,128.77,1.35,103.51,1.08,229.05,1.31,11.82,5.04,13.1,150.63,13.68,42.26,95.55,175.33,20.1,48339,175326,90223,26847,17233,23677,11460,2.94,3903,0.6045779685264663,0.9261450799912337,4.090997095837366,404.38,SHEL
3/31/2022,5.58,9.670250896057349,76.52,45.99,11.32,152.02,1.34,122.01,1.08,245.45,1.37,12.45,5.27,13.98,154.6,14.41,53.96,113.3,179.53,21.56,57068,179533,83164,21209,11486,17781,7116,1.86,3831,0.7051751176163095,1.1732985431615568,4.766784452,424.99,SHEL
6/30/2022,9.5,5.453684210526316,88.09,52.83,12.31,165.22,1.39,129.14,1.09,253.6,1.31,20.21,8.58,22.21,168.76,23.4,51.81,118.68,194.3,36.17,62227,194299,103083,29696,26856,26508,18040,4.8,3758,0.5881484845044841,0.9806927881885293,4.208773354995938,447.9,SHEL
9/30/2022,11.46,4.342059336823734,99.16,53.08,11.23,163.32,1.38,128.6,1.08,247.12,1.3,23.46,10.12,25.8,165.88,27.11,49.76,118.67,190.24,43.36,59563,190237,,,,,,,,0.5018152480839048,0.9374529012810852,4.4309884238646475,437.36,SHEL
2/28/2009,,,,21.01,,9.69,1.08,4.7,0.52,11.62,1.27,,,,,,,9,9.12,,,,16843,2072,398,559,239,0.55,440,,,,,COST
5/31/2009,,,,21.78,,10.09,1.09,4.81,0.52,11.83,1.25,,,,,,,9.26,9.47,,3668,9473,15806,2030,359,530,210,0.48,440,,,,,COST
8/31/2009,,,,23.18,,10.34,1.11,4.93,0.53,11.88,1.18,,,,,,,9.28,10.1,,3727,10104,22378,2866,598,839,374,0.84,440,,,,,COST
11/30/2009,2.48,17.862903225806452,163.92,23.74,2.91,11.63,1.13,5.4,0.53,13.05,1.25,11.13,4.98,14.94,10.43,11.13,44.3,10.29,10.43,1.09,4189,10431,17299,2218,428,612,266,0.6,445,0.2702537823328453,1.8660488626790228,15.2233677,23.48,COST
2/28/2010,2.6,17.392307692307693,167.55,24.39,3.43,11.5,1.17,6.14,0.62,12.62,1.18,11.28,5.1,15.05,10.74,11.28,45.22,9.87,10.74,1.15,4719,10743,18742,2346,470,655,299,0.67,447,0.2698895851984482,1.8540385403854038,13.183673469387754,23.37,COST
5/31/2010,2.8,15.48214285714286,171.28,24.9,3.86,12.06,1.18,6.51,0.64,12.93,1.18,11.79,5.37,15.65,10.97,11.79,43.35,10.19,10.97,1.25,5267,10972,17780,2286,491,671,306,0.68,448,0.2530943484353106,1.7409638554216869,11.23056994818653,23.9,COST
8/31/2010,2.92,14.45205479452055,174.57,25.21,3.88,11.71,1.16,6.07,0.6,12.89,1.18,12.1,5.51,16.1,10.93,12.1,42.2,10.06,10.93,1.3,4749,10930,24125,3101,688,934,432,0.97,446,0.24173683909033628,1.6739389131297104,10.876288659793815,23.82,COST
11/30/2010,3.03,16.71947194719472,179.27,26.83,3.84,13.56,1.18,6.71,0.58,14.34,1.23,12.17,5.56,16.44,11.71,12.17,50.66,11.5,11.71,1.35,5284,11707,19239,2482,525,716,312,0.71,441,0.28259050594075974,1.8881848676854267,13.192708333333332,26.04,COST
2/28/2011,3.15,17.841269841269842,184.44,27.73,4.02,13.14,1.22,7.01,0.65,13.59,1.12,12.23,5.62,16.95,12.12,12.23,56.2,10.75,12.12,1.4,5379,12124,20875,2640,596,791,348,0.79,443,0.3047061374972891,2.026685899747566,13.980099502487564,25.72,COST
5/31/2011,3.2,19.424999999999997,191.28,28.65,3.73,14.07,1.13,7.67,0.61,14.43,1.15,11.97,5.52,17.21,12.54,11.97,62.16,12.49,12.54,1.42,6215,12541,20623,2556,556,752,324,0.73,444,0.32496863237139273,2.169633507853403,16.664879356568363,26.97,COST
8/31/2011,3.31,17.93655589123867,200.78,28.95,4.31,13.71,1.14,7.07,0.59,14.19,1.13,11.95,5.54,17.51,12.57,11.95,59.37,12.05,12.57,1.46,5613,12573,28178,3498,762,1035,478,1.07,443,0.29569678254806253,2.0507772020725388,13.77494199535963,26.76,COST
11/30/2011,3.33,19.42042042042042,206.28,28.6,4.1,14.99,1.13,7.38,0.55,15.56,1.25,11.83,5.47,17.66,12.45,11.83,64.67,13.31,12.45,1.47,5915,12447,21628,2697,543,748,320,0.73,441,0.31350591429125463,2.261188811188811,15.773170731707319,28,COST
2/29/2012,3.44,19.020348837209305,211.43,29.55,3.64,14.36,1.16,7.43,0.6,14.69,1.15,12.04,5.55,18.02,12.82,12.04,65.43,12.41,12.82,1.52,5785,12819,22967,2828,644,853,394,0.9,439,0.309464125,2.2142131979695434,17.975274725274726,27.51,COST
5/31/2012,3.59,18.356545961002787,215.77,30.43,4.29,14.59,1.18,7.55,0.61,14.65,1.11,12.37,5.73,18.25,13.18,12.37,65.9,12.37,13.18,1.58,5976,13183,22324,2781,623,825,386,0.88,439,0.3054178059971266,2.1656260269470917,15.361305361305362,27.84,COST
8/31/2012,3.9,19.1974359,225.51,28.95,3.59,13.53,1.1,6.43,0.52,14.62,1.17,13.41,6.19,19.56,12.52,13.41,74.87,12.26,12.52,1.71,4854,12518,32218,4008,949,1241,609,1.38,439,0.3320030153873443,2.586183074265976,20.85515320334262,27.14,COST
11/30/2012,4.12,19.351941747572816,230.49,29.51,4.24,15.41,1.09,7.25,0.51,16.49,1.29,14.06,6.46,20.09,12.83,14.06,79.73,14.14,12.83,1.81,5576,12832,23715,2989,639,852,416,0.95,439,0.34591522408781294,2.701796001355473,18.80424528301887,29.32,COST
2/28/2013,4.46,18.713004484304932,234.77,23.57,3.52,15.11,1.16,7.53,0.58,18.81,1.83,16.04,6.91,20.43,10.28,16.04,83.46,13.05,10.28,1.96,5651,10283,24871,3105,738,955,547,1.24,440,0.35549686927631297,3.540941875265167,23.71022727272727,29.09,COST
5/31/2013,4.62,19.606060606060606,238.58,24.38,3.73,15.86,1.17,8.23,0.61,19.36,1.82,17.55,7.03,20.76,10.65,17.55,90.58,13.51,10.65,2.03,6510,10647,24083,3045,722,943,459,1.04,441,0.37966300611954057,3.7153404429860544,24.284182305630026,30.01,COST
8/31/2013,5.03,18.423459244532804,246.92,25.21,1.67,15.84,1.2,7.95,0.6,19.27,1.75,18.22,6.87,20.08,11.01,18.22,92.67,13.26,11.01,2.04,6124,11012,32487,4069,954,1249,617,1.4,441,0.37530374210270534,3.6759222530741766,55.49101796407186,30.28,COST
11/30/2013,4.75,21.928421052631577,246.92,25.95,2.58,17.47,1.17,8.14,0.55,20.91,1.83,18.9,6.73,19.56,11.41,18.9,104.16,14.93,11.41,2.05,6439,11409,25017,3193,668,899,425,0.96,442,0.42183703223716185,4.013872832369942,40.372093023255815,32.32,COST
2/28/2014,4.76,20.432773109243698,251.69,26.62,1.11,16.63,1.2,8.37,0.6,19.86,1.7,17.54,6.33,18.99,11.71,17.54,97.26,13.88,11.71,1.96,6482,11709,26306,3263,724,964,463,1.05,443,0.38642774842067623,3.653643876784373,87.62162162162161,31.57,COST
5/31/2014,4.48,21.631696428571427,247.96,27.41,5.01,17.53,1.19,9.05,0.62,20.68,1.72,17.14,6.24,18.65,12.02,17.14,96.91,14.69,12.02,1.98,7275,12021,25794,3240,737,974,473,1.07,443,0.3908291659945152,3.5355709595038305,19.343313373253494,32.7,COST
8/31/2014,4.66,21.76824034334764,254.49,28.59,4.5,17.59,1.22,9.13,0.63,20.51,1.64,17.27,6.35,19.02,12.52,17.27,101.44,14.41,12.52,2.06,7315,12515,35523,4486,1091,1412,697,1.57,442,0.39860112381625995,3.548093739069605,22.54222222222222,33.02,COST
11/30/2014,4.82,24.765560165975103,258.7,28.54,4.97,19.16,1.2,9.51,0.59,22.04,1.75,17.45,6.46,19.28,12.57,17.45,119.37,16.02,12.57,2.13,7619,12570,26866,3481,770,1024,496,1.12,442,0.4614224971008891,4.182550805886476,24.018108651911472,34.61,COST
2/28/2015,4.58,27.921397379912662,227.24,23.68,1.94,18.06,0.99,9.5,0.52,23.18,2.22,19.05,6.76,20.91,10.43,19.05,127.88,18.25,10.43,2.26,7453,10425,27454,3557,877,1137,598,1.35,443,0.562753036,5.400337837837838,65.91752577319588,33.6,COST
5/31/2015,4.94,25.186234817813762,258.2,24.59,6.84,17.63,1.05,8.77,0.52,22.68,2.1,19.92,6.85,21.87,10.81,19.92,124.42,16.74,10.81,2.31,6805,10814,26101,3414,821,1083,516,1.17,443,0.48187451587916347,5.059780399,18.190058479532166,33.49,COST
8/31/2015,5.6,21.88214285714286,280.75,24.76,4.9,16.78,1.02,7.87,0.48,22.17,2.05,21.29,7.06,22.94,10.84,21.29,122.54,16.54,10.84,2.38,6419,10843,35778,4682,1156,1507,767,1.73,443,0.43647373107747106,4.949111470113086,25.008163265306123,33.02,COST
11/30/2015,5.11,27.71037181996086,262.14,25.19,4.49,18.86,1.03,8.48,0.46,24.37,2.2,21.88,6.97,23.55,11.08,21.88,141.6,18.29,11.08,2.36,6283,11080,27220,3599,767,1038,480,1.09,441,0.5401693751430533,5.621278285033743,31.53674832962138,35.45,COST
2/29/2016,5.23,25.23326959847036,265.18,25.58,3.57,15.53,1.01,6.62,0.43,21.15,1.88,21,6.87,22.72,11.23,21,131.97,15.43,11.23,2.31,4855,11234,28170,3701,856,1141,546,1.24,442,0.49766196545742514,5.159108678655199,36.96638655462185,32.39,COST
5/31/2016,5.3,24.76226415,266.97,26.8,4.27,16.54,0.97,7.62,0.45,22.13,1.88,20.83,6.94,22.94,11.75,20.83,131.24,17,11.75,2.34,6021,11748,26769,3607,858,1149,545,1.24,441,0.49159081544742855,4.897014925373134,30.735362997658086,33.87,COST
8/31/2016,5.7,25.15438596491228,279.49,28.19,5.01,15.22,0.98,6.25,0.4,20.83,1.69,20.26,6.97,22.91,12.33,20.26,143.38,15.58,12.33,2.35,4729,12332,36560,4911,1191,1599,779,1.76,441,0.5130058320512362,5.086200780418587,28.618762475049902,33.16,COST
11/30/2016,5.7,23.366666666666667,279.48,27.84,9.45,18.57,0.97,7.85,0.41,24.3,1.99,20.32,7.11,23.34,12.23,20.32,133.19,19.16,12.23,2.42,6116,12231,28099,3811,849,1146,545,1.24,441,0.4765636181479891,4.784123563218391,14.094179894179895,36.53,COST
2/28/2017,5.63,27.99822380106572,286.34,28.96,6.23,17.46,0.93,7.93,0.42,22.92,1.8,19.45,6.85,23.48,12.71,19.45,157.63,18.86,12.71,2.38,5965,12712,29766,3839,844,1156,515,1.17,441,0.5504994063002026,5.4430248618784525,25.301765650080256,35.63,COST
5/31/2017,5.77,29.03292894280763,279.62,23.22,5.95,17.26,0.81,7.52,0.35,25.45,2.5,21.4,7.21,25.22,10.19,21.4,167.52,21.39,10.19,2.54,5725,10185,28860,3890,968,1288,700,1.59,441,0.5990987769115228,7.214470284237727,28.154621848739495,35.63,COST
8/31/2017,6.08,24.00986842105263,292.7,25.34,9.58,17.32,0.99,7.48,0.43,25.27,2.28,23.19,7.43,26.37,11.08,23.19,145.98,17.5,11.08,2.68,5779,11079,42300,5603,1450,1891,919,2.08,441,0.4987359070720874,5.760852407261247,15.237995824634654,36.35,COST
11/30/2017,5.02,34.31673306772909,258.31,25.86,6.46,19.9,0.98,8.68,0.43,28.02,2.47,24.48,7.55,26.32,11.36,24.48,172.27,20.36,11.36,2.77,6885,11356,31809,4192,951,1286,640,1.45,441,0.6669118501025899,6.661639597834494,26.66718266,39.38,COST
2/28/2018,6.43,27.804043545878695,303.64,27.46,-3.04,18.9,1,8.23,0.44,26.65,2.21,26.5,7.89,26.16,12.05,26.5,178.78,18.91,12.05,2.96,5830,12053,32995,4262,1016,1360,701,1.59,442,0.588789356,6.510560815731973,-58.80921053,38.7,COST
5/31/2018,6.96,26.751436781609197,309.35,28.38,0.45,19.69,1.02,9.07,0.47,27.16,2.18,25.65,7.82,24.58,12.45,25.65,186.19,19.41,12.45,3.01,7044,12447,32361,4230,1067,1394,750,1.7,442,0.6018748989817359,6.5606060606060606,413.75555555555553,39.61,COST
8/31/2018,7.73,28.395860284605433,344.43,29.9,-0.84,20.29,1.02,9.25,0.46,27.73,2.12,25.61,7.91,23.92,13.1,25.61,219.5,19.93,13.1,3.13,7259,13103,44411,5740,1446,1877,1043,2.35,442,0.6372847893621345,7.341137124,-261.3095238,40.83,COST
11/30/2018,7.38,29.577235772357724,327.71,30.6,0.04,22.95,1.02,10.75,0.48,30.34,2.25,25.54,8,23.25,13.48,25.54,218.28,22.47,13.48,3.26,7953,13479,35069,4446,949,1280,767,1.73,443,0.6660767141680144,7.133333333333333,5457,43.81,COST
2/28/2019,7.8,26.53974358974359,333.01,32.23,6.02,21.65,0.96,10.29,0.46,28.62,2.02,25.93,8.26,24.09,14.18,25.93,207.01,22.45,14.18,3.45,7122,14183,35396,4676,1203,1555,889,2.01,442,0.6216329839944746,6.422897921191437,34.387043189368775,42.8,COST
5/31/2019,8.15,27.89447852760736,338.23,33.7,5.81,22.29,0.98,10.98,0.48,28.93,1.95,25.94,8.42,24.16,14.82,25.94,227.34,22.83,14.82,3.61,8167,14820,34740,4507,1122,1458,906,2.05,443,0.6721461727227035,6.745994065281899,39.129087779690195,43.75,COST
8/31/2019,8.26,33.93583535108959,344.95,35.45,7.58,23.49,1.01,12.09,0.52,29.82,1.91,25.21,8.33,23.91,15.58,25.21,280.31,23.24,15.58,3.66,9444,15584,47498,6188,1463,1936,1097,2.47,443,0.8126105232642412,7.907193229901269,36.980211081794195,45.4,COST
11/30/2019,8.43,33.89442467378411,349.22,36.72,7.44,26.64,1.01,12.83,0.49,35.21,2.17,24.57,8.15,24.05,16.22,24.57,285.73,26.27,16.22,3.74,10020,16224,37040,4807,1061,1430,844,1.9,444,0.8181948342019357,7.781318082788672,38.40456989247312,51.43,COST
2/29/2020,8.52,31.514084507042256,357.26,38.49,9.43,23.7,1.04,11.85,0.52,31.78,1.87,23.75,7.98,23.46,17,23.75,268.5,22.7,17,3.78,8715,16999,39072,5016,1266,1655,931,2.1,444,0.7515534904551308,6.9758378799688225,28.472958642629905,48.78,COST
5/31/2020,8.36,35.32057416267943,362.74,38.96,8.89,25.25,1.11,14.24,0.63,34.53,2.01,22.48,7.52,22.35,17.2,22.48,295.28,22.78,17.2,3.71,11774,17203,37266,5017,1179,1561,838,1.89,444,0.8140265755086287,7.579055441478438,33.214848143981996,51.73,COST
8/31/2020,9.02,36.97560975609756,375.76,42.39,13.63,28.12,1.13,15.88,0.64,36.85,1.97,23.16,7.71,23.02,18.71,23.16,333.52,24.84,18.71,4,13305,18705,53383,6982,1929,2434,1389,3.13,444,0.8875878220140515,7.867893371078084,24.469552457813645,55.56,COST
11/30/2020,9.74,38.66016427104723,389.5,34.56,14.45,32.1,0.98,17.2,0.53,44.91,2.93,25.35,8,24.19,15.31,25.35,376.55,32.67,15.31,4.32,14423,15309,43208,5750,1430,1834,1166,2.62,444,0.9667522464698332,10.895543981481481,26.058823529411768,60.22,COST
2/28/2021,9.78,33.43456032719837,402.17,36.44,13.08,26.31,0.99,12.44,0.47,38.79,2.41,25.8,7.81,24.11,16.13,25.8,326.99,26.56,16.13,4.34,9254,16129,44769,5691,1340,1756,951,2.14,444,0.813064127,8.9733809,24.999235474006117,54.92,COST
5/31/2021,10.64,35.19548872180451,420.15,38.39,15.57,27.92,1,13.94,0.5,40.3,2.37,28.17,8.29,26.19,16.97,28.17,374.48,27.98,16.97,4.73,11126,16974,45277,5862,1663,2065,1220,2.75,444,0.8913007259312151,9.754623599895806,24.051380860629415,57.27,COST
8/31/2021,11.27,40.08606921029281,440.95,40.92,12.09,29.51,1,15.29,0.52,41.19,2.28,30.12,8.64,28.03,18.08,30.12,451.77,29.44,18.08,5.01,12175,18078,62675,7942,2275,2834,1670,3.76,444,1.0245379294704615,11.04032258064516,37.36724565756824,59.27,COST
11/30/2021,11.63,46.073086844368014,456.99,42.85,13.09,33.85,1.02,16.91,0.51,45.15,2.38,29.44,8.77,28.29,19,29.44,535.83,33.34,19,5.17,13476,19000,50363,6411,1693,2125,1324,2.98,445,1.172520186,12.50478413068845,40.93430099312452,64.15,COST
2/28/2022,12.41,41.62852538275584,472.93,45.06,13.57,32.57,1.03,16.08,0.51,43.1,2.16,29.79,9.05,29.32,19.98,29.79,516.61,31.55,19.98,5.51,12296,19976,51904,6387,1812,2248,1299,2.92,445,1.092360391601294,11.464935641367067,38.07000736919676,63.08,COST
5/31/2022,12.7,36.58267716535433,489.21,46.3,9.22,33.01,1.04,15.39,0.48,43.34,2.11,29.12,9.02,29.09,20.51,29.12,464.6,31.85,20.51,5.65,11831,20513,52596,6241,1791,2229,1353,3.04,445,0.9496944052656324,10.034557235421168,50.39045553145336,63.85,COST
8/31/2022,13.14,39.66210046,510.25,46.64,7.87,32.7,1.02,14.79,0.46,43.52,2.11,29.17,9.16,29.28,20.65,29.17,521.16,32,20.65,5.84,11049,20647,72091,8533,2497,3091,1868,4.2,445,1.0213816756491916,11.17409948542024,66.22109275730622,64.17,COST
11/30/2022,13.23,40.759637188208615,519.43,,,34.15,1.03,15.58,0.47,44.55,2.07,28.49,9.15,28.88,,,539.25,33.07,21.48,5.88,,,,,,,,,,1.0381572107887493,,,66.03,COST
3/31/2009,,,,20.43,,22.48,1.5,16.72,1.12,31.74,0.69,,,,,,,14.99,46.23,,,,,,,,,,,,,,,NVS
6/30/2009,,,,22.29,,27.17,1.77,21.04,1.37,33.79,0.67,,,,,,,15.36,50.49,,11815,50488,10742,7918,2364,2914,2035,0.89,2280,,,,,NVS
9/30/2009,,,,23.47,,30.44,1.7,24.13,1.35,37.37,0.7,,,,,,,17.9,53.31,,14166,53313,11290,8187,2634,3248,2098,0.92,2285,,,,,NVS
12/31/2009,3.69,8.322493225,19.77,25.26,4.55,33.69,1.73,27.86,1.43,38.04,0.66,16.19,9.64,16.56,35.09,27.51,30.71,19.47,57.46,8.4,17449,57462,13145,9478,2637,2637,2305,1.02,2277,1.5533636823469905,1.2157561361836895,6.749450549,95.51,NVS
3/31/2010,4.11,7.698296836982968,20.82,24.13,5.16,35.8,2.05,30.14,1.73,40.58,0.74,17.32,10.23,17.38,33.65,28.93,31.64,17.43,55.22,9.37,19898,55216,12356,9260,3511,4272,2933,1.28,2290,1.5196926032660902,1.3112308329879818,6.131782945736434,95.8,NVS
6/30/2010,4.28,6.602803738317757,21.3,24.4,5.37,38.67,2.17,33.13,1.86,41.11,0.74,17.59,10.3,17.67,34.28,29.12,28.26,17.83,55.82,9.75,22998,55816,11921,8715,2961,3626,2417,1.05,2297,1.3267605633802817,1.1581967213114754,5.262569832402235,96.92,NVS
9/30/2010,4.35,7.7540229885057474,21.93,28.92,5.43,27.72,1,20.96,0.76,58.41,0.88,16.92,9.62,16.45,1.04,38.17,33.73,27.66,66.22,9.93,7994,66218,12820,9158,2587,3824,2275,0.99,2300,1.5380756953944368,1.166320885200553,6.211786372007366,124.63,NVS
12/31/2010,4.28,8.056074766355138,22.44,30.47,5.4,26.69,1.08,20.59,0.84,53.55,0.77,15.86,8.89,15.25,4.85,53.08,34.48,24.66,69.77,9.79,8134,69769,14464,9940,2467,3381,2169,0.94,2301,1.5365418894830658,1.1316048572366262,6.385185185185184,123.32,NVS
3/31/2011,4.19,7.9116945107398555,23.22,28.58,4.81,29.1,0.9,22.48,0.7,61.88,0.95,14.98,8.16,14.57,0.01,95.89,33.15,32.22,65.34,9.63,8764,65340,14222,9764,3408,4613,2770,1.2,2305,1.4276485788113695,1.1599020293911826,6.891891891891892,127.22,NVS
6/30/2011,4.24,8.790094339622641,24.26,27.65,5.05,26.63,0.9,19.53,0.66,58.82,0.88,14.78,7.92,14.48,1.98,503.32,37.27,29.54,67.09,9.92,5604,67093,15123,10504,3322,4705,2704,1.11,2426,1.5362737015663643,1.3479204339963835,7.380198019801981,125.92,NVS
9/30/2011,4.26,7.985915492957748,24.83,27.35,5.28,25.56,0.99,18.96,0.73,55.24,0.84,15.07,8.12,14.96,2.67,424.98,34.02,25.83,66.14,10.11,5570,66141,15034,10246,2951,4379,2464,1.01,2450,1.370116794200564,1.243875685557587,6.443181818181818,121.38,NVS
12/31/2011,3.8,9.176315789473684,24.76,27.4,5.06,24.08,1.04,18.15,0.78,51.56,0.78,13.52,7.27,13.45,4.03,411.27,34.87,23.15,65.94,8.94,5075,65940,14996,9878,1099,3063,1002,0.38,2413,1.408319870759289,1.2726277372262773,6.891304347826087,117.5,NVS
3/31/2012,3.55,9.946478873239437,24.3,26.09,5.25,25.79,0.94,19.33,0.71,56.21,0.89,12.83,6.95,12.72,1.49,330.79,35.31,27.36,63.2,8.42,5388,63201,13913,9429,2736,3880,2247,0.92,2435,1.4530864197530864,1.3533921042545036,6.725714285714286,119.41,NVS
6/30/2012,3.55,10.033802816901408,24.02,26.57,4.84,26.12,1.05,19.7,0.79,54.25,0.84,12.89,7.01,12.57,3.68,281.75,35.62,24.92,64.24,8.36,6106,64241,14541,9931,3108,4302,2648,1.09,2441,1.4829308909242298,1.340609710199473,7.359504132231405,118.49,NVS
9/30/2012,3.55,10.9943662,23.63,27.78,4.8,26.15,1.2,19.3,0.88,54.01,0.8,12.72,6.95,12.44,5.28,228.95,39.03,21.86,67.21,8.29,5801,67205,14039,9464,2948,4180,2390,0.98,2445,1.6517139229792637,1.4049676025917925,8.131250000000001,121.22,NVS
12/31/2012,3.9,10.341025641025642,21.29,28.61,4.83,28,1.16,21.26,0.88,54.93,0.79,14.05,7.67,14.33,7.84,202.71,40.33,24.05,69.26,9.27,8119,69263,9478,7281,2715,2715,1985,0.8,2445,1.8943165805542508,1.4096469765816149,8.349896480331262,124.19,NVS
3/31/2013,3.92,12.017857142857142,21.32,27.33,4.49,26.8,1.02,19.77,0.75,53.86,0.8,14.07,7.77,14.46,6.66,160.62,47.11,26.37,67.15,9.42,6035,67148,14206,9600,2896,4090,2398,0.97,2473,2.2096622889305815,1.7237467983900476,10.492204899777283,121.01,NVS
6/30/2013,3.84,12.177083333333334,20.7,28.45,4.32,26.85,1.1,19.58,0.8,51.44,0.74,13.6,7.62,14.22,9.65,126.25,46.76,24.39,69.63,9.29,5250,69628,13280,9193,3033,3993,2516,1.01,2490,2.258937198067633,1.643585237258348,10.824074074074073,121.07,NVS
9/30/2013,3.73,13.60053619302949,20.16,29.64,4.33,28.77,1.12,21.25,0.82,52.42,0.73,13.13,7.44,13.73,12.47,99.75,50.73,25.81,72.18,9.13,7339,72179,12906,8780,2558,3655,2232,0.9,2480,2.5163690476190474,1.7115384615384615,11.71593533487298,124.59,NVS
12/31/2013,3.52,15.102272727272727,20.63,30.7,3.58,30.54,1.16,23.28,0.88,51.78,0.7,12.95,7.45,13.35,15.61,82.69,53.16,26.37,74.47,9.18,9222,74472,12324,8564,2496,3707,2029,0.82,2479,2.5768298594280172,1.7315960912052117,14.849162011173183,126.25,NVS
3/31/2014,3.68,15.790760869565217,20.55,28.74,3.14,29.69,1.2,21.83,0.88,55,0.78,13.56,7.82,12.99,11.84,78.45,58.11,24.76,70.34,9.72,7721,70336,13031,8901,2815,3933,2941,1.19,2479,2.8277372262773723,2.0219206680584554,18.50636942675159,125.33,NVS
6/30/2014,3.81,16.238845144356954,20.99,29.07,3.01,34.97,1.27,28.09,1.02,55.25,0.78,13.57,7.78,13.08,15.55,70.38,61.87,27.56,70.52,9.76,7335,70517,13949,9571,3184,4359,2555,1.03,2471,2.947594092424964,2.1283109735122117,20.55481727574751,125.77,NVS
9/30/2014,4.35,14.788505747126438,21.28,29.53,4.25,36.79,1.38,30.28,1.14,53.95,0.76,14.99,8.55,13.27,17.48,71.1,64.33,26.62,71.42,10.75,10427,71424,13300,8879,2739,3906,3223,1.31,2460,3.0230263157894735,2.1784625804266846,15.136470588235294,125.38,NVS
12/31/2014,4.14,15.297101449275363,21.81,29.54,4.67,37.56,1.39,31.47,1.17,54.54,0.77,14.42,8.14,13.14,17.7,65.28,63.33,26.97,70.84,10.21,13862,70844,13354,8938,2351,2351,1491,0.6,2426,2.9037138927097663,2.1438727149627623,13.56102784,125.39,NVS
3/31/2015,8.27,8.378476420798066,21.55,31.58,4.91,25.71,0.89,19.44,0.67,58.49,0.77,28.04,15.86,12.88,9.11,135.52,69.29,29.05,76.44,20.27,7363,76444,12202,8222,2785,4067,13005,5.32,2446,3.2153132250580048,2.1941101963267893,14.112016293279023,134.94,NVS
6/30/2015,7.99,8.648310388,21.16,,4.57,24.75,0.84,18.13,0.62,56.58,0.72,26.29,15.01,11.54,11.6,139.93,69.1,29.39,78.83,19.56,5875,78832,12896,8409,2281,3790,1836,0.75,2451,3.2655954631379958,,15.120350109409188,135.41,NVS
9/30/2015,3.67,17.599455040871934,21.4,32.05,2.87,24.05,0.85,17.48,0.62,56.14,0.73,24.06,13.79,10.78,10.77,148.16,64.59,28.16,76.79,18.22,6064,76785,12485,8097,2234,3589,1888,0.77,2438,3.018224299065421,2.015288611544462,22.50522648083624,132.93,NVS
12/31/2015,7.12,8.491573033707866,21.08,32.49,5.78,22.85,0.96,16.62,0.7,54.43,0.71,23.01,13.3,9.78,11.73,164.59,60.46,23.71,77.12,17.78,5447,77122,12804,8255,1677,1677,1054,0.45,2403,2.8681214421252377,1.860880271,10.460207612456747,131.56,NVS
3/31/2016,7.35,7.187755102040817,20.5,,4.77,22.99,0.83,16.36,0.59,60.56,0.84,8.91,5.1,9.49,6.03,67.65,52.83,27.82,71.89,6.79,5086,71889,11810,7598,2451,3820,2011,0.84,2398,2.5770731707317074,,11.075471698113208,132.45,NVS
6/30/2016,2.78,21.64748201438849,20.8,,5.29,23.72,0.9,17.05,0.65,58.9,0.81,9.06,5.12,9.37,7.79,74.41,60.18,26.27,72.53,6.76,5740,72532,12679,8228,2093,3559,1804,0.75,2401,2.8932692307692305,,11.376181474480152,131.44,NVS
9/30/2016,2.84,20.278169014084508,20.67,,5.19,25.88,1.05,19.11,0.78,58.94,0.79,9.18,5.14,9.33,10.86,74.79,57.59,24.6,75.07,6.81,7785,75066,12341,7973,2269,3777,1940,0.81,2401,2.7861635220125787,,11.096339113680154,134.01,NVS
12/31/2016,2.8,18.97142857142857,4.84,31.55,4.01,24.93,1.12,18.68,0.84,0,0,12.23,6.75,12.23,,108.76,53.12,22.21,,6.71,7777,,12606,8117,1455,3155,957,-0.8,-1200,10.975206611570247,1.6836767036450078,13.246882793017457,0,NVS
3/31/2017,2.66,21.093984962406015,4.85,28.6,4,25.77,0.98,19.18,0.73,64.34,0.95,11.83,6.41,11.35,4.92,108.04,56.11,26.33,67.65,6.37,8237,67646,11785,7680,1922,1922,1666,0.7,2389,11.569072164948455,1.9618881118881117,14.0275,131.99,NVS
6/30/2017,2.74,23.014598540145986,4.83,29.87,4.24,26.54,1.02,19.64,0.75,63.77,0.91,12.31,6.55,11.45,6.9,115.38,63.06,26.15,69.98,6.54,8437,69978,12494,8236,2280,2280,1980,0.83,2373,13.055900621118013,2.1111483093404755,14.872641509433961,133.75,NVS
9/30/2017,2.81,23.081850533807827,5.07,31.1,4.7,27.47,1.08,20.51,0.81,62.6,0.87,12.73,6.67,11.49,9.82,123.56,64.86,25.38,72.37,6.68,9421,72370,12692,8369,2357,2357,2081,0.88,2359,12.792899408284024,2.085530546623794,13.799999999999999,134.97,NVS
12/31/2017,3.25,19.516923076923078,4.47,31.68,4.63,28.21,1.21,21.34,0.91,58.85,0.79,10.84,5.77,9.17,12.48,90.31,63.43,23.4,74.23,7.7,9485,74227,13164,8675,2070,3538,1976,-1.68,-1186,14.190156599552573,2.002209595959596,13.699784017278619,133.08,NVS
3/31/2018,3.41,18.55718475073314,4.3,30.55,4.87,33.05,1.17,25.82,0.92,64.31,0.9,11.21,6,9.55,4.96,94.41,63.28,28.22,71.21,8.06,6422,71211,11163,7712,2371,2447,2025,0.86,2347,14.716279069767443,2.071358428805237,12.993839835728952,135.52,NVS
6/30/2018,5.89,10.037351443123939,4,33.12,5.03,32.07,1.15,24.97,0.89,65.16,0.85,18.8,10.15,9.54,2.29,187.47,59.12,27.94,76.9,13.85,13146,76901,11653,8095,2431,2484,7768,3.31,2346,14.78,1.7850241545893721,11.753479125248507,142.06,NVS
9/30/2018,5.7,11.83157894736842,3.49,33.77,5.35,34.11,1.2,27.16,0.96,64.98,0.83,17.83,9.68,9.29,5.03,216.33,67.44,28.33,78.02,13.39,14710,78019,11386,7923,2239,2239,1623,0.69,2338,19.32378223495702,1.9970387918270651,12.605607476635514,142.99,NVS
12/31/2018,5.37,12.506517690875231,19.67,34.05,5.6,35.56,1.2,28.61,0.97,66.87,0.85,16.55,8.91,8.49,4.68,297.41,67.16,29.61,78.69,12.61,15964,78692,11897,7859,1362,3053,1195,0.52,2344,3.414336553126588,1.9723935389133627,11.992857142857144,145.56,NVS
3/31/2019,5.27,14.278937381404175,19.81,20.37,5.64,52.45,0.93,46.72,0.83,90.64,1.92,17.59,8.69,8.95,-6.01,824.7,75.25,56.13,47.31,12.35,7112,47307,11455,8204,2242,2242,1766,0.76,2339,3.798586572438163,3.6941580756013743,13.342198581560284,137.95,NVS
6/30/2019,4.87,16.71457905544148,20,22.47,5.6,28.32,0.94,22.23,0.74,64.79,1.26,17.82,8.39,9.94,-2.25,3140.14,81.4,30.11,51.5,11.38,10335,51504,12024,8618,2663,2663,6799,2.91,2333,4.07,3.622607921673343,14.535714285714288,116.29,NVS
9/30/2019,5.07,15.28007889546351,20.56,23.23,5.77,26.68,0.95,20.55,0.73,63.37,1.21,20.52,9.15,10.98,-3.4,-676.14,77.47,28.22,52.6,11.8,8717,52598,12482,8706,2358,3731,2042,0.89,2297,3.7679961089494167,3.3349117520447695,13.426343154246101,115.97,NVS
12/31/2019,5.05,16.714851485148515,20.97,24.53,5.65,29.5,1.04,23.52,0.83,62.82,1.13,22.67,9.6,12.57,0.24,-410.89,84.41,28.26,55.55,11.73,11446,55551,12716,8724,1823,3771,1125,0.5,2319,4.025274201239866,3.441092539747248,14.939823008849556,118.37,NVS
3/31/2020,5.24,14.543893129770991,21.62,22.27,5.67,23.1,0.74,16.7,0.53,72.12,1.42,23.06,10.25,12.99,-15.41,-233.24,76.21,31.29,50.98,12.14,4973,50977,12708,8986,2744,2744,2176,0.95,2292,3.5249768732654942,3.4220925011225862,13.440917107583774,123.1,NVS
6/30/2020,3.14,25.71019108280255,21.51,23.54,5.79,23.88,0.81,16.98,0.58,69.88,1.3,13.54,5.99,12.32,-11.88,-94.69,80.73,29.38,53.89,7.21,6293,53885,11622,8193,2352,2352,1867,0.81,2304,3.7531380753138075,3.4294817332200513,13.94300518134715,123.76,NVS
9/30/2020,3.09,26.01294498381877,19.89,23.99,5.17,28.97,0.91,21.84,0.69,75.12,1.38,13.22,5.74,7.21,-11.86,-73.01,80.38,31.84,54.55,7.1,10870,54554,8785,5032,-1341,254,1935,0.84,2302,4.041226747,3.350562734472697,15.547388781431334,129.68,NVS
12/31/2020,3.52,24.798295454545457,21.71,25.11,5.43,29.67,0.9,22.54,0.68,71.11,1.26,14.94,6.4,12.83,-10.14,-65.5,87.29,33.06,56.67,8.07,11563,56666,16783,12566,6397,7945,2094,0.92,2296,4.020727775218793,3.476304261250498,16.075506445672193,127.78,NVS
3/31/2021,3.48,23.57471264367816,21.77,22.53,5.29,22.2,0.74,15.2,0.5,71.16,1.41,14.75,6.33,12.35,-14.38,-65.93,82.04,30.16,50.59,7.96,4077,50589,12694,8655,2415,2415,2059,0.91,2265,3.768488745980708,3.6413670661340434,15.50850661625709,121.75,NVS
6/30/2021,3.95,22.169620253164553,22.62,24.2,5.38,23.81,0.8,16.7,0.56,69.89,1.29,16.64,7.14,13.72,-10.46,-76.73,87.57,29.63,54.13,8.98,5356,54128,13294,9380,3479,3479,2896,1.28,2258,3.871352785145888,3.618595041322314,16.276951672862452,124.02,NVS
9/30/2021,4.33,18.127020785219397,24.73,25.45,6.19,26.25,0.88,19.37,0.65,64.27,1.13,17.97,7.93,19.51,-6.59,-94.38,78.49,29.88,56.94,9.81,8162,56937,13367,9429,3233,3233,2758,1.22,2254,3.173877881116053,3.0840864440078586,12.680129240710823,121.21,NVS
12/31/2021,10.65,7.882629107981221,23.41,30.32,6.17,45.72,1.51,39.05,1.29,63.97,0.94,41.87,19.26,14.34,4.05,-350.99,83.95,30.21,67.82,24.02,28329,67822,13522,9546,2562,2562,16308,7.22,2260,3.5860743272105937,2.7687994722955147,13.60615883306321,131.8,NVS
3/31/2022,10.74,8.170391061452515,23.53,27.89,5.94,37.24,1.25,30.24,1.01,63.51,1.03,40.21,19.26,14.51,-2.79,-612.95,87.75,29.81,61.7,24.18,18814,61704,12814,8958,2852,2852,2222,0.99,2237,3.729281767955801,3.1462889924704194,14.772727272727272,125.22,NVS
6/30/2022,10.23,8.262952102,23.56,28.86,5.84,38.14,1.38,31.26,1.13,59.9,0.95,36.85,18.34,12.78,0.53,-1915.17,84.53,27.65,63.01,22.98,19758,63006,13085,9334,2228,2228,1694,0.77,2211,3.587860781,2.9289674289674292,14.474315068493151,122.91,NVS
9/30/2022,9.73,7.8119218910585815,23.52,28.31,5.84,36.95,1.31,30.18,1.07,57.57,0.95,34.4,17.49,11.5,0.34,4097.18,76.01,28.16,60.9,21.8,19103,60898,12842,9036,2168,2168,1573,0.72,2180,3.231717687,2.6849169904627344,13.015410958904111,118.46,NVS
1/31/2009,,,,6.29,,38,2.79,36.89,2.71,24.57,0.67,,,,,,,13.6,36.78,,,,,,,,,,,,,,,CSCO
4/30/2009,,,,6.45,,41.34,3.21,40.31,3.14,27.41,0.74,,,,,,,12.86,37.26,,33551,37256,8162,5229,1607,2033,1348,0.23,5818,,,,,CSCO
7/31/2009,0.98,15.959183673469388,5.95,6.69,1.52,44.18,3.24,43.1,3.16,29.45,0.76,,,,,,15.64,13.66,38.68,,35001,38677,8535,5461,1460,1984,1081,0.19,5857,2.6285714285714286,2.3378176382660687,10.289473684210527,,CSCO
10/31/2009,,,,6.96,,44.7,3.4,43.61,3.31,28.65,0.72,14.98,8.71,14.66,25.53,24.08,,13.16,40.03,5.72,35365,40026,9021,5888,2124,2553,1787,0.3,5871,,,,68.68,CSCO
1/31/2010,1,15.97,6.08,7.24,0.38,50.14,3.48,48.92,3.4,34.87,0.84,15.41,8.74,14.86,24.45,25.01,15.97,14.41,41.53,6.07,39638,41532,9815,6332,2370,2883,1853,0.32,5862,2.6266447368421053,2.205801104972376,42.026315789473685,76.4,CSCO
4/30/2010,1.11,17.243243243243242,6.3,7.66,0.15,49.76,2.7,48.51,2.63,35.44,0.81,16.85,9.45,15.66,23.74,28.28,19.14,18.44,43.85,6.91,39106,43852,10368,6630,2345,2818,2192,0.37,5869,3.0380952380952384,2.4986945169712795,127.60000000000001,79.29,CSCO
7/31/2010,1.21,13.545454545454547,6.75,7.83,0.34,51.42,2.67,50.09,2.61,36.85,0.83,18.31,10.17,16.7,24.34,31.68,16.39,19.23,44.29,7.77,39861,44285,10836,6793,2325,2940,1935,0.34,5848,2.428148148148148,2.0932311621966795,48.205882352941174,81.13,CSCO
10/31/2010,1.36,11.941176470588234,7.19,8.01,0.29,50.41,2.78,48.88,2.7,35.32,0.79,18.15,9.99,16.62,24.78,32.52,16.24,18.12,44.7,7.91,38925,44695,10750,6755,2351,2904,1930,0.34,5675,2.2586926286509037,2.027465667915106,56,80.02,CSCO
1/31/2011,1.31,11.47328244274809,7.38,8.26,1.61,52.07,2.81,50.46,2.73,36.3,0.79,16.98,9.4,15.33,26.14,30.62,15.03,18.51,45.69,7.58,40229,45686,10407,6261,1684,2371,1521,0.27,5587,2.0365853658536586,1.8196125907990315,9.335403726708073,81.98,CSCO
4/30/2011,1.27,9.834645669291339,7.57,8.58,1.65,55.2,3.43,53.76,3.34,38.14,0.81,15.82,8.76,14.57,27.62,27.97,12.49,16.11,47.21,7.19,43367,47206,10866,6659,2183,2756,1807,0.33,5537,1.6499339498018493,1.4557109557109558,7.56969697,85.35,CSCO
7/31/2011,1.16,9.853448276,7.73,8.7,1.6,57.23,3.27,55.75,3.18,39.84,0.84,14.04,7.76,12.7,27.9,24.39,11.43,17.51,47.26,6.49,44585,47259,11195,6861,1456,2129,1232,0.23,5563,1.4786545924967658,1.313793103448276,7.14375,87.1,CSCO
10/31/2011,1.15,11.573913043478262,7.92,8.79,1.75,57.27,3.28,55.65,3.19,39.75,0.84,13.53,7.42,12.14,28.02,23.11,13.31,17.46,47.21,6.34,44388,47214,11256,6890,2210,2831,1777,0.33,5407,1.6805555555555556,1.5142207053469854,7.605714285714286,86.96,CSCO
1/31/2012,1.28,11.0625,8.19,9.16,1.86,59.3,3.37,57.71,3.28,39.99,0.81,14.66,8.03,13.42,30.19,24.61,14.16,17.6,49.27,7,46742,49265,11527,7065,2734,3298,2182,0.4,5401,1.728937728937729,1.5458515283842795,7.612903225806451,89.26,CSCO
4/30/2012,1.35,10.799999999999999,8.35,9.54,1.85,61.21,3.58,59.72,3.49,39.78,0.77,15.08,8.3,14.07,32.24,24.86,14.58,17.12,51.38,7.36,48412,51378,11588,7169,2750,3381,2165,0.4,5456,1.746107784431138,1.528301886792453,7.8810810810810805,91.15,CSCO
7/31/2012,1.49,7.7852348993288585,8.5,9.68,1.93,61.93,3.49,60.27,3.4,40.46,0.79,16.15,8.96,15.23,32.34,26.19,11.6,17.73,51.3,8.04,48716,51301,11690,7085,2371,2763,1917,0.36,5404,1.3647058823529412,1.1983471074380165,6.010362694300518,91.76,CSCO
10/31/2012,1.55,8.103225806451613,8.65,9.92,1.96,57.91,3.38,56.2,3.28,39.94,0.76,16.33,9.16,15.58,28.81,27.05,12.56,17.11,52.7,8.36,45000,52701,11876,7239,2651,3266,2092,0.39,5334,1.4520231213872832,1.2661290322580645,6.408163265306123,92.64,CSCO
1/31/2013,1.74,8.724137931034482,8.77,10.43,2.01,60.73,3.38,59.15,3.3,40.85,0.74,17.67,10.02,15.31,30.62,30.05,15.18,17.95,55.53,9.32,46376,55525,12098,7343,2789,3406,3143,0.59,5357,1.7309007981755986,1.4554170661553212,7.552238806,96.38,CSCO
4/30/2013,1.8,8.644444444444444,8.92,10.69,2.05,61.42,2.92,59.95,2.85,40.29,0.71,17.81,10.19,15.47,31.75,31.18,15.56,21.06,56.8,9.63,47388,56798,12216,7511,2942,3561,2478,0.46,5387,1.7443946188340809,1.4555659494855007,7.590243902439025,97.08,CSCO
7/31/2013,1.86,10.306451612903226,9.06,10.97,2.21,65.52,2.98,64.05,2.91,42.06,0.71,17.81,10.31,15.85,33.81,31.95,19.17,22,59.13,9.98,50610,59128,12417,7347,2814,3423,2270,0.42,5380,2.1158940397350996,1.747493163172288,8.674208144796381,101.19,CSCO
10/31/2013,1.84,9.25,9.06,11.01,2.25,62.8,2.89,61.33,2.82,41.83,0.71,17.17,10,15.41,31.27,31.03,17.02,21.73,58.91,9.89,48201,58909,12085,7407,2455,3046,1996,0.37,5430,1.878587196467991,1.5458673932788374,7.564444444444444,100.74,CSCO
1/31/2014,1.52,10.960526315789474,8.9,10.8,2.18,60.69,2.65,59.14,2.58,42.34,0.76,14.16,8.23,14,28.31,26.13,16.66,22.94,56.08,8.17,47065,56084,11155,5951,1667,2279,1429,0.27,5327,1.8719101123595505,1.5425925925925925,7.642201834862385,98.43,CSCO
4/30/2014,1.48,11.966216216216218,8.86,10.91,2.23,64.29,3.47,62.76,3.39,46.06,0.83,13.7,7.83,13.14,28.26,25.9,17.71,18.52,55.8,7.88,50469,55796,11545,7006,2542,3150,2181,0.42,5180,1.9988713318284426,1.6232813932172319,7.941704036,101.86,CSCO
7/31/2014,1.49,13.080536912751677,8.89,11.09,2.14,67.11,3.39,65.52,3.31,48.41,0.85,13.81,7.74,12.74,29.14,26.85,19.49,19.81,56.66,7.85,52074,56661,12357,7405,2681,3309,2247,0.43,5281,2.1923509561304835,1.7574391343552749,9.107476635514017,105.07,CSCO
10/31/2014,1.47,12.952380952380953,9.04,11.1,2.11,66.4,3.31,64.72,3.23,47.26,0.83,13.65,7.51,12.39,29.29,26.73,19.04,20.06,56.72,7.69,52107,56715,12245,7333,2342,2941,1828,0.35,5156,2.106194690265487,1.7153153153153153,9.023696682464456,103.98,CSCO
1/31/2015,1.66,12.44578313253012,9.26,11.3,2.11,67.88,3.39,65.99,3.29,47.19,0.82,15.25,8.32,13.28,30.6,29.51,20.66,20.03,57.73,8.65,53022,57733,11936,7090,2622,3252,2397,0.46,5160,2.2311015118790496,1.8283185840707963,9.791469194312796,104.92,CSCO
4/30/2015,1.71,13.309941520467838,9.39,11.55,2.07,69.33,2.98,67.57,2.91,47.38,0.81,15.5,8.48,13.81,31.81,29.49,22.76,23.25,58.83,8.91,54419,58833,12137,7525,2925,3495,2437,0.47,5148,2.4238551650692224,1.9705627705627706,10.995169082125605,106.21,CSCO
7/31/2015,1.73,13.06936416184971,9.54,11.74,2.21,73.37,3.13,71.74,3.06,53.67,0.9,15.42,8.38,13.88,32.86,28.84,22.61,23.41,59.71,8.98,60416,59707,12843,7733,2881,3524,2319,0.47,5146,2.370020964360587,1.9258943781942077,10.23076923076923,113.37,CSCO
10/31/2015,1.86,12.440860215053764,9.65,11.8,2.27,73.95,3.35,72.46,3.28,51.79,0.86,16.22,8.79,14.59,32.81,29.93,23.14,22.1,59.99,9.58,59107,59985,12682,7832,3079,3586,2430,0.48,5113,2.397927461139896,1.9610169491525422,10.193832599118943,111.77,CSCO
1/31/2016,2.02,9.51980198,9.67,12.05,2.47,75.01,3.29,73.64,3.23,51.76,0.85,17.26,9.31,15.19,33.6,31.53,19.23,22.8,60.88,10.33,60375,60878,11927,7432,3294,3792,3147,0.62,5097,1.9886246122026887,1.5958506224066389,7.7854251012145745,112.64,CSCO
4/30/2016,2.01,11.159203980099504,9.69,12.39,2.5,78.57,3.27,77.23,3.22,56.3,0.9,16.87,8.98,14.74,32.85,31.02,22.43,24,62.36,10.25,63512,62358,12000,7721,2984,3525,2349,0.46,5065,2.3147574819401444,1.810330912025827,8.972,118.65,CSCO
7/31/2016,2.12,11.858490566037736,9.67,12.64,2.45,78.72,3.16,77.5,3.11,58.07,0.91,17.4,9.24,14.94,34.46,32.12,25.14,24.91,63.59,10.74,65756,63585,12638,7975,3303,3907,2813,0.55,5088,2.5997931747673215,1.9889240506329113,10.261224489795918,121.65,CSCO
10/31/2016,2.1,12.128571428571428,9.63,12.62,2.44,83.14,3.58,81.97,3.53,62.87,0.99,16.99,8.87,14.18,34.29,31.45,25.47,23.22,63.41,10.63,70968,63413,12352,7884,2877,3476,2322,0.46,5066,2.644859813084112,2.0182250396196513,10.438524590163935,126.29,CSCO
1/31/2017,1.95,13.189743589743589,9.59,12.75,2.44,83.39,3.67,82.13,3.62,62.43,0.98,15.53,7.98,13.28,34.88,28.82,25.72,22.71,63.82,9.83,71845,63818,11580,7276,2893,3442,2348,0.47,5040,2.681960375391032,2.017254901960784,10.540983606557377,126.25,CSCO
4/30/2017,1.99,14.462311557788945,9.59,13.08,2.5,79.96,3.52,78.6,3.46,60.57,0.93,15.61,8,13.23,33.16,29.24,28.78,22.72,65.38,10,67974,65382,11940,7518,3169,3729,2515,0.5,5045,3.0010427528675705,2.2003058103975537,11.512,125.95,CSCO
7/31/2017,1.91,14.036649214659686,9.51,13.27,2.56,83.7,3.04,82.09,2.98,63.68,0.96,14.85,7.56,12.81,33.83,28.23,26.81,27.58,66.14,9.61,70492,66137,12133,7546,3034,3612,2424,0.47,5049,2.8191377497371186,2.0203466465712134,10.47265625,129.82,CSCO
10/31/2017,1.93,15.212435233160623,9.5,13.24,2.66,84.08,2.87,82.39,2.81,64.97,0.99,14.84,7.56,12.78,32.64,28.79,29.36,29.28,65.55,9.68,71588,65550,12136,7427,2756,3322,2394,0.48,4994,3.090526315789474,2.217522658610272,11.037593984962406,130.52,CSCO
1/31/2018,-0.32,-112.4375,9.61,10.68,2.76,86.05,2.43,84.15,2.38,79.53,1.53,-2.32,-1.12,13.58,19.12,-4.87,35.98,35.36,51.98,-1.45,73683,51982,11887,7498,3073,3619,-8778,-1.78,4924,3.7440166493236213,3.3689138576779025,13.03623188405797,131.51,CSCO
4/30/2018,-0.26,-148.7307692,9.82,9.86,2.61,67.14,2.34,65.24,2.28,67.35,1.44,-2.2,-1,14.64,12.33,-5.18,38.67,28.64,46.66,-1.27,54431,46661,12463,7759,3134,3698,2691,0.56,4844,3.9378818737270875,3.9219066937119678,14.81609195402299,114.01,CSCO
7/31/2018,0.07,531.5714285714286,10.05,9.36,2.64,61.84,2.29,59.99,2.22,65.58,1.52,0.21,0.09,16.45,8.95,0.6,37.21,27.04,43.2,0.11,46548,43204,12844,7922,3346,3862,3803,0.76,4881,3.7024875621890545,3.975427350427351,14.094696969696969,108.78,CSCO
10/31/2018,0.36,112.58333333333334,10.45,9.71,2.83,55.69,2.11,54.11,2.05,61.58,1.4,2.72,1.1,19.77,7.75,10.51,40.53,26.41,43.85,1.27,42593,43848,13072,8146,3805,4270,3549,0.77,4614,3.8784688995215313,4.174047374,14.321554770318022,105.43,CSCO
1/31/2019,2.77,15.245487364620937,10.8,9.22,2.83,53.12,1.8,51.42,1.74,61.67,1.51,29.49,11.95,21.65,5.23,150.27,42.23,29.48,40.79,12.87,40383,40789,12446,7773,3211,3698,2822,0.63,4505,3.9101851851851848,4.580260303687635,14.922261484098938,102.46,CSCO
4/30/2019,2.9,17.341379310344827,11.16,8.53,3.32,47.31,1.7,45.8,1.64,60.48,1.64,32.11,12.77,23.61,0.86,232.1,50.29,27.91,36.8,13.22,34643,36804,12958,8173,3513,3994,3044,0.69,4415,4.506272401433692,5.895662368112545,15.147590361445783,97.29,CSCO
7/31/2019,2.6,19.26923076923077,11.55,7.9,3.36,47.76,1.51,46.37,1.46,64.22,1.91,29.99,11.54,25.9,-2.16,398.15,50.1,31.71,33.57,11.62,33413,33571,13428,8574,3690,4154,2206,0.52,4453,4.337662337662337,6.341772151898734,14.910714285714286,97.79,CSCO
10/31/2019,2.51,17.243027888446218,11.79,8.12,3.38,41.72,1.7,40.37,1.64,58.07,1.69,30.22,11.28,27.12,-1.26,1649.49,43.28,24.6,34.42,11,28035,34423,13159,8464,3579,4040,2926,0.68,4273,3.6709075487701446,5.330049261083745,12.804733727810651,92.49,CSCO
1/31/2020,2.56,16.4765625,11.85,8.38,3.45,40.05,1.81,38.7,1.75,54.89,1.55,31.51,11.7,28.36,0.02,-1738.05,42.18,22.09,35.53,11.05,27062,35533,12005,7764,3380,3837,2878,0.68,4260,3.559493670886076,5.033412887828161,12.226086956521739,90.43,CSCO
4/30/2020,2.52,15.571428571428573,11.74,8.46,3.47,41.31,1.59,40.1,1.55,55.69,1.56,30.98,11.59,28.95,0.51,-1490.02,39.24,25.94,35.71,10.78,28574,35708,11983,7771,3414,3860,2774,0.65,4243,3.3424190800681433,4.638297872340425,11.30835734870317,91.39,CSCO
7/31/2020,2.63,16.714828897338403,11.58,8.95,3.49,43.57,1.72,42.29,1.67,56.93,1.5,31.24,12.15,27.83,2.54,2489.23,43.96,25.33,37.92,11.21,29419,37920,12154,7684,3247,3691,2636,0.63,4254,3.796200345423143,4.911731844,12.595988538681947,94.85,CSCO
10/31/2020,2.46,13.743902439024392,11.31,9.04,3.62,42.99,1.59,41.69,1.54,56.85,1.49,28.41,11.26,25.93,2.04,819.75,33.81,26.99,38.16,10.46,30012,38157,11929,7581,2570,3021,2174,0.51,4244,2.9893899204244034,3.740044247787611,9.339779005524862,95,CSCO
1/31/2021,2.38,17.785714285714285,11.32,9.27,3.4,43.91,1.61,42.48,1.56,56.48,1.44,26.85,10.75,25.79,2.93,505.44,42.33,27.27,39.12,10.13,30588,39121,11960,7784,3223,3659,2545,0.6,4234,3.739399293286219,4.566343042071197,12.45,95.6,CSCO
4/30/2021,2.41,20.203319502074688,11.51,9.54,3.3,37.06,1.53,35.48,1.46,53.69,1.34,26.3,10.77,25.57,-1.2,648.35,48.69,24.26,40.21,10.22,23579,40205,12803,8185,3465,3951,2863,0.68,4238,4.230234578627281,5.103773585,14.754545454545454,93.9,CSCO
7/31/2021,2.5,21.328,11.76,9.79,3.49,39.11,1.49,37.55,1.43,56.22,1.36,26.68,11.09,26.13,-0.51,1301.91,53.32,26.26,41.28,10.59,24518,41275,13126,8344,3575,4064,3009,0.71,4236,4.534013605442177,5.446373850868233,15.277936962750715,97.5,CSCO
10/31/2021,2.69,20.171003717472118,11.98,10.13,3.34,37.59,1.62,35.76,1.54,53.28,1.25,27.92,11.9,27.35,0.55,2587.29,54.26,23.24,42.7,11.4,23346,42701,12900,8053,3438,3971,2980,0.7,4243,4.529215358931553,5.356367226061204,16.24550898203593,95.98,CSCO
1/31/2022,2.8,19.392857142857142,12.18,9.51,3.25,36.8,1.42,34.74,1.34,54.77,1.39,28.9,12.39,27.9,-2.26,-1380.62,54.3,25.92,39.5,11.83,21113,39496,12720,8049,3487,4003,2973,0.71,4205,4.458128078817734,5.709779179810726,16.707692307692305,94.26,CSCO
4/30/2022,2.85,16.87719298245614,12.24,9.74,3.24,35.98,1.49,33.75,1.4,52.4,1.3,29.31,12.62,28.32,-0.86,-1555.18,48.1,24.15,40.4,12.01,20108,40400,12835,8121,3610,4088,3044,0.73,4170,3.9297385620915035,4.938398357289528,14.845679012345679,92.8,CSCO
7/31/2022,2.82,15.943262411347519,12.27,9.68,3.06,36.72,1.43,34.15,1.33,54.23,1.36,29.1,12.53,28.34,-1.1,-1285.31,44.96,25.64,39.77,11.81,19267,39773,13102,8025,3434,3864,2815,0.68,4192,3.6642216788916055,4.644628099173554,14.69281045751634,94,CSCO
10/31/2022,2.77,16.40072202166065,12.54,9.82,3.2,36.14,1.45,33.48,1.35,52.78,1.31,28.77,12.3,29.11,-0.25,-1028.57,45.43,24.9,40.27,11.5,19784,40272,13632,8346,3540,3955,2670,0.65,4116,3.622807018,4.626272912423625,14.196874999999999,93.05,CSCO
3/31/2009,,,,15.69,,4.5,1.82,3.36,1.36,7.67,0.77,,,,,,,2.48,10,,,,,,,,,,,,,,,DHR
6/30/2009,,,,16.58,,4.79,1.91,3.72,1.48,7.72,0.73,,,,,,,2.51,10.6,,1258,10603,2674,1262,344,430,296,0.44,669,,,,,DHR
9/30/2009,,,,17.45,,5.2,1.94,4.13,1.54,7.95,0.71,,,,,,,2.68,11.21,,1636,11211,2751,1321,465,550,351,0.53,673,,,,,DHR
12/31/2009,2,13.51,16.54,18.02,3.78,5.22,1.89,4.23,1.53,7.97,0.69,10.61,6.16,10.48,-0.84,-97.92,27.02,2.76,11.63,1.15,1722,11630,2465,1228,291,370,267,0.4,671,1.633615477629988,1.4994450610432852,7.148148148148149,19.6,DHR
3/31/2010,2,14.365,16.97,18.26,3.65,4.54,1.59,3.35,1.17,8.03,0.68,10.72,6.31,10.72,-1.45,-106.4,28.73,2.86,11.85,1.21,806,11853,3008,1469,422,515,300,0.45,680,1.6929876252209783,1.5733844468784226,7.871232876712329,19.88,DHR
6/30/2010,2.03,13.157635467980297,17.59,18.48,3.66,5.05,1.69,3.81,1.27,8.02,0.67,11.04,6.56,11.67,-1.08,-118.65,26.71,2.99,12.06,1.29,1233,12058,3217,1606,518,615,372,0.55,682,1.518476407,1.4453463203463204,7.297814207650273,20.08,DHR
9/30/2010,2.35,12.438297872340426,17.33,20.14,3.86,5.46,1.77,4.22,1.37,8.33,0.63,13.02,7.82,11.89,-0.38,-169.16,29.23,3.08,13.17,1.59,1635,13172,3093,1612,553,649,646,0.95,683,1.6866705135603002,1.4513406156901687,7.572538860103627,21.5,DHR
12/31/2010,2.64,12.867424242424242,18.39,20.98,2.77,6.07,1.83,4.9,1.48,8.44,0.61,14.09,8.57,13.22,0.07,-252.93,33.97,3.32,13.77,1.79,1633,13773,3232,1718,557,659,474,0.69,683,1.8471995649809678,1.619161105815062,12.263537906137184,22.22,DHR
3/31/2011,1.96,19.07653061,16.81,22.17,2.34,6.13,1.85,4.85,1.46,8.31,0.56,14.3,8.85,13.67,0.25,-678.8,37.39,3.32,14.72,1.92,1594,14724,3292,1749,585,689,429,0.63,688,2.2242712671029152,1.6865133062697337,15.97863247863248,23.04,DHR
6/30/2011,3.13,12.201277955271566,19.21,24.15,0.91,6.56,1.53,4.49,1.05,14.96,0.9,15.1,8.95,12.63,-4.4,-197.48,38.19,4.28,16.56,2.2,552,16556,3636,1918,610,729,649,0.94,695,1.9880270692347735,1.5813664596273291,41.967032967032964,31.51,DHR
9/30/2011,3.32,9.108433734939759,20.75,24.13,1.01,6.32,1.53,4.34,1.05,14.06,0.85,13.47,7.73,12.06,-3.91,-103.94,30.24,4.12,16.56,2.08,484,16562,4446,2183,643,851,523,0.74,710,1.4573493975903613,1.253211769581434,29.94059405940594,30.62,DHR
12/31/2011,3.17,10.706624605678233,22.95,24.68,1.26,6.27,1.5,4.49,1.08,12.98,0.77,13.4,7.55,12.31,-3.34,-76.22,33.94,4.17,16.97,2.17,537,16972,4717,2327,779,983,571,0.8,701,1.478867102396514,1.3752025931928686,26.936507936507933,29.95,DHR
3/31/2012,3.34,12.10179640718563,24.26,25.83,1.23,6.54,1.67,4.65,1.19,12.53,0.7,13.86,7.69,12.24,-2.54,-66.4,40.42,3.91,17.89,2.36,1043,17891,4316,2236,735,937,613,0.86,714,1.6661170651277823,1.5648470770421992,32.861788617886184,30.42,DHR
6/30/2012,3.24,11.608024691358024,25.4,26.41,3.83,6.61,1.64,4.76,1.18,12.8,0.7,13.22,7.55,13.11,-2.74,-73.64,37.61,4.03,18.37,2.31,1118,18368,4554,2356,811,1019,600,0.84,715,1.4807086614173228,1.4240817872018174,9.819843342036553,31.17,DHR
9/30/2012,3.27,12.186544342507645,25.33,27.36,4.22,6.91,1.76,5.03,1.28,12.63,0.67,12.93,7.58,13.43,-2.21,-86.16,39.85,3.94,18.95,2.33,1541,18953,4416,2278,756,966,549,0.77,714,1.5732333201737072,1.4565058479532165,9.443127962,31.59,DHR
12/31/2012,3.36,12.026785714285714,25.58,27.76,4.15,7.59,1.8,5.77,1.37,13.86,0.73,12.88,7.59,13.47,-2.72,-93.71,40.41,4.21,19.08,2.39,1679,19084,4975,2545,863,1083,630,0.89,713,1.5797498045347929,1.4556916426512967,9.737349398,32.94,DHR
3/31/2013,3.48,12.913793103448276,25.81,28.51,4.14,7.91,2.02,6.04,1.54,12.72,0.64,12.98,7.71,13.26,-1.76,-104.87,44.94,3.93,19.75,2.47,2151,19749,4445,2326,731,948,692,0.98,708,1.741185587,1.5762890213960012,10.855072463768117,32.47,DHR
6/30/2013,3.51,13.045584045584047,26.11,29.28,3.96,8.23,1.99,6.32,1.53,12.74,0.63,12.73,7.65,13.23,-1.37,-123.55,45.79,4.13,20.37,2.49,2325,20365,4738,2496,844,1063,617,0.87,710,1.7537342014553812,1.563866120218579,11.563131313131313,33.11,DHR
9/30/2013,3.58,14.01117318435754,26.48,30.65,3.92,8.02,1.88,6.06,1.42,12.35,0.58,12.59,7.67,13.29,-1,-148.2,50.16,4.28,21.37,2.54,1996,21371,4669,2425,812,1038,597,0.84,712,1.8942598187311177,1.636541598694943,12.795918367346939,33.72,DHR
12/31/2013,3.8,14.707894736842107,26.89,32.16,4.27,9.11,2.01,7.33,1.62,12.22,0.54,12.84,8.05,13.19,0.17,-272.36,55.89,4.53,22.45,2.7,3115,22451,5267,2712,888,1077,789,1.11,714,2.0784678319077723,1.7378731343283584,13.088992974238877,34.67,DHR
3/31/2014,3.63,14.977961432506886,27.13,32.92,4.07,9.4,2.19,7.53,1.75,12.01,0.52,11.85,7.57,13.12,0.67,-674.85,54.37,4.3,23.03,2.58,3347,23029,4663,2453,789,1014,580,0.81,715,2.0040545521562847,1.651579586877278,13.358722358722357,35.04,DHR
6/30/2014,3.71,15.401617250673855,27.4,33.95,4.17,9.51,2.16,7.61,1.73,11.86,0.5,11.66,7.6,13,1.02,1234.58,57.14,4.41,23.79,2.64,3321,23789,4964,2620,889,1125,676,0.95,716,2.085401459854015,1.683063328424153,13.70263788968825,35.65,DHR
9/30/2014,3.82,14.455497382198953,27.41,33.88,4.24,9.99,2.23,8.12,1.82,11.73,0.49,11.71,7.74,12.96,1.62,314.15,55.22,4.47,23.81,2.73,4025,23810,4707,2452,866,1071,681,0.95,716,2.0145932141554175,1.6298701298701297,13.023584905660377,35.54,DHR
12/31/2014,3.63,17.179063360881543,27.58,33.3,4.59,9.43,1.75,7.65,1.42,13.54,0.58,11.05,7.26,12.84,0.72,258.41,62.36,5.4,23.45,2.6,3006,23450,5417,2804,887,941,662,0.92,718,2.2610587382160987,1.8726726726726728,13.586056644880175,36.99,DHR
3/31/2015,3.61,17.138504155124654,27.59,33.06,4.62,8.77,1.77,6.88,1.39,12.68,0.54,10.97,7.18,12.71,-0.68,387,61.87,4.95,23.39,2.59,2511,23391,4695,2468,755,991,570,0.79,719,2.2424791591156215,1.8714458560193585,13.39177489177489,36.07,DHR
6/30/2015,3.63,17.209366391184574,27.55,35.37,4.77,9.66,1.91,7.74,1.53,12.82,0.53,11.01,7.17,12.83,0.14,581.39,62.47,5.06,24.17,2.61,3342,24172,4960,2644,934,1171,696,0.97,720,2.267513611615245,1.766186033361606,13.09643605870021,36.99,DHR
9/30/2015,4.69,13.28144989339019,26,33.84,4.82,8.93,1.04,6.59,0.76,26.52,1.14,14.14,8.34,10.61,-13.64,-99.01,62.29,8.63,23.18,3.33,1834,23184,3512,1893,480,616,1403,2.01,699,2.395769230769231,1.8407210401891252,12.92323651452282,49.71,DHR
12/31/2015,4.76,14.285714285714286,20.24,34.6,4.73,7.84,1.27,6.26,1.02,24.46,1.03,14.21,7.86,6.96,-7.8,-61.14,68,6.17,23.76,3.36,791,23764,1267,766,-7,265,689,0.97,709,3.3596837944664033,1.9653179190751444,14.376321353065538,48.22,DHR
3/31/2016,5.06,13.74901185770751,19.34,35.69,5.09,7.75,1.46,5.51,1.04,23.81,0.97,14.82,7.74,6.01,-12.17,-42.39,69.57,5.32,24.58,3.55,664,24577,3924,2167,613,881,758,1.09,697,3.5972078593588415,1.9492855141496217,13.667976424361493,48.39,DHR
6/30/2016,5.03,14.749502982107355,18.51,36.38,5.39,11.23,1.4,8.99,1.12,26.38,1.05,14.51,7.09,4.98,-11.34,-31.21,74.19,8.03,25.12,3.51,4098,25120,4242,2381,710,988,657,0.94,699,4.008103727714748,2.0393073117097305,13.764378478664193,51.5,DHR
9/30/2016,3.58,21.248603351955303,19.38,33.64,5.06,6.49,1.36,4.78,1,18.03,0.78,10.32,5.27,5.74,-8.62,-25,76.07,4.76,23.26,2.5,971,23264,4132,2286,699,976,392,0.56,701,3.9251805985552113,2.261296076099881,15.033596837944664,41.3,DHR
12/31/2016,3.66,20.67213114754098,24.14,33.34,4.2,6.67,0.97,4.96,0.72,22.22,0.96,10.64,5.48,7.96,-12.57,-22.85,75.66,6.87,23.08,2.55,964,23077,4584,2500,713,1019,747,1.06,700,3.1342170671085334,2.2693461307738447,18.014285714285712,45.3,DHR
3/31/2017,3.29,25.310030395136778,24.47,34.28,3.84,6.32,1.05,4.55,0.76,21.45,0.9,9.67,5.02,8.17,-12.04,-20.66,83.27,6,23.79,2.3,804,23791,4206,2334,617,923,506,0.72,706,3.402942378422558,2.429113185530922,21.684895833333332,45.25,DHR
6/30/2017,3.14,26.210191082802545,24.8,35.4,3.48,6.26,1.49,4.47,1.06,21.05,0.86,9.3,4.96,8.13,-11.68,-19.61,82.3,4.2,24.6,2.2,726,24595,4510,2482,677,980,557,0.79,705,3.318548387096774,2.324858757062147,23.649425287356323,45.65,DHR
9/30/2017,3.39,24.716814159292035,25.32,36.49,3.86,6.26,1.43,4.37,1,20.47,0.81,9.84,5.23,7.99,-11.1,-20.11,83.79,4.39,25.38,2.38,649,25381,4528,2537,759,1071,572,0.81,706,3.3092417061611377,2.2962455467251304,21.707253886010363,45.85,DHR
12/31/2017,3.53,25.722379603399435,21.99,37.85,4.16,6.85,1.43,5.01,1.05,20.28,0.77,9.95,5.44,7.23,-10.44,-22.03,90.8,4.79,26.37,2.49,630,26368,2275,1218,519,716,857,1.21,706,4.1291496134606644,2.3989431968295905,21.826923076923077,46.65,DHR
3/31/2018,3.61,26.57617728531856,22.65,38.94,4.57,7.08,1.59,5.13,1.15,19.94,0.73,9.86,5.51,7.37,-9.82,-23.73,95.94,4.44,27.2,2.55,1046,27202,4695,2644,743,1064,567,0.8,710,4.235761589403974,2.4637904468412946,20.993435448577678,47.15,DHR
6/30/2018,3.77,25.68965517241379,23.28,38.91,4.55,6.91,1.5,4.93,1.07,20.83,0.77,10.06,5.69,7.77,-10.88,-25.29,96.85,4.61,27.22,2.67,904,27224,4981,2817,868,1202,674,0.95,710,4.160223367697594,2.489077358005654,21.285714285714285,48.06,DHR
9/30/2018,3.89,27.45758354755784,23.69,39.51,4.3,6.83,1.53,4.8,1.08,20.03,0.72,10.18,5.83,7.85,-10.16,-26.75,106.81,4.47,27.69,2.76,776,27685,4853,2691,831,1152,664,0.93,711,4.508653440270156,2.7033662363958495,24.839534883720933,47.72,DHR
12/31/2018,3.73,27.21715818,24.02,40.24,4.85,7.09,1.47,5.46,1.13,19.61,0.7,9.61,5.56,8.03,-4.64,-29.89,101.52,4.84,28.23,2.65,788,28227,2520,1354,614,815,747,1.06,710,4.226477935054121,2.522862823,20.931958762886598,47.83,DHR
3/31/2019,3.39,38.38938053097345,23.27,44.1,4.66,10.08,2.18,8.05,1.74,20.21,0.64,8.41,4.94,7.8,-5.98,-30.48,130.14,4.63,31.57,2.41,3910,31569,4220,2355,720,1016,327,0.46,719,5.592608508809626,2.9510204081632647,27.927038626609438,51.77,DHR
6/30/2019,3.41,41.36363636363637,22.36,44.91,4.82,11.6,2.32,9.55,1.91,21.11,0.66,8.18,4.88,7.46,-5.29,-37.56,141.05,5.01,32.21,2.45,5434,32213,4445,2484,812,1110,709,0.97,728,6.308139534883722,3.1407258962369187,29.263485477178424,53.32,DHR
9/30/2019,3.37,42.347181008902076,21.53,46.22,4.84,20.35,3.43,18.33,3.09,28.34,0.85,7.77,4.53,6.83,-3.68,-49.68,142.71,5.93,33.2,2.43,14252,33196,4378,2441,776,1072,648,0.89,729,6.628425452856479,3.0876244050194726,29.485537190082646,61.53,DHR
12/31/2019,4.05,37.488888888888894,24.69,43.54,4.59,25.6,5.19,23.97,4.86,31.8,1.05,9.24,5.14,7.07,-2.18,-68.71,151.83,4.93,30.28,2.94,19912,30282,4868,2704,961,1261,1256,1.73,726,6.149453219927096,3.4871382636655954,33.078431372549026,62.08,DHR
3/31/2020,4.4,31.159090909090907,24.95,44.57,4.77,11.14,1.32,8.57,1.01,37.86,1.22,10.06,5.19,6.57,-21.17,-39.48,137.1,8.47,31.07,3.19,4368,31066,4343,2443,698,995,576,0.81,708,5.49498998,3.076060130132376,28.742138364779876,68.93,DHR
6/30/2020,4.67,37.54389722,26.22,51.15,5.15,12.34,2.2,9.75,1.74,35,0.97,10.31,5.11,6.13,-17.4,-30.36,175.33,5.6,36.27,3.37,5539,36273,5297,2852,844,1519,892,1.24,718,6.686880244088483,3.4277614858260024,34.04466019417476,71.27,DHR
9/30/2020,4.94,43.25708502024291,28.34,53.46,6.15,12.54,2.08,10.12,1.68,34.92,0.92,10.52,5.18,6.41,-17.15,-24.63,213.69,6.04,37.97,3.57,5688,37973,5884,3226,1088,1800,842,1.16,724,7.540225829216655,3.9971941638608306,34.74634146341463,72.89,DHR
12/31/2020,4.87,45.303901437371664,31.04,55.95,7.54,13.8,1.87,11.51,1.56,36.38,0.92,9.68,4.85,7.26,-16.93,-19.33,220.63,7.4,39.78,3.51,6035,39777,6760,3954,1601,2149,1200,1.68,719,7.107925257731959,3.9433422698838245,29.26127320954907,76.16,DHR
3/31/2021,6.35,35.23937007874016,34.23,56.7,8.79,14.01,2.05,11.59,1.7,35,0.87,11.9,6.21,9.21,-14.84,-27.71,223.77,6.82,40.43,4.6,6330,40430,6858,4253,1997,2528,1661,2.29,735,6.537248028045575,3.9465608465608466,25.45733788395905,75.43,DHR
6/30/2021,7.51,35.552596537949405,36.67,59.91,9.47,15.39,2.26,12.85,1.88,35.26,0.83,13.54,7.2,10.94,-13.34,-35,267,6.83,42.77,5.45,7322,42766,7218,4397,2005,2530,1744,2.4,736,7.2811562585219525,4.456685027541313,28.194297782470958,78.03,DHR
9/30/2021,7.89,38.416983523447406,38.49,60.83,9.79,10.78,1.49,8.04,1.11,39.04,0.9,13.75,7.33,10.98,-21.15,-34.54,303.11,7.26,43.46,5.72,2552,43461,7229,4359,1309,1880,1117,1.54,727,7.875032475967783,4.982903172776591,30.96118488,82.5,DHR
12/31/2021,8.62,38.02552204176334,40.14,63.18,9.61,11.65,1.43,8.88,1.09,38.01,0.84,14.59,7.86,11.56,-18.85,-36.78,327.78,8.14,45.18,6.27,2586,45177,8148,4943,2154,2754,1747,2.38,737,8.165919283,5.188034188034187,34.10822060353798,83.18,DHR
3/31/2022,8.64,33.85300925925926,41.23,64.75,9.72,12.67,1.68,9.6,1.27,37.03,0.8,14.16,7.69,11.5,-16.45,-36.06,292.49,7.55,46.36,6.29,3717,46362,7688,4705,2172,2737,1684,2.31,738,7.094106233325249,4.5172200772200775,30.09156378600823,83.39,DHR
6/30/2022,8.49,29.804475853945817,41.96,64.07,9.58,13.23,1.75,9.97,1.32,35.21,0.76,13.67,7.5,11.65,-13.58,-35.45,253.04,7.56,46.6,6.21,3984,46601,7751,4721,2205,2757,1658,2.25,736,6.030505243088656,3.949430310597784,26.413361169102295,81.81,DHR
9/30/2022,9.05,28.513812154696133,42.4,64.56,9.5,14.25,1.78,11.01,1.38,34.04,0.72,14.35,8.06,12.77,-11.22,-44.19,258.05,8,46.99,6.64,5150,46993,7663,4584,2015,2555,1551,2.1,737,6.086084905660377,3.9970570012391575,27.163157894736845,81.03,DHR
3/31/2009,,,,11.5,,3.45,1.56,3.35,1.51,15.13,1.19,,,,,,,2.21,12.68,,,,,,,,,,,,,,,MCD
6/30/2009,,,,12.14,,3.6,1.27,3.49,1.23,15.96,1.21,,,,,,,2.84,13.25,,2161,13245,5647,2170,1682,1986,1094,0.98,1111,,,,,MCD
9/30/2009,,,,12.22,,3.6,1.02,3.5,0.99,16.88,1.28,,,,,,,3.54,13.19,,2201,13190,6047,2408,1933,2245,1261,1.15,1098,,,,,MCD
12/31/2009,4.11,10.520681265206813,20.5,13.03,3.43,3.42,1.14,3.31,1.11,16.19,1.15,34.26,15.52,28.72,11.61,41.59,43.24,2.99,14.03,4.55,1796,14034,5973,2353,1826,2144,1217,1.11,1107,2.109268292682927,3.3184957789716045,12.606413994169095,30.23,MCD
3/31/2010,4.24,10.99056603773585,21.13,13.12,3.73,3.47,1.35,3.37,1.31,15.71,1.11,34.16,15.63,29.41,11.65,41.49,46.6,2.57,14.12,4.66,2007,14117,5610,2160,1674,1992,1090,1,1090,2.205395173,3.5518292682926833,12.493297587131368,29.83,MCD
6/30/2010,4.39,10.564920273348521,21.52,12.34,3.63,3.17,1.23,3.07,1.19,15.54,1.18,35.2,16.14,30.18,10.72,42.85,46.38,2.58,13.13,4.79,1666,13132,5946,2396,1845,2157,1226,1.13,1086,2.155204460966543,3.7585089141004864,12.776859504132233,28.68,MCD
9/30/2010,4.53,11.66887417218543,21.88,12.91,3.72,4.18,1.28,4.07,1.25,17.53,1.29,35.84,16.42,30.5,11.12,43.66,52.86,3.27,13.64,4.92,2495,13638,6305,2607,2097,2409,1388,1.29,1075,2.415904936014625,4.094500387296669,14.209677419354838,31.17,MCD
12/31/2010,4.58,11.982532751091703,22.24,13.89,3.89,4.37,1.49,4.26,1.46,17.34,1.19,35.63,16.26,30.15,12.05,43.45,54.88,2.93,14.63,4.95,2387,14634,6214,2474,1857,2191,1242,1.16,1080,2.4676258992805757,3.951043916486681,14.107969151670952,31.98,MCD
3/31/2011,4.73,11.596194503171247,22.89,13.93,3.95,3.82,0.9,3.71,0.87,17.63,1.22,36.27,16.35,30.64,11.78,44.37,54.85,4.25,14.45,5.07,1940,14454,6112,2341,1826,2165,1209,1.15,1055,2.3962429008300568,3.9375448671931084,13.886075949367088,32.08,MCD
6/30/2011,4.95,12.36969696969697,24,14.49,4.17,4.03,1.02,3.91,0.99,17.88,1.2,36.4,16.4,31.21,12.23,44.51,61.23,3.95,14.95,5.25,2070,14953,6905,2726,2189,2539,1410,1.35,1048,2.55125,4.225672878,14.683453237410072,32.83,MCD
9/30/2011,5.11,12.563600782778865,25.02,13.04,4.26,4.42,0.87,4.31,0.85,18.94,1.42,37.42,16.62,32.6,10.7,45.92,64.2,5.08,13.34,5.37,2389,13338,7166,2907,2395,2753,1507,1.45,1041,2.565947242206235,4.9233128834355835,15.07042253521127,32.28,MCD
12/31/2011,5.28,13.996212121212121,25.8,14.09,4.23,4.4,1.26,4.29,1.22,18.6,1.29,38.53,16.91,33.5,11.74,47.39,73.9,3.51,14.39,5.5,2336,14390,6823,2714,2120,2488,1377,1.32,1045,2.864341085271318,5.244854506742371,17.47044917257683,32.99,MCD
3/31/2012,5.36,13.574626865671641,26.36,14.43,4.25,4.26,1.17,4.14,1.14,18.67,1.27,38.79,16.92,33.48,11.94,47.73,72.76,3.65,14.66,5.56,2289,14661,6547,2518,1965,2329,1267,1.23,1030,2.7602427921092567,5.042273042273043,17.12,33.33,MCD
6/30/2012,5.33,12.416510318949344,26.52,13.92,4,4.5,1.24,4.39,1.21,19.3,1.38,38.98,16.67,33.11,11.35,48.09,66.18,3.62,14.04,5.5,2485,14035,6916,2716,2155,2521,1347,1.32,1024,2.4954751131221724,4.754310344827586,16.545,33.33,MCD
9/30/2012,5.31,13.018832391713747,26.68,13.83,3.81,4.21,1.01,4.1,0.99,19.94,1.44,38.24,16.32,31.99,11.14,47.18,69.13,4.15,13.88,5.45,2179,13884,7152,2855,2287,2659,1455,1.43,1015,2.591079460269865,4.998553868402024,18.144356955380577,33.83,MCD
12/31/2012,5.36,12.509328358208954,26.97,15.25,3.84,4.92,1.45,4.8,1.41,20.09,1.31,37.77,16.09,31.57,12.49,46.58,67.05,3.4,15.29,5.47,2336,15294,6952,2728,2198,2584,1396,1.38,1020,2.486095661846496,4.396721311475409,17.4609375,35.39,MCD
3/31/2013,5.39,14.172541743970317,27.15,15.19,3.87,4.19,1.39,4.09,1.35,18.9,1.24,37.43,16,31.14,12.44,46.12,76.39,3.02,15.23,5.47,1869,15228,6605,2484,1950,2341,1270,1.26,1011,2.8136279926335175,5.028966425,19.739018087855296,34.12,MCD
6/30/2013,5.45,14.029357798165137,27.42,15.18,4.01,4.63,1.65,4.52,1.61,19.28,1.27,37.05,16.02,30.8,12.39,45.55,76.46,2.81,15.17,5.52,2278,15171,7084,2765,2198,2589,1397,1.38,1009,2.7884755652808164,5.036890645586298,19.06733167082294,34.45,MCD
9/30/2013,5.54,13.521660649819493,27.66,15.24,4.14,4.73,1.24,4.62,1.21,20.39,1.34,36.71,16.01,30.71,12.31,45.01,74.91,3.82,15.17,5.59,2544,15165,7323,2911,2417,2811,1522,1.52,1004,2.7082429501084597,4.915354330708661,18.094202898550726,35.55,MCD
12/31/2013,5.14,14.821011673151753,27.54,16.16,6.54,5.05,1.59,4.93,1.55,20.62,1.29,36.29,15.87,30.39,13.14,44.44,76.18,3.17,16.01,5.59,2799,16010,7093,2743,2200,2609,1397,1.39,1006,2.766158315177923,4.714108910891089,11.648318042813457,36.63,MCD
3/31/2014,4.97,15.61770623742455,27.24,16.34,6.98,4.84,1.56,4.73,1.53,20.22,1.25,35.34,15.44,29.84,13.26,43.22,77.62,3.1,16.15,5.52,2744,16148,6700,2516,1936,2346,1205,1.21,996,2.849486049926579,4.750305998,11.120343839541547,36.37,MCD
6/30/2014,4.85,16.577319587628867,27.18,16.45,6.52,5.91,1.74,5.8,1.71,21.63,1.34,34.73,15.06,29.19,13.25,42.43,80.4,3.39,16.16,5.51,3671,16155,7182,2784,2189,2602,1387,1.4,993,2.9580573951434883,4.887537993920973,12.331288343558285,37.78,MCD
9/30/2014,5.1,14.964705882352941,28.11,14,6.38,5.21,1.25,5.11,1.22,22.4,1.64,32.66,13.78,28.16,10.82,40.09,76.32,4.18,13.63,5.06,3233,13626,6987,2681,2073,2486,1068,1.09,984,2.7150480256136604,5.451428571428571,11.962382445141065,36.02,MCD
12/31/2014,4.83,15.753623188405797,27.72,13.35,4.29,4.19,1.52,4.08,1.48,21.37,1.66,32.38,13.18,27.19,10.12,40.12,76.09,2.75,12.85,4.76,2078,12853,6572,2474,1752,2159,1098,1.12,986,2.7449494949494953,5.699625468164794,17.736596736596738,34.23,MCD
3/31/2015,5,15.962,27.02,11.9,4.67,3.59,1.31,3.49,1.27,20.75,1.82,32.31,12.45,26.27,8.81,40.61,79.81,2.75,11.4,4.37,1635,11403,5959,2201,1386,1772,812,0.84,966,2.953737971872687,6.706722689,17.089935760171308,32.16,MCD
6/30/2015,4.88,16.096311475409834,27.78,11.21,1.17,5.97,2.16,5.87,2.13,24.39,2.31,34.51,12.17,25.65,7.93,44.38,78.55,2.76,10.56,4.18,3999,10561,6498,2490,1849,2242,1202,1.26,958,2.8275737940964722,7.0071364852809985,67.13675213675214,34.95,MCD
9/30/2015,4.88,16.829918032786885,27.63,9.05,1.96,4.49,1.52,4.39,1.49,24.65,2.97,41,13.17,25.93,5.73,54.26,82.13,2.96,8.31,4.42,2453,8310,6615,2591,2030,2418,1309,1.4,935,2.972493666304741,9.075138122,41.90306122,32.96,MCD
12/31/2015,5.1,19.458823529411767,27.24,7.82,1.76,9.64,3.27,9.54,3.23,30.85,4.35,48.49,13.13,25.59,4.57,66.99,99.24,2.95,7.09,4.53,7686,7088,6341,2507,1880,2270,1206,1.3,945,3.643171806167401,12.690537084398976,56.38636363636363,37.94,MCD
3/31/2016,5.2,20.457692307692305,27.16,4.4,2.46,5.05,1.77,4.96,1.73,29.93,7.75,64.95,13.87,26.64,1.29,99.19,106.38,2.86,3.86,4.84,3310,3863,5904,2314,1780,2164,1125,1.25,896,3.9167893961708393,24.177272727272726,43.24390243902439,33.8,MCD
6/30/2016,5.19,19.770712909441233,27.57,0.75,5.34,5.05,1.89,4.96,1.86,32.51,50.79,95.13,13.73,27.11,-1.86,194.49,102.61,2.67,0.64,4.73,3128,640,6265,2586,1858,2241,1093,1.25,871,3.721799056945956,136.81333333333333,19.215355805243448,33.15,MCD
9/30/2016,5.29,18.737240075614366,28.07,-1.96,5.91,4.3,0.96,4.21,0.94,34.11,-21,188.58,13.68,27.97,-4.13,-15281.3,99.12,4.48,-1.62,4.7,2267,-1624,6424,2747,2137,2508,1275,1.5,848,3.5311720698254367,-50.57142857,16.771573604060915,32.49,MCD
12/31/2016,5.42,19.44649446494465,28.36,-2.69,5.02,4.85,1.4,4.79,1.38,33.23,-15.07,2776.89,14.37,30.39,-4.54,-202.94,105.4,3.47,-2.2,4.69,1223,-2204,6029,2558,1969,2348,1193,1.44,861,3.7165021156558535,-39.18215613,20.996015936254985,31.02,MCD
3/31/2017,5.66,19.975265017667844,28.65,-2.49,4.93,5.91,1.83,5.85,1.82,34.15,-16.82,-366.05,14.83,32.1,-4.33,-128.57,113.06,3.22,-2.03,4.78,2412,-2031,5676,2429,2034,2359,1215,1.47,825,3.9462478184991276,-45.40562249,22.933062880324545,32.12,MCD
6/30/2017,6.11,22.00163666121113,28.84,-2.47,4.9,5.89,2.15,5.84,2.13,34.79,-17.39,-258.42,15.82,34.03,-4.35,-117.1,134.43,2.74,-2,5.08,2392,-2001,6050,2708,2295,2635,1395,1.7,819,4.661234397,-54.42510121,27.43469387755102,32.79,MCD
9/30/2017,6.93,19.961038961038962,28.34,-4.36,4.28,4.79,1.28,4.74,1.27,36.04,-10.36,-234.18,17.7,37.62,-5.85,-119.3,138.33,3.74,-3.48,5.69,2671,-3478,5755,2818,3079,3435,1884,2.32,814,4.881086803105152,-31.72706422,32.320093457943926,32.56,MCD
12/31/2017,6.36,24.034591194968556,27.89,-4.45,4.74,5.33,1.84,5.27,1.82,37.07,-11.34,-192.73,15.82,37.35,-5.65,-102.96,152.86,2.89,-3.27,5.19,2464,-3268,5340,2666,2144,2487,699,0.88,816,5.4808174973108645,-34.3505618,32.24894514767933,33.8,MCD
3/31/2018,6.61,21.145234493192135,27.44,-6.01,4.76,4.91,1.74,4.86,1.72,38.44,-8.15,-159.01,16.11,37.34,-7.12,-93.22,139.77,2.82,-4.72,5.35,2468,-4719,5139,2528,2143,2506,1375,1.72,799,5.093658892,-23.2562396,29.363445378151265,33.72,MCD
6/30/2018,6.81,20.694566813509546,26.86,-7.54,4.7,4.36,1.47,4.31,1.45,38.56,-6.59,-125.99,16.43,37.69,-8.2,-81.34,140.93,2.97,-5.85,5.45,1624,-5851,5354,2740,2262,2627,1496,1.9,787,5.246835443037975,-18.69098143,29.985106382978724,32.71,MCD
9/30/2018,6.59,22.974203338391504,26.67,-8.81,5.36,5.55,1.53,5.51,1.52,40.85,-6.01,-100.95,15.51,35.04,-9.14,-69.18,151.4,3.63,-6.79,5.21,2575,-6793,5369,2822,2418,2793,1637,2.1,780,5.676790401,-17.18501703,28.246268656716417,34.05,MCD
12/31/2018,7.54,21.445623342175065,26.99,-8.16,5.58,4.05,1.36,4,1.35,39.07,-6.24,-100.3,17.77,34.97,-8.59,-71.69,161.7,2.97,-6.26,5.92,866,-6258,5396,2743,1999,2378,1415,1.82,786,5.991107817710263,-19.81617647,28.978494623655912,32.81,MCD
3/31/2019,7.54,23.078249336870027,27.07,-8.58,6.1,4.96,1.47,4.92,1.46,53.02,-8.09,-92.34,16.09,34.71,-8.87,-67.55,174.01,3.38,-6.55,5.88,2289,-6551,5024,2552,2094,2487,1328,1.72,772,6.428149243,-20.28088578,28.52622950819672,46.47,MCD
6/30/2019,7.61,25.151116951379763,27.3,-8.97,6.92,3.92,1.21,3.87,1.2,53.01,-7.79,-89.31,14.79,34.41,-9.39,-65.55,191.4,3.24,-6.81,5.9,1135,-6809,5410,2843,2274,2672,1517,1.97,769,7.010989010989011,-21.33779264,27.658959537572255,46.2,MCD
9/30/2019,7.62,26.108923884514432,27.62,-11.42,6.94,3.61,0.84,3.56,0.83,54.4,-6.33,-83.18,13.7,34.67,-11.14,-61.79,198.95,4.28,-8.6,5.87,1177,-8599,5502,2918,2409,2823,1608,2.11,764,7.203113685734974,-17.42119089,28.667146974063396,45.81,MCD
12/31/2019,7.88,23.385786802030456,27.85,-11,7.69,3.56,0.98,3.51,0.97,55.72,-6.79,-79.88,12.96,35.45,-10.89,-59.82,184.28,3.62,-8.21,6.03,899,-8210,5428,2868,2293,2706,1572,2.08,765,6.616876122082585,-16.75272727,23.963589076723014,47.51,MCD
3/31/2020,7.63,20.339449541284402,27.62,-12.5,7.14,7.56,1.9,7.52,1.89,59.86,-6.44,-70.54,12.21,33.1,-11.92,-53.57,155.19,3.99,-9.29,5.8,5380,-9293,4714,2342,1694,2115,1107,1.47,751,5.618754525706009,-12.4152,21.735294117647058,50.57,MCD
6/30/2020,6.31,27.622820919175915,25.6,-12.72,4.63,6.61,0.91,6.57,0.91,59.4,-6.28,-53.66,9.85,28.26,-12.14,-41.41,174.3,7.25,-9.46,4.77,3256,-9463,3762,1725,961,1387,484,0.65,749,6.80859375,-13.70283019,37.64578833693305,49.94,MCD
9/30/2020,6.55,31.84732824427481,25.63,-11.37,5.71,6.74,1.07,6.69,1.07,59.17,-6.98,-55.6,9.92,28.06,-11.19,-42.71,208.6,6.28,-8.47,4.93,3684,-8472,5418,2905,2526,2967,1763,2.35,750,8.138899727,-18.34652595,36.532399299474605,50.7,MCD
12/31/2020,6.32,32.460443037974684,26.91,-10.5,8.91,6.24,1.01,6.19,1,60.45,-7.73,-53.99,9.28,27.12,-10.6,-41.28,205.15,6.18,-7.83,4.73,3449,-7825,5314,2780,2143,2607,1377,1.84,750,7.6235600148643625,-19.53809524,23.024691358024693,52.63,MCD
3/31/2021,7.72,27.931347150259068,28.71,-9.7,11.98,5.47,1.19,5.42,1.18,58.34,-8.06,-62.57,10.1,29.62,-9.98,-47.02,215.63,4.58,-7.24,5.16,3020,-7236,5125,2668,2281,2735,1537,2.05,751,7.510623476140717,-22.22989691,17.99916528,51.1,MCD
6/30/2021,8.32,26.85576923076923,29.31,-7.78,10.27,5.7,1.45,5.65,1.44,57.7,-9.94,-94.01,13.37,34.82,-8.59,-68.36,223.44,3.94,-5.81,6.9,3049,-5808,5888,3220,2691,3155,2219,2.95,752,7.623336745138178,-28.71979434,21.756572541382667,51.89,MCD
9/30/2021,9.7,24.175257731958766,29.98,-7.6,10.81,6.8,1.33,6.75,1.32,58.4,-10.29,-109.75,13.98,35.75,-8.42,-77.51,234.5,5.1,-5.68,7.28,4306,-5675,6201,3431,2987,3456,2150,2.86,753,7.821881254169446,-30.85526316,21.69287696577243,52.73,MCD
12/31/2021,10.04,26.114541832669325,30.89,-6.18,9.59,7.15,1.78,7.09,1.76,58.46,-12.71,-129.42,14.4,35.5,-7.38,-87.81,262.19,4.02,-4.6,7.55,4709,-4601,6009,3261,2397,2879,1639,2.18,752,8.487860148915507,-42.42556634,27.339937434827945,53.85,MCD
3/31/2022,5.95,40.877310924369745,26.11,-8.1,6.47,4.66,1.1,4.61,1.09,56.87,-9.49,-128.87,13.59,35.49,-8.81,-85.7,243.22,4.24,-5.99,7.11,2336,-5991,5666,3050,2313,2792,1104,1.48,748,9.315204902,-30.02716049,37.59196291,50.88,MCD
6/30/2022,9.59,25.461939520333683,31.77,-8.66,0.21,4.92,1.41,4.88,1.4,55.62,-8.73,-107.45,11.77,32.39,-9.09,-72.18,244.18,3.48,-6.37,6.08,1873,-6370,5718,3302,1712,2174,1188,1.6,742,7.685867170286434,-28.19630485,1162.7619047619048,49.25,MCD
9/30/2022,9.32,24.620171673819744,31.88,-8.97,1.12,5.74,1.65,5.7,1.63,55.07,-8.39,-100.53,11.68,31.81,-9.22,-68.56,229.46,3.49,-6.57,5.91,2828,-6566,5872,3446,2764,3230,1982,2.68,740,7.197616060225847,-25.58082497,204.875,48.5,MCD
3/31/2009,,,,11.64,,18.01,1.53,14.85,1.26,27.45,1.53,,,,,,,11.77,17.98,,,,,,,,,,,,,,,ABT
6/30/2009,,,,12.89,,19.63,1.63,16.11,1.34,27.71,1.39,,,,,,,12.04,19.92,,6888,19920,7495,4366,1671,2209,1288,0.83,1551,,,,,ABT
9/30/2009,,,,13.82,,21.42,1.71,17.99,1.44,28.47,1.33,,,,,,,12.53,21.38,,8695,21375,7761,4401,1640,2180,1480,0.95,1552,,,,,ABT
12/31/2009,3.68,5.557065217391304,19.8,14.95,3.98,23.31,1.79,20.05,1.54,29.39,1.27,27.87,11.76,19.43,3.7,267.47,20.45,13.05,23.19,5.75,9932,23187,8790,5006,1864,2411,1539,0.99,1555,1.0328282828282827,1.3678929765886287,5.138190955,52.58,ABT
3/31/2010,3.4,5.8882352941176475,20.42,13.61,4.51,17.69,1.17,14.28,0.94,32.35,1.54,24.84,10.44,20.35,-4.66,579.54,20.02,15.18,21.01,5.31,1822,21012,7698,4363,1470,2033,1003,0.64,1561,0.9804113614103819,1.4709772226304187,4.439024390243903,53.36,ABT
6/30/2010,3.4,5.250000000000001,21.27,12.95,4.91,19.92,1.36,16.75,1.14,33.39,1.67,24.84,10.16,19.95,-4.49,-839.83,17.85,14.69,20,5.31,4373,19995,8826,5282,1606,2281,1292,0.83,1552,0.839210155,1.3783783783783785,3.6354378818737274,53.38,ABT
9/30/2010,3.02,6.629139072847682,21.85,13.9,4.68,19.45,1.25,16.14,1.04,35.89,1.67,22.06,8.72,18.36,-6.97,-152.11,20.02,15.58,21.48,4.73,3850,21483,8675,4933,1181,1858,891,0.57,1554,0.9162471395881006,1.4402877697841725,4.277777777777778,57.37,ABT
12/31/2010,2.96,6.22972973,22.61,14.72,4.96,22.32,1.29,19.13,1.11,37.81,1.66,21.71,8.24,18.15,-5.32,-86.34,18.44,17.26,22.77,4.63,5451,22765,9968,5923,1830,2540,1441,0.92,1556,0.8155683325961964,1.252717391304348,3.7177419354838714,60.57,ABT
3/31/2011,2.87,6.606271777003484,23.48,15.9,5.18,23.65,1.37,20.25,1.18,36.93,1.49,20.18,7.71,16.96,-4.12,-85.92,18.96,17.23,24.72,4.49,6502,24720,9041,5182,1301,2047,864,0.55,1559,0.8074957410562181,1.1924528301886792,3.6602316602316605,61.65,ABT
6/30/2011,3.27,6.247706422018348,23.93,17.01,5.2,24.13,1.52,20.66,1.3,35.54,1.34,21.54,8.51,16.67,-2.03,-111.53,20.43,15.84,26.47,5.14,8893,26470,9616,5746,1773,2585,1943,1.23,1566,0.8537400752193899,1.201058201058201,3.9288461538461537,62,ABT
9/30/2011,2.89,6.899653979238755,24.61,15.85,5.35,23.09,1.5,19.83,1.29,34.94,1.42,18.45,7.47,14.72,-2.34,-131.96,19.94,15.41,24.69,4.55,7977,24689,9817,5843,595,1433,303,0.19,1568,0.8102397399431126,1.258044164037855,3.727102803738318,59.63,ABT
12/31/2011,2.99,7.364548494983277,24.78,15.62,4.74,23.77,1.54,20.49,1.32,35.75,1.46,18.84,7.77,15.26,-1.17,-196.08,22.02,15.48,24.53,4.73,8097,24526,10377,6539,2082,2731,1619,1.02,1577,0.8886198547215496,1.409731113956466,4.6455696202531644,60.28,ABT
3/31/2012,3.22,7.487577639751552,22.3,16.23,4.82,25.6,1.53,22.05,1.31,36.87,1.44,20.18,8.36,13.15,-0.15,-359.46,24.11,16.79,25.54,5.11,9527,25543,5284,2925,509,1252,1242,0.78,1590,1.0811659192825112,1.485520640788663,5.0020746887966805,62.42,ABT
6/30/2012,3.07,8.293159609120522,19.51,15.66,4.5,26.26,1.53,22.74,1.33,37.29,1.52,19.69,8.01,10.11,0.23,-571.14,25.46,17.12,24.57,4.89,11002,24572,5313,2943,564,1256,1725,1.08,1589,1.3049718093285494,1.6257982120051087,5.657777777777778,61.86,ABT
9/30/2012,4.09,6.645476772616137,16.55,17.15,4.71,27.26,1.67,23.45,1.44,36.15,1.33,25.67,10.54,9.26,2.44,1938.83,27.18,16.29,27.1,6.53,11505,27104,5265,2776,310,1070,1943,1.21,1594,1.6422960725075528,1.5848396501457727,5.770700636942675,63.26,ABT
12/31/2012,3.73,6.986595174262734,11.97,17.01,4.72,31.32,2.36,27.53,2.07,40.42,1.51,22.93,9.36,3.44,2.45,480.21,26.06,13.28,26.81,5.96,15174,26813,3188,1507,-23,564,1053,0.65,1592,2.1771094402673348,1.5320399764844208,5.521186440677966,67.24,ABT
3/31/2013,3.29,8.924012158054712,12.04,14.55,3.73,19.1,1.84,16.39,1.58,20,0.88,20.82,8.96,3.99,7.2,170.94,29.36,10.41,22.68,5.27,8517,22683,5378,2946,615,1036,544,0.34,1586,2.4385382059800667,2.017869416,7.871313672922252,42.69,ABT
6/30/2013,2.51,11.59760956175299,12.15,14.43,2.96,19.83,1.82,17.11,1.57,20.48,0.91,16.22,7.43,4.5,7.43,82.32,29.11,10.92,22.43,4.02,9394,22428,5446,2901,627,1063,476,0.3,1577,2.3958847736625515,2.0173250173250175,9.834459459,42.9,ABT
9/30/2013,1.91,14.55497382198953,11.93,15.38,1.25,19.75,1.74,16.95,1.5,20.35,0.86,12.7,6.17,5.45,8.14,48.21,27.8,11.33,23.79,3.04,8605,23788,4825,2570,473,909,966,0.61,1567,2.330259849119866,1.8075422626788036,22.240000000000002,44.13,ABT
12/31/2013,1.62,19.901234567901234,12.47,16.32,1.38,19.25,2.03,16.55,1.74,17.69,0.7,10.94,5.97,7.91,9.76,31.68,32.24,9.51,25.27,2.58,8098,25267,4008,2047,418,844,590,0.37,1574,2.5854049719326384,1.9754901960784315,23.362318840579714,42.95,ABT
3/31/2014,1.52,21.434210526315788,12.15,15.64,1.32,17.93,1.76,15.16,1.49,18.17,0.77,10.14,5.61,6.94,8.1,28.81,32.58,10.19,23.49,2.41,7047,23489,4755,2481,365,763,375,0.24,1548,2.681481481481481,2.0831202046035804,24.68181818181818,41.66,ABT
6/30/2014,1.52,22.901315789473685,12.03,15.76,1.47,18.26,1.85,15.44,1.57,17.77,0.75,9.96,5.63,7.04,8.53,27.78,34.81,9.85,23.7,2.4,7062,23704,5057,2769,677,1077,466,0.3,1517,2.893599334995844,2.2087563451776653,23.68027210884354,41.48,ABT
9/30/2014,1.27,28.015748031496063,12.29,15.27,1.92,16.46,1.52,13.77,1.27,19.52,0.85,8.25,4.67,8,6.85,23.7,35.58,10.82,22.99,1.97,4877,22993,5079,2760,728,1083,538,0.36,1520,2.8950366151342557,2.330058939096267,18.53125,42.51,ABT
12/31/2014,1.49,25.98657718120805,13.26,14.35,1.7,13.56,1.3,10.91,1.04,19.57,0.9,9.95,5.48,9.83,5.37,31.67,38.72,10.47,21.64,2.28,4460,21639,5356,3019,829,1224,905,0.59,1527,2.9200603318250375,2.698257839721254,22.776470588235295,41.21,ABT
3/31/2015,2.76,14.514492753623191,13.41,14.77,1.5,19.99,2.17,17.36,1.89,21.11,0.96,18.6,9.99,10.65,6.15,62.46,40.06,9.21,21.99,4.2,9849,21988,4897,2816,610,981,2292,1.51,1516,2.987322893363162,2.7122545700744753,26.706666666666667,43.1,ABT
6/30/2015,2.98,14.315436241610737,13.52,15.52,1.55,21.13,2.3,18.4,2,21,0.91,20.14,10.57,10.66,7.45,70,42.66,9.19,23.13,4.52,11177,23126,5170,2952,729,1081,784,0.52,1504,3.155325443786982,2.7487113402061856,27.522580645161288,44.13,ABT
9/30/2015,3,11.71,13.6,14.22,1.47,15.89,1.82,13.26,1.52,20.51,0.97,20.74,10.72,10.56,5.63,74.17,35.13,8.76,21.22,4.56,6139,21219,5150,2908,713,1096,580,0.38,1505,2.583088235294118,2.470464135021097,23.89795918367347,41.73,ABT
12/31/2015,2.92,13.510273972602741,13.53,14.48,1.23,14.16,1.54,11.56,1.26,19.92,0.93,20.18,10.4,10.31,6.13,69.79,39.45,9.19,21.33,4.42,6125,21326,5188,2982,815,1181,767,0.51,1506,2.9157427937915745,2.7244475138121547,32.07317073170732,41.25,ABT
3/31/2016,1.62,22.827160493827158,13.6,14.19,1.16,12.41,1.48,9.62,1.15,18.8,0.9,11.31,5.87,10.1,5.61,39.46,36.98,8.39,20.84,2.45,3957,20842,4885,2745,524,871,316,0.21,1484,2.719117647058823,2.606060606060606,31.879310344827587,39.64,ABT
6/30/2016,1.51,23.15231788,13.76,14.15,1.13,12.99,1.5,10.18,1.17,19.04,0.92,10.82,5.61,10.62,5.73,39.46,34.96,8.67,20.8,2.28,4438,20795,5333,3046,816,1163,615,0.41,1480,2.5406976744186047,2.4706713780918728,30.938053097345136,39.83,ABT
9/30/2016,0.91,41.59340659340659,13.93,14.19,1.22,12.98,1.56,10.37,1.25,18.6,0.89,6.53,3.42,11.34,8.41,21.16,37.85,8.32,20.9,1.37,4507,20896,5302,3017,897,1237,-329,-0.22,1476,2.717157214644652,2.6673713883016212,31.024590163934427,39.5,ABT
12/31/2016,0.93,37.193548387096776,14.08,14.07,1.4,26.78,4.02,24.34,3.66,31.95,1.54,6.73,3.26,9.93,8.5,19.83,34.59,6.66,20.72,1.4,18775,20717,5333,2951,789,1273,798,0.54,1483,2.4566761363636367,2.4584221748400856,24.707142857142863,52.67,ABT
3/31/2017,0.96,41.927083333333336,14.44,18.18,1.8,19.33,2.91,15.33,2.31,39.34,1.25,6.4,2.96,6.01,-9.21,44.78,40.25,6.65,31.55,1.5,8860,31547,6335,3273,-242,924,419,0.24,1735,2.7873961218836567,2.213971397139714,22.36111111111111,70.89,ABT
6/30/2017,0.71,62.436619718309856,14.63,18.3,1.98,19.98,2.94,16.38,2.41,39.36,1.24,4.46,2,4.09,-9,-359.48,44.33,6.8,31.79,1.17,9835,31788,6637,3448,386,1464,283,0.16,1749,3.0300751879699246,2.4224043715846992,22.38888888888889,71.15,ABT
9/30/2017,1.27,38.52755905511811,14.94,18.51,2.36,21.38,2.69,17.89,2.26,40.03,1.24,7.23,3.15,3.28,-8.43,-46.38,48.93,7.94,32.22,2.1,11199,32218,6829,3953,769,1543,603,0.34,1754,3.2751004016064256,2.6434359805510534,20.73305084745763,72.25,ABT
12/31/2017,0.26,202.23076923076923,15.68,17.84,2.54,20.15,2.26,16.55,1.86,45.15,1.45,1.51,0.66,2.78,-14.4,-4.65,52.58,8.91,31.1,0.48,9610,31098,7589,4307,651,1566,-828,-0.47,1749,3.3533163265306123,2.947309417040359,20.700787401574804,76.25,ABT
3/31/2018,0.25,221.88,16.21,18.02,2.83,14.96,1.66,11.14,1.24,39.31,1.24,1.5,0.66,4.35,-13.57,-4.2,55.47,9.01,31.6,0.48,4042,31601,7390,4323,608,1492,418,0.23,1765,3.421961752004935,3.0782463928967814,19.60070671378092,70.91,ABT
6/30/2018,0.5,113.46,16.81,17.54,2.74,14.12,1.58,10.41,1.16,37.64,1.22,2.95,1.29,5.36,-13.02,-7.5,56.73,8.95,30.77,0.93,3264,30774,7767,4485,882,1732,733,0.41,1769,3.3747769185008925,3.234321550741163,20.704379562043794,68.42,ABT
9/30/2018,0.48,142.79166666666669,17.24,17.59,2.78,18.2,1.42,14.42,1.13,40.74,1.32,2.85,1.23,5.92,-12,-6.69,68.54,12.78,30.9,0.89,7550,30898,7656,4490,995,1808,563,0.32,1772,3.975638051044084,3.896532120523025,24.65467625899281,71.64,ABT
12/31/2018,1.33,51.01503759398496,17.29,17.5,2.77,14.63,1.62,10.84,1.2,36.45,1.19,7.64,3.41,7.17,-11.47,-18.92,67.85,9.01,30.72,2.37,4086,30722,7765,4574,1165,1928,654,0.37,1770,3.924233661075766,3.877142857142857,24.494584837545123,67.17,ABT
3/31/2019,1.48,50.90540540540541,17.34,17.65,2.51,14.41,1.58,10.32,1.13,36.48,1.17,8.49,3.82,7.53,-10.55,-22.29,75.34,9.11,31.13,2.62,3261,31129,7535,4375,739,1492,672,0.38,1777,4.344867358708189,4.2685552407932015,30.015936254980083,67.61,ABT
6/30/2019,1.63,48.82822085889571,17.43,18.05,2.31,15.2,1.68,10.84,1.2,36.53,1.15,9.29,4.21,8.16,-9.53,-26.59,79.59,9.06,31.89,2.9,3376,31894,7979,4700,1206,1957,1006,0.56,1781,4.566265060240964,4.409418282548477,34.45454545454545,68.43,ABT
9/30/2019,1.84,43.19565217391305,17.63,18.11,2.15,16.12,1.54,11.73,1.12,36.52,1.14,10.47,4.85,8.59,-8.49,-32.88,79.48,10.49,32.02,3.29,4335,32019,8076,4718,1198,1952,960,0.53,1784,4.508224617129892,4.388735505245721,36.96744186046512,68.54,ABT
12/31/2019,2.06,40.213592233009706,17.91,17.76,2.53,15.67,1.44,11.35,1.05,36.59,1.17,11.67,5.41,9.13,-8.92,-39.34,82.84,10.86,31.3,3.69,4140,31301,8314,4880,1389,2145,1049,0.59,1781,4.625348967,4.664414414414415,32.74308300395257,67.89,ABT
3/31/2020,1.99,37.97989949748744,18.01,17.2,2.51,15.5,1.43,10.93,1.01,36.35,1.2,11.39,5.27,9.3,-8.77,-40.1,75.58,10.81,30.43,3.58,3668,30427,7726,4445,758,1586,564,0.31,1781,4.196557468073292,4.394186046511628,30.11155378486056,66.78,ABT
6/30/2020,1.73,50.820809248554916,17.64,17.39,2.56,17.22,1.57,12.02,1.1,37.98,1.23,9.99,4.57,8.29,-8.07,-36.33,87.92,10.96,30.8,3.11,5037,30798,7328,4065,672,1497,537,0.3,1785,4.984126984126984,5.055779183438758,34.34375,68.78,ABT
9/30/2020,1.89,55.58201058201058,18.06,17.83,2.57,17.39,1.7,12.24,1.19,37.45,1.19,10.9,4.96,8.89,-6.95,-41.37,105.05,10.26,31.6,3.38,4731,31595,8853,4887,1495,2303,1232,0.69,1788,5.816722038,5.8917554683118345,40.87548638132296,69.04,ABT
12/31/2020,2.5,42.416000000000004,19.39,18.63,3.2,20.44,1.72,15.43,1.3,39.55,1.2,14.29,6.49,10.84,-5.53,-61.35,106.04,11.91,33,4.5,7148,33003,10701,6208,2432,3298,2162,1.2,1786,5.468798349664776,5.691894793344069,33.1375,72.55,ABT
3/31/2021,3.19,36.53291536050157,20.89,19.02,4.26,21.82,1.75,16.43,1.32,39,1.15,17.72,8.09,13.3,-3.78,-94.14,116.54,12.46,33.79,5.72,8372,33788,10456,6055,2109,3043,1793,1,1792,5.578745811393011,6.127234490010515,27.35680751173709,72.79,ABT
6/30/2021,3.55,31.87605633802817,22.48,19.19,4.83,22.63,1.79,17.19,1.36,39.24,1.15,19.26,8.87,14.54,-3.14,-131.53,113.16,12.61,34.03,6.38,8944,34029,10223,5276,1392,2266,1189,0.66,1793,5.0338078291814945,5.896821261073475,23.428571428571427,73.27,ABT
9/30/2021,4.03,28.722084367245657,23.64,19.59,5.21,23.49,1.83,18.23,1.42,39.16,1.13,21.39,9.91,16.43,-1.97,-201.05,115.75,12.87,34.64,7.24,9692,34638,10928,6505,2546,3393,2100,1.17,1789,4.896362098138748,5.908626850433895,22.2168906,73.8,ABT
12/31/2021,3.94,35.13451776649747,24.06,20.42,4.83,24.24,1.85,19.08,1.46,39.17,1.09,20.42,9.59,16.18,0.05,-320.21,138.43,13.11,36.02,7.07,10249,36024,11468,6702,2378,3261,1989,1.11,1789,5.753532834580216,6.779138099902057,28.660455486542443,75.2,ABT
3/31/2022,4.31,27.109048723897914,24.92,20.35,4.57,23.43,1.85,17.74,1.4,38.38,1.08,22.02,10.43,17.6,0.23,-639.62,116.84,12.65,35.63,7.73,8158,35629,11895,6908,2912,3735,2447,1.37,1775,4.688603531,5.741523341523341,25.566739606126912,74.01,ABT
6/30/2022,4.79,22.48016701461378,25.6,20.97,4.77,24.96,2.01,19.06,1.54,37.49,1.02,23.93,11.51,19.31,2.38,4987.76,107.68,12.39,36.72,8.55,9290,36716,11257,6324,2376,3198,2018,1.14,1765,4.20625,5.1349546971864575,22.574423480083862,74.2,ABT
9/30/2022,4.43,21.742663656884876,25.39,20.58,4.82,24.85,1.86,19.11,1.43,36.92,1.03,21.88,10.65,17.91,2.75,583.4,96.32,13.37,35.88,7.89,9907,35884,10410,5781,1770,2585,1435,0.81,1764,3.793619535250098,4.680272108843537,19.983402489626553,72.8,ABT
2/28/2009,,,,4.24,,9,3.15,6.53,2.29,4.05,0.49,,,,,,,2.86,8.21,,,,4441,1949,195,676,244,0.13,1952,,,,,NKE
5/31/2009,,,,4.48,,9.73,2.97,7.38,2.25,4.56,0.52,,,,,,,3.28,8.69,,3455,8693,4713,2043,454,582,342,0.18,1963,,,,,NKE
8/31/2009,,,,4.67,,9.61,3.37,7.32,2.57,4.1,0.45,,,,,,,2.85,9.09,,3630,9091,4799,2216,670,751,513,0.26,1966,,,,,NKE
11/30/2009,0.75,18.453333333333333,9.34,4.73,1.28,9.77,3.49,7.59,2.71,4.13,0.45,16.74,11.33,19.46,8.56,18.1,13.84,2.8,9.22,1.47,4010,9224,4405,1960,481,575,375,0.19,1978,1.4817987152034262,2.9260042283298096,10.8125,13.36,NKE
2/28/2010,0.88,16.454545454545453,9.47,4.87,1.34,10.09,3.54,7.94,2.79,4.15,0.44,18.96,12.94,23.65,8.77,20.45,14.48,2.85,9.43,1.73,4039,9429,4733,2218,655,742,497,0.25,1969,1.5290390707497359,2.973305954825462,10.805970149253731,13.58,NKE
5/31/2010,0.97,16.04123711340206,9.64,5.04,1.44,10.96,3.26,8.92,2.65,4.67,0.48,20.34,13.99,25.18,9.1,21.89,15.56,3.36,9.75,1.91,5146,9754,5077,2406,668,802,522,0.26,1976,1.6141078838174274,3.0873015873015874,10.805555555555557,14.42,NKE
8/31/2010,0.99,15.252525252525253,9.85,5.05,1.18,10.53,3.35,8.32,2.65,4.39,0.46,20.52,14.1,25.8,9,22.05,15.1,3.14,9.66,1.95,4688,9660,5175,2434,761,823,559,0.29,1954,1.532994923857868,2.99009901,12.796610169491526,14.05,NKE
11/30/2010,1.04,17.932692307692307,10.1,5.2,1.06,10.92,3.36,8.57,2.64,4.52,0.45,20.98,14.4,26.42,9.29,22.51,18.65,3.25,9.95,2.04,4789,9949,4842,2193,582,695,457,0.24,1950,1.8465346534653464,3.5865384615384612,17.594339622641506,14.46,NKE
2/28/2011,1.06,18.254716981132077,10.32,5.22,0.94,10.79,3.23,8.25,2.47,4.58,0.46,21,14.36,26.57,9.24,22.51,19.35,3.34,9.9,2.06,4465,9902,5079,2327,690,775,523,0.27,1942,1.875,3.7068965517241383,20.585106382978726,14.48,NKE
5/31/2011,1.1,16.745454545454546,10.33,5.26,0.71,11.3,2.85,8.58,2.17,5.16,0.52,21.68,14.71,28,9.15,23.27,18.42,3.96,9.84,2.13,4538,9843,5021,2248,808,906,594,0.31,1943,1.7831558567279768,3.501901140684411,25.94366197183099,15,NKE
8/31/2011,1.16,16.353448275862068,10.89,5.33,0.63,11.04,2.94,7.93,2.11,4.9,0.5,22.42,15.11,28.98,9.16,24.1,18.97,3.76,9.9,2.22,3700,9899,6081,2693,870,981,645,0.34,1897,1.741965105601469,3.5590994371482174,30.11111111111111,14.8,NKE
11/30/2011,1.17,18.05982905982906,11.37,5.36,0.66,10.73,3.01,7.56,2.12,4.72,0.48,22.6,15.17,29.75,9.11,24.35,21.13,3.56,9.84,2.23,3365,9843,5546,2376,645,732,469,0.25,1874,1.8583992963940195,3.942164179104477,32.015151515151516,14.57,NKE
2/29/2012,1.2,19.833333333333336,11.78,5.55,0.66,10.93,3.21,7.58,2.22,4.62,0.45,22.82,15.33,30.44,9.44,24.61,23.8,3.41,10.18,2.27,3197,10176,5656,2485,777,899,560,0.3,1869,2.0203735144312396,4.288288288288289,36.06060606060606,14.79,NKE
5/31/2012,1.18,20.35593220338983,12.41,5.67,0.67,11.85,3.05,8.62,2.22,5.08,0.49,21.95,14.83,29.78,9.88,23.53,24.02,3.88,10.38,2.21,3757,10381,6048,2594,777,853,537,0.29,1879,1.935535858178888,4.236331569664903,35.850746268656714,15.47,NKE
8/31/2012,1.15,18.860869565217392,12.71,5.57,0.92,11.14,2.95,7.73,2.05,5.07,0.5,21.09,14.23,28.7,9.31,22.61,21.69,3.78,10.05,2.13,3267,10047,6474,2828,769,906,567,0.31,1846,1.7065302911093627,3.894075403949731,23.57608695652174,15.11,NKE
11/30/2012,1.11,19.567567567567565,13.01,5.59,1.04,11.44,3.01,8.12,2.14,5.16,0.52,20.17,13.53,29.1,9.51,21.48,21.72,3.8,10.01,2.05,3525,10014,5955,2530,694,823,384,0.21,1826,1.6694850115295925,3.885509838998211,20.884615384615383,15.17,NKE
2/28/2013,1.29,18.968992248062015,13.38,5.97,1.07,11.79,3.37,8.46,2.42,4.95,0.46,22.9,15.34,29.72,10.16,24.23,24.47,3.5,10.67,2.35,4042,10667,6187,2736,873,966,866,0.48,1823,1.8288490284005978,4.098827470686767,22.86915887850467,15.62,NKE
5/31/2013,1.36,20.441176470588236,13.82,6.2,1.34,13.63,3.44,10.15,2.56,6.46,0.58,23.65,15.59,29.72,10.66,24.95,27.8,3.96,11.08,2.47,5965,11081,6697,2940,902,1045,655,0.36,1833,2.0115774240231548,4.483870967741935,20.746268656716417,17.55,NKE
8/31/2013,1.48,19.195945945945947,14.14,6.35,1.31,13.62,3.53,10.15,2.63,6.39,0.57,24.94,16.27,30.95,10.77,26.12,28.41,3.86,11.28,2.68,5578,11282,6971,3132,1074,1226,779,0.43,1821,2.009193776520509,4.474015748031496,21.68702290076336,17.67,NKE
11/30/2013,1.57,22.796178343949045,14.41,6.39,1.07,13.61,3.53,9.91,2.57,6.48,0.57,25.55,16.51,29.77,10.83,26.73,35.79,3.85,11.34,2.83,5187,11344,6431,2826,735,880,534,0.3,1821,2.4836918806384456,5.600938967,33.44859813084112,17.82,NKE
2/28/2014,1.47,24.244897959183675,14.87,6.32,1.2,13.41,3.39,9.59,2.42,6.67,0.6,23.64,14.96,29.36,10.62,24.72,35.64,3.95,11.13,2.65,5029,11133,6972,3103,934,1068,682,0.38,1810,2.3967720242098185,5.639240506329114,29.700000000000003,17.8,NKE
5/31/2014,1.5,23.406666666666666,15.31,6.22,1.18,13.7,2.72,9.75,1.94,7.77,0.72,24.16,14.98,29.8,10.41,25.27,35.11,5.03,10.82,2.69,5142,10824,7425,3385,937,1092,698,0.39,1812,2.2932723709993468,5.644694533762058,29.754237288135595,18.59,NKE
8/31/2014,1.61,22.341614906832294,15.99,6.43,1.21,13.54,2.81,9.51,1.98,7.42,0.67,25.91,15.82,31.28,10.69,27.04,35.97,4.81,11.11,2.88,4579,11105,7982,3721,1241,1396,962,0.55,1772,2.2495309568480297,5.594090202177294,29.727272727272727,18.52,NKE
11/30/2014,1.69,26.90532544378698,16.63,6.77,1.5,14.03,2.84,9.88,2,7.47,0.64,26.78,16.18,32.37,11.29,27.87,45.47,4.94,11.7,3,4713,11700,7380,3327,889,1050,655,0.37,1770,2.7342152736019245,6.716395864106352,30.313333333333333,19.17,NKE
2/28/2015,1.75,25.56,16.99,7.19,2.1,15.21,2.72,10.96,1.96,8.17,0.66,27.01,16.17,32.55,11.96,28.02,44.73,5.59,12.37,3.11,5361,12368,7460,3426,1047,1212,791,0.45,1768,2.6327251324308416,6.221140472878997,21.299999999999997,20.54,NKE
5/31/2015,1.85,25.383783783783784,17.29,7.42,2.1,15.59,2.46,11.25,1.78,8.89,0.7,27.34,16.4,31.92,12.3,28.32,46.96,6.33,12.71,3.27,5924,12707,7779,3593,998,1166,865,0.49,1769,2.7160208212839794,6.328840970350404,22.36190476190476,21.6,NKE
8/31/2015,1.98,26.065656565656564,17.58,7.55,1.96,15.24,2.89,10.82,2.05,7.87,0.61,28.11,17.01,32.24,12.48,29.07,51.61,5.28,12.89,3.49,5408,12894,8414,3995,1418,1583,1179,0.67,1755,2.935722411831627,6.835761589403973,26.331632653061224,20.77,NKE
11/30/2015,2.06,29.733009708737864,17.8,7.85,1.75,16.76,3.04,12.16,2.21,9.18,0.69,28.19,16.94,31.08,12.99,29.12,61.25,5.51,13.41,3.62,6116,13405,7686,3501,941,1098,785,0.45,1751,3.441011235955056,7.802547770700637,35,22.58,NKE
2/29/2016,2.16,26.46759259259259,18.21,7.3,1.21,15.26,3.06,10.67,2.14,8.69,0.71,29.46,17.59,31.12,11.89,30.44,57.17,4.98,12.3,3.78,5106,12300,8032,3689,1123,1300,950,0.55,1737,3.1394838001098297,7.831506849315069,47.247933884297524,20.99,NKE
5/31/2016,2.16,23.791666666666664,18.54,7.29,1.3,15.03,2.8,10.19,1.9,9.12,0.74,29.57,17.55,31.02,11.85,30.56,51.39,5.36,12.26,3.76,5457,12258,8244,3786,1020,1183,846,0.49,1743,2.771844660194175,7.049382716049383,39.53076923076923,21.38,NKE
8/31/2016,2.22,24.23423423423423,19.05,7.29,1.5,14.59,2.72,9.69,1.81,8.99,0.74,30.56,17.79,29.61,11.74,31.61,53.8,5.36,12.17,3.83,4787,12165,9061,4123,1226,1406,1249,0.73,1709,2.824146981627296,7.379972565,35.86666666666667,21.16,NKE
11/30/2016,2.27,20.643171806167402,19.49,7.44,1.81,16.01,3.06,10.98,2.1,10.33,0.84,31.7,18.04,30.6,11.9,32.82,46.86,5.23,12.32,3.89,5943,12323,8180,3616,1111,1289,842,0.5,1693,2.404309903,6.298387096774193,25.889502762430936,22.65,NKE
2/28/2017,2.4,22.370833333333334,19.86,7.7,1.97,16.21,3.07,11.27,2.14,10.43,0.82,32.97,18.47,30.54,12.3,34.13,53.69,5.27,12.72,4.08,6160,12722,8432,3750,1254,1424,1141,0.68,1686,2.703423967774421,6.972727272727273,27.253807106598984,23.15,NKE
5/31/2017,2.51,19.892430278884465,20.26,7.55,1.63,16.06,2.93,11.01,2.01,10.85,0.88,34.18,18.8,30.63,11.99,35.39,49.93,5.47,12.41,4.24,6179,12407,8677,3823,1158,1346,1008,0.6,1692,2.464461994076999,6.613245033112583,30.631901840490798,23.26,NKE
8/31/2017,2.35,21.319148936170212,20.37,7.33,1.51,16.19,2.67,10.98,1.81,11.65,0.97,31.88,17,29.24,11.57,33.01,50.1,6.06,11.99,3.94,5519,11993,9070,3962,1106,1291,950,0.57,1677,2.459499263622975,6.834924965893588,33.17880794701987,23.65,NKE
11/30/2017,2.31,24.813852813852815,20.69,7.24,1.72,16.58,2.46,11.26,1.67,12.3,1.05,31.64,16.43,28.22,11.34,32.77,57.32,6.75,11.76,3.87,6389,11758,8554,3678,910,1101,767,0.46,1661,2.7704204929917835,7.917127071823204,33.32558139534884,24.06,NKE
2/28/2018,1.06,60.18867924528301,21.22,6.04,1.58,15.36,2.66,9.99,1.73,12.77,1.31,15.71,7.72,29.05,9.36,16.31,63.8,5.78,9.78,1.8,4751,9782,8984,3938,1171,1369,-921,-0.57,1624,3.0065975494816213,10.562913907284768,40.379746835443036,22.55,NKE
5/31/2018,1.15,59.608695652173914,21.99,6.13,2.37,15.13,2.51,9.87,1.64,12.72,1.3,17.84,8.33,31.07,9.37,18.57,68.55,6.04,9.81,1.93,5245,9812,9789,4378,1258,1458,1137,0.71,1659,3.117326057298772,11.182707993474715,28.92405063291139,22.54,NKE
8/31/2018,1.25,63.112,22.67,5.66,2.77,15.5,2.31,10.27,1.53,13.49,1.5,20.57,9.06,34.47,8.55,21.49,78.89,6.71,8.99,2.08,4269,8992,9948,4397,1334,1515,1092,0.67,1634,3.479929422143802,13.93816254416961,28.48014440433213,22.48,NKE
11/30/2018,1.31,55.19083969465648,23.3,5.54,2.88,15.57,2.14,10.18,1.4,13.95,1.6,23.1,9.55,36.93,8.29,24.23,72.3,7.28,8.73,2.16,4041,8729,9374,4105,963,1141,847,0.52,1621,3.1030042918454934,13.050541516245486,25.104166666666668,22.68,NKE
2/28/2019,2.56,32.234375,23.74,5.7,3.05,15.8,2.17,10.38,1.43,13.96,1.56,45.78,18.44,38.15,8.52,48.09,82.52,7.28,8.96,4.18,4046,8961,9611,4339,1248,1425,1101,0.68,1610,3.4759898904802022,14.47719298245614,27.055737704918034,22.92,NKE
5/31/2019,2.49,29.979919678714857,24.13,5.77,2.96,16.53,2.1,10.9,1.39,14.68,1.62,45.12,17.56,38.5,8.6,47.44,74.65,7.87,9.04,4.03,4663,9040,10184,4633,1227,1411,989,0.62,1618,3.093659345213428,12.937608318890817,25.219594594594597,23.72,NKE
8/31/2019,2.68,30.589552238805968,24.72,5.9,2.44,16.23,2.01,10.39,1.29,17.05,1.85,47.92,18.02,40.02,8.7,50.46,81.98,8.07,9.2,4.3,3644,9200,10660,4871,1543,1718,1367,0.86,1598,3.316343042071198,13.894915254237288,33.59836065573771,26.25,NKE
11/30/2019,2.86,31.797202797202797,25.41,6,2.09,16.37,1.98,10.17,1.23,17.25,1.85,50.03,18.38,41.57,8.85,52.74,90.94,8.26,9.35,4.57,3502,9351,10326,4544,1220,1407,1115,0.7,1594,3.578905942542306,15.156666666666666,43.51196172248804,26.6,NKE
2/29/2020,2.71,32.169741697416974,25.79,5.82,2.12,15.74,1.9,9.94,1.2,17.18,1.9,47.14,16.8,41.04,8.55,49.78,87.18,8.28,9.05,4.32,3182,9045,10104,4473,1190,1724,847,0.53,1592,3.380379992245057,14.97938144329897,41.12264150943396,26.22,NKE
5/31/2020,1.58,61.01265823,23.46,5.17,0.88,20.56,2.48,13.19,1.59,23.29,2.89,28.49,9.2,22.47,7.56,30.18,96.4,8.28,8.06,2.54,8787,8055,6313,2353,-838,-615,-790,-0.49,1592,4.109121909633418,18.646034816247585,109.54545454545455,31.34,NKE
8/31/2020,1.67,65.65868263473054,23.44,5.89,1.25,21.94,2.55,15.23,1.77,24.03,2.61,30.16,9.16,21.74,8.73,31.94,109.65,8.62,9.22,2.69,9480,9224,10594,4741,1766,1983,1518,0.95,1593,4.677901023890785,18.616298811544993,87.72,33.26,NKE
11/30/2020,1.75,75.42857142857143,23.95,6.76,2.26,23.61,2.66,17.52,1.98,24.2,2.27,30.58,9,21.55,10.15,32.31,132,8.87,10.64,2.83,11812,10640,11243,4847,1580,1827,1251,0.78,1610,5.511482254697286,19.526627218934912,58.407079646017706,34.84,NKE
2/28/2021,2.12,62.556603773584904,24.01,7.56,2.37,24.7,2.78,18.01,2.03,24.25,2.03,34.41,10.11,21.61,11.42,36.23,132.62,8.89,11.93,3.43,12528,11931,10357,4719,1678,1790,1449,0.9,1617,5.5235318617242815,17.542328042328045,55.95780591,36.19,NKE
5/31/2021,3.56,37.79213483146067,27.71,8.09,3.7,26.29,2.72,19.44,2.01,24.97,1.96,51.41,16.13,33.75,12.26,53.84,134.54,9.67,12.77,5.73,13476,12767,12344,5655,1913,2134,1509,0.93,1609,4.855286900036088,16.630407911001235,36.36216216216216,37.74,NKE
8/31/2021,3.77,43.15384615384615,28.62,9.06,3.83,26.39,3.19,19.69,2.38,23.57,1.64,48.98,16.59,33.41,13.83,51.06,162.69,8.27,14.34,6.08,13695,14343,12248,5696,2124,2292,1874,1.16,1620,5.684486373165618,17.956953642384104,42.47780678851175,37.92,NKE
11/30/2021,3.82,43.75130890052356,28.66,9.43,4,27.18,3.07,20.67,2.33,23.99,1.61,45.73,16.37,31.3,14.42,47.52,167.13,8.86,14.92,6.17,15103,14924,11357,5213,1454,1647,1337,0.83,1617,5.831472435450104,17.72322375397667,41.7825,38.92,NKE
2/28/2022,3.79,35.64379947229551,29,9.4,3.34,26.96,3.06,19.26,2.18,23.77,1.61,43.04,15.97,30.14,14.23,44.69,135.09,8.82,14.81,6.12,13467,14809,10871,5067,1629,1812,1396,0.87,1611,4.658275862068965,14.37127659574468,40.44610778443114,38.58,NKE
5/31/2022,3.76,31.34308510638298,28.93,9.73,2.75,28.21,2.63,19.79,1.85,25.04,1.64,40.74,15.53,27.66,14.71,42.28,117.85,10.73,15.28,6.05,12997,15281,12234,5503,1468,1764,1439,0.89,1611,4.0736259937780845,12.11202467,42.85454545454545,40.32,NKE
8/31/2022,3.53,29.977337110481585,29.37,10.12,2.24,28.88,2.65,19.22,1.76,25.27,1.6,37.08,14.2,25.62,15.26,38.49,105.82,10.92,15.82,5.64,11876,15822,12687,5615,1695,1855,1468,0.93,1586,3.6029962546816474,10.456521739130435,47.24107142857142,41.09,NKE
11/30/2022,2.7,40.5037037,30.81,,,27.45,2.69,18.12,1.78,24.38,1.6,36.83,14.12,26.21,,,109.36,10.2,15.27,5.63,,,,,,,,,,3.5494969165855244,,,39.65,NKE
3/31/2009,,,,11.9,,1.41,2.13,1.31,1.98,4.88,2.33,,,,,,,0.66,2.09,,,,,,,,,,,,,,,TMUS
6/30/2009,,,,12.19,,1.39,2.21,1.29,2.06,4.87,2.27,,,,,,,0.63,2.15,,1095,2146,860,363,116,207,26,0.14,179,,,,,TMUS
9/30/2009,,,,12.68,,1.47,2.19,1.38,2.06,4.93,2.21,,,,,,,0.67,2.23,,1181,2234,896,398,158,257,74,0.42,178,,,,,TMUS
12/31/2009,0.98,10.448979591836736,19.54,12.98,0.22,1.49,1.87,1.34,1.69,5.1,2.23,8.08,2.48,9.24,-0.18,-67.49,10.24,0.8,2.29,0.18,1154,2288,930,390,130,236,33,0.18,178,0.5240532241555783,0.7889060092449923,46.54545454545455,7.39,TMUS
3/31/2010,0.86,11.046511627906977,20.56,13.14,0.68,1.54,1.91,1.42,1.77,5.13,2.21,6.94,2.15,8.69,-0.15,-73.41,9.5,0.8,2.32,0.16,1189,2322,971,372,105,213,23,0.12,177,0.46206225680933855,0.7229832572298326,13.970588235294116,7.46,TMUS
6/30/2010,1.16,9.474137931034484,21.44,13.67,0.12,1.49,2.2,1.29,1.91,5.06,2.1,9.07,2.85,9.96,-0.06,-139.07,10.99,0.68,2.42,0.21,1076,2417,1013,469,198,308,80,0.44,178,0.5125932835820896,0.8039502560351134,91.58333333333334,7.48,TMUS
9/30/2010,1.18,11.898305084745763,22.13,14.16,0.57,2.25,3.26,2.12,3.08,5.81,2.32,8.94,2.78,10.37,0.02,-230.27,14.04,0.69,2.51,0.21,1902,2507,1021,451,208,322,77,0.44,178,0.6344328965205603,0.9915254237288135,24.63157894736842,8.32,TMUS
12/31/2010,1.08,15.694444444444443,22.89,14.31,1.35,1.59,1.99,1.43,1.79,5.38,2.12,7.93,2.49,11.43,0.02,-459.17,16.95,0.8,2.54,0.19,1171,2542,1066,460,207,326,14,0.08,178,0.7404980340760157,1.1844863731656183,12.555555555555554,7.92,TMUS
3/31/2011,1.28,17.0234375,24.01,14.72,0.53,2.23,2.47,1.94,2.15,6.02,2.29,8.99,2.81,11.64,0.1,1210.67,21.79,0.9,2.63,0.23,1659,2633,1194,444,145,274,56,0.3,181,0.9075385256143272,1.480298913043478,41.11320754716981,8.65,TMUS
6/30/2011,1.3,17.76923076923077,24.94,15.23,1.37,2.57,3.54,2.43,3.35,6.35,2.31,8.86,2.72,11.21,0.21,270.97,23.1,0.73,2.75,0.23,2156,2750,1209,501,210,345,84,0.46,183,0.9262229350441059,1.5167432698621144,16.861313868613138,9.1,TMUS
9/30/2011,1.24,9.427419355,25.82,15.62,0.18,2.55,3.27,2.4,3.08,6.45,2.28,8.3,2.55,10.49,0.29,145.75,11.69,0.78,2.83,0.22,2141,2825,1205,480,177,316,69,0.38,182,0.45274980635166534,0.7483994878361075,64.94444444444444,9.28,TMUS
12/31/2011,1.66,7.018072289156627,26.65,16.15,12.39,2.74,3.36,2.5,3.07,6.56,2.24,10.78,3.29,10.12,0.39,122.2,11.65,0.82,2.93,0.3,2243,2928,1238,509,215,2711,91,0.5,182,0.4371482176360226,0.7213622291021673,0.940274415,9.48,TMUS
3/31/2012,1.46,8.287671232876713,27.05,16.33,12.64,2.77,3.56,2.52,3.23,6.55,2.22,9.25,2.84,9.23,0.42,81.35,12.1,0.78,2.96,0.27,2216,2958,1277,429,98,251,21,0.12,182,0.44731977818853974,0.7409675443968158,0.9572784810126581,9.51,TMUS
6/30/2012,1.82,4.461538461538461,29.55,17.19,13.49,2.9,3.9,2.64,3.55,6.61,2.12,13.12,4.08,12.27,0.55,94.29,8.12,0.74,3.12,0.39,2349,3116,4883,2960,452,452,207,0.39,535,0.2747884940778341,0.47236765561372884,0.6019273535952557,9.73,TMUS
9/30/2012,2.48,6.334677419354839,32.08,18.31,13.77,3.19,4.06,2.87,3.66,6.75,2.03,-240.7,-76.47,-87.48,0.76,-1399.91,15.71,0.79,3.32,-7.42,2565,3322,4893,2886,-7593,-7593,-7735,-14.45,535,0.48971321695760606,0.8580010922992901,1.140885984023239,10.07,TMUS
12/31/2012,2.16,6.175925925925926,34.44,11.42,1.89,5.54,0.99,5.08,0.91,27.51,4.5,-193.8,-47.77,-59.34,6.04,-387.07,13.34,5.59,6.12,-7.52,394,6115,4909,2782,247,247,-8,-0.01,535,0.38734030197444835,1.1681260945709282,7.058201058201059,33.62,TMUS
3/31/2013,2.14,6.836448598130841,36.17,18.62,1.66,6.77,2.12,6.52,2.04,10.27,3.03,-186.37,-44.29,-55.06,0.83,-363.41,14.63,3.19,3.39,-7.43,6177,3392,4677,2682,379,379,107,0.2,535,0.4044788498755875,0.7857142857142857,8.813253012048193,13.66,TMUS
6/30/2013,1.3,19.084615384615383,36.42,17.02,0.11,7.31,1.36,6.49,1.2,32.38,2.62,-121.52,-29.98,-37.81,9.29,-181.02,24.81,5.4,12.36,-7.65,2362,12359,6228,2965,181,181,-16,-0.02,665,0.6812191103789126,1.4576968272620445,225.54545454545453,44.73,TMUS
9/30/2013,0.21,123.66666666666667,36.48,17.05,-0.25,7.96,1.44,7.2,1.31,33.35,2.69,0.55,0.14,4.57,9.44,0.73,25.97,5.51,12.42,0.05,2365,12415,6688,3229,297,297,-36,-0.05,727,0.7118969298245614,1.5231671554252197,-103.88,45.77,TMUS
12/31/2013,0,206.2142857142857,37.4,17.76,-0.71,12.23,2.11,11.64,2,35.71,2.51,0.33,0.09,3.59,11.36,0.45,33.64,5.81,14.25,0.04,5891,14245,6827,3289,139,139,-20,-0.08,677,0.8994652406417113,1.894144144144144,-47.38028169,49.95,TMUS
3/31/2014,-0.29,-113.8965517,37.22,17.63,-0.63,12.96,2.12,12.28,2.01,36.01,2.54,-1.68,-0.47,1.7,11.35,-2.15,33.03,6.11,14.16,-0.22,5471,14156,6875,3125,-28,-28,-151,-0.19,803,0.8874261149919399,1.8735110606920025,-52.42857143,50.17,TMUS
6/30/2014,0.21,160.0952380952381,36.69,18.04,-0.28,9.9,1.39,9.11,1.28,37.1,2.55,1.33,0.37,3.83,11.84,1.67,33.62,7.13,14.56,0.18,3080,14563,7185,3517,962,962,391,0.48,814,0.916325974,1.8636363636363635,-120.0714286,51.66,TMUS
9/30/2014,0.14,206.2142857142857,36.59,17.99,-0.16,13.3,1.55,12.62,1.47,40.59,2.79,0.88,0.24,3.01,11.89,1.09,28.87,8.61,14.53,0.13,5787,14525,7350,3554,49,49,-94,-0.12,807,0.7890133916370593,1.6047804335742082,-180.4375,55.12,TMUS
12/31/2014,0.29,92.89655172413794,36.5,19.4,-0.21,13.98,1.59,12.9,1.47,40.99,2.62,1.68,0.46,3.71,13.11,2.05,26.94,8.78,15.66,0.25,5315,15663,8154,3959,433,433,101,0.13,816,0.7380821917808219,1.3886597938144332,-128.2857143,56.65,TMUS
3/31/2015,0.39,81.25641025641026,37.55,19.31,-0.59,11.64,1.35,10.41,1.2,40.91,2.61,2.13,0.58,4,13.16,2.57,31.69,8.65,15.65,0.32,3032,15650,7778,3704,117,1204,-77,-0.09,809,0.8439414114513982,1.641118591403418,-53.71186441,56.56,TMUS
6/30/2015,0.33,117.48484848484848,38.68,19.7,-0.65,11.66,1.41,10.52,1.27,41.14,2.56,1.79,0.49,3,13.64,2.14,38.77,8.26,16.05,0.28,2642,16053,8179,4121,597,1672,347,0.42,821,1.002326783867632,1.968020304568528,-59.64615385,57.19,TMUS
9/30/2015,0.6,66.35000000000001,39.12,19.92,-0.06,12.66,1.43,11.42,1.29,42.22,2.6,3.12,0.87,4.11,13.91,3.69,39.81,8.84,16.25,0.5,2633,16252,7849,4486,513,1670,125,0.15,822,1.0176380368098161,1.9984939759036144,-663.5,58.47,TMUS
12/31/2015,0.82,47.70731707317073,39.66,20.23,0.84,14.89,1.56,13.6,1.43,45.86,2.77,4.2,1.16,5.95,14.28,4.93,39.12,9.53,16.56,0.68,7580,16557,8661,5258,1252,2621,283,0.34,823,0.9863842662632375,1.9337617399901135,46.57142857142857,62.41,TMUS
3/31/2016,1.47,26.05442176870748,40.12,20.81,1.09,13.34,1.42,11.9,1.27,45.96,2.69,7.4,2.02,8.18,14.88,8.61,38.3,9.37,17.1,1.22,6572,17104,8664,4869,1168,2720,465,0.56,859,0.9546360917248256,1.8404613166746757,35.13761467889908,63.06,TMUS
6/30/2016,1.3,33.284615384615385,41.35,21.14,1.61,14.28,1.63,12.89,1.47,46.57,2.68,6.44,1.75,8.41,15.23,7.44,43.27,8.75,17.4,1.08,5538,17395,9287,5239,833,2408,211,0.25,830,1.0464328899637243,2.0468306527909177,26.87577639751553,63.97,TMUS
9/30/2016,1.57,29.757961783439487,42.98,21.67,1.8,13.53,1.67,12.49,1.54,46.42,2.6,7.62,2.07,9.24,15.74,8.73,46.72,8.12,17.85,1.31,5352,17853,9305,5330,1048,2616,353,0.42,832,1.087017217310377,2.1559760036917397,25.955555555555556,64.27,TMUS
12/31/2016,1.68,34.232142857142854,44.74,22.07,-2.31,14.22,1.58,13.11,1.45,47.66,2.61,7.96,2.19,8.56,16.18,9.06,57.51,9.02,18.24,1.41,5500,18236,10234,5502,1001,2549,376,0.46,833,1.2854269110415735,2.6057997281377436,-24.8961039,65.89,TMUS
3/31/2017,1.92,33.640625,45.71,22.82,-3.01,15.9,1.04,14.88,0.97,49.09,2.59,8.97,2.48,8.35,16.94,10.14,64.59,15.29,18.96,1.62,7501,18963,9613,5519,1037,2601,684,0.8,869,1.4130387223802232,2.8304119193689745,-21.45847176,68.05,TMUS
6/30/2017,2.34,25.905982905982906,46.26,23.6,-3.77,6.78,0.77,5.57,0.63,47.55,2.42,10.61,2.98,9.48,17.64,11.91,60.62,8.83,19.61,1.98,181,19614,10213,5849,1416,2935,567,0.67,870,1.3104193687851275,2.568644068,-16.0795756,67.16,TMUS
9/30/2017,2.55,24.180392156862744,46.57,24.37,-4.69,7.45,0.92,6.45,0.8,47.65,2.35,11.23,3.22,9.92,18.34,12.53,61.66,8.1,20.28,2.16,739,20277,10019,5808,1323,2739,537,0.63,871,1.3240283444277432,2.530160032827246,-13.14712154,67.92,TMUS
12/31/2017,5.47,11.610603290676417,48.48,26.25,-2.1,8.92,0.77,7.35,0.64,48,2.13,22.02,6.55,9.96,20.66,24.36,63.51,11.52,22.56,4.48,1219,22559,10759,5720,1112,2597,2693,3.1,872,1.3100247524752475,2.4194285714285715,-30.24285714,70.56,TMUS
3/31/2018,5.58,10.939068100358423,48.87,26.82,-2.52,9.61,0.78,8.3,0.67,49.13,2.15,20.95,6.44,10.06,20.68,23.12,61.04,12.36,22.88,4.47,2527,22876,10455,6021,1282,2857,671,0.78,862,1.2490280335584203,2.2759134973900075,-24.22222222,72,TMUS
6/30/2018,5.87,10.178875638841568,49.78,27.61,-2.74,7.09,0.76,6.09,0.66,46.3,1.98,21.02,6.69,9.97,21.23,23.15,59.75,9.28,23.39,4.68,215,23390,10571,6269,1450,3084,782,0.92,852,1.200281237444757,2.164070988772184,-21.80656934,69.69,TMUS
9/30/2018,5.74,12.226480836236934,49.57,28.71,-2.64,7.29,0.85,6.33,0.74,45.83,1.88,21.21,7,10.06,22.23,23.31,70.18,8.57,24.36,4.94,329,24355,10839,6391,1440,3077,795,0.93,854,1.4157756707686102,2.4444444444444446,-26.58333333,70.18,TMUS
12/31/2018,3.38,18.819526627218934,50.56,29.07,-1.91,8.28,0.81,7.2,0.7,47.75,1.93,12.12,4.06,10,22.62,13.32,63.61,10.27,24.72,2.89,1203,24718,11445,6275,1137,2777,640,0.73,858,1.2581091772151898,2.188166494668043,-33.30366492,72.47,TMUS
3/31/2019,3.16,21.867088607594933,47.19,30.64,-2.18,8.75,0.66,7.48,0.56,56.89,2.17,12.67,4.23,10.25,24.11,13.86,69.1,13.33,26.18,3.13,1439,26181,11080,6518,1476,3076,908,1.06,859,1.4642932824751007,2.2552219321148823,-31.69724771,83.07,TMUS
6/30/2019,3.69,20.092140921409214,51.2,31.56,0.48,8.11,0.62,7.12,0.54,57.82,2.14,12.84,4.23,10.29,24.91,13.99,74.14,13.17,26.97,3.28,1105,26967,10979,6669,1541,3126,939,1.09,860,1.448046875,2.349176172370089,154.45833333333334,84.79,TMUS
9/30/2019,3.78,20.83862433862434,51.61,32.46,1.19,8.46,0.66,7.66,0.6,58.34,2.1,12.71,4.11,10.21,25.7,13.8,78.77,12.87,27.77,3.36,1653,27771,11061,6624,1471,3126,870,1.01,863,1.5262546018213523,2.42667899,66.19327731092437,86.11,TMUS
12/31/2019,3.72,21.08064516129032,52.68,33.6,2.16,9.31,0.74,8.34,0.67,58.13,2.02,12.64,4.07,10.23,26.74,13.67,78.42,12.51,28.79,3.47,1528,28789,11878,6666,1234,3010,751,0.86,863,1.488610478359909,2.3339285714285714,36.30555555555556,86.92,TMUS
3/31/2020,4.07,20.614250614250615,52.18,33.65,2.26,9.49,0.64,8.26,0.56,58.25,2.01,12.48,4.07,10.3,26.96,13.46,83.9,14.76,28.98,3.51,1112,28977,11113,6945,1539,3257,951,1.1,866,1.607895745496359,2.493313522,37.12389380530974,87.23,TMUS
6/30/2020,3.07,33.92508143322476,53.7,50.91,-0.6,24.32,1.05,22.77,0.98,124.2,1.97,7.22,2.4,6.66,46.05,8.55,104.15,23.19,63,2.68,11076,62996,17671,10906,820,4884,110,0.09,1237,1.9394785847299814,2.0457670398742884,-173.5833333,187.2,TMUS
9/30/2020,3.06,37.372549019607845,56.3,51.99,-1.21,19.47,0.98,17.53,0.88,127.96,1.98,6.62,2.21,6.49,47.92,8.3,114.36,19.84,64.49,3.07,6571,64487,19272,11591,2565,6715,1253,1,1250,2.0312611012433393,2.1996537795729947,-94.51239669,192.44,TMUS
12/31/2020,2.79,48.33333333333333,60.16,52.62,-2.07,23.89,1.1,21.36,0.98,134.82,2.06,5.53,1.84,5.79,48.93,7.22,134.85,21.7,65.34,3.06,10385,65344,20341,10689,1712,5931,750,0.46,1155,2.2415226063829787,2.562713797035348,-65.14492754,200.16,TMUS
3/31/2021,2.43,51.559670781893004,63.1,53.24,-1.53,18.78,0.96,16.57,0.85,136.96,2.06,4.7,1.56,5.31,50.33,6.31,125.29,19.5,66.38,3.05,6677,66377,19759,11233,2139,6428,933,0.74,1253,1.9855784469096673,2.353305785123967,-81.88888889,203.33,TMUS
6/30/2021,3.12,46.419871794871796,64.72,54.07,0.02,20.57,0.94,18.86,0.86,136.65,2.03,5.94,1.96,6.19,51.72,7.87,144.83,21.84,67.47,3.91,7793,67470,19950,11006,2106,6183,978,0.78,1254,2.237793572311496,2.678564823377104,7241.500000000001,204.12,TMUS
9/30/2021,2.67,47.850187265917604,64.95,54.78,0.79,16.77,0.87,15.01,0.78,133.7,1.95,5.01,1.66,5.39,51.19,6.63,127.76,19.25,68.43,3.35,4055,68427,19624,10941,1584,5729,691,0.55,1254,1.9670515781370286,2.3322380430814165,161.72151898734177,202.13,TMUS
12/31/2021,2.41,48.12448132780083,63.9,55.32,1.27,20.89,0.89,18.32,0.78,137.46,1.99,4.46,1.48,4.88,52.18,5.89,115.98,23.5,69.1,3.02,6631,69102,20785,10333,1063,4935,422,0.34,1255,1.815023474178404,2.096529284164859,91.32283464566929,206.56,TMUS
3/31/2022,2.24,57.29910714285713,64.16,55.83,1.26,17.46,0.82,14.74,0.69,140.68,2.01,4.08,1.36,4.63,53.29,5.38,128.35,21.42,69.98,2.8,3245,69976,20120,10447,1806,5391,713,0.57,1255,2.0004675810473818,2.2989432204907754,101.86507936507935,210.65,TMUS
6/30/2022,1.37,98.20437956204378,63.96,55.85,1.36,17.48,0.85,15.23,0.74,139.43,1.99,2.48,0.83,3.62,53.66,3.27,134.54,20.62,70.03,1.72,3151,70034,19701,10533,709,4200,-108,-0.09,1254,2.1035021888680423,2.408952551477171,98.92647058823528,209.46,TMUS
9/30/2022,1.22,109.97540983606557,63.77,56.12,1.53,21.43,0.81,19.18,0.73,143.35,2.04,2.2,0.73,3.4,54.15,2.88,134.17,26.36,70.15,1.54,6888,70150,19477,10783,1281,4594,508,0.4,1259,2.103967382781872,2.390769779044904,87.69281045751633,213.5,TMUS
2/28/2009,,,,3.09,,7.53,1.38,0,0,8.17,3.43,,,,,,,5.46,2.39,,,,,,,,,,,,,,,ACN
5/31/2009,,,,4.14,,8.63,1.46,0,0,8.88,3.01,,,,,,,5.91,2.95,,4012,2949,5537,1671,732,848,444,0.68,784,,,,,ACN
8/31/2009,,,,4.75,,8.99,1.44,0,0,8.87,2.62,,,,,,,6.24,3.39,,4550,3386,5505,1660,420,547,255,0.39,787,,,,,ACN
11/30/2009,2.37,13.586497890295359,28.67,4.64,3.95,8.93,1.45,0,0,8.87,2.68,51.68,13.28,85.56,2.48,70.71,32.2,6.18,3.31,1.56,4005,3314,5748,1784,746,861,445,0.67,774,1.1231252179979072,6.9396551724137945,8.151898734177216,12.19,ACN
2/28/2010,2.34,13.401709401709402,28.68,4.85,3.52,8.77,1.51,0,0,8.45,2.46,47.18,12.82,77.87,2.63,62.96,31.36,5.81,3.44,1.54,4122,3441,5538,1690,651,769,400,0.6,769,1.093444909344491,6.465979381443299,8.909090909090908,11.89,ACN
5/31/2010,2.39,12.422594142259413,29.41,4.91,3.45,8.84,1.52,0,0,8.46,2.44,46.79,13.19,77.06,2.66,61.67,29.69,5.83,3.46,1.59,4320,3461,5975,1932,804,920,491,0.73,767,1.009520571234274,6.046843177,8.605797101449275,11.92,ACN
8/31/2010,2.66,10.887218045112782,30.02,4.75,3.73,9.56,1.46,0,0,9.56,2.92,52.81,14.59,86.41,2.43,69.9,28.96,6.57,3.28,1.78,4841,3275,5833,1845,714,839,445,0.66,767,0.9646902065289807,6.096842105263158,7.7640750670241285,12.84,ACN
11/30/2010,2.8,12.364285714285714,31.31,4.75,3.53,9.47,1.47,0,0,9.56,2.89,55.49,15.12,117.73,2.42,73.86,34.62,6.45,3.31,1.87,4164,3311,6478,1944,827,947,535,0.81,743,1.1057170233152347,7.288421052631579,9.807365439093484,12.87,ACN
2/28/2011,2.95,13.94915254237288,32.84,5.76,3.43,10.28,1.55,0,0,9.85,2.43,56.02,15.33,115.55,3.08,74.59,41.15,6.62,4.05,1.97,4683,4048,6496,1917,772,893,503,0.75,744,1.2530450669914737,7.144097222222222,11.997084548104956,13.89,ACN
5/31/2011,3.15,14.676190476190476,34.71,5.99,3.91,11.15,1.51,0,0,10.73,2.57,57.02,15.49,178.06,3.19,75.91,46.23,7.37,4.18,2.11,5261,4176,7204,2310,949,1080,628,0.93,746,1.3318928262748486,7.717863105175291,11.823529411764705,14.9,ACN
8/31/2011,3.4,12.697058823529412,36.76,6.3,4.1,11.47,1.45,0,0,11.38,2.62,57.36,15.87,342.65,3.22,76.51,43.17,7.91,4.35,2.28,5706,4351,7174,2215,923,1064,612,0.9,743,1.174374319912949,6.852380952380953,10.529268292682929,15.73,ACN
11/30/2011,3.55,13.301408450704226,38.43,6.09,4.6,10.99,1.45,0,0,11.07,2.62,56.81,15.95,175.27,2.99,76.4,47.22,7.58,4.22,2.39,5097,4219,7589,2252,981,1114,642,0.96,731,1.228727556596409,7.753694581280788,10.265217391304349,15.29,ACN
2/29/2012,3.77,12.872679045092838,39.64,7.22,4.95,11.56,1.53,0,0,10.82,2.17,56.96,16.37,162.43,3.76,76.74,48.53,7.54,4.99,2.53,5572,4993,7260,2116,889,1036,644,0.97,730,1.224268415741675,6.7216066481994465,9.804040404040403,15.81,ACN
5/31/2012,3.87,12.155038759689923,40.46,6.7,4.83,11.46,1.51,0,0,10.95,2.39,57.01,16.59,111.69,3.38,77.48,47.04,7.59,4.59,2.59,5631,4588,7641,2371,1061,1196,689,1.03,730,1.1626297577854672,7.020895522388059,9.739130434782608,15.54,ACN
8/31/2012,3.84,13.213541666666668,40.83,6.83,5.35,12.59,1.55,0,0,12.04,2.6,55.43,16.13,84.03,3.41,75.39,50.74,8.11,4.62,2.55,6643,4624,7288,2249,940,1119,578,0.88,727,1.2427136909135441,7.428989751098097,9.484112149532711,16.67,ACN
11/30/2012,3.94,14.365482233502538,41.14,7.33,4.54,12.01,1.51,0,0,11.41,2.29,54.38,16.21,82.06,3.61,73.73,56.6,7.98,4.99,2.61,5681,4994,7668,2366,1049,1189,699,1.06,717,1.375789985415654,7.721691678035471,12.466960352422907,16.41,ACN
2/28/2013,4.62,13.413419913419913,41.66,8.71,4.24,12.02,1.63,0,0,10.42,1.75,60.92,18.89,83.69,4.5,82.37,61.97,7.37,5.94,3.07,5636,5940,7493,2230,1165,1322,1102,1.65,715,1.4875180028804609,7.114810562571756,14.615566037735848,16.36,ACN
5/31/2013,4.8,14.404166666666667,41.96,8.58,4.68,12.08,1.58,0,0,10.71,1.84,59.7,19.34,110.45,4.34,80.46,69.14,7.63,5.81,3.19,5941,5810,7708,2438,1142,1284,810,1.21,716,1.6477597712106768,8.058275058275058,14.773504273504274,16.52,ACN
8/31/2013,4.93,12.340770791075052,42.49,8.15,4.14,11.84,1.45,0,0,11.44,2.11,59.21,19.84,105.94,3.61,81.77,60.84,8.16,5.43,3.28,5634,5428,7525,2350,984,1137,671,1.01,713,1.4318663214874088,7.465030674846626,14.695652173913045,16.87,ACN
11/30/2013,5.02,13.167330677290837,42.96,8.16,4.58,11.29,1.44,0,0,11.1,2.05,59.04,20.13,104.12,3.49,83.73,66.1,7.83,5.42,3.34,4530,5416,7800,2449,1091,1236,752,1.15,699,1.5386405959031655,8.100490196,14.432314410480348,16.52,ACN
2/28/2014,4.4,16.163636363636364,43.39,8.74,4.14,10.63,1.46,0,0,10.57,1.83,51.76,17.53,99.78,3.48,77.93,71.12,7.29,5.79,2.9,3683,5787,7567,2230,951,1100,671,1.03,694,1.6390873473150496,8.137299771167049,17.17874396135266,16.36,ACN
5/31/2014,4.45,15.802247191011233,44.55,9.31,4,11.14,1.46,0,0,10.86,1.77,51.12,17.45,73.51,3.79,81.09,70.32,7.62,6.15,2.91,4052,6145,8240,2536,1179,1341,817,1.26,691,1.5784511784511783,7.5531686358754015,17.58,17,ACN
8/31/2014,4.52,15.482300884955755,45.94,9.57,4.58,11.9,1.46,0,0,11.65,1.85,49.78,17.35,72.45,3.89,80.36,69.98,8.16,6.29,2.94,4924,6285,8267,2469,1079,1243,701,1.08,692,1.5232912494558122,7.312434691745037,15.279475982532752,17.93,ACN
11/30/2014,4.66,16.21030042918455,47,9.2,5.61,11.58,1.42,0,0,11.61,1.93,49.87,17.53,72.26,3.62,81.81,75.54,8.14,6.02,3.02,4475,6016,8343,2539,1188,1354,832,1.29,682,1.6072340425531917,8.210869565217392,13.46524064171123,17.63,ACN
2/28/2015,4.71,16.72399151,47.77,10.03,5.62,11.01,1.47,0,0,10.44,1.59,48.66,17.49,71.18,4.11,78.95,78.77,7.49,6.55,3.04,4064,6550,7932,2241,1021,1173,691,1.08,679,1.648942851161817,7.853439680957129,14.016014234875444,16.99,ACN
5/31/2015,4.69,18.108742004264393,48.05,9.94,5.69,11.07,1.4,0,0,10.84,1.68,47.68,17.28,69.57,3.8,78.31,84.93,7.89,6.47,3.02,4029,6466,8275,2525,1134,1287,794,1.24,678,1.7675338189386058,8.544265594,14.926186291739894,17.31,ACN
8/31/2015,4.76,17.514705882352942,48.44,10.23,5.58,10.7,1.26,0,0,11.56,1.74,47.59,17.42,68.83,3.72,80.16,83.37,8.49,6.65,3.06,4363,6648,8365,2504,1094,1267,738,1.15,679,1.721098265895954,8.149560117302054,14.940860215053764,18.2,ACN
11/30/2015,4.75,20.17684210526316,48.82,9.88,5.19,10.62,1.25,0,0,11.59,1.81,46.68,17.26,68.31,2.88,83.85,95.84,8.47,6.41,3.04,3076,6405,8466,2563,1221,1403,819,1.28,671,1.9631298648095044,9.700404858299594,18.466281310211944,17.99,ACN
2/29/2016,5.75,15.58608695652174,49.71,11.4,5.19,10.68,1.41,0,0,10.77,1.46,54.71,20.53,67.22,3.87,103.09,89.62,7.57,7.37,3.68,3037,7374,8397,2370,1088,1261,1327,2.08,668,1.8028565680949509,7.861403509,17.26782273603083,18.15,ACN
5/31/2016,5.92,18.135135135135137,50.96,11.95,5.53,11.58,1.42,0,0,11.48,1.49,53.76,20.57,66.71,4.17,103.29,107.36,8.16,7.71,3.78,3501,7707,8969,2690,1306,1487,897,1.41,666,2.106750392464678,8.984100418410042,19.414104882459313,19.19,ACN
8/31/2016,6.45,16.088372093023256,52.06,12.74,6.25,11.98,1.35,0,0,12.42,1.52,55.43,21.66,64.61,4.58,106.09,103.77,8.88,8.19,4.11,4908,8189,8966,2656,1195,1389,1069,1.68,668,1.9932769880906644,8.145211930926216,16.6032,20.61,ACN
11/30/2016,6.75,16.131851851851852,53.02,12.51,6.94,11.37,1.24,0,0,12.41,1.55,54.91,21.93,62.68,4.03,103.26,108.89,9.17,8.03,4.3,4080,8034,9006,2730,1332,1519,1004,1.58,664,2.0537533006412674,8.704236610711432,15.690201729106628,20.44,ACN
2/28/2017,6,18.615,53.71,13.44,6.7,10.76,1.29,0,0,11.46,1.33,46.82,18.97,60.92,4.39,88.77,111.69,8.35,8.62,3.81,3241,8615,8762,2504,1139,1326,839,1.33,661,2.0795010240178735,8.310267857142858,16.670149253731342,20.08,ACN
5/31/2017,5.64,20.331560283687946,54.45,13.9,6.97,11.21,1.22,0,0,12.26,1.38,42.49,17.41,53.6,4.27,82.98,114.67,9.15,8.88,3.58,3385,8877,9357,2910,865,1060,669,1.05,659,2.1059687786960515,8.249640287769784,16.45193687,21.14,ACN
8/31/2017,5.44,22.143382352941174,54.73,15.27,6.75,12.1,1.23,0,0,12.98,1.34,39.1,16.33,58.77,4.71,79.22,120.46,9.82,9.71,3.44,4130,9710,9052,2928,1855,2087,932,1.48,660,2.200986661794263,7.888670595939751,17.845925925925926,22.69,ACN
11/30/2017,5.65,24.366371681415924,56.22,15.57,6.57,12.3,1.25,0,0,13.08,1.32,38.43,16.41,57.62,4.82,78.42,137.67,9.86,9.89,3.56,3682,9893,9884,3064,1498,1731,1124,1.79,657,2.448772678762006,8.842003853564547,20.954337899543376,22.97,ACN
2/28/2018,5.69,26.319859402460455,58.06,16.37,7.69,12.29,1.31,0,0,12.7,1.22,36.89,15.96,56.54,5.15,75.79,149.76,9.37,10.44,3.59,3598,10438,9909,2860,1296,1517,864,1.37,656,2.579400620048226,9.148442272449602,19.474642392717815,23.13,ACN
5/31/2018,6.24,23.423076923076923,60.2,15.83,7.94,12.34,1.29,0,0,13.1,1.29,39.44,17.22,62.39,4.88,81.08,146.16,9.55,10.15,3.96,3932,10153,10695,3332,1635,1873,1043,1.6,655,2.427906976744186,9.233101705622236,18.408060453400502,23.25,ACN
8/31/2018,6.34,25.02681388012618,62.52,16.77,8.25,13.59,1.34,0,0,13.72,1.28,39.42,17.32,57.13,5.34,80.47,158.67,10.15,10.73,4.06,5065,10725,10504,3238,1470,1705,1030,1.58,655,2.5379078694817654,9.461538461538462,19.23272727272727,24.45,ACN
11/30/2018,6.51,23.93548387096774,63.73,20.46,8.38,13.54,1.33,0,0,13.65,1.05,37.97,17.27,54.25,7.53,73.56,155.82,10.18,13.06,4.21,4367,13056,10606,3297,1629,1841,1275,1.96,652,2.4450023536795857,7.615835777126099,18.594272076372313,26.71,ACN
2/28/2019,6.87,22.24890829694323,64.73,21.5,9.06,13.83,1.35,0,0,13.66,1,37.53,17.57,51.28,7.95,69.61,152.85,10.22,13.73,4.47,4468,13729,10454,3054,1387,1606,1124,1.73,649,2.3613471342499612,7.109302325581395,16.870860927152318,27.39,ACN
5/31/2019,7.2,23.616666666666664,65.49,22.17,9.34,14.14,1.34,0,0,14.01,0.99,36.23,17.54,47.97,8.06,64.79,170.04,10.55,14.14,4.68,4772,14143,11100,3528,1718,1939,1250,1.93,649,2.5964269354099865,7.669824086603517,18.205567451820126,28.16,ACN
8/31/2019,7.36,25.71195652173913,66.46,23.3,9.27,15.45,1.4,0,0,14.96,1.01,34.29,17.06,45.17,8.62,59.43,189.24,11.06,14.83,4.78,6130,14828,11056,3435,1571,1812,1130,1.74,650,2.8474270237736987,8.121888412017167,20.41423948220065,29.79,ACN
11/30/2019,7.49,25.75700934579439,67.69,24.55,8.88,15.61,1.39,0,0,17.57,1.13,33.35,16.41,44.15,9.3,57.3,192.92,11.2,15.6,4.86,5814,15601,11359,3648,1767,2167,1357,2.09,649,2.8500517063081694,7.858248472505091,21.725225225225223,33.17,ACN
2/29/2020,7.67,22.667535853976535,68.76,24.96,9.1,15.41,1.38,0,0,17.58,1.1,32.88,15.96,43.23,9.22,56.49,173.86,11.18,15.92,4.97,5440,15921,11142,3359,1489,1931,1235,1.91,649,2.528504944735311,6.965544871794872,19.10549450549451,33.5,ACN
5/31/2020,7.64,25.526178010471206,68.69,25.9,10.08,16.15,1.37,0,0,18.57,1.13,31.51,15.05,41.56,9.15,54.55,195.02,11.83,16.48,4.95,6446,16484,10991,3529,1713,2157,1228,1.9,646,2.839132333673024,7.5297297297297305,19.34722222222222,35.06,ACN
8/31/2020,7.89,29.520912547528518,68.41,27.57,11.76,17.75,1.4,0,0,19.58,1.12,31.19,14.72,39.69,9.79,54.54,232.92,12.66,17.5,5.11,8510,17499,10835,3441,1545,2032,1288,1.99,648,3.4047653851776056,8.448313384113167,19.80612244897959,37.08,ACN
11/30/2020,8.12,29.894088669950744,69.11,29.06,13.03,18.63,1.45,0,0,19.84,1.08,30.74,14.6,38.75,10.3,54.61,242.74,12.82,18.43,5.25,8677,18426,11762,3898,1891,2359,1500,2.32,647,3.512371581536681,8.353062629,18.629316960859555,38.27,ACN
2/28/2021,8.44,29.069905213270143,70.64,29.62,14.7,19.56,1.39,0,0,21.14,1.12,30.64,14.51,38.07,10.09,55.5,245.35,14.09,18.84,5.46,9170,18842,12088,3595,1654,2111,1441,2.23,646,3.4732446206115513,8.283254557731262,16.69047619047619,39.99,ACN
5/31/2021,8.94,30.95861298,74.16,31.33,14.15,21.15,1.42,0,0,22.23,1.12,30.96,14.68,38.5,10.75,56.47,276.77,14.93,19.89,5.78,10014,19894,13264,4404,2119,2598,1549,2.4,645,3.732065803667745,8.834024896,19.55971731448763,42.13,ACN
8/31/2021,9.15,36.18032786885246,78.21,31.77,13,19.67,1.25,0,0,23.08,1.15,30.58,14.44,39.35,8.97,58.9,331.05,15.71,20.1,5.91,8172,20097,13419,4466,1959,2445,1416,2.21,646,4.232834675872651,10.42020774315392,25.465384615384615,43.18,ACN
11/30/2021,9.61,36.68886576482831,83.23,33.1,11.2,18.62,1.22,0,0,22.74,1.09,31.07,14.67,40.83,8.54,64.63,352.58,15.23,20.94,6.2,5644,20939,14965,4917,2434,2935,1791,2.78,645,4.236212904,10.651963746223563,31.480357142857144,43.68,ACN
2/28/2022,9.92,31.508064516129032,87.89,33.37,10.52,19.19,1.24,0,0,23.16,1.1,31.14,14.75,41.67,8.73,69.1,312.56,15.54,21.16,6.39,5472,21157,15047,4524,2062,2590,1635,2.54,644,3.5562635112071908,9.366496853461193,29.711026615969583,44.32,ACN
5/31/2022,10.31,28.716779825412218,92.55,34.78,11.53,21.01,1.27,0,0,24.08,1.09,31.49,14.96,42.92,9.51,74.15,296.07,16.56,22.01,6.63,6708,22012,16159,5315,2603,3127,1786,2.79,641,3.199027553,8.512650948821161,25.67823070251518,46.1,ACN
8/31/2022,10.71,26.81325863678805,95.77,36.01,13.73,21.61,1.23,0,0,24.52,1.08,31.67,15.17,43.04,9.61,75.58,287.17,17.52,22.75,6.88,7894,22747,15424,4946,2268,2803,1665,2.6,643,2.9985381643520936,7.974729241877257,20.91551347414421,47.26,ACN
11/30/2022,11.01,27.332425068119893,97.21,37.57,13.8,20.67,1.26,0,0,23.45,0.99,31.48,15.26,42.44,9.88,74.75,300.93,16.46,23.67,7.05,5904,23666,15748,5186,2593,3099,1965,3.08,639,3.0956691698384944,8.009848283204684,21.806521739130435,47.12,ACN
3/31/2009,,,,7.29,,5.15,0.78,4.28,0.65,33.31,2.78,,,,,,,6.64,12,,,,,,,,,,,,,,,NEE
6/30/2009,,,,7.44,,4.87,0.73,3.96,0.6,34.16,2.79,,,,,,,6.65,12.24,,276,12244,3811,2014,605,1099,370,0.23,1626,,,,,NEE
9/30/2009,,,,7.7,,4.18,0.64,3.29,0.5,34.42,2.7,,,,,,,6.56,12.73,,164,12732,4473,2309,849,1349,533,0.33,1632,,,,,NEE
12/31/2009,0.99,9.191919191919192,9.62,7.83,-0.95,4.34,0.67,3.46,0.54,35.49,2.74,12.94,3.45,9.21,12.97,12.94,9.1,6.45,12.97,1.62,238,12967,3654,2021,557,1098,348,0.21,1629,0.9459459459459459,1.1621966794380587,-9.578947368,48.46,NEE
3/31/2010,1.11,7.5855855855855845,9.54,8.04,-1.25,5.56,0.71,4.71,0.61,37.61,2.82,14.1,3.75,10.22,13.34,14.1,8.42,7.78,13.34,1.81,1215,13336,3622,2273,939,1425,556,0.34,1640,0.8825995807127883,1.047263682,-6.736,50.94,NEE
6/30/2010,1.13,7.592920353982302,9.37,8.13,-1.38,5.3,0.74,4.47,0.63,37.68,2.79,14.11,3.75,10.33,13.53,14.11,8.58,7.13,13.53,1.85,829,13529,3591,2136,709,1163,417,0.25,1646,0.9156883671291356,1.055350553505535,-6.217391304,51.21,NEE
9/30/2010,1.24,7.790322580645161,9.47,8.46,-1.31,5.78,0.8,4.88,0.68,38.58,2.73,15.12,4.01,10.94,14.15,15.12,9.66,7.19,14.15,2.04,791,14151,4691,2700,1125,1729,720,0.44,1655,1.0200633579725449,1.1418439716312057,-7.374045802,52.73,NEE
12/31/2010,1.19,7.831932773109244,9.29,8.59,-1.22,5.26,0.76,4.4,0.64,38.53,2.67,14.11,3.77,10.33,14.46,14.11,9.32,6.9,14.46,1.96,302,14461,3413,1966,454,983,264,0.16,1652,1.0032292787944026,1.0849825378346916,-7.639344262,52.99,NEE
3/31/2011,1.01,9.881188118811881,8.96,8.65,-1.18,4.52,0.67,3.64,0.54,38.66,2.65,11.77,3.18,8.49,14.6,11.77,9.98,6.74,14.6,1.67,425,14599,3134,1730,428,830,268,0.16,1674,1.1138392857142856,1.153757225433526,-8.457627119,53.26,NEE
6/30/2011,1.1,9.554545454545453,9.14,8.82,-1.12,4.81,0.75,3.74,0.59,39.65,2.66,12.61,3.43,8.88,14.91,12.61,10.51,6.39,14.91,1.83,287,14906,3961,2404,907,1376,580,0.35,1677,1.149890590809628,1.191609977324263,-9.383928571,54.56,NEE
9/30/2011,0.91,10.967032967032967,8.91,8.81,-1.14,6.25,0.84,5.21,0.7,41.7,2.8,10.32,2.79,8.03,14.89,10.32,9.98,7.42,14.89,1.52,640,14887,4382,2471,911,1486,407,0.24,1679,1.1200897867564534,1.1328036322360953,-8.754385965,56.59,NEE
12/31/2011,1.15,9.878260869565217,9.15,8.98,-0.81,4.87,0.73,3.8,0.57,42.25,2.83,12.96,3.47,9.47,14.94,12.96,11.36,6.72,14.94,1.92,377,14943,3864,2480,1015,1418,668,0.4,1676,1.2415300546448087,1.265033407572383,-14.02469136,57.19,NEE
3/31/2012,1.26,9.134920634920634,9.31,9.13,-1.24,5.09,0.64,4,0.5,43.98,2.89,14.12,3.72,10.34,15.22,14.12,11.51,8.01,15.22,2.12,275,15223,3371,2189,803,1199,461,0.28,1659,1.2363050483351234,1.2606790799561882,-9.282258065,59.21,NEE
6/30/2012,1.28,10.2265625,9.14,9.33,-1.55,4.85,0.64,3.77,0.49,44.6,2.83,14.09,3.67,10.37,15.79,14.09,13.09,7.64,15.79,2.14,295,15788,3667,2431,1000,1408,607,0.36,1669,1.4321663019693653,1.4030010718113612,-8.44516129,60.39,NEE
9/30/2012,1.28,10.5390625,8.81,9.39,-2.18,4.44,0.56,3.38,0.43,46.16,2.91,13.91,3.6,9.65,15.89,13.91,13.49,7.88,15.89,2.15,246,15886,3843,2317,742,1263,415,0.25,1687,1.5312145289443813,1.4366347177848775,-6.188073394,62.05,NEE
12/31/2012,1.14,11.745614035087721,8.52,9.47,-3.26,5.24,0.59,4.16,0.47,48.37,3.01,12.14,3.11,8.68,16.07,12.14,13.39,8.88,16.07,1.91,329,16068,3375,2198,731,1183,428,0.26,1677,1.5715962441314555,1.4139387539598733,-4.107361963,64.44,NEE
3/31/2013,1.02,14.872549019607844,8.42,9.53,-3.01,4.05,0.46,2.95,0.34,47.64,2.94,10.77,2.75,7.54,16.2,10.77,15.17,8.78,16.2,1.72,215,16202,3279,2214,434,934,272,0.16,1695,1.801662708,1.591815320041973,-5.03986711,63.84,NEE
6/30/2013,1.02,15.745098039215685,8.48,9.77,-2.53,4.74,0.53,3.62,0.41,48.62,2.93,10.66,2.7,7.36,16.6,10.66,16.06,8.87,16.6,1.73,411,16601,3833,2571,981,1576,610,0.36,1699,1.8938679245283017,1.6438075742067553,-6.347826087,65.22,NEE
9/30/2013,1.19,13.378151260504202,8.78,10.1,-1.91,5.47,0.59,4.33,0.47,49.76,2.86,12.12,3.08,8.34,17.41,12.12,15.92,9.21,17.41,2.01,558,17409,4394,2956,1185,1875,698,0.41,1707,1.8132118451025059,1.5762376237623763,-8.335078534,67.17,NEE
12/31/2013,1.12,15.303571428571427,8.89,10.37,-0.83,5.84,0.64,4.69,0.51,51.27,2.84,11.18,2.87,7.98,18.04,11.18,17.14,9.19,18.04,1.91,438,18040,3630,2437,641,1377,328,0.19,1708,1.9280089988751405,1.6528447444551593,-20.65060241,69.31,NEE
3/31/2014,1.2,16.083333333333336,9.05,10.41,-0.82,6.14,0.6,4.99,0.49,52.17,2.87,11.77,3.04,8.57,18.16,11.77,19.3,10.29,18.16,2.07,488,18160,3674,2277,738,1289,430,0.25,1753,2.132596685082873,1.8539865513928915,-23.53658537,70.33,NEE
6/30/2014,1.12,18.607142857142854,9.08,10.57,-0.59,6.1,0.63,4.92,0.51,53.16,2.89,10.82,2.8,8.33,18.43,10.82,20.84,9.69,18.43,1.95,622,18429,4029,2656,951,1646,492,0.28,1760,2.2951541850220263,1.9716177861873225,-35.3220339,71.59,NEE
9/30/2014,1.09,17.642201834862384,9.15,10.98,-0.53,5.63,0.59,4.36,0.46,53.05,2.77,10.36,2.7,8.15,19.14,10.36,19.23,9.57,19.14,1.91,485,19144,4654,3088,1163,2035,660,0.38,1762,2.101639344262295,1.7513661202185793,-36.28301887,72.19,NEE
12/31/2014,1.4,15.664285714285715,9.68,11.38,-0.69,6.94,0.72,5.65,0.59,54.44,2.7,12.99,3.42,10.1,20.17,12.99,21.93,9.66,20.17,2.47,577,20168,4664,3398,1532,2310,883,0.5,1760,2.2654958677685952,1.9270650263620386,-31.7826087,74.61,NEE
3/31/2015,1.52,14.223684210526317,9.87,11.52,-0.45,6.3,0.67,5.05,0.54,54.47,2.66,13.73,3.66,10.83,20.46,13.73,21.62,9.39,20.46,2.69,469,20464,4104,2741,1129,1766,650,0.36,1795,2.1904761904761907,1.8767361111111112,-48.04444444,74.93,NEE
6/30/2015,1.64,12.51829268292683,10,11.95,-0.86,6.35,0.67,5.07,0.54,55.6,2.57,14.3,3.89,11.06,21.6,14.3,20.53,9.42,21.6,2.91,551,21601,4358,3042,1146,1971,716,0.4,1797,2.053,1.7179916317991635,-23.87209302,77.2,NEE
9/30/2015,1.74,11.827586206896552,10.08,12.38,-0.86,6.66,0.64,5.31,0.51,57.14,2.5,14.71,4.08,11.48,22.83,14.71,20.58,10.37,22.83,3.13,1181,22826,4954,3482,1481,2381,879,0.48,1824,2.0416666666666665,1.662358642972536,-23.93023256,79.96,NEE
12/31/2015,1.52,14.532894736842104,9.67,12.53,-1.23,6.8,0.67,5.54,0.55,59.37,2.57,12.51,3.5,9.76,23.11,12.51,22.09,10.11,23.11,2.75,571,23112,4070,2894,876,1717,507,0.27,1816,2.2843846949327817,1.7629688747007184,-17.95934959,82.48,NEE
3/31/2016,1.5,16.900000000000002,9.45,12.81,-2.28,7.1,0.67,5.81,0.55,61.01,2.58,12.09,3.4,9.64,23.63,12.09,25.35,10.59,23.63,2.76,628,23630,3835,2907,1234,1885,653,0.35,1854,2.682539682539683,1.9789227166276346,-11.11842105,84.64,NEE
6/30/2016,1.39,20.244604316546763,9.08,12.92,-2.05,6.51,0.57,5.26,0.46,61.54,2.58,11.04,3.1,9.49,23.88,11.04,28.14,11.34,23.88,2.58,730,23882,3817,2857,1169,1985,540,0.29,1858,3.0991189427312777,2.178018575851393,-13.72682927,85.42,NEE
9/30/2016,1.31,20.29007633587786,8.94,13.31,-1.81,6.75,0.65,5.44,0.52,63,2.53,10.28,2.88,8.89,24.87,10.28,26.58,10.46,24.87,2.45,681,24869,4805,3588,1279,2349,753,0.41,1864,2.9731543624161074,1.9969947407963935,-14.68508287,87.86,NEE
12/31/2016,1.55,16.87741935483871,8.68,13.53,1.5,7.41,0.68,6.12,0.56,64.66,2.55,11.9,3.34,8.55,25.33,11.9,26.16,10.92,25.33,2.91,1292,25331,3681,2794,777,1668,960,0.51,1863,3.013824884792627,1.9334811529933482,17.44,89.99,NEE
3/31/2017,2.05,13.814634146341465,8.72,14.14,0.67,5.83,0.6,4.52,0.46,64.74,2.45,15.26,4.33,10.54,26.47,15.26,28.32,9.76,26.47,3.84,600,26469,3972,3073,2362,3053,1583,0.84,1881,3.2477064220183482,2.0028288543140027,42.26865671641791,91.21,NEE
6/30/2017,2.18,14.279816513761466,9,14.33,3.01,5.95,0.66,4.63,0.52,66.01,2.46,15.8,4.52,10.42,26.88,15.8,31.13,8.95,26.88,4.09,642,26876,4404,3386,1276,2233,793,0.42,1887,3.4588888888888887,2.1723656664340543,10.34219269,92.89,NEE
9/30/2017,2.23,14.695067264573993,8.96,14.53,1.06,7.03,0.61,5.68,0.49,69.46,2.54,15.79,4.51,10.34,27.32,15.79,32.77,11.6,27.32,4.18,1381,27321,4808,3632,1351,2489,847,0.45,1894,3.6573660714285716,2.2553337921541643,30.915094339622645,96.78,NEE
12/31/2017,2.85,12.333333333333332,9.1,15.67,0.65,7.18,0.64,5.91,0.53,68.43,2.32,19.53,5.68,8.96,29.53,19.53,35.15,11.24,29.53,5.38,1714,29531,3989,3011,184,36,2157,1.14,1890,3.8626373626373627,2.2431397574984047,54.07692307692307,97.96,NEE
3/31/2018,4.34,8.529953917050692,9.02,19.1,2.74,5.61,0.59,4.41,0.46,58.29,1.62,27.49,8.62,6.45,35.99,27.49,37.02,9.58,35.99,8.23,550,35993,3857,3038,1059,1984,4431,2.33,1897,4.1042128603104215,1.9382198952879581,13.510948905109489,94.28,NEE
6/30/2018,4.33,8.803695150115473,8.82,19.16,-0.98,5.89,0.58,4.73,0.46,59.32,1.64,25.47,8.55,6.05,36.17,25.47,38.12,10.18,36.17,8.22,478,36172,4063,3169,1146,2040,781,0.4,1901,4.321995464852607,1.9895615866388308,-38.89795918,95.49,NEE
9/30/2018,4.41,8.73015873,8.59,19.53,2.88,8.35,0.65,7.27,0.57,61.27,1.64,24.09,8.67,5.29,37.34,24.09,38.5,12.81,37.34,8.37,497,37338,4416,3333,968,2151,1005,0.53,1910,4.481955762514552,1.971326164874552,13.368055555555555,98.6,NEE
12/31/2018,3.49,11.441260744985673,8.78,19.57,1.22,6.39,0.36,5.17,0.29,66.29,1.77,18.07,6.77,6.66,36.52,18.18,39.93,17.56,37.41,6.64,638,37413,4391,3455,1107,2252,421,0.21,1908,4.547835990888383,2.0403679100664283,32.72950819672131,103.7,NEE
3/31/2019,1.51,29.602649006622517,8.87,19.75,-1.6,8.22,0.46,6.81,0.38,71.19,1.88,7.76,2.84,6.68,34.35,8,44.7,17.93,37.84,2.89,972,37840,4075,3108,1135,1997,680,0.35,1927,5.039458850056371,2.2632911392405064,-27.9375,109.03,NEE
6/30/2019,1.74,27.396551724137932,9.3,20.06,1.06,7.47,0.52,6.04,0.42,72.13,1.88,8.85,3.17,7.38,34.93,9.33,47.67,14.41,38.43,3.34,1019,38426,4970,3896,1747,3009,1234,0.64,1931,5.125806451612903,2.3763708873379863,44.971698113207545,110.55,NEE
9/30/2019,1.67,32.64670658682635,9.86,20.54,-0.15,7.68,0.58,6.23,0.47,74.05,1.84,8.36,2.94,7.96,36.05,9.06,54.52,13.31,40.17,3.21,1131,40174,5572,4306,1593,2906,879,0.45,1944,5.529411764705883,2.654333008763389,-363.4666667,114.22,NEE
12/31/2019,1.94,29.36597938,9.92,21.15,-4.12,7.41,0.54,6.08,0.44,76.33,1.85,9.55,3.34,7.25,37.16,10.58,56.97,13.85,41.36,3.77,600,41360,4587,3531,878,1919,976,0.5,1942,5.742943548387097,2.6936170212765957,-13.8276699,117.69,NEE
3/31/2020,1.81,31.447513812154696,10.15,20.9,-2,9.73,0.71,8.35,0.61,79.76,1.95,8.73,3.03,8.01,36.67,9.7,56.92,13.72,40.88,3.51,3335,40875,4613,3792,1981,2903,421,0.21,1967,5.607881773399015,2.7234449760765553,-28.46,120.64,NEE
6/30/2020,1.81,31.558011049723756,9.71,21.21,-3.81,7.58,0.61,6.21,0.5,80.39,1.93,8.66,2.99,7.02,37.36,9.65,57.12,12.37,41.57,3.55,1009,41574,4204,3473,1186,2218,1275,0.65,1967,5.882595262615859,2.693069306930693,-14.99212598,121.96,NEE
9/30/2020,1.99,33.34170854271356,9.27,21.46,-2.62,9.03,0.57,7.61,0.48,84.32,2.01,9.41,3.21,6.13,37.85,10.47,66.35,15.71,42.06,3.9,1961,42062,4785,3674,1008,2346,1229,0.62,1969,7.157497303128371,3.091798695246971,-25.32442748,126.38,NEE
12/31/2020,1.49,49.738255033557046,9.14,22.92,-2.85,7.38,0.47,5.83,0.38,82.76,1.84,6.89,2.35,6.06,40.68,7.65,74.11,15.56,44.93,2.92,1105,44929,4395,3519,941,1964,-6,0,1969,8.108315098468271,3.233420593368237,-26.00350877,127.68,NEE
3/31/2021,2.11,34.59715639810427,8.69,23.32,-2.29,8.24,0.52,6.63,0.42,86.71,1.9,9.56,3.28,4.38,40.88,10.63,73,15.78,45.73,4.16,1462,45730,3726,2820,669,1492,1666,0.84,1973,8.400460299194476,3.130360205831904,-31.87772926,132.44,NEE
6/30/2021,1.6,44.45625,8.54,22.99,-1.56,8.06,0.48,6.47,0.38,89.9,1.99,7.07,2.41,3.51,40.27,7.88,71.13,16.82,45.11,3.15,884,45114,3927,2824,510,1551,256,0.13,1970,8.329039813,3.093953892996955,-45.59615385,135.01,NEE
9/30/2021,1.2,63.80833333333333,8.33,22.76,-2.85,9.57,0.47,7.83,0.38,94.52,2.12,5.24,1.77,2.75,39.8,5.85,76.57,20.46,44.65,2.36,692,44647,4370,2987,379,1677,447,0.23,1973,9.192076830732292,3.364235500878734,-26.86666667,139.16,NEE
12/31/2021,1.81,50.51933701657458,8.66,23.14,-2.92,9.29,0.53,7.73,0.44,95.49,2.1,7.9,2.61,3.12,40.58,8.85,91.44,17.44,45.42,3.57,639,45424,5046,3911,1355,2407,1204,0.61,1972,10.558891454965357,3.9515989628349177,-31.31506849,140.91,NEE
3/31/2022,0.74,112.72972972972974,8.23,22.43,-2.95,10.99,0.49,9.4,0.42,100.9,2.29,3.25,1.04,1.56,39.21,3.64,83.42,22.42,44.05,1.46,1477,44049,2890,1524,-775,185,-451,-0.23,1974,10.136087484811664,3.7191261703076237,-28.2779661,144.95,NEE
6/30/2022,1.31,58.54961832061068,8.87,22.67,-2.81,14.33,0.53,12.69,0.47,107.22,2.41,5.78,1.79,2,39.71,6.48,76.7,26.82,44.55,2.58,2861,44554,5183,3594,948,2175,1380,0.7,1973,8.647125140924466,3.3833259814733125,-27.29537367,151.77,NEE
9/30/2022,1.94,40.21649484536082,10.05,23.53,-3,12.89,0.46,11.1,0.4,109.66,2.35,8.47,2.58,3.47,41.87,9.49,78.02,27.79,46.75,3.83,2508,46746,6719,4786,1862,3218,1696,0.86,1979,7.763184079601989,3.315767105822354,-26.00666667,156.41,NEE
3/31/2009,,,,28.36,,21.88,0.62,19.68,0.56,146.3,1.82,,,,,,,35.07,80.55,,,,,,,,,,,,,,,VZ
6/30/2009,,,,29.16,,21.46,0.81,18.69,0.71,142.18,1.72,,,,,,,26.37,82.82,,1180,82821,26861,16380,4418,8509,1483,0.52,2841,,,,,VZ
9/30/2009,,,,29.78,,22.02,0.81,19.47,0.71,141.82,1.68,,,,,,,27.31,84.58,,1690,84582,27265,16269,3986,8158,1176,0.41,2841,,,,,VZ
12/31/2009,1.28,13.03125,37.95,29.67,5.11,21.75,0.75,20.32,0.7,142.76,1.7,5.89,2.16,11.42,-17.16,-27.16,16.68,29.14,84.14,4.89,2499,84143,27091,14297,2880,7123,590,0.21,2841,0.4395256916996047,0.5621840242669363,3.2641878669275926,226.91,VZ
3/31/2010,0.84,18.86904761904762,38.07,29.95,5.37,22.41,0.8,21.29,0.76,142.7,1.69,4.39,1.63,11.18,-16.59,-21.56,15.85,28.06,84.65,3.69,3557,84652,26913,16261,4441,8563,443,0.16,2837,0.4163383241397426,0.5292153589315526,2.951582867783985,227.35,VZ
6/30/2010,0.25,58.16,38.09,29.88,6.23,21.06,0.66,20.08,0.63,141.78,1.68,1.2,0.45,8.46,-16.75,-6.08,14.54,31.83,84.47,1.02,5225,84473,26773,14557,410,4587,-1192,-0.42,2827,0.3817274875295353,0.4866131191432396,2.3338683788121988,226.25,VZ
9/30/2010,0.15,122.66666666666666,37.85,29.94,6.08,21.34,0.74,20.33,0.71,136.23,1.61,0.59,0.22,8.17,-15.94,-3.01,18.4,28.77,84.62,0.5,5975,84624,26484,15813,3383,7406,659,0.23,2830,0.4861294583883751,0.6145624582498329,3.026315789473684,220.85,VZ
12/31/2010,1.31,15.648854961832061,37.63,30.74,5.97,22.35,0.73,21.22,0.69,133.09,1.53,2.99,1.14,10.9,-13.9,-16.14,20.5,30.6,86.91,2.55,7213,86912,26395,15785,6411,10494,2639,0.93,2833,0.5447781025777305,0.6668835393623943,3.4338358458961475,220.01,VZ
3/31/2011,1.68,13.321428571428571,37.67,31.41,4.91,29.92,0.91,28.68,0.88,139.24,1.57,4.11,1.58,10.93,-11.83,-24.27,22.38,32.75,88.86,3.55,14730,88864,26990,15761,4453,8477,1439,0.51,2834,0.5941067162198035,0.7125119388729704,4.558044806517311,228.11,VZ
6/30/2011,2.32,9.439655172413794,37.9,32.05,4.08,22.47,0.82,21.2,0.78,133.04,1.47,7.23,2.84,14.15,-11.86,-47.41,21.9,27.37,90.71,6.35,6828,90712,27536,16378,4892,9005,1609,0.57,2838,0.5778364116094986,0.6833073322932918,5.367647058823529,223.76,VZ
9/30/2011,2.5,8.768,38.38,30.91,4.4,27.77,0.8,26.62,0.77,140.52,1.61,7.98,3.14,15.03,-15.14,-53.59,21.92,34.64,87.52,7.07,10858,87515,27913,16515,4647,8826,1379,0.49,2839,0.5711307972902554,0.7091556130702039,4.9818181818181815,228.03,VZ
12/31/2011,0.86,28.186046511627907,39.07,30.31,4.77,30.94,1.01,30,0.98,144.55,1.68,2.72,1.06,9.42,-16.58,-17.35,24.24,30.76,85.91,2.4,13954,85908,28436,16346,-1112,3068,-2023,-0.72,2839,0.6204248784233427,0.7997360607060376,5.081761006289308,230.46,VZ
3/31/2012,0.94,24.893617021276597,39.46,31.12,5.37,23.51,1.03,22.45,0.98,134.5,1.52,3.01,1.17,9.99,-14.08,-18.39,23.4,22.91,88.42,2.65,6532,88421,28242,16923,5195,9223,1686,0.59,2849,0.5930055752660922,0.7519280205655526,4.357541899,222.92,VZ
6/30/2012,1.01,27.287128712871286,39.75,31.74,6.15,27.13,1.03,26.27,1,135.64,1.5,3.26,1.26,10.58,-12.08,-19.81,27.56,26.35,90.43,2.87,10778,90428,28552,17656,5651,9779,1825,0.64,2858,0.6933333333333332,0.8683049779458097,4.481300813008129,226.07,VZ
9/30/2012,1.08,26.46296296296296,40.04,32.46,6.3,27.66,0.96,26.44,0.92,138.45,1.5,3.45,1.35,11.08,-14.84,-21.4,28.58,28.77,92.63,3.08,10307,92628,29007,18016,5483,9650,1593,0.56,2866,0.7137862137862138,0.8804682686383241,4.536507936507936,231.08,VZ
12/31/2012,0.31,88.48387096774194,40.52,29.92,5.35,21.24,0.79,20.16,0.75,139.69,1.63,0.98,0.39,9.64,-22.28,-5.53,27.43,26.96,85.53,0.88,3563,85533,30045,16976,-3169,968,-4229,-1.48,2862,0.676949654,0.9167780748663101,5.127102803738318,225.22,VZ
3/31/2013,0.4,78.825,40.85,30.61,5.88,25.26,0.8,24.46,0.78,138.6,1.58,1.28,0.5,10.53,-18.02,-6.79,31.53,31.49,87.59,1.14,6135,87588,29420,18488,6222,10340,1952,0.68,2872,0.7718482252141983,1.0300555374060765,5.362244897959184,226.19,VZ
6/30/2013,0.54,60.425925925925924,41.23,30.46,5.93,21.96,0.75,20.92,0.72,136.19,1.56,1.77,0.69,11.37,-18.78,-8.45,32.63,29.19,87.16,1.56,2406,87156,29786,18753,6555,10706,2246,0.78,2872,0.7914140189182636,1.0712409717662508,5.502529510961215,223.35,VZ
9/30/2013,0.76,40.21052631578947,41.65,31.54,6.43,73.71,2.43,72.51,2.39,186.41,2.07,2.51,0.93,11.69,-16.31,-11.68,30.56,30.29,90.27,2.2,57341,90265,30279,19319,7128,11282,2232,0.78,2874,0.7337334933973589,0.9689283449587824,4.752721617418351,276.68,VZ
12/31/2013,4,8.135,41.96,33.34,7.73,70.99,2.63,69.97,2.59,178.68,1.87,12.76,4.6,20.47,-10.77,-72,32.54,27.05,95.42,11.5,54129,95416,31065,19103,12063,16246,5067,1.76,2874,0.7755004766444232,0.9760047990401919,4.209573091849935,274.1,VZ
3/31/2014,4.47,7.1252796420581666,40.7,3.34,7.23,23.27,0.92,22.39,0.88,207.71,15,18.82,5.42,21.34,-89.35,-39.92,31.85,25.35,13.85,13.49,3544,13851,30818,19629,7160,11297,3947,1.15,3430,0.7825552825552825,9.535928143712576,4.405255878284924,221.56,VZ
6/30/2014,4.7,7.046808510638297,37.91,3.86,5.93,22.89,0.86,21.81,0.82,208.42,13.02,28.69,6.2,22.27,-89.7,-30,33.12,26.49,16.01,15.46,6424,16012,31483,19396,7685,11846,4214,1.01,4153,0.8736481139541018,8.580310880829016,5.585160202360877,224.43,VZ
9/30/2014,4.81,7.110187110187112,34.97,4.33,4.49,24.77,0.92,23.57,0.88,208.33,11.59,47.26,7.15,24.32,-87.69,-24.39,34.2,26.89,17.97,16.92,7853,17968,31586,19334,6890,11057,3695,0.89,4159,0.9779811266800116,7.8983833718244805,7.616926503340758,226.29,VZ
12/31/2014,2.51,12.892430278884463,32.5,3.29,3.38,29.5,1.05,28.35,1.01,218.94,16.01,62.59,4.25,15.84,-92.95,-10.7,32.36,27.99,13.68,9.63,11153,13676,33192,18789,-2136,1932,-2231,-0.63,3981,0.9956923076923077,9.835866261398175,9.573964497,232.62,VZ
3/31/2015,2.38,14.302521008403362,31.27,2.64,4.08,22.84,0.8,21.76,0.76,225.03,20.92,67.77,4.31,16.54,-104.45,-10.56,34.04,28.71,10.76,9.9,4933,10759,31984,19888,7960,11949,4219,1.02,4121,1.0885833066837225,12.893939393939393,8.343137255,235.79,VZ
6/30/2015,2.41,13.688796680497925,31.58,3.17,4.49,21.5,0.7,20.35,0.66,227.88,17.7,71.74,4.24,16.7,-106.86,-10.12,32.99,30.65,12.87,9.91,3317,12874,32224,19775,7821,11801,4231,1.04,4085,1.0446485117162763,10.406940063091483,7.347438752783964,240.75,VZ
9/30/2015,2.51,12.414342629482073,32.12,3.57,4.74,21.77,0.63,20.45,0.59,227.53,15.65,79.13,4.31,17.44,-105.24,-10.02,31.16,34.49,14.54,10.26,4181,14542,33158,19853,7535,11544,4038,0.99,4078,0.9701120797011209,8.728291316526612,6.5738396624472575,242.07,VZ
12/31/2015,4.37,7.672768878718536,32.15,4.38,5.19,22.36,0.64,21.1,0.6,226.33,12.69,127.67,7.43,27.39,-101.66,-17.1,33.53,35.05,17.84,17.88,4820,17842,34254,19547,9744,13783,5391,1.32,4093,1.0429237947122862,7.655251141552512,6.460500963391136,244.18,VZ
3/31/2016,4.41,9.006802721088436,32.26,4.93,4.62,23.62,0.71,22.47,0.68,224.48,11.17,109.97,7.4,27.15,-100.31,-17.36,39.72,33.31,20.1,17.97,5846,20103,32171,19559,7942,11959,4310,1.06,4085,1.231246125232486,8.056795131845842,8.597402597402597,244.59,VZ
6/30/2016,3.54,11.706214689265536,31.85,5.09,3.94,20.84,0.61,19.91,0.58,211.13,10.18,78.88,6,24.91,-99.05,-14.22,41.44,34.41,20.74,14.44,2857,20744,30532,18311,4554,8536,702,0.17,4085,1.301098901098901,8.141453831041257,10.51776649746193,231.87,VZ
9/30/2016,3.44,11.328488372093023,31.29,5.39,2.85,25.62,0.85,24.3,0.8,217.52,9.9,69.53,5.84,23.83,-99.09,-14.02,38.97,30.3,21.98,14.02,6441,21983,30937,18708,6540,10482,3620,0.89,4086,1.2454458293384467,7.230055658627087,13.673684210526314,239.5,VZ
12/31/2016,3.22,12.568322981366459,30.84,5.9,1.13,26.4,0.87,25.19,0.83,220.15,9.16,60.45,5.47,23.8,-98.74,-13.22,40.47,30.34,24.03,13.13,2880,24032,32340,16701,10213,14200,4495,1.09,4086,1.3122568093385214,6.859322033898304,35.81415929,244.18,VZ
3/31/2017,3,12.453333333333333,30.26,6.14,-0.29,27.16,1.02,25.96,0.97,221.69,8.86,53.45,5.1,22.36,-99.26,-12.39,37.36,26.66,25.04,12.27,4307,25037,29814,17767,6962,11021,3450,0.84,4087,1.2346331791143423,6.084690553745928,-128.8275862,246.73,VZ
6/30/2017,3.9,8.882051282051282,30.26,6.56,0.32,28.82,1.04,27.71,1,226.22,8.45,65.13,6.48,23.71,-100.91,-16.01,34.64,27.76,26.76,15.93,4583,26761,30548,18064,8014,12181,4362,1.07,4087,1.1447455386649041,5.2804878048780495,108.25,252.98,VZ
9/30/2017,3.9,9.971794871794872,30.44,6.97,0.85,30.87,1.07,29.59,1.02,226.23,7.95,61.09,6.38,23.22,-99.15,-16,38.89,28.93,28.45,15.93,4487,28451,31717,18743,6988,11260,3620,0.89,4089,1.2775952693823915,5.579626972740316,45.75294117647059,254.68,VZ
12/31/2017,7.36,5.720108695652174,30.83,10.95,1.73,29.91,0.91,28.88,0.87,212.46,4.75,96.37,11.9,18.81,-83.15,-31.48,42.1,33.04,44.69,30.1,2079,44687,33955,18397,5461,9917,18669,4.56,4089,1.3655530327602985,3.844748858447489,24.33526011560694,257.14,VZ
3/31/2018,7.63,5.041939711664482,31.27,12.67,2.65,31.03,0.98,29.74,0.94,212.17,4.05,81.96,12.12,18.23,-80.47,-34.31,38.47,31.62,52.35,31.2,1923,52345,31772,18517,7349,11673,4545,1.11,4107,1.2302526383114807,3.0363062352012626,14.516981132075472,264.52,VZ
6/30/2018,7.56,5.420634920634921,31.58,12.97,3.24,30.88,0.96,29.77,0.92,209.73,3.92,69.15,11.91,16.77,-79.34,-36.19,40.98,32.33,53.58,30.95,1750,53575,32203,18572,6617,10967,4120,1,4139,1.2976567447751741,3.159599074787972,12.648148148148147,263.3,VZ
9/30/2018,7.86,5.597964376590331,31.7,13.57,3.89,33.15,0.97,31.88,0.93,209.48,3.74,62.43,12.28,16.71,-76.85,-40.35,44,34.17,56.09,32.26,2538,56087,32607,19276,7675,12052,4924,1.19,4140,1.388012618,3.2424465733235075,11.311053984575835,265.56,VZ
12/31/2018,3.66,12.797814207650273,31.59,13.24,7.2,34.64,0.91,33.3,0.88,210.12,3.84,28.66,5.87,14.11,-73.81,-20.01,46.84,37.93,54.71,15.53,2745,54710,34281,18990,637,4989,1939,0.46,4132,1.4827477049699274,3.5377643504531724,6.5055555555555555,264.83,VZ
3/31/2019,3.88,12.829896907216495,31.57,13.89,6.32,33.4,0.87,31.98,0.83,226.49,3.94,28.88,5.94,14.39,-71.02,-21.28,49.78,38.61,57.46,16.02,2322,57460,32128,19138,7709,11940,5032,1.22,4140,1.576813430471967,3.583873290136789,7.8765822784810124,283.95,VZ
6/30/2019,3.64,13.348901098901099,31.44,14.01,6.18,33.31,0.87,32.14,0.84,225.16,3.89,28.01,5.77,15.18,-70.49,-21.68,48.59,38.21,57.95,15.84,1949,57947,32071,19350,7850,12082,3944,0.95,4139,1.5454834605597965,3.468236973590293,7.862459546925567,283.11,VZ
9/30/2019,3.89,13.339331619537274,31.75,14.58,6.9,34.9,0.89,33.36,0.85,224.56,3.72,27.96,5.77,15.51,-67.96,-22.75,51.89,39.21,60.31,16.11,3020,60312,32894,19510,8180,12294,5194,1.25,4140,1.6343307086614174,3.5589849108367626,7.5202898550724635,284.88,VZ
12/31/2019,4.65,11.468817204301073,31.85,15.19,4.3,37.47,0.84,36.05,0.8,228.89,3.64,32.3,6.74,18.67,-66.11,-27.96,53.33,44.87,62.84,19.27,2594,62835,34775,19144,6639,10744,5095,1.23,4140,1.6744113029827314,3.510862409479921,12.402325581395349,291.73,VZ
3/31/2020,4.3,10.967441860465115,31.03,14.9,4.29,40.71,0.99,39.07,0.95,232.85,3.78,30.3,6.37,17.82,-64.57,-27.33,47.16,41.06,61.65,18.39,7047,61653,31610,19314,6579,10729,4156,1,4141,1.5198195294875925,3.1651006711409395,10.993006993006992,294.5,VZ
6/30/2020,4.56,10.723684210526317,31.45,15.49,2.63,37.33,0.96,36.04,0.93,229.15,3.57,30.77,6.58,17.32,-65.92,-28.95,48.9,38.89,64.11,19.15,7882,64113,30447,18698,7361,11542,4700,1.13,4141,1.5548489666136724,3.156875403,18.59315589353612,293.26,VZ
9/30/2020,4.66,11.452789699570815,31.31,16.08,2.52,38.57,1.07,37.12,1.03,230.46,3.46,28.7,6.22,16.66,-63.83,-28.12,53.37,36.19,66.53,18.31,8983,66530,31543,19209,7678,11870,4357,1.05,4142,1.704567231,3.319029850746269,21.178571428571427,296.99,VZ
12/31/2020,4.52,11.785398230088497,31.74,16.74,2.21,54.59,1.38,52.8,1.33,247.21,3.57,27.22,5.93,16.29,-63.78,-27.59,53.27,39.66,69.27,17.8,22171,69272,34692,19870,7180,11377,4588,1.12,4142,1.6783238815374923,3.182198327359618,24.10407239819005,316.48,VZ
3/31/2021,4.56,11.68640350877193,31.28,17.56,2.65,39.65,1.02,38.34,0.99,272.89,3.76,27.72,6.03,15.75,-104.96,-25.31,53.29,38.73,72.68,18.89,10205,72683,32867,19345,7770,11944,5245,1.27,4142,1.7036445012787722,3.034738041002278,20.109433962264152,345.57,VZ
6/30/2021,4.83,10.747412008281573,32.08,18.14,5.21,35.63,0.89,34.21,0.85,274.08,3.65,28.19,6.11,15.18,-100.75,-23.99,51.91,40.08,75.11,19.99,4657,75112,33764,19509,8165,12185,5800,1.4,4143,1.618142144638404,2.8616317530319733,9.963531669865642,349.19,VZ
9/30/2021,5.33,9.493433396,32.4,18.96,5.45,40.28,0.97,37.97,0.92,274.97,3.5,29.83,6.46,14.95,-99.19,-23.91,50.6,41.36,78.49,22.04,9936,78489,32915,19387,8905,12866,6407,1.55,4144,1.5617283950617284,2.668776371308017,9.284403669724771,353.46,VZ
12/31/2021,5.33,9.242026266,32.24,19.82,4.64,36.73,0.78,33.67,0.71,283.4,3.41,28.52,6.24,14.57,-104.7,-21.55,49.26,47.16,83.2,22.07,2921,83200,34067,19071,7608,11659,4613,1.1,4150,1.5279156327543422,2.4853683148335013,10.616379310344827,366.6,VZ
3/31/2022,5.15,9.487378640776699,32.29,20.28,3.62,35.58,0.76,31.92,0.69,280.54,3.29,26.59,5.97,14.54,-102.97,-21,48.86,46.59,85.18,21.4,1661,85175,33554,19204,7796,12032,4580,1.09,4202,1.5131619696500465,2.4092702169625246,13.497237569060774,365.72,VZ
6/30/2022,4.99,9.873747495,32.18,20.8,3.52,37.5,0.76,33.85,0.69,282.79,3.24,24.89,5.71,14.21,-101.29,-20.38,49.27,49.22,87.36,20.8,1857,87357,33789,19369,7552,11873,5199,1.24,4202,1.531075201988813,2.36875,13.997159090909092,370.15,VZ
9/30/2022,4.61,8.097613882863339,32.38,21.14,3.41,39.75,0.75,36.61,0.69,286.31,3.23,22.4,5.22,13.76,-100.25,-18.86,37.33,53.14,88.78,19.29,2082,88783,34241,19640,7894,12218,4900,1.17,4204,1.1528721432983322,1.7658467360454113,10.947214076246333,375.09,VZ
3/31/2009,,,,,,62.2,1.53,48.99,1.2,91.69,1.33,,,,,,,40.69,68.8,,,,,,,,,,,,,,,TTE
6/30/2009,,,,,,69.12,1.49,53.12,1.14,100,1.43,,,,,,,46.53,69.87,,19477,69874,42845,20643,11769,14190,2957,1.32,2236,,,,,TTE
9/30/2009,,,,,,69.24,1.42,52.08,1.07,104.33,1.47,,,,,,,48.66,70.92,,19687,70917,49530,22461,13547,16164,2909,1.27,2296,,,,,TTE
12/31/2009,5.31,5.9736346516007535,82.81,,0.41,69.39,1.45,50.05,1.04,104.88,1.43,16.94,7.01,51.77,62.81,19.31,31.72,47.99,73.29,11.98,16264,73289,53509,23601,13104,15804,3050,1.36,2220,0.3830455259026687,,77.36585366,178.16,TTE
3/31/2010,5.56,5.169064748201439,88.02,,0.8,74.61,1.45,54.95,1.07,108.97,1.37,17.08,7.04,50.84,67.91,19.65,28.74,51.56,79.37,12.53,17949,79371,52001,21932,12679,15272,3614,1.61,2243,0.3265167007498296,,35.925,188.34,TTE
6/30/2010,6.06,3.7442244224422447,92.55,,2.44,74.07,1.45,54.76,1.08,108.02,1.37,18.13,7.53,46.08,67.69,21.02,22.69,50.94,78.87,13.71,18926,78873,53990,23456,8292,10634,4138,1.82,2279,0.24516477579686657,,9.299180327868854,186.9,TTE
9/30/2010,6.42,4.085669781931465,94.08,,3.09,77.25,1.36,58.96,1.04,112.2,1.51,18.9,7.81,44.4,62.41,22.16,26.23,56.74,74.29,14.45,23542,74294,51872,21013,12232,14754,3650,1.63,2245,0.27880527210884354,,8.488673139158577,186.49,TTE
12/31/2010,6.29,4.427662957074722,94.3,,3.66,77.29,1.45,56.58,1.06,110.62,1.38,18.13,7.53,48.29,68.38,21.28,27.85,53.45,80.22,14.18,19240,80224,54857,22597,18056,22706,2773,1.23,2256,0.2953340402969247,,7.609289617486339,190.84,TTE
3/31/2011,7.27,4.367262724,101.37,,2.55,86.66,1.4,65.45,1.06,118.19,1.36,20.51,8.53,50.35,74.12,24.08,31.75,61.77,86.71,16.41,23686,86713,68223,30965,15827,18408,5849,2.59,2255,0.31320903620400514,,12.450980392156863,204.9,TTE
6/30/2011,7.18,4.296657381615599,106.17,,8.36,85.19,1.25,62.24,0.92,126.94,1.42,19.53,8.09,48.31,76.76,22.95,30.85,68.01,89.66,16.16,19264,89657,64183,23335,7423,9920,3887,1.73,2253,0.2905717245926345,,3.690191387559809,216.6,TTE
9/30/2011,7.61,3.1182654402102497,111.73,,10.25,90.43,1.4,67.74,1.05,127.76,1.35,19.55,8.22,41.32,79.97,22.94,23.73,64.81,94.53,17.16,28238,94528,64804,23714,6986,9824,4652,2.06,2261,0.21238700438557237,,2.315121951219512,222.29,TTE
12/31/2011,7.72,3.6282383419689124,115.28,,1.86,88.67,1.36,63.43,0.98,131.84,1.36,18.97,7.99,51,79.36,22.48,28.01,65.05,96.65,17.43,19534,96645,63107,23673,31941,36042,3043,1.34,2264,0.24297362942401113,,15.059139784946236,228.49,TTE
3/31/2012,7.27,3.898211829436039,112.15,40.04,2.01,87.63,1.39,62.87,1,125.16,1.32,17.45,7.39,45.33,77.34,20.91,28.34,63.01,94.68,16.38,19404,94680,61322,19316,10017,12774,4801,2.12,2260,0.2526972804279982,0.7077922077922078,14.09950248756219,219.84,TTE
6/30/2012,6.44,3.9254658385093166,108.96,39.87,-3.47,82.29,1.32,60.3,0.97,124.99,1.33,15.29,6.53,42.98,76.48,18.56,25.28,62.14,94.27,14.53,21488,94274,57285,15784,5053,7780,2037,0.9,2264,0.23201174743024966,0.6340606972661149,-7.285302594,219.26,TTE
9/30/2012,6.07,4.695222405271829,105.36,39.17,-6.6,84.51,1.39,62.9,1.03,124.67,1.35,14.51,6.2,43.76,76.46,17.72,28.5,60.93,92.68,13.72,23225,92684,56912,18608,7664,11791,3837,1.69,2271,0.270501139,0.7275976512637222,-4.318181818,217.35,TTE
12/31/2012,6.09,4.921182266009852,103.38,42.37,2.25,89.08,1.38,66.13,1.02,130.23,1.36,14.47,6.19,23.08,78.69,17.67,29.97,64.61,95.66,13.65,22470,95658,58697,17600,5926,9781,2973,1.31,2267,0.2899013348810215,0.7073400991267407,13.32,225.89,TTE
3/31/2013,4.83,5.803312629399586,101.87,40.92,1.45,87.82,1.38,65.93,1.04,128.65,1.33,11.38,4.86,19.18,79.46,13.88,28.03,63.59,96.81,10.8,17977,96810,58020,17701,5269,8315,1948,0.86,2265,0.2751546088151566,0.6849951124144672,19.33103448275862,225.46,TTE
6/30/2013,5.39,5.333951762523191,100.99,40.82,-0.15,81.52,1.37,61.33,1.03,125.16,1.29,12.69,5.44,19.87,79.59,15.43,28.75,59.66,97.02,12.12,15786,97015,55506,15875,6041,8800,3364,1.48,2273,0.2846816516486781,0.7043116119549241,-191.6666667,222.18,TTE
9/30/2013,5.36,6.442164179104477,100.43,42.18,0.46,85.22,1.44,63.75,1.08,130.08,1.3,12.28,5.3,18.91,83.26,14.91,34.53,59.12,100.27,11.97,20568,100266,55676,16769,6968,11158,3682,1.62,2273,0.3438215672607786,0.8186344238975818,75.06521739130434,230.35,TTE
12/31/2013,4.98,7.439759036144577,100.4,45.57,0.23,84.6,1.37,62.51,1.01,135.84,1.31,11.3,4.9,18.05,84.98,13.72,37.05,61.67,103.38,11.23,20939,103379,58767,16775,5405,8768,2234,0.98,2272,0.36902390438247007,0.8130348913759051,161.0869565217391,239.22,TTE
3/31/2014,5.56,7.224820143884893,98.88,,1.08,87.12,1.44,65.36,1.08,137.01,1.29,12.4,5.4,18.55,87.49,15.05,40.17,60.51,106.38,12.62,23659,106384,54855,16523,6746,9920,3335,1.46,2277,0.40625000000000006,,37.19444444444444,243.39,TTE
6/30/2014,5.46,8.194139194139195,99.08,46.72,0.87,89.19,1.38,65.7,1.02,142.55,1.34,11.87,5.14,17.4,87.22,14.41,44.74,64.55,106.22,12.36,23169,106216,56207,15836,5310,8397,3104,1.36,2282,0.4515542995559144,0.9576198630136987,51.42528735632184,248.77,TTE
9/30/2014,5.32,7.597744360902255,98.32,45.62,0.81,88.02,1.44,67.15,1.1,142.79,1.38,11.56,4.96,16.08,85.72,14.05,40.42,61.07,103.79,12.14,25512,103790,54222,15594,5640,8928,3463,1.52,2285,0.41110659072416605,0.8860149057430953,49.901234567901234,246.58,TTE
12/31/2014,1.87,17.41711229946524,92.93,39.21,1.2,77.98,1.45,62.78,1.17,136.27,1.46,4.14,1.75,7.43,78.85,5,32.57,53.67,93.53,4.24,26474,93531,46734,11090,-6999,4311,-5658,-2.48,2282,0.3504788550521898,0.8306554450395307,27.14166666666667,229.8,TTE
3/31/2015,1.57,20.394904458598727,85.01,43.11,-0.35,76.2,1.44,60.81,1.15,129.8,1.32,3.56,1.5,4.97,81.88,4.28,32.02,52.88,98.12,3.57,27515,98120,36963,12759,3157,7581,2663,1.16,2285,0.3766615692271498,0.7427511018325216,-91.48571429,227.92,TTE
6/30/2015,1.5,21.41333333333333,77.52,43.88,-0.19,79.38,1.43,62,1.12,134.13,1.34,3.48,1.47,4.09,84.25,4.16,32.12,55.53,100.35,3.44,29761,100348,39269,12916,4028,7141,2971,1.29,2292,0.41434468524251805,0.7319963536918869,-169.0526316,234.48,TTE
9/30/2015,0.43,69,68.35,43.09,-0.83,75.22,1.42,60.45,1.14,129.96,1.31,1.08,0.46,1,83.52,1.28,29.67,52.89,99.16,1.06,29306,99161,34897,10657,1232,4751,1079,0.45,2398,0.4340892465252378,0.6885588303550708,-35.74698795,229.13,TTE
12/31/2015,2.19,13.817351598173516,61.57,39.1,-1.09,70.24,1.38,57.12,1.12,129.08,1.35,5.18,2.22,3.34,80.86,6.16,30.26,50.98,95.41,5.09,29459,95409,32292,10418,-3694,4584,-1626,-0.74,2355,0.4914731200259867,0.7739130434782608,-27.76146789,224.48,TTE
3/31/2016,1.7,18.25294117647059,57.11,42.48,-0.57,66.67,1.38,52.78,1.09,124.76,1.26,4.09,1.77,2.02,84.89,4.83,31.03,48.26,99.4,4.03,24009,99403,27522,9883,1303,4038,1606,0.67,2350,0.5433374190159342,0.7304613935969869,-54.43859649,224.16,TTE
6/30/2016,1.27,26.25196850393701,52.88,42.23,-0.51,67.73,1.35,52.71,1.05,124.46,1.23,3.19,1.39,0.45,86.68,3.75,33.34,50.29,100.89,3.15,24671,100889,31711,11163,1792,5153,2088,0.86,2457,0.6304841149773072,0.7894861472886575,-65.37254902,225.35,TTE
9/30/2016,1.61,20.540372670807454,51.2,42.25,-0.6,68.66,1.35,54.03,1.06,128.39,1.27,4.05,1.78,0.89,86.2,4.75,33.07,50.98,101.12,4.02,26556,101116,31825,10602,1862,5159,1954,0.79,2473,0.645898438,0.7827218934911243,-55.11666667,229.51,TTE
12/31/2016,2.52,14.202380952380953,52.91,41.79,-0.05,72.52,1.33,57.27,1.05,129.4,1.27,6.15,2.72,3.98,86.21,7.2,35.79,54.69,101.57,6.2,29145,101574,36867,12900,774,5804,548,0.19,2390,0.6764316764316765,0.8564249820531228,-715.8,230.98,TTE
3/31/2017,2.98,11.88255033557047,55.89,43.46,1.4,73.09,1.43,58.1,1.14,0.12,0,7.25,3.25,5.25,216.84,6.25,35.41,50.98,106.65,7.44,31497,106654,36093,12106,3198,7858,2849,1.13,2457,0.6335659330828413,0.8147722043258168,25.29285714285714,231.01,TTE
6/30/2017,2.91,12.127147766323024,56.86,44.14,2.34,73.99,1.47,59.72,1.18,123.95,1.13,7.05,3.19,5.61,95.84,6.09,35.29,50.43,109.96,7.39,32338,109960,34482,11084,2445,5375,2037,0.79,2485,0.6206472036581077,0.7995015858631627,15.081196581196581,233.91,TTE
9/30/2017,3.18,12.138364779874214,58.42,45.14,2.52,74.61,1.47,59.84,1.18,123.91,1.1,7.57,3.5,6.79,97.71,6.57,38.6,50.83,112.6,8.16,31162,112600,37082,12715,3728,6892,2724,1.06,2570,0.6607326258130777,0.8551174124944617,15.317460317460318,236.51,TTE
12/31/2017,3.35,12.065671641791045,59.61,45.09,3.84,84.95,1.5,68.43,1.21,128.59,1.13,7.79,3.66,6.92,99.45,6.77,40.42,56.71,114.04,8.63,36578,114037,41442,13783,1161,7018,1021,0.36,2495,0.6780741486327798,0.8964293634952317,10.526041666666668,242.63,TTE
3/31/2018,3.21,13.314641744548288,61.78,47.34,2.39,81.99,1.41,64.98,1.12,133.33,1.08,7.32,3.47,7.35,99.18,8.59,42.74,58.07,123.69,8.42,32381,123686,43292,13846,4122,7168,2636,0.99,2568,0.6918096471349952,0.9028305872412336,17.88284518828452,257.02,TTE
6/30/2018,3.8,11.942105263157895,65.32,45.11,3.01,79.86,1.35,61.47,1.04,131.74,1.1,8.59,4.09,8.88,95.7,10.31,45.38,59.28,120.26,10.1,30084,120263,46102,15503,4988,8496,3721,1.38,2646,0.6947336191059401,1.0059853690977612,15.076411960132893,252.01,TTE
9/30/2018,4.21,11.57482185273159,68.87,45.24,3.46,87.32,1.28,67.64,0.99,143.68,1.19,9.47,4.46,10.11,93.27,11.7,48.73,68.41,120.62,11.34,28805,120623,48400,16049,5889,9366,3957,1.47,2692,0.7075649774938289,1.0771441202475684,14.083815028901734,264.3,TTE
12/31/2018,4.24,9.41745283,69.91,44.73,4.32,79.8,1.28,64.92,1.04,138.65,1.17,9.49,4.44,10.32,89.19,12.13,39.93,62.23,118.11,11.45,31561,118114,46312,12892,1583,6136,1132,0.4,2624,0.5711629237591189,0.8926894701542589,9.243055555555555,256.76,TTE
3/31/2019,4.41,9.777777777777777,70.28,45.56,5.3,81.75,1.27,64.68,1,144.51,1.2,9.95,4.59,10.83,91.63,12.89,43.12,64.6,120.36,11.92,28805,120358,45124,15403,4962,8678,3111,1.16,2620,0.6135458167330676,0.9464442493415276,8.135849056603773,264.86,TTE
6/30/2019,4.03,10.870967741935484,70.07,44.71,5.48,82.98,1.25,66.57,1,148.28,1.24,9.16,4.16,10.15,90,12.04,43.81,66.39,119.22,10.96,30259,119224,45202,14812,4035,7854,2756,1,2625,0.6252319109461968,0.9798702751062403,7.994525547445256,267.5,TTE
9/30/2019,3.6,11.475,67.89,43.99,6.77,81.37,1.22,65.15,0.98,150.13,1.28,8.25,3.71,8.7,85.77,10.99,41.31,66.7,117.31,9.8,31235,117313,42538,14640,3617,7859,2800,1.04,2692,0.6084843128590367,0.9390770629688565,6.101920236336781,267.44,TTE
12/31/2019,4.17,10.534772182254196,66.3,45.85,4.96,85.27,1.21,68.13,0.97,153.99,1.29,9.46,4.2,9.81,86.13,12.75,43.93,70.24,119.31,11.27,31344,119305,43385,15173,3614,8238,2600,0.97,2702,0.6625942684766214,0.958124318,8.856854838709678,273.29,TTE
3/31/2020,3,10.203333333333333,60.42,43.98,4.3,78.09,1.17,66.53,1,148.75,1.3,6.97,3.06,6.79,81.61,9.54,30.61,66.68,114.43,8.19,28650,114434,38577,10509,-50,3680,34,-0.01,3400,0.5066203243958953,0.6959981809913598,7.118604651162791,263.18,TTE
6/30/2020,-1.27,-25.38582677,51.63,39.59,3.68,80.04,1.32,67.35,1.11,155.87,1.51,-2.58,-1.1,-0.64,70.43,-3.62,32.24,60.88,103.54,-2.94,36297,103539,21562,9537,-8237,-266,-8369,-3.27,2559,0.6244431532055007,0.8143470573377115,8.760869565,259.41,TTE
9/30/2020,-2.27,-12.96035242,41.22,20.68,1.61,77.6,1.35,65.22,1.13,152.57,1.46,-5.01,-2.1,-2.06,71.27,-7.15,29.42,57.66,104.41,-5.53,36604,104411,27217,10332,1266,8630,202,0.04,5050,0.7137311984473557,1.4226305609284333,18.273291925465838,256.98,TTE
12/31/2020,-2.93,-12.49829352,37.59,39.98,1.84,79.68,1.23,64.95,1,160.05,1.51,-6.76,-2.77,-3.38,72.56,-9.79,36.62,64.68,106.09,-7.24,35898,106085,32348,11840,1437,5233,891,0.34,2602,0.9741952646980578,0.9159579789894947,19.902173913043477,266.13,TTE
3/31/2021,-1.69,-24.47337278,40.85,,3.43,83.31,1.19,67.12,0.96,157.47,1.41,-3.69,-1.5,-0.59,78.45,-5.37,41.36,70.01,111.69,-3.93,34890,111685,38633,15235,4562,8035,3344,1.23,2645,1.0124847001223989,,12.058309037900873,269.16,TTE
6/30/2021,2.38,17.176470588235297,47.53,,4.44,87.44,1.16,68.28,0.91,162.13,1.47,6.14,2.5,7.37,77.22,8.87,40.88,75.18,110.58,6.64,33047,110576,41633,14914,4878,8165,2206,0.8,2758,0.8600883652430045,,9.207207207207206,272.71,TTE
9/30/2021,4.05,10.874074074074075,60.2,42.88,5.48,112.95,1.17,93.35,0.96,182.45,1.61,10.04,4.02,10.5,80.33,14.37,44.04,96.91,113.23,11.09,32881,113227,49070,16726,6381,9742,4645,1.71,2716,0.7315614617940199,1.027052239,8.036496350364963,295.68,TTE
12/31/2021,5.91,7.805414551607445,68.66,43.55,7.12,111.14,1.17,91.18,0.96,178.46,1.55,14.24,5.67,14.53,82.52,20.13,46.13,95.1,115,16.03,33657,114999,55298,19137,7996,12218,5837,2.18,2647,0.6718613457617245,1.0592422502870265,6.478932584269663,293.46,TTE
3/31/2022,6.53,7.324655436447166,78.51,45.93,7.48,146.98,1.2,122.52,1,204.72,1.71,15.38,5.94,17.78,87.35,21.54,47.83,122.64,119.86,17.63,38691,119855,63950,24302,9992,14570,4944,1.85,2614,0.6092217551904215,1.0413672980622686,6.394385026737967,324.58,TTE
6/30/2022,7.89,6.394169835234474,90.15,45.82,10.02,155.92,1.21,127.37,0.99,213.41,1.78,18.05,6.77,22.5,82.98,25.35,50.45,128.66,120,21.12,40711,119997,70445,25002,12866,16187,5692,2.16,2635,0.5596228508042151,1.1010475774770843,5.03493014,333.41,TTE
9/30/2022,8.74,5.171624714,97.18,46.07,14.73,174.04,1.18,149.62,1.02,229.04,1.9,19.43,7.1,26.54,84.3,27.41,45.2,147.23,120.67,23.1,47629,120672,64962,22160,13155,16187,6626,2.56,2588,0.46511627906976744,0.9811156935098764,3.0685675492192805,349.72,TTE
3/31/2009,,,,14.23,,2.18,0.82,1.76,0.66,8.48,1.94,,,,,,,2.67,4.38,,,,,,,,,,,,,,,LIN
6/30/2009,,,,16.12,,2.19,0.89,1.77,0.71,8.64,1.75,,,,,,,2.48,4.95,,33,4946,2138,948,447,654,299,0.96,312,,,,,LIN
9/30/2009,,,,17.62,,2.3,1.13,1.9,0.93,8.76,1.62,,,,,,,2.04,5.41,,65,5407,2288,1011,174,391,325,1.04,312,,,,,LIN
12/31/2009,4.02,16.56218905472637,28.7,18.43,2.61,2.22,1.23,1.85,1.02,8.67,1.54,24.62,9.13,16.73,3.44,42.15,66.58,1.81,5.65,1.25,45,5648,2407,1037,512,735,340,1.08,312,2.3198606271777003,3.612588171459577,25.509578544061302,14.32,LIN
3/31/2010,4.1,16.880487804878047,29.68,18.73,3.06,2.62,1.2,2.25,1.03,9,1.57,23.52,9,16.13,3.55,39.14,69.21,2.19,5.73,1.28,376,5730,2428,1047,479,707,314,1.01,311,2.331873315363881,3.695141484249866,22.617647058823525,14.73,LIN
6/30/2010,4.33,14.72055427251732,30.96,18.84,3.12,2.28,1.29,1.9,1.08,8.53,1.48,23.94,9.39,16.48,3.62,39.12,63.74,1.76,5.77,1.35,48,5767,2527,1090,547,777,371,1.19,311,2.0587855297157622,3.383227176220807,20.42948717948718,14.29,LIN
9/30/2010,4.5,16.913333333333334,31.78,20.66,3.31,2.45,1.32,2.05,1.1,8.73,1.38,23.89,9.6,19.63,4.13,38.08,76.11,1.86,6.33,1.4,71,6330,2538,1094,551,778,377,1.21,312,2.394902454,3.6839303000968053,22.993957703927492,15.06,LIN
12/31/2010,3.84,21.0625,32.49,20.21,1.66,2.38,1.13,1.98,0.94,9.13,1.49,19.94,8.05,19.16,3.95,31.37,80.88,2.11,6.15,1.2,39,6145,2623,1131,505,745,133,0.43,311,2.4893813481071096,4.001979218208807,48.72289156626506,15.27,LIN
3/31/2011,4.12,20.99757281553398,33.45,21.55,1.11,2.6,1.35,2.18,1.14,9.3,1.42,20.65,8.46,19.5,4.3,31.99,86.51,1.92,6.54,1.28,86,6537,2702,1166,591,835,398,1.29,309,2.586248131539611,4.014385150812065,77.93693693693693,15.83,LIN
6/30/2011,4.31,21.51972157772622,34.6,22.41,0.89,2.76,1.38,2.31,1.16,9.64,1.42,20.68,8.52,19.39,4.51,31.57,92.75,2,6.77,1.33,80,6770,2858,1218,627,881,425,1.38,308,2.680635838150289,4.1387773315484155,104.21348314606742,16.41,LIN
9/30/2011,4.5,17.86888888888889,35.93,20.42,0.92,2.7,1.25,2.26,1.04,9.78,1.6,21.66,8.74,19.75,3.95,33.16,80.41,2.17,6.12,1.39,125,6121,2896,1212,632,888,429,1.4,306,2.237962705260228,3.9378060724779624,87.40217391304347,15.9,LIN
12/31/2011,5.45,16.954128440366972,36.62,19.42,2.15,2.61,1.03,2.15,0.85,10.56,1.82,26.51,10.37,20.55,3.26,41.75,92.4,2.54,5.8,1.67,90,5797,2796,1198,618,867,420,1.38,307,2.5232113599126165,4.757981462409886,42.97674418604652,16.36,LIN
3/31/2012,5.54,17.978339350180505,37.24,20.98,1.8,2.76,1.28,2.28,1.06,10.72,1.71,27.14,10.31,20.56,3.69,43.96,99.6,2.15,6.27,1.69,107,6267,2840,1224,627,879,419,1.38,303,2.6745435016111703,4.747378455672068,55.33333333333333,16.99,LIN
6/30/2012,5.58,17.019713261648747,37.26,19.77,1.87,2.65,0.97,2.18,0.8,10.79,1.83,28.19,10.3,20.9,3.39,47.53,94.97,2.73,5.89,1.7,104,5894,2811,1209,636,883,429,1.42,302,2.5488459473966723,4.803743045017703,50.78609625668449,16.69,LIN
9/30/2012,5.61,16.258467023172905,36.98,21.36,1.63,2.85,1.12,2.37,0.93,11.29,1.78,27.95,10.04,19.95,3.82,47.98,91.21,2.55,6.35,1.7,108,6346,2774,1179,558,806,430,1.43,302,2.4664683612763656,4.270131086142322,55.95705521472393,17.64,LIN
12/31/2012,5.61,17.219251336898395,37.14,21.68,1.9,2.79,1.13,2.32,0.93,11.67,1.82,27.15,9.75,19.35,3.74,46.24,96.6,2.48,6.42,1.69,157,6421,2799,1216,616,870,414,1.38,302,2.600969305331179,4.455719557195572,50.84210526,18.09,LIN
3/31/2013,5.53,17.896925858951175,37.4,22.07,2.18,2.93,1.09,2.45,0.91,13.06,2,26.43,9.24,18.54,2.88,48.12,98.97,2.69,6.53,1.66,113,6526,2888,1250,600,866,391,1.3,300,2.646256684491979,4.484367920253738,45.39908256880734,19.59,LIN
6/30/2013,5.6,18.34107142857143,38.19,21.32,1.83,3.01,1.01,2.53,0.85,13.49,2.15,26.27,8.95,17.97,2.55,51.72,102.71,2.99,6.29,1.68,102,6285,3014,1304,665,940,445,1.49,299,2.6894474993453783,4.8175422138836765,56.12568306010928,19.77,LIN
9/30/2013,5.66,19.03886925795053,39.1,22.34,2.48,2.98,1.02,2.46,0.84,13.49,2.05,26.27,8.75,18.22,2.77,56.75,107.76,2.93,6.58,1.7,134,6575,3013,1316,670,951,445,1.49,298,2.756010230179028,4.823634735899732,43.45161290322581,20.06,LIN
12/31/2013,5.87,19.954003407155025,39.89,23.81,3,2.92,1.1,2.41,0.91,13.25,1.89,26.6,8.81,18.12,3.21,61.47,117.13,2.66,7,1.76,138,7003,3010,1311,690,977,474,1.59,299,2.9363248934570065,4.919361612767744,39.04333333333333,20.26,LIN
3/31/2014,6.08,19.404605263157894,40.44,23.89,3.46,3.05,1.25,2.53,1.04,13.54,1.94,26.98,8.99,18.24,3.14,62.06,117.98,2.43,7,1.81,144,6998,3026,1300,675,960,448,1.51,297,2.917408506429278,4.938467978233571,34.09826589595376,20.54,LIN
6/30/2014,6.17,19.39384116693679,40.86,25.02,4.84,3.16,1.24,2.62,1.03,13.62,1.86,26.31,8.97,17.94,3.42,58.47,119.66,2.55,7.31,1.83,173,7306,3113,1346,697,990,467,1.58,296,2.928536466,4.782573940847322,24.723140495867767,20.93,LIN
9/30/2014,6.3,18.446031746031746,41.41,23.82,4.51,3.06,1.03,2.51,0.85,13.44,1.94,26.42,9.09,18.04,3.14,57.8,116.21,2.96,6.94,1.87,168,6940,3144,1364,711,1012,477,1.62,295,2.806326974160831,4.878673383711167,25.767184035476717,20.38,LIN
12/31/2014,5.47,21.33638026,40.03,20.78,6.58,2.84,1.14,2.29,0.92,13.76,2.29,24.86,8.3,17.07,2.29,56.53,116.71,2.49,6.01,1.69,126,6010,2990,1301,525,816,302,1.02,296,2.9155633275043713,5.616458132820019,17.73708207,19.77,LIN
3/31/2015,5.32,20.44360902255639,38.97,18.71,5.4,2.73,1.17,2.19,0.94,13.73,2.55,25.92,8.29,17.12,1.8,62.49,108.76,2.34,5.39,1.66,117,5393,2757,1227,623,900,416,1.43,292,2.790864768,5.812934259754142,20.14074074074074,19.12,LIN
6/30/2015,4.76,22.756302521008404,37.76,18.65,5.7,2.82,1.26,2.27,1.01,13.72,2.57,25.38,7.67,16.13,1.7,67.41,108.32,2.25,5.34,1.5,136,5344,2738,1222,480,758,308,1.06,290,2.8686440677966103,5.808042895,19.003508771929823,19.07,LIN
9/30/2015,4.92,18.758130081300816,38.35,16.3,5.86,2.73,1.29,2.2,1.04,13.81,2.97,26.68,7.47,15.68,1.08,83.23,92.29,2.12,4.64,1.43,136,4644,2686,1198,594,870,401,1.4,287,2.4065189048239897,5.661963190184049,15.749146757679181,18.46,LIN
12/31/2015,5.36,17.423507462686565,37.22,16.82,3.99,2.63,1.39,2.1,1.11,13.53,2.82,30.67,8.25,16.64,1.24,106.49,93.39,1.89,4.79,1.55,147,4793,2595,1169,624,899,422,1.46,289,2.5091348737238044,5.552318668252081,23.406015037593985,18.32,LIN
3/31/2016,5.95,17.54285714285714,40.1,18.6,3.81,2.87,1.6,2.32,1.29,13.72,2.59,29.61,7.94,16.04,1.66,104.83,104.38,1.8,5.31,1.49,221,5305,2509,1128,554,826,356,1.24,287,2.6029925187032417,5.611827956989247,27.396325459317584,19.03,LIN
6/30/2016,5.32,19.398496240601503,37.03,19.45,1.63,3.26,1.33,2.7,1.1,14.26,2.57,31.11,8.35,16.64,1.79,109.53,103.2,2.46,5.55,1.58,567,5547,2665,1197,588,869,399,1.39,288,2.7869295166081556,5.305912596401028,63.312883435582826,19.81,LIN
9/30/2016,5.44,20.395220588235293,37.01,19.76,1.79,3.26,1.34,2.72,1.12,14.25,2.53,28.49,7.87,15.64,1.88,92.4,110.95,2.43,5.64,1.52,627,5638,2716,1183,497,781,339,1.18,288,2.9978384220480954,5.614878542510121,61.98324022346369,19.89,LIN
12/31/2016,5.45,19.743119266055043,36.85,19.1,1.99,2.88,1.16,2.33,0.94,13.89,2.55,27.36,7.69,15.37,1.74,84.93,107.6,2.48,5.44,1.5,524,5441,2644,1171,608,893,406,1.4,288,2.9199457259158748,5.633507853403141,54.07035175879397,19.33,LIN
3/31/2017,5.33,20.568480300187616,37.37,20.9,1.94,3.01,1.34,2.45,1.09,13.7,2.3,27.14,7.79,15.36,2.25,80.08,109.63,2.25,5.97,1.53,519,5965,2728,1179,567,854,389,1.35,287,2.9336366069039337,5.245454545454546,56.51030927835051,19.67,LIN
6/30/2017,5.35,23.037383177570096,37.93,21.89,5.22,3.12,1.03,2.55,0.84,13.71,2.19,26.43,7.81,15.56,2.51,73.5,123.25,3.04,6.26,1.54,535,6260,2834,1235,606,898,406,1.41,289,3.249406802003691,5.630424851530379,23.61111111111111,19.97,LIN
9/30/2017,5.62,23.119217081850536,38.61,23.51,5.43,3.24,1.11,2.66,0.91,13.64,2.03,26.56,8.17,16.45,2.93,68.68,129.93,2.92,6.73,1.62,607,6731,2922,1270,632,930,419,1.45,289,3.3651903651903656,5.526584432156529,23.928176795580114,20.38,LIN
12/31/2017,4.32,33.291666666666664,39.36,22.7,5.98,3.29,0.99,2.67,0.81,13.93,2.14,19.59,6.2,16.68,2.49,48.96,143.82,3.31,6.51,1.25,617,6511,2874,1292,639,946,33,0.11,289,3.653963414634146,6.335682819,24.050167224080266,20.44,LIN
3/31/2018,4.56,29.42324561403509,40.12,23.96,5.9,3.33,0.94,2.71,0.77,13.71,1.99,20.01,6.49,17.47,3.06,48,134.17,3.53,6.88,1.32,545,6884,2983,1322,653,964,462,1.59,291,3.3442173479561315,5.599749582637729,22.740677966101693,20.59,LIN
6/30/2018,4.8,30.79166666666667,40.77,22.7,6.11,3.16,0.97,2.56,0.78,13.31,2.04,20.92,6.86,18.26,2.8,49.38,147.8,3.28,6.53,1.39,479,6528,3044,1338,689,1000,480,1.65,291,3.625214618592102,6.511013215859031,24.1898527,19.84,LIN
9/30/2018,3.35,45.06268656716418,40.98,23.4,6.16,3.31,0.86,2.68,0.7,13.24,1.97,21.55,7.11,19.06,3.02,50.47,150.96,3.86,6.74,1.44,600,6735,3008,1310,669,975,461,1.58,292,3.6837481698389465,6.451282051282052,24.506493506493506,19.98,LIN
12/31/2018,3.24,45.47222222222222,48.4,104.3,5.3,17.27,1.33,15.62,1.21,36.31,0.64,22.69,11.39,18.96,13.98,76.62,147.33,12.96,57.08,4.38,4466,57080,5801,1846,3236,4506,2978,8.29,334,3.044008264,1.4125599232981785,27.798113207547175,93.39,LIN
3/31/2019,2.59,64.46718146718148,50.79,104.16,4.46,15.09,1.35,13.42,1.21,35.01,0.62,13.97,7.89,12.59,13.87,52.69,166.97,11.14,56.63,4.44,5791,56632,6944,2828,609,1842,517,0.94,549,3.287458161055326,1.6030145929339479,37.437219730941706,91.64,LIN
6/30/2019,1.9,100.78947368421053,53.51,97.68,3.21,10.68,1.02,8.97,0.85,34.31,0.65,10.33,6.13,9.57,10.13,43.69,191.5,10.52,52.88,4.48,2686,52879,7204,2924,669,1864,522,0.96,546,3.5787703233040555,1.9604832104832104,59.65732087227414,87.19,LIN
9/30/2019,3.25,57.107692307692304,56.07,95.37,3.22,9.81,0.9,8.16,0.75,33.1,0.65,8.72,5.33,8.32,9.2,40.29,185.6,10.88,51.29,4.75,2120,51294,7000,2939,1000,2097,735,1.35,544,3.3101480292491527,1.9461046450665827,57.639751552795026,84.39,LIN
12/31/2019,4.2,48.778571428571425,51.69,96.41,4.47,10.35,0.85,8.66,0.71,35.09,0.68,4.3,2.61,4.55,8.37,21.99,204.87,12.16,51.52,2.29,2700,51522,7080,2893,655,1817,511,0.94,545,3.9634358676726644,2.1249870345399855,45.83221476510067,86.61,LIN
3/31/2020,4.33,38.44803695150115,51.64,89.78,5.08,11.51,0.74,9.82,0.63,37.22,0.79,4.62,2.73,4.96,5.74,28.01,166.48,15.49,47.15,2.34,4014,47151,6739,2896,733,1875,573,1.07,535,3.2238574748257163,1.8543105368678992,32.77165354330708,84.37,LIN
6/30/2020,4.24,48.36320754716981,50.51,91.22,6.68,12.07,0.8,10.36,0.69,37.93,0.79,4.6,2.67,4.96,5.84,31.25,205.06,15.1,47.92,2.28,4941,47924,6377,2758,591,1715,458,0.87,529,4.059790140566225,2.247971935978952,30.697604790419163,85.86,LIN
9/30/2020,4.21,54.88598574821852,50.56,92.56,7.06,12.27,0.83,10.53,0.71,38.63,0.8,4.59,2.61,4.94,5.61,35.09,231.07,14.79,48.58,2.24,5199,48579,6855,3020,969,2137,700,1.32,530,4.570213607594936,2.4964347450302506,32.72946175637394,87.21,LIN
12/31/2020,4.71,54.496815286624205,51.27,94.73,7.59,10.92,0.8,9.2,0.67,38.66,0.78,5.18,2.89,5.57,5.18,44.72,256.68,13.74,49.57,2.5,3754,49569,7272,3186,1029,2221,770,1.45,531,5.006436512580456,2.709595693022274,33.81818181818182,88.23,LIN
3/31/2021,5.5,49.82909090909091,52.41,91.54,9.12,11.13,0.74,9.44,0.63,37.37,0.79,6.01,3.36,6.37,5.59,52.34,274.06,15.03,47.62,2.91,4096,47620,7243,3189,1213,2379,980,1.86,527,5.229154741461554,2.993882455757046,30.05043859649123,84.99,LIN
6/30/2021,6.23,45.55698234349919,54.84,91.43,9.34,10.45,0.71,8.75,0.6,37.13,0.79,6.82,3.82,7.35,5.1,61.28,283.82,14.68,47.22,3.29,3137,47215,7584,3390,1142,2313,841,1.6,524,5.175419401896425,3.104232746363338,30.387580299785867,84.35,LIN
9/30/2021,6.79,42.56111929307806,56.66,89.21,10.8,12.01,0.81,10.31,0.7,38.47,0.84,7.51,4.18,8,4.5,70.1,288.99,14.76,45.72,3.57,4700,45724,7668,3300,1292,2455,979,1.88,520,5.100423579244618,3.239435040914696,26.758333333333333,84.19,LIN
12/31/2021,7.32,46.77049180327869,58.87,89.31,12.72,10.16,0.75,8.43,0.62,36.18,0.8,8.23,4.57,8.71,4.59,77.39,342.36,13.64,45.43,3.83,2823,45428,8298,3371,1337,2472,1026,1.99,522,5.815525734669611,3.8333893181054752,26.91509433962264,81.61,LIN
3/31/2022,7.76,40.84793814,61.18,88.18,12.81,12.26,0.85,10.49,0.72,38.39,0.87,8.8,4.83,9.19,4.05,88.18,316.98,14.51,44.38,4.02,4464,44377,8211,3413,1480,2592,1174,2.3,511,5.181104936253678,3.594692674075754,24.74473067915691,82.77,LIN
6/30/2022,6.9,41.497101449275355,63.44,82.32,13.34,11.27,0.74,9.49,0.62,36.86,0.9,8.05,4.35,8.41,2.72,89.62,286.33,15.3,41.03,3.55,3655,41027,8457,3517,589,1680,372,0.74,505,4.513398486759143,3.4782555879494654,21.464017991004496,77.89,LIN
9/30/2022,7.56,35.66005291005291,66.25,78.74,13.6,11.2,0.74,9.35,0.62,35.4,0.91,9.06,4.86,9.31,2.55,110.62,269.59,15.06,38.93,3.85,3756,38926,8797,3512,1613,2658,1273,2.54,501,4.0692830188679245,3.423799847599695,19.822794117647057,74.32,LIN
3/31/2009,,,,18.28,,11.98,1.18,10.74,1.06,29.76,0.89,,,,,,,10.19,33.27,,,,,,,,,,,,,,,DIS
6/30/2009,,,,18.85,,11.5,1.34,10.27,1.19,28.29,0.83,,,,,,,8.61,34.3,,3128,34296,8596,1598,1577,1981,954,0.51,1874,,,,,DIS
9/30/2009,,,,19.48,,11.89,1.33,10.62,1.19,27.69,0.78,,,,,,,8.93,35.43,,3417,35425,9867,1595,1429,1854,895,0.47,1875,,,,,DIS
12/31/2009,1.75,16.05142857142857,19.3,20.23,2.22,12.95,1.11,11.75,1.01,31.36,0.83,9.38,5.12,11.23,8.79,34.32,28.09,11.67,37.96,3.31,3204,37958,9739,1414,1309,1732,844,0.44,1903,1.455440414507772,1.3885318833415718,12.653153153153152,69.31,DIS
3/31/2010,1.9,16.00526315789474,19.32,19.79,2.05,12.49,1.24,11.26,1.12,29.79,0.76,9.94,5.53,11.94,10.19,36.37,30.41,10.05,38.97,3.65,3075,38969,8580,1512,1441,1865,953,0.48,1973,1.574016563146998,1.536634663971703,14.834146341463416,68.76,DIS
6/30/2010,2.06,13.320388349514563,19.79,20.49,2.14,12.6,1.33,11.28,1.19,28.7,0.73,10.59,5.97,13.08,10.83,38.96,27.44,9.49,39.6,4.02,2951,39601,10002,2279,2243,2675,1331,0.67,1978,1.386558868,1.3391898487066864,12.822429906542055,68.31,DIS
9/30/2010,2.02,14.272277227722771,19.52,20.74,2.29,12.23,1.11,10.78,0.98,29.86,0.76,10.17,5.75,12.98,10.16,39.66,28.83,11,39.34,3.96,2722,39342,9742,1521,1463,1897,835,0.44,1948,1.4769467213114753,1.3900675024108005,12.58951965065502,69.21,DIS
12/31/2010,2.26,14.615044247787612,19.97,21.2,1.93,13.99,1.1,12.58,0.99,31.21,0.79,11.22,6.38,14.18,10.43,42.51,33.03,12.75,39.74,4.42,3039,39739,10716,1940,1928,2375,1302,0.68,1927,1.653980971457186,1.5580188679245284,17.11398964,70.95,DIS
3/31/2011,2.27,16.718061674008812,20.31,21.73,2.07,13.22,1.03,11.77,0.92,30.28,0.75,11.09,6.32,14.43,11.05,41.55,37.95,12.8,40.31,4.41,3094,40312,9077,1528,1528,1984,942,0.49,1934,1.8685376661742987,1.746433502,18.333333333333336,70.59,DIS
6/30/2011,2.37,14.506329113924052,20.84,22.48,1.97,13.64,1.07,12.1,0.95,30.18,0.74,11.37,6.46,14.79,11.69,42.06,34.38,12.77,40.92,4.56,3519,40922,10675,2446,2412,2888,1476,0.77,1912,1.6497120921305184,1.5293594306049823,17.451776649746193,71.11,DIS
9/30/2011,2.52,10.53968253968254,21.3,21.92,1.8,13.76,1.14,12.16,1.01,32.67,0.83,11.99,6.75,15.52,10.19,44.36,26.56,12.09,39.45,4.81,3185,39453,10425,1867,1858,2320,1087,0.58,1909,1.2469483568075117,1.2116788321167882,14.755555555555555,72.12,DIS
12/31/2011,2.64,12.72348484848485,21.65,21.44,2.45,15.06,1.11,13.54,1,34.45,0.87,12.41,6.91,15.96,10.19,46.1,33.59,13.52,39.42,4.97,3766,39423,10779,2192,2186,2671,1464,0.8,1824,1.5515011547344113,1.5666977611940298,13.710204081632654,73.88,DIS
3/31/2012,2.78,14.104316546762591,22.25,21.96,1.96,14.54,1.14,13.03,1.02,35.32,0.89,12.95,7.07,15.92,9.66,49.56,39.21,12.72,39.91,5.17,3731,39912,9629,1687,1649,2137,1143,0.63,1818,1.762247191011236,1.785519126,20.00510204081633,75.23,DIS
6/30/2012,3.02,14.38410596,22.79,23.26,2.56,14.75,1.33,13.27,1.19,33.22,0.79,13.74,7.45,16.62,11.96,52.63,43.44,11.12,42.07,5.53,4374,42073,11088,2960,2953,3475,1831,1.01,1812,1.9060991663010092,1.867583834909716,16.96875,75.29,DIS
9/30/2012,3.12,15.006410256410255,23.26,23.31,2.3,13.71,1.07,12.17,0.95,32.94,0.79,13.91,7.59,16.67,11.83,52.08,46.82,12.81,41.96,5.68,3387,41958,10782,2024,1975,2467,1244,0.68,1817,2.0128976784178847,2.0085800085800085,20.356521739130436,74.9,DIS
12/31/2012,3.09,14.653721682847898,23.65,24.09,2.03,14.32,0.99,12.88,0.89,37.27,0.86,13.39,7.32,16.08,8.41,53.52,45.28,14.5,43.37,5.6,3207,43370,11341,2092,2092,2606,1382,0.77,1800,1.9145877378435519,1.879618098796181,22.305418719211826,80.64,DIS
3/31/2013,3.29,15.699088145896656,24.14,24.52,2.71,15,1.12,13.6,1.01,37.21,0.84,13.92,7.65,16.59,9.22,57.65,51.65,13.45,44.14,5.97,3952,44144,10554,2195,2134,2684,1513,0.83,1825,2.13960232,2.106443719412724,19.059040590405903,81.36,DIS
6/30/2013,3.29,17.45288753799392,24.38,25.5,3.02,14.21,1.25,12.74,1.12,34.66,0.76,13.65,7.54,16.27,11.14,58.98,57.42,11.34,45.91,5.99,3932,45907,11578,3004,2944,3513,1847,1.01,1821,2.3552091878589008,2.251764705882353,19.013245033112582,80.57,DIS
9/30/2013,3.38,17.349112426035504,24.85,26.75,3.69,14.11,1.21,12.62,1.08,33.09,0.69,13.52,7.58,15.85,13.46,58.13,58.64,11.7,48.15,6.14,3931,48150,11568,2159,2066,2625,1394,0.77,1805,2.359758551307847,2.1921495327102805,15.89159891598916,81.24,DIS
12/31/2013,3.64,19.32142857142857,25.45,27.82,3.67,15.76,1,14.38,0.92,35.87,0.76,14.22,8.08,16.58,12.66,56.76,70.33,15.7,47.3,6.59,4397,47296,12309,5244,2646,3207,1840,1.03,1784,2.763457760314342,2.528037383,19.16348773841962,83.17,DIS
3/31/2014,3.89,18.948586118251924,26.25,28.02,3.83,15.05,0.99,13.7,0.9,34.94,0.73,14.81,8.55,17.86,13.03,55.67,73.71,15.16,47.64,7,4078,47640,11649,5677,2933,3513,1917,1.08,1770,2.808,2.6306209850107063,19.245430809399476,82.58,DIS
6/30/2014,4.16,18.973557692307693,27.02,28.6,3.52,15.21,1.14,13.78,1.03,35.11,0.72,15.43,8.95,18.57,13.42,56.28,78.93,13.35,48.61,7.4,4090,48612,12466,6102,3498,4055,2245,1.28,1748,2.9211695040710586,2.75979021,22.423295454545457,83.72,DIS
9/30/2014,4.25,19.284705882352938,27.76,28.34,3.73,15.17,1.14,13.6,1.02,35.96,0.75,15.65,8.99,19.01,12.86,57.73,81.96,13.29,48.18,7.5,3421,48178,12389,2396,2323,2913,1499,0.86,1734,2.9524495677233427,2.8920254057868733,21.973190348525467,84.14,DIS
12/31/2014,4.49,19.552338530066816,28.66,28.11,3.92,17.24,1.03,15.76,0.94,39.24,0.82,16.32,9.3,19.87,12.58,60.46,87.79,16.8,47.79,7.84,5077,47793,13391,5735,3208,3800,2182,1.27,1717,3.0631542219120727,3.123087869085735,22.39540816326531,87.04,DIS
3/31/2015,4.64,21.071120689655174,29.34,29.26,4.06,15.65,1.17,14.21,1.06,35.98,0.72,16.54,9.43,19.88,14.58,60.14,97.77,13.41,49.74,8.03,3745,49737,12461,5771,3106,3690,2108,1.23,1715,3.3323108384458076,3.341421736158578,24.08128078817734,85.72,DIS
6/30/2015,4.81,22.11850311850312,29.87,31.57,3.84,16.51,1.11,15,1.01,36.86,0.73,16.86,9.61,20.21,15.42,59.68,106.39,14.83,50.51,8.27,4475,50507,13101,6438,3762,4337,2483,1.45,1711,3.561767659859391,3.3699714919227115,27.705729166666668,87.37,DIS
9/30/2015,4.9,19.553061224489795,30.63,30.41,4.17,16.76,1.03,15.19,0.93,39.53,0.81,17.05,9.63,21.42,13.66,59.62,95.81,16.33,48.66,8.38,4269,48655,13512,6157,3095,3698,1609,0.95,1709,3.1279791054521713,3.150608353,22.97601918465228,88.18,DIS
12/31/2015,5.36,18.496268656716417,31.97,28.35,4.3,17.77,0.95,16.33,0.87,41.92,0.87,18.43,10.34,22.45,13.28,63.79,99.14,18.8,48.2,9.08,4301,48198,15244,6621,3908,4515,2880,1.73,1668,3.101032217704098,3.4970017636684303,23.05581395348837,90.12,DIS
3/31/2016,5.43,17.254143646408842,32.6,28.24,4.58,17,1,15.65,0.92,42.25,0.88,18.66,10.24,22.73,13.14,65.7,93.69,17.07,48.01,9.12,5015,48010,12969,6105,3363,3968,2143,1.3,1643,2.873926380368098,3.317634560906516,20.456331877729255,90.26,DIS
6/30/2016,5.57,16.569120287253142,33.69,28.32,5.16,17.62,0.98,16.26,0.9,42.77,0.89,19.13,10.27,23.22,13.35,69.1,92.29,18.07,48.15,9.23,5227,48146,14277,7076,4101,4727,2597,1.59,1631,2.739388542594242,3.258827683615819,17.885658914728683,90.91,DIS
9/30/2016,5.72,15.426573426573427,33.8,29.58,5.1,16.97,1.01,15.58,0.93,44.71,0.95,19.6,10.34,22.58,12.56,71.78,88.24,16.84,47.32,9.39,4610,47323,13142,5837,2830,3519,1771,1.11,1639,2.6106508875739647,2.9830966869506423,17.301960784313724,92.03,DIS
12/31/2016,5.54,18.010830324909747,33.89,29.49,4.73,16.67,0.86,15.37,0.8,44.4,0.94,18.86,9.86,22.18,12.49,69.76,99.78,19.32,47.18,8.99,3736,47177,14784,6378,3706,4393,2479,1.55,1603,2.944231336677486,3.3835198372329605,21.095137420718814,91.58,DIS
3/31/2017,5.74,18.912891986062718,34.38,29.54,4.74,16.27,0.94,14.97,0.86,44.54,0.94,19.45,10.08,22.74,12.59,72.44,108.56,17.37,47.27,9.24,3800,47267,13336,6367,3750,4426,2388,1.5,1591,3.157649796393252,3.6750169262017605,22.90295358649789,91.81,DIS
6/30/2017,5.66,17.973498233215548,34.68,28.78,5.32,17.15,1,15.85,0.93,46.7,1.01,19.18,9.78,22.1,11.42,73.4,101.73,17.09,46.05,9,4336,46051,14238,6521,3788,4499,2366,1.51,1572,2.9333910034602075,3.5347463516330784,19.122180451127818,92.75,DIS
9/30/2017,5.69,16.71177504393673,34.76,30,5.53,15.89,0.81,14.52,0.74,50.79,1.13,19.36,9.66,21.6,6.58,83.37,95.09,19.6,45,8.98,4017,45004,12779,5565,2531,3239,1747,1.13,1578,2.7356156501726123,3.1696666666666666,17.195298372513562,95.79,DIS
12/31/2017,7.05,14.829787234042554,35.63,31.39,6.1,17.27,0.87,15.97,0.8,50.65,1.08,23.57,11.56,21.28,8.72,111.14,104.55,19.88,47.08,10.92,4677,47083,15351,6622,3778,4520,4423,2.91,1521,2.9343250070165587,3.3306785600509716,17.139344262295083,97.73,DIS
3/31/2018,7.5,13.022666666666668,36.88,32.43,6.92,16.81,0.85,15.51,0.79,49.29,1.01,24.57,11.94,21.43,10.34,123.82,97.67,19.73,48.65,11.47,4179,48651,14548,7007,4024,4755,2937,1.95,1510,2.6483188720173536,3.0117175454825778,14.114161849710984,97.94,DIS
6/30/2018,7.94,12.836272040302267,37.99,33.38,6.47,17.73,0.88,16.41,0.81,48.72,0.97,25.2,12.32,21.4,11.87,128.18,101.92,20.21,50.07,12.02,4326,50071,15229,6881,3924,4668,2916,1.95,1498,2.682811266122664,3.053325344517675,15.75270479134467,98.79,DIS
9/30/2018,8.36,13.711722488038278,39.39,35.22,6.52,16.83,0.94,15.43,0.86,45.77,0.87,25.37,12.82,21.75,14.75,110.3,114.63,17.86,52.83,12.6,4150,52832,14306,6198,3078,3872,2322,1.55,1507,2.910129474,3.254684838160136,17.58128834355828,98.6,DIS
12/31/2018,7.31,14.819425444596444,39.51,36.26,6.3,17.54,1,16.18,0.92,45.55,0.84,21.29,11.09,20.88,16.36,82.24,108.33,17.62,54.39,10.96,4455,54393,15303,6302,3418,4150,2788,1.86,1498,2.741837509491268,2.9875896304467733,17.195238095238096,99.94,DIS
3/31/2019,8.91,12.310886644219977,39.58,58.58,5.76,34.28,0.77,32.83,0.74,110,1.05,20.61,10.54,14.97,2.3,119.07,109.69,44.38,104.34,13.48,10108,104339,14922,6546,2726,3554,5452,3.55,1537,2.7713491662455785,1.8724820757937863,19.04340277777778,214.34,DIS
6/30/2019,7.93,17.395964691046657,40.59,54.1,2.12,31.37,0.7,29.85,0.67,113.12,1.17,16.01,7.92,11.31,-6.56,183.6,137.95,44.59,96.36,12.32,6728,96356,20262,7425,2544,3850,1760,0.97,1814,3.3986203498398613,2.549907578558225,65.07075471698113,209.48,DIS
9/30/2019,6.96,18.612068965517242,42.57,52.72,0.67,28.12,0.9,26.48,0.85,100.1,1.07,12.67,6.16,8.9,-9.62,1785.78,129.54,31.34,93.89,11.05,5418,93889,19120,7273,1959,3260,1054,0.26,1666,3.0429880197322055,2.4571320182094083,193.34328358208953,193.98,DIS
12/31/2019,6.26,23.103833865814696,43.84,53.21,0.22,27.78,0.8,26.21,0.75,106.18,1.12,10.66,5.07,7.35,-8.21,-187.82,144.63,34.8,94.77,10.37,6833,94773,20877,7843,2685,3984,2107,1.16,1817,3.2990419708029193,2.7180981018605523,657.4090909090909,200.95,DIS
3/31/2020,2.96,32.63513513513514,44.06,53.27,-0.48,33.27,0.94,31.74,0.9,111.42,1.17,5.67,2.65,6.28,-7.48,-67.54,96.6,35.47,94.88,5.38,14339,94877,18025,6088,1216,2550,460,0.25,1816,2.1924648206990467,1.8134034165571613,-201.25,206.29,DIS
6/30/2020,-0.62,-179.8548387,39.4,50.79,1.75,41.33,1.34,39.77,1.29,117.19,1.3,-1.18,-0.54,0.63,-6.36,13.89,111.51,30.92,90.46,-1.1,23115,90463,11779,3883,-4996,1334,-4721,-2.61,1809,2.8302030456852796,2.1955109273479034,63.720000000000006,207.65,DIS
9/30/2020,-1.59,-78.03773585,36.06,49.56,1.99,35.25,1.32,33.67,1.26,113.29,1.28,-3.11,-1.4,-1.4,-8.6,37.38,124.08,26.63,88.26,-2.86,17914,88263,14707,3694,-846,489,-710,-0.38,1808,3.440931780366056,2.503631961,62.35175879396985,201.55,DIS
12/31/2020,-2.74,-66.12408759,33.48,49.82,1.45,34.87,1.31,33.39,1.26,113.16,1.28,-5.47,-2.42,-3.17,-7.71,65.72,181.18,26.55,88.73,-4.95,17068,88728,16249,4474,146,1444,17,0.01,1823,5.411589008363203,3.6366920915295062,124.95172413793104,201.89,DIS
3/31/2021,-2.5,-73.808,32.1,50.41,0.74,32.88,1.23,31.47,1.18,110.46,1.23,-5.05,-2.22,-3.28,-6.2,62.53,184.52,26.64,89.79,-4.51,15890,89786,15613,5831,1032,2304,901,0.49,1829,5.748286604361371,3.660384844,249.35135135135135,200.25,DIS
6/30/2021,0.61,288.1475409836066,34.89,51.16,0.77,33.97,1.24,32.62,1.19,111.1,1.22,1.26,0.56,1.17,-4.31,-16.79,175.77,27.41,91.12,1.13,16070,91122,17022,5789,1320,2586,918,0.5,1830,5.037833190025796,3.435691946833464,228.27272727272728,202.22,DIS
9/30/2021,1.09,155.2018348623853,36.89,52.22,1.09,33.66,1.08,32.33,1.04,110.6,1.19,2.2,0.99,2.12,-2.18,-39.12,169.17,31.08,93.01,2,15959,93011,18534,6193,507,1782,159,0.09,1828,4.5857956085660065,3.2395633856759862,155.2018348623853,203.61,DIS
12/31/2021,1.68,92.19642857142857,39.91,52.95,0.81,32.91,1.1,31.57,1.05,109,1.16,3.35,1.52,3.57,-0.32,-94.81,154.89,30.04,94.31,3.08,14444,94310,21819,7252,2196,3465,1104,0.6,1828,3.880982209972438,2.925212464589235,191.2222222222222,203.31,DIS
3/31/2022,1.45,94.59310344827587,41.91,53.15,0.85,31.43,1.06,30,1.01,107.79,1.14,2.84,1.31,3.83,0.77,-175.56,137.16,29.6,94.66,2.65,13272,94659,19249,6655,1405,2692,470,0.26,1828,3.272727272727273,2.580620884289746,161.36470588235295,202.45,DIS
6/30/2022,1.72,54.88372093023256,44.39,54.15,0.66,31.42,1.02,29.83,0.97,107.64,1.12,3.32,1.55,4.58,3.15,880.11,94.4,30.7,96.43,3.14,12959,96433,21504,7822,2390,3680,1409,0.77,1825,2.1266050912367653,1.7433056325023086,143.03030303030303,204.07,DIS
9/30/2022,1.72,54.843023255813954,45.28,55.52,0.58,29.1,1,27.36,0.94,104.75,1.06,3.27,1.55,4.59,6.15,129.05,94.33,29.07,98.88,3.15,11615,98879,20150,6592,542,1859,162,0.09,1827,2.0832597173144873,1.6990273775216138,162.63793103448276,203.63,DIS
3/31/2009,,,,3.12,,13.64,1.68,5.82,0.72,24.59,4,,,,,,,8.14,6.15,,,,,,,,,,,,,,,PM
6/30/2009,,,,3.44,,14.73,1.52,6.5,0.67,26.44,3.95,,,,,,,9.67,6.69,,2602,6687,15213,3949,2429,2631,1546,0.79,1961,,,,,PM
9/30/2009,3.36,7.6875,31.13,3.51,3.99,14.28,1.45,5.4,0.55,26.99,4.02,,,,,,25.83,9.84,6.71,,1602,6714,16573,4267,2850,3062,1798,0.93,1965,0.8297462255059428,7.358974358974359,6.473684210526315,,PM
12/31/2009,3.26,7.926380368,31.56,3.26,3.68,14.68,1.31,5.48,0.49,28.41,4.62,98.72,19.2,50.37,-6.51,-115.33,25.84,11.18,6.15,6.34,1540,6145,17008,4171,2441,2687,1522,0.78,1950,0.8187579214195184,7.926380368,7.021739130434782,34.55,PM
3/31/2010,,,,2.8,,13.08,1.37,4.8,0.5,28.98,5.58,106.21,19.38,51.89,-8.66,-101.1,,9.58,5.19,6.57,850,5194,15587,4124,2715,2938,1703,0.9,1878,,,,34.17,PM
6/30/2010,3.59,7.011142061281338,34.32,2.38,2.13,12.92,1.29,5.42,0.54,28.95,6.61,124.92,20.64,55.29,-9.19,-92.98,25.17,9.99,4.38,7.01,1584,4377,17383,4511,2906,3130,1982,1.07,1849,0.7333916083916084,10.575630252100842,11.816901408450706,33.32,PM
9/30/2010,3.79,8.211081794,35.81,2.71,1.86,15.48,1.13,7.23,0.53,31.96,6.49,136.23,20.24,56.6,-9.14,-83.92,31.12,13.71,4.92,7.03,3507,4923,16936,4324,2836,3066,1822,0.99,1830,0.8690309969282323,11.48339483394834,16.731182795698924,36.88,PM
12/31/2010,3.82,8.604712041884817,37.05,2.18,1.72,13.76,1.07,5.44,0.43,31.12,7.91,156.86,20.73,60.14,-10.1,-77.93,32.87,12.8,3.93,7.23,1703,3933,17807,4536,2743,2998,1719,0.96,1842,0.8871794871794871,15.077981651376145,19.11046511627907,35.05,PM
3/31/2011,4.08,9.124999999999998,37.54,2.42,2.31,13.39,0.93,5.12,0.36,31.24,7.25,169.46,21.11,65.03,-10.2,-76.94,37.23,14.34,4.31,7.43,1322,4310,16530,4496,3007,3246,1909,1.06,1794,0.9917421417155035,15.384297520661157,16.116883116883116,35.55,PM
6/30/2011,4.36,8.768348624,39.55,2.26,5.45,14.33,0.97,6.43,0.44,32.82,8.25,183.06,21.75,71.26,-10.7,-78.17,38.23,14.76,3.98,7.85,2178,3976,20234,5429,3712,3961,2395,1.35,1772,0.9666245259165613,16.91592920353982,7.014678899082568,36.79,PM
9/30/2011,4.72,7.658898305084746,42.14,1.4,5.85,15.09,0.94,7.64,0.48,33.78,13.86,228.86,23.36,79.85,-11.42,-79.07,36.15,16.05,2.44,8.39,3391,2438,20706,5515,3677,3932,2363,1.35,1749,0.8578547698149026,25.821428571428573,6.179487179,36.22,PM
12/31/2011,4.84,9.491735537190083,43.18,0.32,5.47,14.86,1,6.74,0.46,34.94,63.41,303.04,23.72,83.52,-13.07,-75.26,45.94,14.79,0.55,8.54,2550,551,18876,4979,2946,3196,1875,1.09,1762,1.0639184807781379,143.5625,8.398537477,35.49,PM
3/31/2012,5.03,10.40159045725646,44.45,0.22,5.19,15.34,1,8.03,0.53,36.02,95.29,478.39,24.24,86.64,-13.46,-72.2,52.32,15.28,0.38,8.78,3576,378,18022,5006,3403,3630,2149,1.25,1719,1.177052868391451,237.8181818181818,10.080924855491329,36.4,PM
6/30/2012,5.04,10.317460317460318,44.82,-0.66,4.87,15.56,0.93,8.25,0.49,36.91,-33.08,1544.56,24.16,90.69,-14.47,-66.32,52,16.83,-1.12,8.69,3846,-1116,20037,5454,3604,3826,2305,1.36,1701,1.1601963409192324,-78.78787879,10.677618069815194,35.8,PM
9/30/2012,5.01,10.798403193612776,44.62,-0.69,4.51,17.6,1.05,9.36,0.56,39.47,-34.03,-2537.19,23.41,88.77,-14.71,-61.34,54.1,16.73,-1.16,8.54,4817,-1160,19592,5336,3623,3839,2215,1.32,1683,1.2124607799193188,-78.4057971,11.995565410199557,38.31,PM
12/31/2012,5.18,9.810810811,45.57,-1.91,4.94,16.59,0.98,7.64,0.45,40.82,-12.94,-692.95,23.63,92,-16.67,-59.02,50.82,17.02,-3.15,8.75,2983,-3154,19742,5208,3233,3466,2083,1.24,1692,1.1152073732718895,-26.60732984,10.28744939271255,37.67,PM
3/31/2013,5.21,10.911708253358926,46.34,-2.47,4.65,16.66,1.15,8.69,0.6,41.47,-10.23,-367.61,23.37,90.39,-17.42,-55.11,56.85,14.51,-4.06,8.72,3981,-4055,18527,5095,3391,3613,2114,1.28,1646,1.226801899007337,-23.01619433,12.225806451612902,37.42,PM
6/30/2013,5.15,10.415533980582524,47.12,-3.22,4.5,16.76,1.14,8.54,0.58,42.37,-8.11,-250.85,22.65,85.01,-18.23,-50.87,53.64,14.71,-5.23,8.53,3586,-5225,20483,5216,3337,3556,2113,1.3,1631,1.1383701188455009,-16.65838509,11.92,37.14,PM
9/30/2013,5.27,10.28462998102467,48.26,-4.48,5.09,16.02,1,7.99,0.5,43.99,-6.12,-176.06,23.19,87.14,-19.66,-48.01,54.2,16.02,-7.19,8.64,3382,-7191,20629,5309,3599,3817,2328,1.44,1614,1.1230832987981767,-12.09821429,10.648330058939097,36.8,PM
12/31/2013,5.26,10.482889733840304,49.17,-3.95,5.51,16.85,0.99,7.01,0.41,44.44,-7.08,-150.03,22.82,82.52,-18.36,-46.33,55.14,17.07,-6.27,8.53,2154,-6274,20390,5187,3188,3411,1976,1.24,1622,1.1214154972544235,-13.95949367,10.007259528130673,38.17,PM
3/31/2014,5.16,10.15891472868217,49.14,-4.54,5.12,14.83,1.06,6.1,0.44,43.29,-6.05,-128.32,22.37,77.37,-19.4,-43.85,52.42,13.97,-7.16,8.29,1823,-7157,17779,4543,2951,3162,1875,1.18,1583,1.0667480667480669,-11.54625551,10.23828125,36.14,PM
6/30/2014,5.03,10.844930417495029,49.98,-5.01,4.92,14.71,1.08,6.44,0.47,44.17,-5.63,-112.7,21.76,71.48,-20.14,-41.37,54.55,13.58,-7.85,8.02,1541,-7847,21051,5101,2874,3090,1842,1.17,1571,1.091436574629852,-10.88822355,11.08739837398374,36.33,PM
9/30/2014,4.97,10.985915492957748,50.88,-5.58,4.75,14.76,0.98,6.78,0.45,44.08,-5.08,-104.68,21.47,68.08,-20.52,-39.99,54.6,15.12,-8.68,7.84,2043,-8677,21335,5122,3345,3578,2146,1.38,1560,1.0731132075471699,-9.784946237,11.494736842105263,35.4,PM
12/31/2014,4.76,11.338235294117647,51.04,-7.24,4.21,15.48,1.03,6.89,0.46,46.39,-4.14,-85.53,20.86,66.31,-22.58,-36.11,53.97,15.11,-11.2,7.46,1682,-11203,19941,4565,2532,2761,1596,1.03,1566,1.0574059561128526,-7.45441989,12.819477434679335,35.19,PM
3/31/2015,4.74,10.666666666666666,51.02,-7.91,3.54,14.28,0.95,6.72,0.45,45.5,-3.72,-73.77,21.04,71.43,-23.02,-34.19,50.56,14.98,-12.25,7.37,1524,-12246,17352,4387,2871,3063,1788,1.16,1548,0.990983928,-6.391908976,14.282485875706215,33.26,PM
6/30/2015,4.78,11.395397489539748,49.73,-7.62,4.22,13.77,0.9,6.57,0.43,44.51,-3.77,-67.49,21.71,79.54,-22.52,-33.45,54.47,15.39,-11.8,7.41,1838,-11798,18763,4481,2892,3077,1881,1.21,1549,1.0953146993766338,-7.148293963,12.907582938388627,32.71,PM
9/30/2015,4.65,11.73978494623656,48.59,-7.89,4.09,14.11,1,6.91,0.49,44.24,-3.62,-60.67,21.63,81.27,-22.25,-31.87,54.59,14.1,-12.23,7.2,2393,-12226,19422,4544,2959,3143,1935,1.25,1549,1.123482197983124,-6.918884664,13.347188264058682,32.01,PM
12/31/2015,4.42,13.84841628959276,47.72,-7.41,4.46,15.8,1.03,7.33,0.48,45.43,-3.96,-57.38,20.76,79.51,-21.51,-30.68,61.21,15.39,-11.48,6.85,3417,-11476,18371,4017,1901,2094,1245,0.8,1549,1.282690695725063,-8.260458839,13.724215246636772,33.96,PM
3/31/2016,4.24,16.28066037735849,47.34,-7.02,4.98,15.93,1.13,7.23,0.51,45.52,-4.18,-56.78,19.76,73.16,-21.24,-30.1,69.03,14.09,-10.89,6.59,2944,-10894,16788,3987,2473,2648,1525,0.98,1550,1.4581749049429658,-9.833333333,13.86144578313253,34.62,PM
6/30/2016,4.18,17.29665071770335,47.51,-6.96,4.11,16.05,1.27,8.06,0.64,45.6,-4.22,-57.17,19.17,66.75,-21.02,-30.17,72.3,12.67,-10.8,6.49,3814,-10799,19041,4285,2753,2938,1783,1.15,1551,1.521784887392128,-10.38793103,17.59124087591241,34.8,PM
9/30/2016,4.18,16.70334928229665,47.82,-6.65,4.35,16.57,1.16,9.09,0.64,45.89,-4.45,-59.66,18.67,63.64,-20.54,-30.77,69.82,14.26,-10.32,6.49,4884,-10317,19935,4550,2977,3165,1933,1.25,1551,1.4600585529067334,-10.49924812,16.050574712643677,35.58,PM
12/31/2016,4.48,14.834821428571425,17.21,-7.03,4.45,17.61,1.07,8.59,0.52,47.75,-4.38,-64.77,19.59,67.43,-20.69,-33.28,66.46,16.47,-10.9,6.95,4239,-10900,-29079,4472,2700,2895,1707,1.1,1551,3.8617083091226028,-9.453769559,14.934831460674156,36.85,PM
3/31/2017,4.52,18.30973451327434,10.29,-6.8,4.65,16.88,1.26,8.88,0.67,47.18,-4.47,-65.86,19.49,64.83,-20.56,-33.86,82.76,13.36,-10.56,7.01,5076,-10557,6064,3887,2416,2613,1587,1.02,1553,8.042759961,-12.17058824,17.79784946236559,36.63,PM
6/30/2017,4.51,19.25720620842572,2.46,-6.62,5.19,18.43,1.07,10.7,0.62,48.94,-4.76,-66.61,18.96,65.69,-20.42,-34.07,86.85,17.24,-10.28,7,6197,-10277,6917,4398,2737,2947,1776,1.14,1554,35.30487804878049,-13.11933535,16.734104046242773,38.66,PM
9/30/2017,4.53,18.293598233995585,-5.58,-6.2,4.32,20.86,1.13,12.58,0.68,51.58,-5.36,-68.03,18.26,64.61,-19.82,-34.54,82.87,18.51,-9.63,7.04,7667,-9633,7473,4738,3088,3313,1966,1.27,1554,-14.85125448,-13.36612903,19.18287037037037,41.95,PM
12/31/2017,3.87,20.58656330749354,18.51,-6.59,4.74,21.59,1.35,12.79,0.8,53.2,-5.2,-59.18,15.03,62.7,-20.33,-29.69,79.67,15.96,-10.23,6.02,8447,-10230,8294,5293,3340,3583,692,0.45,1553,4.3041599135602375,-12.08952959,16.80801687763713,42.97,PM
3/31/2018,3.85,19.683116883116885,19.04,-6.74,5.04,20.59,1.16,12,0.68,53.55,-5.11,-58.95,14.37,61.86,-20.6,-29.51,75.78,17.69,-10.48,5.99,7200,-10482,6896,4281,2426,2668,1553,1,1554,3.9800420168067228,-11.24332344,15.035714285714286,43.07,PM
6/30/2018,4.12,15.155339805825243,19.56,-6.54,5.44,20.03,1.15,11.1,0.64,50.89,-5.01,-63.23,15.18,62.46,-19.82,-31.8,62.44,17.44,-10.17,6.4,6587,-10168,7726,4982,3093,3339,2193,1.41,1555,3.192229038854806,-9.547400612,11.477941176470587,40.72,PM
9/30/2018,4.29,14.909090909090908,19.57,-6.4,5.36,18.54,1.19,10.1,0.65,49.32,-4.96,-65.45,16.08,62.97,-19.53,-33.28,63.96,15.6,-9.94,6.68,5880,-9942,7504,4886,3156,3402,2242,1.44,1555,3.2682677567705674,-9.99375,11.932835820895521,39.38,PM
12/31/2018,5.08,10.470472440944881,19.05,-6.91,5.17,19.44,1.13,10.64,0.62,50.54,-4.71,-76.41,19.38,63.69,-20.21,-39.4,53.19,17.19,-10.74,7.9,6593,-10739,7499,4718,2702,2957,1907,1.23,1555,2.7921259842519683,-7.697539797,10.288201160541586,39.8,PM
3/31/2019,4.95,14.412121212121212,18.96,-6.55,5.11,15.74,0.85,7.42,0.4,48.23,-4.74,-74.98,19.48,67.39,-18.09,-39.63,71.34,18.49,-10.19,7.69,3081,-10185,6751,4286,2050,2290,1350,0.87,1556,3.7626582278481013,-10.89160305,13.960861056751467,38.04,PM
6/30/2019,5.03,12.785288270377734,18.93,-6.05,4.9,17.16,0.95,8.91,0.49,49.33,-5.24,-77.65,19.9,70.59,-17.37,-41.59,64.31,18.05,-9.41,7.82,4008,-9409,7699,5034,3187,3419,2319,1.49,1556,3.3972530375066032,-10.62975207,13.124489795918366,39.92,PM
9/30/2019,4.81,13.139293139293141,19.02,-5.88,5.24,19.58,1.09,11.05,0.61,50.58,-5.52,-75.64,18.76,69.32,-16.96,-41.13,63.2,18.05,-9.16,7.47,6507,-9155,7642,5037,2788,3025,1891,1.22,1556,3.3228180862250265,-10.74829932,12.061068702290076,41.42,PM
12/31/2019,4.62,15.53896103896104,19.15,-6.17,5.94,20.51,1.09,11.28,0.6,52.47,-5.47,-74.77,17.67,67.16,-17.57,-40.97,71.79,18.83,-9.6,7.17,6861,-9599,7713,4935,2506,2761,1608,1.03,1556,3.748825065274152,-11.63533225,12.085858585858587,42.88,PM
3/31/2020,4.92,12.752032520325203,19.41,-7.1,5.95,16.86,1.02,7.82,0.47,48.56,-4.39,-77.9,18.9,70.75,-18.2,-43.59,62.74,16.58,-11.06,7.64,3746,-11063,7153,4751,2789,3030,1821,1.17,1558,3.2323544564657394,-8.836619718,10.54453781512605,37.49,PM
6/30/2020,4.68,13.081196581196581,18.73,-6.5,5,17.78,1.13,8.81,0.56,49.28,-4.87,-72.73,18.05,66.36,-17.72,-41.23,61.22,15.79,-10.12,7.26,4200,-10120,6651,4472,2731,2960,1942,1.25,1558,3.2685531233315537,-9.418461538,12.244,39.16,PM
9/30/2020,4.94,13.47570850202429,18.6,-6.58,6.01,17.45,1.12,9.29,0.6,49.37,-4.82,-74.81,19.34,69.33,-17.82,-43.04,66.57,15.53,-10.25,7.67,4821,-10245,7446,5030,3243,3482,2302,1.48,1558,3.5790322580645153,-10.11702128,11.076539101497504,39.13,PM
12/31/2020,5.17,14.423597678916826,18.42,-6.83,5.91,21.49,1.1,11.9,0.61,55.45,-5.22,-76.43,20.01,71.26,-18.61,-44.43,74.57,19.62,-10.63,8.04,7280,-10631,7444,4872,2905,3177,1971,1.26,1558,4.048317046688381,-10.91800878,12.617597292724195,44.82,PM
3/31/2021,5.55,14.594594594594595,18.69,-6.14,5.47,17.91,1.18,8.89,0.58,49.38,-5.16,-85.12,21.2,71.17,-17.29,-48.33,81,15.22,-9.57,8.63,3902,-9574,7585,5311,3444,3689,2418,1.55,1560,4.333868378812198,-13.19218241,14.808043875685557,39.8,PM
6/30/2021,5.69,16.091388400702986,19.29,-5.9,6.57,18.74,1.18,10.05,0.63,49.89,-5.42,-89.35,21.55,72.12,-17,-50.09,91.56,15.88,-9.2,8.86,4915,-9200,7594,5241,3129,3368,2166,1.39,1560,4.746500777604977,-15.51864407,13.93607305936073,40.69,PM
9/30/2021,5.76,15.395833333333336,19.71,-5.54,6.73,17.85,1,9.67,0.54,50.22,-5.82,-94.37,21.51,73.29,-18.34,-50.38,88.68,17.88,-8.63,8.97,4491,-8632,8122,5526,3455,3690,2419,1.55,1560,4.499238965,-16.00722022,13.176820208023774,41.59,PM
12/31/2021,5.83,15.451114922813035,20.13,-5.29,7.2,17.72,0.92,9,0.47,49.5,-6.03,-102.02,22.24,74.54,-17.71,-51.65,90.08,19.26,-8.21,9.08,4496,-8208,8104,5297,2947,3226,2080,1.34,1559,4.474913065,-17.02835539,12.511111111111111,41.29,PM
3/31/2022,5.78,15.621107266435986,20.26,-5.29,7.61,18.72,0.92,10.04,0.49,49.94,-6.09,-105.08,21.77,75.75,-17.62,-50.92,90.29,20.42,-8.2,9,4622,-8203,7746,5138,3298,3551,2331,1.5,1552,4.4565646594274435,-17.06805293,11.864651773981603,41.73,PM
6/30/2022,5.82,16.513745704467354,20.44,-4.68,7.47,18.38,0.89,10.83,0.53,48.22,-6.64,-112.14,21.88,78.97,-16.23,-51.82,96.11,20.55,-7.26,9.06,5036,-7260,7832,5184,3056,3343,2226,1.43,1552,4.7020547945205475,-20.53632479,12.866131191432396,40.96,PM
9/30/2022,5.61,14.611408199643492,20.41,-4.78,6.9,19.04,0.92,11.88,0.57,48.12,-6.5,-112.24,21.18,79.37,-15.75,-51.81,81.97,20.77,-7.4,8.72,5368,-7403,8032,5097,2968,3326,2082,1.34,1552,4.016168544830965,-17.14853556,11.879710144927536,40.72,PM
2/28/2009,,,,8.8,,2.87,4.51,0,0,1.28,0.28,,,,,,,0.64,4.61,,,,786,709,208,277,156,0.3,528,,,,,ADBE
5/31/2009,,,,9.15,,3.09,5.03,0,0,1.26,0.26,,,,,,,0.61,4.8,,2664,4801,705,633,161,226,126,0.24,528,,,,,ADBE
8/31/2009,,,,8.95,,2.99,4.87,0,0,1.27,0.27,,,,,,,0.61,4.7,,2556,4695,698,632,168,232,136,0.26,532,,,,,ADBE
11/30/2009,0.74,47.40540541,5.56,9.36,3.35,2.47,2.93,0,0,2.39,0.49,8.13,6.13,13.13,0.87,18.98,35.08,0.85,4.89,0.39,1904,4891,757,675,154,239,-32,-0.07,531,6.309352517985611,3.747863247863248,10.471641791044775,7.28,ADBE
2/28/2010,0.72,48.125,5.86,9.84,2.32,3.18,3.53,0,0,2.77,0.54,7.3,5.24,11.6,1.19,20.32,34.65,0.9,5.17,0.36,2672,5171,859,769,177,245,127,0.24,533,5.912969283,3.521341463414634,14.935344827586208,7.95,ADBE
5/31/2010,0.7,45.82857142857143,6.14,9.86,2.04,3.28,3.38,0,0,2.83,0.55,7.62,5.21,11.96,1.24,26.42,32.08,0.97,5.18,0.38,2645,5179,943,835,227,302,149,0.28,533,5.2247557003257326,3.2535496957403653,15.72549019607843,8.01,ADBE
8/31/2010,0.9,30.777777777777775,6.7,9.91,2.12,3.24,3.35,0,0,2.86,0.56,9.33,6.08,13.32,1.18,42.28,27.7,0.97,5.09,0.47,2578,5085,990,891,302,375,230,0.44,523,4.134328358208955,2.795156407669021,13.066037735849056,7.95,ADBE
11/30/2010,1.49,18.65771812080537,7.19,10.35,1.86,3.22,3.01,0,0,2.95,0.57,15.03,9.68,14.91,1.02,66.85,27.8,1.07,5.19,0.78,2468,5192,1008,901,287,363,269,0.51,526,3.866481223922114,2.6859903381642516,14.946236559139784,8.14,ADBE
2/28/2011,1.71,20.17543859649123,7.59,10.74,2,3.35,3.4,0,0,2.89,0.53,16.91,10.9,16.61,1.29,74.53,34.5,0.99,5.43,0.88,2637,5425,1028,920,302,369,235,0.46,511,4.545454545454546,3.212290502793296,17.25,8.31,ADBE
5/31/2011,1.88,18.420212765957448,7.84,10.92,2.32,3.39,3.23,0,0,2.95,0.55,18.26,11.77,17.21,1.27,80.79,34.63,1.05,5.39,0.96,2626,5389,1023,914,277,343,229,0.45,506,4.417091836734694,3.1712454212454215,14.926724137931037,8.34,ADBE
8/31/2011,1.83,13.792349726775955,7.98,11.29,2.31,3.47,3.36,0,0,2.93,0.53,17.21,11.15,16.51,1.4,74.39,25.24,1.03,5.56,0.93,2719,5564,1013,909,274,338,195,0.39,499,3.1629072681704256,2.2356067316209036,10.926406926406926,8.49,ADBE
11/30/2011,1.65,16.61818181818182,8.35,11.77,2.65,3.77,3.02,0,0,3.21,0.56,15.04,9.76,15.59,1.39,62.21,27.42,1.25,5.78,0.83,2912,5783,1152,1036,246,319,174,0.35,504,3.2838323353293415,2.3296516567544607,10.347169811320756,8.99,ADBE
2/29/2012,1.56,21.083333333333332,8.43,12.07,2.59,3.51,3.14,0,0,3.15,0.53,13.78,8.96,15.11,1.21,59.39,32.89,1.12,5.99,0.78,2766,5986,1045,937,289,359,185,0.37,500,3.9015421115065245,2.724937862468931,12.698841698841699,9.13,ADBE
5/31/2012,1.56,19.903846153846153,8.65,12.35,2.66,3.77,3.03,0,0,3.27,0.54,13.28,8.65,15.13,1.38,57.85,31.05,1.25,6.1,0.78,2998,6100,1124,994,305,382,224,0.45,501,3.5895953757225434,2.5141700404858303,11.672932330827066,9.37,ADBE
8/31/2012,1.57,19.91719745,8.78,13.01,2.49,4.01,3.43,0,0,3.19,0.5,12.9,8.45,14.75,1.74,54.92,31.27,1.17,6.44,0.78,3247,6439,1081,961,278,352,201,0.4,500,3.561503416856492,2.4035357417371253,12.558232931726906,9.63,ADBE
11/30/2012,1.66,20.849397590361445,8.79,13.49,2.44,4.4,3.46,0,0,3.38,0.51,13.21,8.72,15.13,1.99,52.75,34.61,1.27,6.67,0.83,3538,6665,1153,1028,308,386,222,0.44,503,3.9374288964732655,2.5656041512231282,14.184426229508198,10.04,ADBE
2/28/2013,1.42,27.68309859,8.68,13.58,2.43,4.37,3.46,0,0,3.36,0.49,10.95,7.26,12.36,2,40.1,39.31,1.26,6.81,0.71,3661,6805,1008,851,98,175,65,0.13,508,4.528801843317972,2.8946980854197353,16.17695473251029,10.17,ADBE
5/31/2013,1.12,38.31249999999999,8.41,13.77,2.15,4.56,3.6,0,0,3.35,0.48,8.42,5.63,9.68,2.15,28.69,42.91,1.27,6.93,0.57,3866,6927,1011,875,111,192,77,0.15,512,5.102259215219976,3.1161946259985474,19.95813953488372,10.28,ADBE
8/31/2013,0.88,51.98863636363637,8.19,13.62,2.1,3.89,2.92,0,0,3.4,0.5,6.57,4.39,7.54,1.44,23.57,45.75,1.33,6.84,0.45,3164,6835,995,848,110,193,83,0.16,514,5.586080586080587,3.3590308370044055,21.785714285714285,10.23,ADBE
11/30/2013,0.61,93.08196721311475,8.12,13.55,2.74,4.05,2.65,0,0,3.66,0.54,4.25,2.83,5.07,1.35,16.7,56.78,1.53,6.73,0.29,3174,6725,1042,894,103,184,65,0.12,513,6.992610837438424,4.190405904,20.722627737226276,10.38,ADBE
2/28/2014,0.55,124.78181818181817,8.12,13.26,2.69,3.94,1.87,0,0,3.64,0.55,4.02,2.64,4.96,1.26,17.55,68.63,2.11,6.61,0.27,3132,6611,1000,852,79,156,47,0.09,508,8.451970443349754,5.175716440422322,25.513011152416357,10.25,ADBE
5/31/2014,0.56,115.25,8.29,13.35,3.03,4.11,1.86,0,0,3.74,0.56,4.24,2.76,5.4,1.33,21.12,64.54,2.22,6.64,0.28,3330,6637,1068,913,135,213,89,0.17,507,7.785283474065141,4.834456928838952,21.300330033003302,10.37,ADBE
8/31/2014,0.48,149.79166666666669,8.08,13.5,3.16,4.28,1.91,0,0,3.76,0.56,3.68,2.37,5.06,1.49,18.12,71.9,2.25,6.73,0.25,3520,6731,1005,848,74,154,45,0.09,508,8.898514851,5.325925925925926,22.753164556962027,10.49,ADBE
11/30/2014,0.49,150.36734693877554,8.17,13.62,2.24,4.6,1.85,0,0,4.01,0.59,4.02,2.57,5.44,1.58,18.99,73.68,2.49,6.78,0.27,3739,6776,1073,912,125,203,88,0.18,508,9.018359853121176,5.409691629955948,32.892857142857146,10.79,ADBE
2/28/2015,0.61,129.67213114754097,8.08,13.18,1.62,3.97,2.22,0,0,4.42,0.67,4.59,2.88,6.47,0.56,24.69,79.1,1.79,6.59,0.31,3177,6589,1109,942,173,253,85,0.17,508,9.78960396,6.001517450682853,48.82716049382715,11.01,ADBE
5/31/2015,0.69,114.62318840579711,8.5,13.27,0.72,4.18,2.16,0,0,4.56,0.69,5.47,3.36,7,0.64,34.11,79.09,1.94,6.61,0.37,3413,6610,1162,977,194,280,147,0.29,506,9.304705882352941,5.9600602863602115,109.84722222222223,11.17,ADBE
8/31/2015,0.86,91.36046511627906,8.8,13.72,0.66,4.53,2.2,0,0,4.67,0.68,7.37,4.44,8.83,0.88,53.87,78.57,2.06,6.84,0.49,3669,6841,1218,1027,246,334,174,0.34,506,8.928409091,5.726676384839649,119.04545454545453,11.51,ADBE
11/30/2015,1.21,75.58677685950413,9.39,14.06,1.12,4.82,2.18,0,0,4.73,0.68,9.3,5.54,10.42,1.13,78.4,91.46,2.21,7,0.63,3988,7002,1306,1105,290,377,223,0.44,507,9.740149094781682,6.504978662873399,81.66071428571428,11.73,ADBE
2/29/2016,1.57,54.23566878980892,10.02,14.14,1.3,4.94,2.21,0,0,4.82,0.68,11.59,6.89,11.81,1.17,83.58,85.15,2.23,7.08,0.8,4098,7081,1383,1185,308,389,254,0.5,506,8.498003992015969,6.0219236209335225,65.5,11.9,ADBE
5/31/2016,1.76,56.51704545454545,10.49,14.53,3.25,5.24,2.2,0,0,4.97,0.69,12.71,7.56,13.27,1.31,79.71,99.47,2.39,7.25,0.9,4318,7249,1399,1197,344,429,244,0.48,505,9.482364156,6.845836200963524,30.606153846153845,12.22,ADBE
8/31/2016,1.96,52.19897959183674,10.99,14.64,3.56,5.42,2.16,0,0,5.09,0.7,13.87,8.23,14.46,1.39,79.36,102.31,2.51,7.28,0.99,4446,7278,1464,1261,369,453,271,0.54,504,9.309372156505914,6.988387978142076,28.73876404494382,12.37,ADBE
11/30/2016,2.32,44.314655172413794,11.6,15.02,3.96,5.84,2.08,0,0,5.27,0.71,16.11,9.51,16.28,1.6,85.34,102.81,2.81,7.43,1.17,4761,7425,1608,1392,472,554,400,0.8,504,8.862931034,6.844873501997337,25.962121212121215,12.7,ADBE
2/28/2017,2.62,45.16793893129771,12.22,15.33,4.46,5.76,1.95,0,0,5.46,0.72,17.78,10.44,17.81,1.35,92.94,118.34,2.95,7.59,1.31,4648,7589,1682,1444,469,550,398,0.8,501,9.684124386252046,7.719504240052186,26.533632286995516,13.05,ADBE
5/31/2017,2.89,49.08650519031142,13,15.82,4.78,6.05,1.99,0,0,5.56,0.71,19.18,11.21,19.26,1.56,97.8,141.86,3.05,7.8,1.44,4932,7804,1772,1533,504,586,374,0.75,500,10.912307692307694,8.967130214917827,29.677824267782427,13.37,ADBE
8/31/2017,3.19,48.63949843260188,13.77,16.58,5.15,6.58,2.05,0,0,5.74,0.7,20.55,12.01,20.66,1.93,98.88,155.16,3.22,8.17,1.59,5368,8170,1841,1578,546,628,420,0.84,500,11.267973856209151,9.358262967,30.128155339805822,13.91,ADBE
11/30/2017,3.39,53.530973451327434,14.58,17.22,5.46,7.25,2.06,0,0,6.08,0.72,21.16,12.35,21.92,2.25,95.58,181.47,3.53,8.46,1.69,5820,8460,2007,1736,649,731,502,0.99,501,12.446502057613168,10.538327526132404,33.23626373626374,14.54,ADBE
2/28/2018,3.76,55.61968085106383,15.39,17.52,5.85,7.48,2.12,0,0,6.34,0.73,22.73,13.24,23.66,2.44,91.89,209.13,3.54,8.63,1.88,6148,8634,2079,1820,703,779,583,1.17,499,13.588693957115009,11.936643835616438,35.74871794871795,14.97,ADBE
5/31/2018,4.34,57.43778801843318,16.25,17.75,6.54,7.74,2.08,0,0,6.46,0.74,25.53,14.8,25.03,2.56,94.48,249.28,3.73,8.71,2.17,6334,8706,2195,1914,698,775,663,1.33,498,15.340307692307693,14.04394366197183,38.116207951070336,15.16,ADBE
8/31/2018,4.84,54.44421487603306,17.18,18.12,7.05,6.3,1.66,0,0,6.53,0.74,27.86,16.08,26.27,1.06,116.25,263.51,3.79,8.86,2.41,4944,8862,2291,1996,719,805,666,1.34,497,15.338183934807915,14.542494481236202,37.37730496453901,15.4,ADBE
11/30/2018,5.21,48.15547024952015,18.13,19.2,7.55,4.86,1.13,0,0,9.41,1.01,29.13,16.11,25.07,-3.29,374.68,250.89,4.3,9.36,2.59,3229,9362,2465,2105,720,826,678,1.36,498,13.838389409817982,13.0671875,33.23046357615894,18.77,ADBE
2/28/2019,5.4,48.61111111111111,19.23,20.21,7.68,5.13,0.97,0,0,9.63,0.98,29.14,15.58,23.64,-2.85,-424.88,262.5,5.31,9.87,2.68,3226,9871,2601,2204,695,881,674,1.36,494,13.650546021840873,12.988619495299357,34.1796875,19.51,ADBE
5/31/2019,5.36,50.54104478,20.4,20.42,7.78,5.34,0.7,0,0,9.73,0.98,27.89,14.46,23.91,-2.68,-136.51,270.9,7.69,9.93,2.65,3479,9932,2744,2337,750,937,633,1.29,492,13.279411764705882,13.266405484818803,34.82005141388174,19.67,ADBE
8/31/2019,5.63,50.53463587921847,21.56,21.12,7.68,5.75,0.74,0,0,9.81,0.96,28.2,14.25,24.77,-2.26,-100.24,284.51,7.8,10.24,2.78,3651,10243,2834,2418,854,1047,793,1.61,491,13.196196660482375,13.471117424242424,37.045572916666664,20.06,ADBE
11/30/2019,6,51.58833333333333,22.7,21.8,8.19,6.5,0.79,0,0,10.23,0.97,29.09,14.76,27.94,-1.88,-121.95,309.53,8.19,10.53,2.95,4177,10530,2992,2539,969,1160,851,1.74,492,13.635682819383259,14.198623853211007,37.79365079365079,20.76,ADBE
2/29/2020,6.6,52.290909090909096,23.76,21.67,8.79,6.46,1.24,0,0,10.75,1.03,31.4,15.82,29.1,-1.85,-148.97,345.12,5.23,10.47,3.23,4171,10465,3091,2639,937,1125,955,1.96,488,14.525252525252524,15.926165205353021,39.26279863481229,21.21,ADBE
5/31/2020,7.58,51.002638522427446,24.64,22.67,9.08,6.65,1.29,0,0,10.72,0.99,35.13,17.69,28.87,-1.35,-201.47,386.6,5.16,10.88,3.7,4351,10881,3128,2713,1016,1204,1100,2.27,485,15.689935064935066,17.05337450374945,42.57709251101322,21.6,ADBE
8/31/2020,7.94,64.65869017632241,25.51,24.4,10.08,7.39,1.44,0,0,10.7,0.91,35.43,17.96,28.05,-0.47,-278.07,513.39,5.13,11.71,3.86,5264,11713,3225,2798,1069,1260,955,1.97,485,20.125049,21.040573770491804,50.93154761904762,22.41,ADBE
11/30/2020,10.84,44.13929889298893,26.49,27.69,10.94,8.15,1.48,0,0,11.02,0.83,45.42,23.5,26.99,1.16,-838.58,478.47,5.51,13.26,5.26,5992,13264,3424,2996,1215,1405,2250,4.63,485,18.062287655719143,17.279523293607802,43.73583180987203,24.28,ADBE
2/28/2021,11.49,40.00609225413403,28.24,28.28,11.97,7.38,1.27,0,0,11.44,0.84,45.07,23.87,28.87,-0.03,-3250.22,459.67,5.81,13.55,5.57,4963,13546,3905,3458,1454,1650,1261,2.61,483,16.277266288951843,16.254243281471005,38.40183792815372,24.99,ADBE
5/31/2021,11.54,43.72443674176777,29.77,29.04,13.66,8.08,1.32,0,0,11.73,0.85,42.63,22.96,29.89,0.35,2197.64,504.58,6.15,13.85,5.58,5768,13852,3835,3391,1406,1600,1116,2.32,481,16.949277796439368,17.37534435261708,36.93850658857979,25.58,ADBE
8/31/2021,12.09,54.89660876757652,31.3,30.28,13.68,8.62,1.39,0,0,11.73,0.81,42.41,23.13,30.84,1.02,932,663.7,6.19,14.41,5.84,6164,14414,3935,3468,1441,1634,1212,2.52,481,21.204472843450482,21.91875825627477,48.51608187134504,26.14,ADBE
11/30/2021,10.02,66.85129740518963,32.78,31.15,14.31,8.67,1.25,0,0,12.44,0.84,34.07,18.55,31.75,0.31,1167.55,669.85,6.93,14.8,4.82,5798,14797,4110,3603,1501,1706,1233,2.57,481,20.434716290420987,21.504012841091495,46.809923130677845,27.24,ADBE
2/28/2022,10.07,46.4428997,33.67,29.18,14.27,7.48,1.04,0,0,12.2,0.89,33.97,18.4,32.56,-0.76,2105.56,467.68,7.2,13.78,4.83,4701,13775,4262,3750,1580,1793,1266,2.66,475,13.890109890109889,16.027416038382455,32.77365101611773,25.98,ADBE
5/31/2022,10.24,40.671875,34.97,29.69,14.39,7.91,1.07,0,0,12.34,0.88,34.33,18.5,33.4,-0.47,19753.54,416.48,7.39,13.99,4.89,5299,13985,4386,3847,1529,1741,1178,2.49,473,11.909636831569918,14.027618726844056,28.94232105628909,26.33,ADBE
8/31/2022,10.14,36.828402366863905,36.24,30.78,15.1,8.49,1.14,0,0,12.37,0.86,33.82,18.11,33.89,0.07,-2262.28,373.44,7.44,14.37,4.81,5764,14373,4433,3887,1484,1700,1136,2.42,469,10.304635761589404,12.132553606237817,24.73112582781457,26.74,ADBE
11/30/2022,7.57,45.565389696169085,37.41,,,9,1.11,0,0,13.11,0.93,33.86,17.91,34.5,,,344.93,8.13,14.05,4.76,,,,,,,,,,9.220261962042235,,,27.17,ADBE
3/31/2009,,,,6.64,,15.38,2.32,13.64,2.06,16.56,1.26,,,,,,,6.63,13.13,,,,,,,,,,,,,,,BMY
6/30/2009,,,,7.05,,14.57,2.16,12.79,1.9,15.87,1.14,,,,,,,6.74,13.94,,8120,13936,4665,3440,1419,1596,983,0.49,1983,,,,,BMY
9/30/2009,,,,7.27,,13.39,1.81,11.56,1.56,16.58,1.15,,,,,,,7.39,14.37,,6669,14371,4788,3471,1477,1658,966,0.48,1984,,,,,BMY
12/31/2009,5.35,3.1233644859813086,9.49,8.65,1.97,13.96,2.21,12.55,1.99,16.22,1.1,75.37,34.89,26.15,6.7,150.77,16.71,6.31,14.79,10.59,8514,14785,5033,3600,1252,1434,8007,4.05,1978,1.7608008429926238,1.931791907514451,8.482233502538072,31.01,BMY
3/31/2010,5.46,3.2747252747252746,10.1,8.88,2,12.53,2.08,11.25,1.87,15.52,1.02,73.38,34.93,26.55,7.2,152.23,17.88,6.02,15.23,10.7,6776,15233,4807,3501,1366,1553,743,0.43,1725,1.7702970297029703,2.013513513513513,8.94,30.75,BMY
6/30/2010,5.5,3.0763636363636366,10.5,9.11,2.24,12.98,2.2,11.72,1.98,15.48,0.99,71,34.4,26.56,7.59,153.87,16.92,5.91,15.57,10.64,7454,15574,4768,3491,1531,1722,927,0.53,1728,1.6114285714285717,1.857299670691548,7.553571428571429,31.05,BMY
9/30/2010,5.57,3.3411131059245958,10.87,9.29,2.37,14.38,2.29,13.01,2.07,16.03,1.01,69.17,34.09,26.53,7.92,144.49,18.61,6.28,15.86,10.63,8359,15857,4798,3518,1581,1749,949,0.55,1726,1.7120515179392826,2.003229278794403,7.852320675105485,31.89,BMY
12/31/2010,1.79,10.150837988826817,11.29,9.2,2.36,13.27,1.97,12.07,1.79,15.44,0.99,19.84,9.91,28.09,7.04,41.55,18.17,6.74,15.64,3.09,7301,15638,5111,3697,1593,1654,471,0.28,1727,1.609388839681134,1.9750000000000003,7.699152542372882,31.08,BMY
3/31/2011,1.93,9.637305699481866,11.42,9.35,2.4,13.3,1.97,11.97,1.77,14.95,0.94,21.16,10.67,29.82,7.37,44.54,18.6,6.76,15.9,3.33,6793,15901,5011,3668,1729,1919,984,0.57,1714,1.628721541155867,1.9893048128342248,7.750000000000001,30.85,BMY
6/30/2011,1.92,10.734375,11.82,9.5,2.48,14.78,1.99,13.28,1.79,15.69,0.97,20.8,10.52,31.04,7.69,44.03,20.61,7.41,16.15,3.3,7670,16145,5434,3953,1768,1974,900,0.52,1722,1.7436548223350252,2.1694736842105264,8.310483870967742,31.83,BMY
9/30/2011,1.93,11.575129533678757,12.16,9.73,2.71,14.87,2.03,13.51,1.85,15.58,0.95,20.72,10.56,32.08,7.68,44.64,22.34,7.31,16.44,3.32,8193,16436,5345,3938,1767,1853,967,0.56,1715,1.837171052631579,2.2959917780061665,8.243542435424354,32.01,BMY
12/31/2011,2.15,11.786046511627907,12.37,9.42,2.61,15.32,1.97,13.93,1.79,17.1,1.08,23.01,11.6,32.56,7.16,49.52,25.34,7.78,15.87,3.7,8733,15867,5454,4087,1717,1863,850,0.51,1717,2.0485044462409054,2.6900212314225054,9.708812261,32.97,BMY
3/31/2012,2.22,11.04054054054054,12.53,9.65,2.52,11.77,1.63,10.3,1.43,16.16,1,23.61,11.82,33.81,4.63,56.24,24.51,7.21,16.25,3.82,5029,16246,5251,3948,2027,2166,1101,0.64,1706,1.956105347,2.539896373056995,9.726190476190476,32.41,BMY
6/30/2012,2.08,12.677884615384615,11.98,9.47,2.46,11.01,1.58,9.49,1.36,15.86,1,22.14,11.04,30.68,4.44,59.61,26.37,6.99,15.81,3.56,5037,15812,4443,3198,1059,1207,645,0.38,1701,2.201168614357262,2.784582893347413,10.719512195121952,31.67,BMY
9/30/2012,1.09,22.92660550458715,11.11,8.47,4.19,9.28,1.13,7.58,0.93,22.14,1.59,12.2,5.67,25.5,-2.82,56.2,24.99,8.2,13.9,1.89,2930,13900,3736,2749,571,766,-711,-0.43,1666,2.2493249324932494,2.9504132231404956,5.964200477326968,36.04,BMY
12/31/2012,1.15,21.2,10.42,8.37,3.79,9.52,1.15,7.86,0.95,22.26,1.63,13.15,5.76,20.04,-2.78,224.85,24.38,8.28,13.64,1.96,2829,13638,4191,3116,513,1004,924,0.57,1688,2.3397312859884836,2.912783751493429,6.432717678100263,35.9,BMY
3/31/2013,0.88,35.38636363636364,9.65,8.38,3.3,10.08,1.2,8.29,0.99,22.26,1.63,10.29,4.2,13.75,-2.52,-160.2,31.14,8.41,13.7,1.47,2533,13699,3831,2768,674,887,609,0.37,1655,3.2269430051813472,3.7159904534606203,9.436363636363637,35.96,BMY
6/30/2013,0.82,41.56097561,9.48,8.77,3.56,10.49,1.26,8.7,1.04,21.88,1.52,9.77,3.77,11.2,-1.64,-55.71,34.08,8.35,14.37,1.36,2799,14373,4048,2940,530,719,536,0.32,1660,3.594936708860759,3.885974914481186,9.573033707865168,36.25,BMY
9/30/2013,1.67,21.29940119760479,9.68,8.98,1.43,10.63,1.28,8.99,1.09,22.09,1.5,19.57,7.62,12.29,-1.11,-137.31,35.57,8.28,14.71,2.76,2722,14714,4065,2890,818,998,692,0.42,1662,3.6745867768595044,3.961024498886414,24.874125874125877,36.8,BMY
12/31/2013,1.55,26.729032258064514,9.87,9.28,1.81,18.92,1.52,17.42,1.4,23.36,1.53,17.67,6.95,13.53,5.82,1850.54,41.43,12.44,15.24,2.56,4525,15236,4441,3168,869,1050,726,0.43,1662,4.197568389057751,4.464439655172414,22.88950276243094,38.59,BMY
3/31/2014,1.74,23.275862068965516,9.84,9.42,2.44,14.01,1.86,12.36,1.64,17.89,1.15,19.32,7.97,14.53,6.28,123.71,40.5,7.52,15.53,2.89,7059,15531,3811,2843,985,1202,937,0.56,1666,4.115853658536586,4.2993630573248405,16.598360655737704,33.42,BMY
6/30/2014,1.62,23.50617283950617,9.74,9.32,2.15,14.06,1.8,12.4,1.59,18.12,1.18,17.67,7.55,13.85,6.49,61.51,38.08,7.8,15.38,2.69,7175,15379,3889,2898,448,483,333,0.2,1669,3.9096509240246404,4.085836909871245,17.711627906976744,33.5,BMY
9/30/2014,1.63,24.834355828220858,9.64,9.21,2.07,14.18,1.75,12.61,1.56,18.25,1.2,17.72,7.82,14.5,6.44,43.43,40.48,8.1,15.2,2.72,7221,15201,3921,2914,1008,1120,721,0.43,1670,4.199170124481327,4.395222584147665,19.555555555555557,33.45,BMY
12/31/2014,1.2,39.425000000000004,9.52,9.06,1.57,14.61,1.73,13.05,1.54,18.77,1.25,13.12,5.98,10.54,6.2,31.55,47.31,8.46,14.98,2,7435,14983,4258,3292,-60,43,13,0.01,1670,4.969537815126051,5.2218543046357615,30.13375796178344,33.75,BMY
3/31/2015,1.35,38.2962963,9.64,9.46,1.56,14.93,1.94,13.49,1.75,17.89,1.14,14.71,6.71,12.6,6.96,34.55,51.7,7.69,15.69,2.25,7607,15689,4041,3194,1448,1552,1186,0.71,1676,5.363070539419087,5.465116279069767,33.14102564102564,33.58,BMY
6/30/2015,1.07,50.13084112149532,9.81,9.22,0.94,13.06,1.76,11.75,1.58,16.66,1.09,11.71,5.39,10.95,6.75,27.17,53.64,7.44,15.29,1.79,5476,15291,4163,3150,52,143,-130,-0.08,1667,5.467889908256881,5.817787418655097,57.06382978723405,31.95,BMY
9/30/2015,1.06,45.556603773584904,9.88,9.2,0.64,12.93,1.81,11.8,1.65,16.51,1.08,11.59,5.42,10.93,6.78,26.6,48.29,7.16,15.27,1.78,5413,15273,4069,2972,987,1092,706,0.42,1678,4.887651821862348,5.248913043478261,75.453125,31.78,BMY
12/31/2015,0.97,58.15463917525773,9.89,8.68,0.77,10.42,1.3,9.19,1.15,17.32,1.2,10.32,4.85,9.48,6.12,23.53,56.41,8.02,14.42,1.57,4270,14424,4287,3335,-410,-334,-197,-0.12,1679,5.7037411526794735,6.498847926267281,73.25974025974025,31.75,BMY
3/31/2016,0.97,54.32989691,10.09,8.76,0.19,11.22,1.48,9.88,1.3,17.34,1.19,10.57,4.94,10.63,6.3,24.26,52.7,7.6,14.55,1.57,4307,14551,4391,3339,1655,1720,1195,0.71,1680,5.222993062438058,6.0159817351598175,277.3684210526316,31.89,BMY
6/30/2016,1.74,35.05172413793104,10.49,9.07,0.35,12.3,1.56,10.86,1.38,17.75,1.18,19.35,8.95,17.96,6.82,44.12,60.99,7.89,15.08,2.87,4651,15078,4871,3665,1615,1705,1166,0.69,1679,5.814108674928503,6.724366041896362,174.25714285714287,32.83,BMY
9/30/2016,2.04,21.92156862745098,11,9.49,0.82,13.2,1.47,11.72,1.3,17.95,1.14,22.5,10.34,20.7,7.53,50.29,44.72,9,15.78,3.37,5560,15781,4922,3617,1559,1664,1202,0.72,1679,4.065454545454545,4.712328767123288,54.53658536585366,33.73,BMY
12/31/2016,2.65,18.41509433962264,11.57,9.82,1.1,13.7,1.55,12.46,1.41,17.36,1.06,28.87,13.49,27.36,8.09,62.04,48.8,8.84,16.35,4.46,6350,16347,5243,3837,1086,1208,894,0.53,1680,4.217804667242869,4.969450101832994,44.36363636363636,33.71,BMY
3/31/2017,2.88,15.871527777777779,11.9,8.83,1.72,13.62,1.6,12.23,1.44,18.4,1.27,31.33,14.52,28.54,6.38,67.11,45.71,8.49,14.54,4.84,6109,14535,4929,3664,1955,2148,1574,0.94,1671,3.8411764705882354,5.176670441676104,26.575581395348838,32.94,BMY
6/30/2017,2.75,17.156363636363636,12.12,9.04,2.43,14.32,1.59,13.11,1.45,18.59,1.25,29.84,13.71,27.05,6.72,63.88,47.18,9.02,14.82,4.59,6505,14821,5144,3575,1295,1506,916,0.56,1650,3.892739273927393,5.219026548672566,19.415637860082303,33.41,BMY
9/30/2017,2.54,21.393700787401574,12.38,9.11,2.68,15.05,1.59,13.8,1.46,19.06,1.28,27.91,12.62,25.24,6.84,60.37,54.34,9.44,14.91,4.23,7122,14914,5254,3675,1183,1371,845,0.51,1645,4.389337641357027,5.964873765093305,20.276119402985074,33.98,BMY
12/31/2017,0.59,89.10169491525424,12.56,7.29,2.55,14.85,1.55,13.69,1.43,21.7,1.83,7.18,3.01,24.37,3.77,16.99,52.57,9.56,11.85,1.01,6812,11847,5449,3848,698,895,-2328,-1.4,1652,4.185509554140127,7.211248285,20.615686274509805,33.55,BMY
3/31/2018,0.56,97.51785714285714,12.78,7.9,2.78,14.65,1.52,13.42,1.39,20.18,1.56,6.75,2.74,24.43,4.93,16.52,54.61,9.62,12.91,0.92,6770,12906,5193,3609,1779,1922,1486,0.91,1640,4.273082942097027,6.912658227848101,19.643884892086334,33.08,BMY
6/30/2018,0.23,209.04347826086956,13.15,7.61,2.5,13.87,1.41,12.63,1.28,20.22,1.63,2.89,1.13,21.56,4.65,7.45,48.08,9.88,12.42,0.38,6075,12418,5704,4079,517,674,373,0.23,1636,3.6562737642585548,6.318002628120893,19.232,32.64,BMY
9/30/2018,0.88,61.73863636363636,13.43,8.43,2.26,14.87,1.53,13.59,1.4,19.98,1.45,11.25,4.31,27.51,5.96,29.67,54.33,9.69,13.75,1.43,6830,13750,5691,4043,2167,2332,1901,1.16,1636,4.0454207,6.444839857651246,24.03982300884956,33.73,BMY
12/31/2018,3.03,15.10891089108911,13.78,8.7,3.74,17.72,1.66,16.52,1.55,20.86,1.48,36.99,14.64,31.42,6.5,89.34,45.78,10.65,14.13,4.92,8759,14127,5973,4363,1505,1677,1160,0.71,1637,3.322206095791002,5.262068965517242,12.240641711229946,34.99,BMY
3/31/2019,3.16,13.41772151898734,14.23,9.36,3.89,17.09,1.93,15.81,1.79,19.52,1.27,37,15.11,31.53,7.76,82.78,42.4,8.84,15.32,5.14,8764,15317,5920,4096,1979,2149,1710,1.04,1637,2.9796205200281096,4.52991453,10.899742930591259,34.83,BMY
6/30/2019,3.8,10.7,14.58,9.87,4.52,37.72,3.88,36.41,3.75,39.01,2.42,41.81,15.63,29.49,8.62,86.05,40.66,9.71,16.15,6.2,29357,16151,6273,4301,1776,1945,1432,0.87,1637,2.788751715,4.119554204660588,8.995575221238939,55.16,BMY
9/30/2019,3.47,13.216138328530258,14.77,10.9,5.33,40.19,3.83,39,3.72,39.68,2.24,35.71,12.4,21.41,10.24,68.31,45.86,10.49,17.75,5.66,32542,17754,6007,4217,1349,1520,1353,0.83,1634,3.104942450914015,4.207339449541284,8.604127579737336,57.43,BMY
12/31/2019,2.19,26.730593607305938,15.77,23.2,4.31,29.35,1.6,25.06,1.37,78.25,1.51,13.63,4.96,10.01,-34.76,-168.95,58.54,18.3,51.7,3.44,15393,51698,7945,5453,-129,1107,-1056,-0.73,1712,3.7121116043119846,2.5232758620689655,13.582366589327147,129.94,BMY
3/31/2020,0.81,63.197530864197525,16.92,22.08,5.24,31.85,1.66,29.02,1.51,79.31,1.59,2.81,1.03,3.98,-34.14,-7.63,51.19,19.23,49.98,0.95,18322,49977,10781,7119,-304,2173,-775,-0.34,2258,3.0254137115839237,2.3183876811594204,9.769083969465647,129.29,BMY
6/30/2020,-0.1,-544.4,17.57,21.81,6.01,34.34,1.47,31.96,1.37,78.92,1.61,-1.34,-0.51,3.17,-30.59,2.52,54.44,23.42,49.16,-0.56,21658,49160,10129,7430,1627,4185,-85,-0.04,2263,3.0984632896983495,2.4961027051811095,9.058236272878535,128.08,BMY
9/30/2020,-0.11,-511.3636364,18.49,22.23,5.44,34.28,1.68,32.33,1.58,75.31,1.5,-0.09,-0.03,3.73,-26.99,0.14,56.25,20.46,50.23,-0.04,21155,50230,10540,8038,2257,4912,1872,0.82,2290,3.042184964845863,2.5303643724696356,10.340073529411764,125.54,BMY
12/31/2020,-4.01,-14.65336658,18.75,17.06,5.89,30.19,1.58,28.12,1.47,80.6,2.13,-19.26,-7.19,-7.6,-35.91,28.26,58.76,19.08,37.88,-9.02,15831,37882,11068,8158,-10451,-7761,-10027,-4.43,2258,3.1338666666666666,3.444314185228605,9.9762309,118.48,BMY
3/31/2021,-2.78,-21.67985612,18.87,16.89,5.84,27.11,1.56,25.16,1.45,74.76,1.98,-14.22,-5.13,-4.6,-33.67,19.56,60.27,17.33,37.67,-6.22,12930,37673,11073,8232,2530,5198,2021,0.89,2265,3.193958665,3.568383658969805,10.320205479452056,112.44,BMY
6/30/2021,-2.27,-28.10132159,19.59,16.6,5.19,29.16,1.54,27.02,1.42,73.92,2.01,-12.49,-4.35,-4.85,-31.72,15.84,63.79,18.99,36.87,-5.08,12970,36874,11703,9251,1553,4265,1055,0.47,2252,3.256253190403267,3.842771084337349,12.290944123314064,110.8,BMY
9/30/2021,-2.4,-23.90833333,20.17,16.79,6.55,31.44,1.47,29.28,1.36,73.61,1.97,-14.44,-4.78,-5.19,-28.17,16.7,57.38,21.46,37.28,-5.41,15663,37284,11624,9333,2157,4884,1546,0.69,2243,2.844819038175508,3.4175104228707567,8.760305343511451,110.89,BMY
12/31/2021,3.12,19.378205128205128,20.61,16.55,6.79,33.26,1.52,31.17,1.43,73.31,2.04,18.92,6.31,10.31,-27.02,-23.2,60.46,21.87,36.01,6.99,16966,36006,11985,9629,1858,4437,2372,1.07,2245,2.933527413876759,3.653172205438066,8.904270986745214,109.31,BMY
3/31/2022,2.82,25.52127659574468,21.1,14.86,6.82,30.12,1.32,28.02,1.23,71.39,2.26,17.63,5.76,9.64,-28.96,-21.58,71.97,22.82,31.65,6.25,14968,31645,11648,9177,1687,4271,1278,0.59,2164,3.410900473933649,4.843203230148049,10.552785923753666,103.03,BMY
6/30/2022,3.01,25.385382059800666,21.43,15.3,6.48,30.19,1.44,28.04,1.34,67.7,2.07,19.24,6.25,10.51,-25.48,-24.15,76.41,20.92,32.66,6.62,13228,32661,11887,9167,1958,4541,1421,0.66,2149,3.5655622958469433,4.994117647058823,11.791666666666666,100.36,BMY
9/30/2022,3.07,22.980456026058633,21.48,15.41,5.84,26.8,1.42,24.72,1.31,65.46,2,20.07,6.5,10.86,-26.56,-24.73,70.55,18.93,32.73,6.68,9027,32734,11218,8865,2209,4797,1606,0.75,2148,3.2844506517690872,4.578195976638546,12.080479452054794,98.2,BMY
3/31/2009,,,,7.14,,4.25,0.48,0,0,71.88,1.75,,,,,,,8.89,41.19,,,,,,,,,,,,,,,CMCSA
6/30/2009,,,,7.29,,6.54,0.62,0,0,73.42,1.76,,,,,,,10.56,41.81,,4051,41814,8978,5397,1875,3535,967,0.17,5782,,,,,CMCSA
9/30/2009,,,,7.42,,3.41,0.48,0,0,70.08,1.65,,,,,,,7.09,42.38,,918,42381,8845,5315,1711,3326,944,0.17,5754,,,,,CMCSA
12/31/2009,0.67,9.761194029850746,6.82,7.54,1.39,3.22,0.45,0,0,69.92,1.63,8.65,3.21,10.2,-35.68,-9.94,6.54,7.25,42.81,3.64,721,42811,9067,-2272,1817,3758,955,0.17,5770,0.9589442815249266,0.8673740053050398,4.705035971223022,112.73,CMCSA
3/31/2010,0.66,11.121212121212121,6.89,7.65,1.49,5.97,0.69,0,0,72.24,1.67,8.77,3.27,10.33,-35.28,-10.37,7.34,8.62,43.18,3.73,3524,43179,9202,3565,1935,3590,866,0.16,5674,1.065312046444122,0.9594771241830065,4.926174496644295,115.42,CMCSA
6/30/2010,0.65,10.476923076923075,7.04,7.75,1.47,6.59,0.76,0,0,72.1,1.66,8.49,3.2,10.56,-34.83,-10.28,6.81,8.69,43.52,3.65,4081,43524,9525,3737,2078,3765,884,0.16,5644,0.9673295454545454,0.8787096774193548,4.632653061,115.63,CMCSA
9/30/2010,0.63,11.317460317460316,6.57,7.86,1.24,7.17,0.81,0,0,72.66,1.66,8.24,3.1,10.84,-34.36,-10.19,7.13,8.86,43.87,3.57,4614,43868,9489,3578,1954,3624,867,0.16,5620,1.0852359208523592,0.9071246819338422,5.75,116.53,CMCSA
12/31/2010,0.65,13.4,6.72,8,1.1,8.89,1.08,0,0,74.1,1.67,8.31,3.12,10.98,-33.4,-10.55,8.71,8.23,44.43,3.64,5984,44434,9721,6125,2013,3804,1018,0.18,5640,1.2961309523809526,1.08875,7.918181818181818,118.53,CMCSA
3/31/2011,0.64,15.375,6.79,8.42,1.15,7.55,0.55,0,0,107.65,2.31,8.32,2.94,10.89,-57.56,-9.27,9.84,13.75,46.61,3.71,1896,46607,12128,4066,2224,5250,943,0.17,5610,1.4491899852724595,1.168646080760095,8.556521739130435,154.26,CMCSA
6/30/2011,0.68,14.897058823529411,7.67,8.53,0.47,8.35,0.66,0,0,107.88,2.3,8.47,2.83,11.54,-56.85,-8.45,10.13,12.7,46.91,3.85,1997,46905,14333,4801,2938,6506,1022,0.19,5578,1.320730117340287,1.187573271,21.553191489361705,154.78,CMCSA
9/30/2011,0.69,12.173913043478262,8.58,8.63,0.58,8.58,0.61,0,0,109.82,2.34,8.41,2.66,11.92,-56.65,-7.61,8.4,14.15,47.01,3.89,1806,47012,14339,4574,2641,6454,908,0.17,5522,0.9790209790209791,0.9733487833140209,14.482758620689657,156.83,CMCSA
12/31/2011,0.77,12.493506493506493,9.6,8.81,0.86,8.57,0.65,0,0,110.16,2.31,8.84,2.67,12.58,-56.76,-7.3,9.62,13.24,47.66,4.16,1674,47655,15042,9159,2918,6934,1287,0.23,5556,1.0020833333333332,1.0919409761634504,11.186046511627906,157.82,CMCSA
3/31/2012,0.81,15.02469135802469,10.58,8.87,1.11,9.36,0.6,0,0,110.13,2.3,9.38,2.83,13.27,-56.35,-7.84,12.17,15.63,47.82,4.44,2207,47821,14878,5897,2758,6841,1224,0.23,5488,1.1502835538752363,1.3720405862457723,10.963963963963963,157.95,CMCSA
6/30/2012,0.88,14.886363636363637,10.81,9,1.79,11.35,0.72,0,0,109.51,2.27,10,3.03,13.55,-55.98,-8.45,13.1,15.74,48.18,4.77,4332,48179,15211,6295,3079,7007,1348,0.25,5434,1.211840888066605,1.4555555555555555,7.318435754189943,157.69,CMCSA
9/30/2012,1.1,13.318181818181817,11.28,9.28,1.8,18.07,1.04,0,0,113.11,2.29,12.38,3.76,14.05,-54.98,-10.66,14.65,17.34,49.34,5.97,10300,49341,16544,6238,3048,8147,2113,0.39,5406,1.2987588652482271,1.5786637931034484,8.138888889,162.45,CMCSA
12/31/2012,1.15,13.434782608695652,11.5,9.43,1.68,19.99,1.2,0,0,115.18,2.31,12.72,3.86,14.4,-54.39,-11.19,15.45,16.71,49.8,6.2,12415,49796,15937,6378,3294,-2018,1518,0.28,5434,1.3434782608695652,1.6383881230116648,9.196428571428571,164.97,CMCSA
3/31/2013,1.19,14.588235294117647,11.65,9.24,1.66,11.78,0.65,0,0,107.71,2.21,13.1,4,14.31,-55.29,-11.63,17.36,18.02,48.65,6.42,4680,48651,15310,6181,3067,7006,1437,0.27,5350,1.4901287553648068,1.8787878787878787,10.457831325301205,156.36,CMCSA
6/30/2013,1.27,13.661417322834646,11.91,9.43,1.35,12.74,0.69,0,0,107.33,2.17,13.79,4.25,14.26,-54.39,-12.42,17.35,18.6,49.49,6.8,5154,49486,16270,6732,3435,3453,1734,0.33,5332,1.4567590260285475,1.8398727465535527,12.851851851851851,156.82,CMCSA
9/30/2013,1.2,15.76666666666667,11.88,9.58,1.36,13.41,0.72,0,0,106.46,2.12,12.97,4.05,14.3,-53.64,-11.8,18.92,18.67,50.13,6.42,5735,50134,16151,6613,3414,5330,1732,0.33,5316,1.5925925925925926,1.9749478079331944,13.911764705882353,156.6,CMCSA
12/31/2013,1.28,17.0859375,12.13,9.79,1.06,14.08,0.74,0,0,107.76,2.11,13.68,4.34,14.38,-52.73,-12.62,21.87,18.91,51.06,6.82,5291,51058,16926,6886,3647,5645,1913,0.36,5330,1.8029678483099751,2.2339121552604704,20.632075471698112,158.81,CMCSA
3/31/2014,1.37,15.43795620437956,12.56,9.93,1.07,14.04,0.79,0,0,106.14,2.06,14.33,4.6,14.81,-51.98,-13.63,21.15,17.8,51.63,7.25,5443,51632,17408,6751,3568,5538,1871,0.36,5290,1.6839171974522291,2.1299093655589125,19.766355140186914,157.77,CMCSA
6/30/2014,1.42,16.049295774647888,12.71,10.11,1.22,12.77,0.74,0,0,105.13,2.01,14.64,4.76,15.11,-51.59,-14.3,22.79,17.38,52.33,7.51,3854,52332,16844,7048,3804,5804,1992,0.38,5256,1.7930763178599527,2.254203758654797,18.68032786885246,157.46,CMCSA
9/30/2014,1.59,14.421383647798741,12.88,10.41,1.4,13.94,0.82,0,0,105.58,1.97,16.04,5.29,15.29,-50.12,-16.22,22.93,17.08,53.65,8.37,5078,53653,16791,7002,3745,5704,2592,0.5,5232,1.780279503,2.202689721,16.37857142857143,159.24,CMCSA
12/31/2014,1.6,15.456249999999999,13.09,10.44,1.81,13.53,0.78,0,0,106.12,2,15.91,5.29,15.38,-50.59,-16.41,24.73,17.41,53.07,8.38,4512,53068,17732,7223,3787,5877,1925,0.37,5240,1.8892284186401833,2.3687739463601534,13.662983425414364,159.19,CMCSA
3/31/2015,1.65,14.715151515151517,13.29,10.45,1.92,12.92,0.7,0,0,106.25,2.02,16.2,5.4,15.75,-51.01,-16.86,24.28,18.5,52.51,8.57,4095,52511,17853,7316,3890,5956,2059,0.41,5112,1.8269375470278406,2.3234449760765554,12.645833333333334,158.76,CMCSA
6/30/2015,1.69,15.360946745562131,13.79,10.58,2,13.32,0.76,0,0,106.95,2.03,16.44,5.47,16,-50.86,-17.2,25.96,17.57,52.73,8.71,3630,52729,18743,7800,4105,6266,2137,0.42,5062,1.8825235678027559,2.4536862003780717,12.98,159.67,CMCSA
9/30/2015,1.6,15.34375,14.31,10.57,2.02,11.5,0.66,0,0,106.99,2.06,15.44,5.1,16.34,-51.79,-15.9,24.55,17.36,51.97,8.12,2030,51965,18669,7697,4001,6184,1996,0.4,5004,1.7155835080363382,2.3226111636707665,12.153465346534654,158.96,CMCSA
12/31/2015,1.62,15.098765432098764,14.75,11.05,2.15,12.3,0.68,0,0,112.6,2.09,15.46,5.07,16.31,-55.28,-15.63,24.46,18.18,53.98,8.16,2295,53978,19245,7822,4002,6272,1971,0.4,5035,1.6583050847457628,2.2135746606334843,11.376744186046512,166.57,CMCSA
3/31/2016,1.65,16.121212121212125,15.07,11.23,2.15,15.18,0.8,0,0,116.09,2.13,15.46,5.02,16.08,-55.14,-15.47,26.6,19.08,54.51,8.24,5628,54512,18790,7833,4089,6367,2134,0.43,4925,1.7650962176509621,2.3686553873552985,12.372093023255815,170.6,CMCSA
6/30/2016,1.65,17.27878787878788,15.31,11.46,2.25,14.78,0.84,0,0,116.71,2.11,15.07,4.87,15.63,-55.08,-14.96,28.51,17.6,55.28,8.13,4665,55276,19269,8014,4066,6455,2028,0.41,4891,1.8621815806662312,2.487783595113438,12.671111111111111,171.99,CMCSA
9/30/2016,1.71,17.04093567251462,15.96,11.66,2.05,15.23,0.84,0,0,122.1,2.19,15.25,4.87,15.45,-57.55,-15.01,29.14,18.04,55.82,8.37,2807,55823,21319,8320,4440,6835,2237,0.46,4861,1.825814536340852,2.4991423670668955,14.214634146341465,177.92,CMCSA
12/31/2016,2.01,15.213930348258707,17.55,11.82,2.85,16.36,0.76,0,0,124.33,2.21,15.65,4.95,15.35,-56.44,-15.48,30.58,21.54,56.17,8.68,3301,56174,21358,8381,4236,6600,2279,0.48,4875,1.7424501424501422,2.587140439932318,10.729824561403507,180.5,CMCSA
3/31/2017,2.13,15.629107981220658,17.87,12.15,3.14,15.25,0.8,0,0,124.83,2.17,16.21,5.12,15.42,-57.32,-16.11,33.29,19.07,57.65,9.12,4022,57648,20587,8587,4542,7010,2573,0.53,4832,1.8628987129266927,2.7399176954732507,10.601910828025478,182.48,CMCSA
6/30/2017,2.19,15.867579908675799,17.91,11.85,3.33,14.83,0.67,0,0,127.18,2.28,17.05,5.31,15.68,-59.17,-16.68,34.75,22.28,55.85,9.61,2693,55848,21286,8788,4568,7075,2521,0.52,4809,1.9402568397543272,2.932489451476793,10.435435435435435,183.03,CMCSA
9/30/2017,2.08,16.51923076923077,17.48,12.04,3.16,15.96,0.74,0,0,129.04,2.29,17.73,5.48,15.87,-58.59,-17.3,34.36,21.45,56.26,10.02,4114,56263,21081,8487,4779,6883,2642,0.55,4777,1.965675057208238,2.853820598006645,10.873417721518987,185.3,CMCSA
12/31/2017,4.77,7.528301886792453,17.71,14.96,2.34,16.34,0.74,0,0,118,1.7,38.02,12.32,15.21,-44.82,-41.36,35.91,21.99,69.46,22.74,3428,69459,22075,8363,4129,6738,14999,3.15,4786,2.027667984189723,2.400401069518716,15.346153846153845,187.46,CMCSA
3/31/2018,1.97,15.609137055837564,16.98,15.31,2.19,18.75,0.98,0,0,120.17,1.7,36.91,12.47,14.72,-44.14,-45.05,30.75,19.18,70.71,23.28,6030,70710,22791,8848,4645,7244,3118,0.66,4705,1.8109540636042403,2.008491182233834,14.04109589041096,190.88,CMCSA
6/30/2018,4.93,6.024340770791075,18.13,15.66,1.04,18.22,0.96,0,0,119.51,1.67,35.76,12.7,14.48,-43.34,-50.24,29.7,19.01,71.74,23.98,5726,71743,21735,9070,5014,7417,3216,0.69,4643,1.638168781025924,1.896551724137931,28.557692307692307,191.25,CMCSA
9/30/2018,5.03,6.407554672,18.5,15.9,1.23,23.21,1.18,0,0,128.29,1.77,34.08,12.58,13.82,-42.37,-55.46,32.23,19.63,72.35,24.22,10616,72345,22135,8980,4836,7313,2886,0.62,4619,1.742162162162162,2.0270440251572324,26.20325203252032,200.64,CMCSA
12/31/2018,5.03,6.194831013916501,20.09,16.02,1.22,21.85,0.79,0,0,179.18,2.47,16.33,5.62,12.89,-91.38,-21.21,31.16,27.6,72.5,11.73,3814,72502,27846,9823,4514,7711,2511,0.56,4640,1.5510204081632653,1.9450686641697879,25.54098360655738,251.68,CMCSA
3/31/2019,2.63,13.912547528517113,21.32,16.72,1.76,20.27,0.73,0,0,180.33,2.38,16.64,5.41,12.29,-88.48,-18.32,36.59,27.92,75.86,12.17,3498,75862,26859,10390,5182,8502,3553,0.77,4594,1.7162288930581615,2.1883971291866033,20.78977272727273,256.19,CMCSA
6/30/2019,2.62,14.847328244274808,22.47,17.12,3.34,21.36,0.69,0,0,178.73,2.3,16.18,5,11.68,-85.56,-15.69,38.9,31.01,77.83,12.08,3919,77830,26858,10517,5356,8632,3125,0.68,4607,1.7311971517578995,2.2721962616822426,11.646706586826348,256.56,CMCSA
9/30/2019,2.7,15.437037037037037,23.49,17.4,3.11,22.32,0.86,0,0,177.21,2.24,16.25,4.86,11.28,-82.28,-14.27,41.68,25.99,79.16,12.41,3507,79160,26827,10421,5340,8520,3217,0.7,4619,1.774372073222648,2.3954022988505748,13.401929260450162,256.37,CMCSA
12/31/2019,2.83,14.759717314487633,23.64,18.42,3.17,25.39,0.84,0,0,179.54,2.14,16.49,5.06,11.57,-80.34,-15.51,41.77,30.29,83.87,13.06,5500,83874,28398,10367,5247,8424,3162,0.68,4610,1.7669204737732658,2.267643865363735,13.176656151419559,263.41,CMCSA
3/31/2020,2.52,12.817460317460316,23.56,18.14,2.88,24.08,0.87,0,0,179.64,2.17,14.4,4.49,11.26,-78.47,-14.27,32.3,27.6,82.78,11.65,8516,82783,26609,10054,4852,8116,2147,0.46,4617,1.3709677419354838,1.7805953693495036,11.215277777777777,262.42,CMCSA
6/30/2020,2.49,14.795180722891565,22.88,18.56,3.25,27.49,0.97,0,0,181.19,2.14,13.93,4.39,10.71,-76.11,-14.52,36.84,28.45,84.79,11.51,13935,84791,23715,9252,4647,7911,2988,0.65,4607,1.6101398601398604,1.9849137931034486,11.335384615384616,265.98,CMCSA
9/30/2020,2.23,19.60089686098655,22.59,19.14,3.25,27.37,0.93,0,0,181.37,2.07,12.17,3.89,9.92,-75.18,-13.31,43.71,29.51,87.57,10.32,13707,87571,25532,8908,4076,7396,2019,0.44,4628,1.9349269588313414,2.2836990595611284,13.44923076923077,268.94,CMCSA
12/31/2020,2.28,21.828947368421055,22.42,20.03,3.04,26.74,0.93,0,0,182.13,1.99,12.15,3.93,9.09,-73.69,-13.89,49.77,28.8,91.74,10.53,11740,91738,27708,9120,3918,7170,3380,0.73,4624,2.219892952720785,2.484772840738892,16.37171052631579,273.87,CMCSA
3/31/2021,2.53,20.407114624505933,22.49,20.48,3.44,29.44,0.96,0,0,184.41,1.96,13.08,4.31,9.08,-70.23,-15.87,51.63,30.81,94.1,11.72,14950,94100,27205,10017,5039,8401,3329,0.71,4665,2.2956869719875503,2.520996094,15.00872093023256,278.51,CMCSA
6/30/2021,2.68,20.39552239,23.45,21.03,3.19,27.05,0.92,0,0,180.49,1.87,13.48,4.54,9.44,-67.6,-17.39,54.66,29.31,96.52,12.47,12378,96516,28546,10741,5507,8890,3738,0.8,4673,2.330916844,2.599144079885877,17.134796238244512,277,CMCSA
9/30/2021,3.1,17.370967741935484,24.43,21.3,3.5,27.43,1.03,0,0,179.76,1.85,15.26,5.24,10.06,-65.08,-20.94,53.85,26.74,97.31,14.48,11806,97306,30298,10922,5449,8926,4035,0.86,4665,2.2042570609905856,2.528169014084507,15.385714285714286,277.06,CMCSA
12/31/2021,3.03,16.062706270627064,24.95,21.51,4.08,24.81,0.85,0,0,178.42,1.83,14.69,5.11,10.55,-65.64,-21.09,48.67,29.35,97.49,14.16,8711,97490,30336,10636,4822,8404,3057,0.67,4654,1.9507014028056113,2.2626685262668524,11.928921568627452,275.91,CMCSA
3/31/2022,3.1,14.67741935483871,25.93,21.42,4.06,25.38,0.86,0,0,178.08,1.86,14.85,5.21,10.88,-64.89,-21.85,45.5,29.66,95.99,14.38,8880,95992,31010,11180,5570,9118,3549,0.78,4558,1.7547242576166602,2.1241830065359477,11.206896551724139,274.07,CMCSA
6/30/2022,3.06,12.532679738562091,26.51,20.97,3.84,24.19,0.88,0,0,174.47,1.89,14.65,5.13,11.43,-64.02,-21.63,38.35,27.59,92.56,14.04,6822,92558,30016,12031,6367,9835,3396,0.76,4482,1.4466239155035836,1.8288030519790177,9.986979166666668,267.03,CMCSA
9/30/2022,1.15,25.095652173913045,26.84,18.72,4,23.42,0.84,0,0,173.38,2.14,5.89,2.02,7.6,-63.45,-8.38,28.86,28,80.93,5.4,5695,80933,29849,11556,-2426,907,-4598,-1.05,4377,1.0752608047690015,1.5416666666666667,7.215,254.31,CMCSA
3/31/2009,,,,3.71,,36.53,0.73,36.1,0.73,50.6,11.76,,,,,,,49.78,4.3,,,,,,,,,,,,,,,SCHW
6/30/2009,,,,3.98,,40.17,0.72,39.79,0.71,57.65,12.49,,,,,,,56.09,4.61,,24886,4614,1085,1085,403,444,205,0.18,1160,,,,,SCHW
9/30/2009,,,,4.22,,41.65,0.68,40.98,0.67,63.08,12.87,,,,,,,61.57,4.9,,25555,4903,1011,1011,383,421,200,0.17,1163,,,,,SCHW
12/31/2009,0.68,23.588235294117645,3.62,4.37,1.12,44.17,0.64,43.25,0.63,70.36,13.87,16.66,1.21,24.7,4.55,18.76,16.04,68.85,5.07,0.79,26614,5073,986,986,322,342,164,0.14,1160,4.430939226519337,3.6704805491990844,14.32142857142857,75.43,SCHW
3/31/2010,0.59,27.084745762711865,3.48,4.75,0.49,43.89,0.62,43.37,0.61,72.67,12.81,11.35,0.81,18.18,5.14,12.67,15.98,71.36,5.67,0.58,25800,5671,978,978,81,118,6,0,1188,4.591954022988506,3.3642105263157895,32.61224489795919,78.34,SCHW
6/30/2010,0.58,20.965517241379313,3.45,4.92,0.41,47.04,0.63,46.64,0.62,76.42,13,10.68,0.76,17.5,5.35,11.85,12.16,75.11,5.88,0.58,28383,5879,1080,1080,403,439,205,0.17,1195,3.524637681,2.4715447154471546,29.658536585365855,82.3,SCHW
9/30/2010,0.51,23.47058823529412,3.47,5.05,0.91,44.76,0.57,44.42,0.56,81.26,13.47,8.81,0.62,15.1,5.51,9.71,11.97,79.26,6.04,0.5,25767,6035,1063,1063,281,316,124,0.1,1194,3.4495677233429394,2.3702970297029706,13.153846153846153,87.3,SCHW
12/31/2010,0.47,31.46808510638298,3.56,5.18,-0.12,48.58,0.58,48.24,0.57,86.34,13.87,7.63,0.53,13.94,5.54,8.43,14.79,84.34,6.23,0.45,27680,6226,1127,1127,296,369,119,0.11,1194,4.154494382022472,2.8552123552123554,-123.25,92.57,SCHW
3/31/2011,0.57,27.438596491228072,3.74,5.38,1.45,49.98,0.58,49.59,0.57,88.4,13.63,11.22,0.77,17.98,5.86,12.42,15.64,86.39,6.49,0.69,28619,6487,1207,1207,456,514,243,0.2,1207,4.181818181818182,2.9070631970260226,10.786206896551725,94.88,SCHW
6/30/2011,0.6,23.85,3.82,5.57,1.22,52.34,0.59,51.93,0.59,90.84,13.49,11.36,0.78,17.7,6.1,12.59,14.31,88.83,6.73,0.72,30308,6734,1190,1190,450,497,238,0.2,1210,3.7460732984293195,2.569120287253142,11.729508196721312,97.57,SCHW
9/30/2011,0.68,14.499999999999998,3.89,6.03,1.11,55.26,0.59,54.81,0.59,95.25,12.44,12.1,0.85,18.62,6.19,13.85,9.86,93.25,7.66,0.82,33385,7655,1181,1181,433,497,220,0.18,1229,2.5347043701799485,1.6351575456053067,8.882882882882882,102.91,SCHW
12/31/2011,0.71,13.929577464788734,3.85,6.07,1.86,56.49,0.57,55.9,0.57,100.84,13.07,12.09,0.86,18.15,6.23,14.18,9.89,98.84,7.71,0.86,34713,7714,1113,1113,322,444,163,0.12,1229,2.568831168831169,1.6293245469522242,5.317204301075269,108.55,SCHW
3/31/2012,0.66,19.227272727272727,3.78,6.55,0.85,55.76,0.55,55.31,0.55,103.15,12.37,10.72,0.78,16.48,6.86,12.86,12.69,101.15,8.34,0.82,33699,8337,1189,1189,379,479,195,0.15,1273,3.357142857142857,1.9374045801526718,14.929411764705883,111.48,SCHW
6/30/2012,0.66,17.37878787878788,3.81,7.15,0.1,53.35,0.53,52.92,0.53,102.71,11.27,10.23,0.77,16.05,7.64,12.47,11.47,100.71,9.11,0.84,30812,9110,1283,1283,504,598,261,0.2,1274,3.0104986876640423,1.6041958041958042,114.7,111.82,SCHW
9/30/2012,0.67,17,3.78,7.42,0.54,56.7,0.53,56.19,0.53,108.19,11.43,9.9,0.76,15.4,8.01,11.93,11.39,106.42,9.47,0.86,33564,9465,1196,1196,427,542,238,0.19,1275,3.0132275132275135,1.5350404312668464,21.09259259259259,117.66,SCHW
12/31/2012,0.69,18.62318841,3.83,7.51,0.88,66.29,0.54,65.65,0.54,124.05,12.94,9.68,0.74,15.71,8.04,11.56,12.85,122.42,9.59,0.88,41132,9589,1215,1215,414,523,189,0.15,1275,3.3550913838120104,1.711051930758988,14.602272727272727,133.64,SCHW
3/31/2013,0.69,23.02898550724638,3.9,7.64,0.51,58.59,0.48,58.05,0.48,123.55,12.64,9.34,0.71,15.51,8.24,11.1,15.89,121.92,9.78,0.89,33828,9776,1290,1290,399,494,198,0.15,1282,4.074358974358975,2.079842931937173,31.15686274509804,133.32,SCHW
6/30/2013,0.67,28.552238805970145,3.94,7.57,1.16,58.69,0.47,58.2,0.47,126.19,12.98,8.9,0.66,15.27,8.2,10.56,19.13,124.56,9.72,0.86,33245,9720,1337,1337,486,585,233,0.18,1288,4.855329949238579,2.5270805812417434,16.49137931034483,135.91,SCHW
9/30/2013,0.7,27.28571428571429,4.06,7.81,1.17,57.11,0.45,56.63,0.44,130.16,12.95,9.22,0.66,16.08,8.55,10.92,19.1,128.25,10.05,0.9,30882,10053,1373,1373,548,636,282,0.22,1296,4.704433497536947,2.445582586427657,16.324786324786327,140.21,SCHW
12/31/2013,0.85,27.717647058823527,4.36,8,1.91,58.68,0.45,58.16,0.44,133.26,12.84,10.12,0.73,17.06,8.89,11.93,23.56,131.36,10.38,1.01,31281,10381,1435,1435,572,654,297,0.23,1293,5.403669724770642,2.945,12.335078534031414,143.64,SCHW
3/31/2014,0.91,27.274725274725274,4.45,8.31,1.56,55.82,0.43,55.37,0.42,133.25,12.32,11.03,0.8,18.24,9.33,12.93,24.82,131.35,10.82,1.13,27721,10815,1478,1478,597,672,318,0.24,1311,5.5775280898876405,2.9867629362214196,15.91025641025641,144.07,SCHW
6/30/2014,0.92,26.652173913043477,4.52,8.58,1.34,54.57,0.42,53.99,0.41,132.23,11.84,11.31,0.84,18.49,9.7,13.15,24.52,130.33,11.17,1.2,25925,11170,1478,1478,596,675,302,0.23,1313,5.424778761061948,2.8578088578088576,18.298507462686565,143.4,SCHW
9/30/2014,0.94,28.52127659574468,4.54,8.79,3.01,58,0.43,57.43,0.43,135.97,11.85,11.21,0.85,18.36,10.01,12.96,26.81,134.07,11.47,1.23,28478,11473,1551,1551,596,678,312,0.24,1316,5.905286343612334,3.050056882821388,8.906976744186046,147.44,SCHW
12/31/2014,0.96,28.750000000000004,4.61,9.01,1.48,62.2,0.44,61.68,0.44,142.84,12.1,11.14,0.86,18.36,10.35,12.8,27.6,140.94,11.8,1.26,32144,11803,1551,1551,637,725,329,0.24,1315,5.9869848156182215,3.063263041065483,18.64864864864865,154.64,SCHW
3/31/2015,0.77,36.22077922077922,4.26,9.26,-0.53,59.13,0.41,58.47,0.4,148.01,12.17,10.59,0.81,17.36,10.72,12.11,27.89,145.12,12.16,1.23,28395,12158,1526,1526,567,659,291,0.22,1323,6.546948356807512,3.011879049676026,-52.62264151,160.17,SCHW
6/30/2015,0.97,30.896907216494846,4.66,9.45,-0.66,59.06,0.4,58.45,0.39,151.2,12.17,10.55,0.81,17.08,10.99,12,29.97,148.31,12.42,1.26,26901,12423,1566,1566,653,747,330,0.25,1326,6.431330472103004,3.1714285714285717,-45.40909091,163.63,SCHW
9/30/2015,1.02,25.745098039215687,4.74,10.02,-0.14,60,0.39,59.53,0.39,157.21,11.91,10.61,0.81,16.8,11.78,12,26.26,154.31,13.2,1.32,27609,13196,1597,1597,670,769,365,0.28,1328,5.5400843881856545,2.6207584830339323,-187.5714286,170.4,SCHW
12/31/2015,1.06,28.62264150943396,4.84,10.15,-0.16,64.34,0.38,63.81,0.38,170.3,12.71,10.66,0.8,16.71,11.99,12,30.34,167.43,13.4,1.36,31576,13402,1691,1691,731,832,378,0.28,1327,6.268595041322314,2.9891625615763546,-189.625,183.71,SCHW
3/31/2016,1.1,23.527272727272724,4.98,10.98,-1.06,62.69,0.36,62.2,0.36,176.49,12.16,10.95,0.83,17.16,13.11,12.24,25.88,173.61,14.51,1.47,30717,14513,1764,1764,738,840,392,0.29,1330,5.196787148594377,2.357012750455373,-24.41509434,191,SCHW
6/30/2016,1.15,20.382608695652177,5.17,11.33,2.38,64.59,0.36,64.07,0.36,183.06,12.21,10.99,0.83,17.45,13.6,12.21,23.44,180.19,14.99,1.54,31569,14990,1828,1828,811,929,406,0.3,1333,4.53384913,2.068843777581642,9.848739496,198.05,SCHW
9/30/2016,1.22,24.016393442622952,5.41,11.68,1.15,63.55,0.33,62.69,0.33,193.87,12.53,11.28,0.84,18.16,14.09,12.47,29.3,190.99,15.47,1.65,30508,15470,1914,1914,893,1027,470,0.35,1334,5.415896487985212,2.5085616438356166,25.47826086956522,209.34,SCHW
12/31/2016,1.3,28.23846153846154,5.61,12.32,2.44,66.74,0.33,66.29,0.33,206.96,12.6,11.38,0.85,18.5,15.05,12.5,36.71,204.09,16.42,1.75,33002,16421,1972,1972,930,1076,478,0.37,1334,6.543672014260249,2.979707792207792,15.045081967213115,223.38,SCHW
3/31/2017,1.4,27.17142857142857,5.82,12.7,1.53,64.52,0.31,63.95,0.31,210.08,12.37,11.77,0.88,18.86,15.62,12.88,38.04,206.56,16.98,1.88,30956,16982,2081,2081,949,1086,525,0.39,1351,6.536082474226804,2.995275590551181,24.862745098039216,227.06,SCHW
6/30/2017,1.49,26.926174496644293,6.03,13.07,0.69,63.24,0.32,62.78,0.32,203.11,11.61,12.07,0.91,19.17,16.14,13.16,40.12,199.59,17.49,2,28058,17489,2130,2130,1021,1163,530,0.39,1351,6.653399668325041,3.0696250956388673,58.14492753623188,220.6,SCHW
9/30/2017,1.56,26.237179487179485,6.2,13.45,3.53,63.97,0.31,63.54,0.3,212.69,11.8,12.23,0.94,19.25,16.69,13.28,40.93,209.42,18.03,2.11,28186,18027,2165,2165,1052,1213,575,0.42,1353,6.601612903225806,3.0431226765799257,11.594900849858357,230.71,SCHW
12/31/2017,1.61,29.906832298136642,6.37,13.77,-0.92,238.52,1.08,187.99,0.85,224.75,12.13,12.28,0.95,19.04,17.3,13.26,48.15,220,18.53,2.18,29356,18525,2242,2242,1075,1246,550,0.41,1353,7.558869701726844,3.496732026143791,-52.33695652,243.27,SCHW
3/31/2018,1.77,27.71186440677966,6.59,14.34,0.4,65.9,0.29,65.4,0.29,228.99,11.85,13.09,1.02,19.27,18,14.1,49.05,224.86,19.33,2.4,26968,19330,2398,2398,1142,1311,746,0.55,1362,7.443095599393019,3.420502092050209,122.62499999999999,248.32,SCHW
6/30/2018,1.98,24.282828282828284,6.84,14.88,2.13,64.73,0.27,64.21,0.27,241.79,12.03,14.13,1.09,19.26,18.78,15.17,48.08,236,20.1,2.68,24262,20097,2486,2486,1253,1419,813,0.6,1364,7.029239766081871,3.2311827956989245,22.572769953051644,261.88,SCHW
9/30/2018,2.21,20.97737556561086,7.13,15.41,0.59,70.59,0.29,70.09,0.29,251.27,12.06,15.2,1.17,19.41,19.61,16.25,46.36,245.48,20.83,2.99,30317,20834,2579,2579,1347,1514,885,0.65,1364,6.502103786816269,3.008436080467229,78.57627118644068,272.1,SCHW
12/31/2018,2.45,16.03265306122449,7.44,15.51,8.73,79.76,0.3,0,0,275.81,13.34,16.45,1.23,19.57,19.44,17.56,39.28,268.93,20.67,3.33,41501,20670,2669,2669,1322,1476,885,0.65,1361,5.279569892473118,2.532559638942618,4.499427262,296.48,SCHW
3/31/2019,2.59,15.671814671814674,7.7,16.21,6.61,84.66,0.33,84.14,0.33,261.19,12.08,16.86,1.26,19.46,20.4,17.94,40.59,254.36,21.63,3.51,46482,21625,2723,2723,1358,1509,925,0.69,1344,5.271428571428571,2.5040098704503393,6.1406959152798795,282.82,SCHW
6/30/2019,2.65,14.452830188679245,7.88,16.29,5.92,77.41,0.31,76.88,0.31,255,11.96,16.97,1.27,19.28,20.09,18.01,38.3,247.58,21.32,3.58,38345,21320,2681,2681,1340,1515,887,0.66,1337,4.8604060913705585,2.351135666052793,6.469594594594594,276.32,SCHW
9/30/2019,2.7,14.829629629629629,8.06,16.57,9.06,76.19,0.31,75.7,0.3,257.63,12.07,16.99,1.27,18.81,20.13,18.04,40.04,250.21,21.35,3.61,36416,21354,2711,2711,1320,1531,913,0.7,1308,4.967741935483871,2.416415208207604,4.419426048565121,278.99,SCHW
12/31/2019,2.67,17.119850187265918,8.08,14.83,6.53,89.81,0.34,0,0,272.26,12.52,16.39,1.25,18.17,20.39,17.41,45.71,264.83,21.75,3.53,49828,21745,2606,2606,1213,1471,801,0.62,1320,5.657178217821782,3.0822656776803776,7,294.01,SCHW
3/31/2020,2.56,12.66796875,8.07,20.41,16.26,141.29,0.42,0,0,344.51,13.11,14.81,1.1,16.56,25.04,15.68,32.43,335.99,26.27,3.36,102767,26270,2617,2617,1158,1444,757,0.58,1294,4.018587360594795,1.5889269965703086,1.9944649446494462,370.78,SCHW
6/30/2020,2.38,13.743697478991598,7.96,23.92,1.9,109.05,0.3,0,0,369.67,12,12.35,0.92,14.28,27.8,13.25,32.71,361.14,30.82,3.09,66762,30815,2450,2450,1024,1454,621,0.48,1294,4.109296482,1.3674749163879598,17.21578947368421,400.48,SCHW
9/30/2020,2.16,16.35185185185185,7.78,24.3,-2.23,104.77,0.28,0,0,388.02,12.39,10.15,0.75,12.33,28.34,11,35.32,380.19,31.33,2.79,57044,31331,2448,2448,998,1621,615,0.48,1294,4.539845758354756,1.4534979423868313,-15.83856502,419.36,SCHW
12/31/2020,2.4,21.633333333333336,9.37,29.81,-3.36,179,0.37,0,0,492.95,8.79,8.42,0.7,10.73,34.12,10.56,51.92,479.32,56.06,3.04,90747,56060,4176,4176,1728,2579,1050,0.58,1435,5.541088580576308,1.741697417,-15.45238095,549.01,SCHW
3/31/2021,2.65,24.150943396226417,9.97,29.49,6.88,188.74,0.39,0,0,507.86,9.14,8.46,0.76,10.88,33.8,11.85,64,490.17,55.59,3.67,88605,55594,4715,4715,2276,3183,1388,0.73,1892,6.419257773319959,2.1702271956595456,9.302325581,563.46,SCHW
6/30/2021,2.76,25.97101449275363,10.46,30.43,6.61,181.4,0.36,0,0,517.08,9,8.32,0.79,11.06,35.81,12.63,71.68,498.37,57.45,4.17,70256,57450,4527,4527,2140,3029,1117,0.59,1896,6.852772466539197,2.3555701610253044,10.844175491679275,574.53,SCHW
9/30/2021,2.63,27.330798479087452,10.2,30.41,5.01,194.75,0.37,0,0,550.11,9.58,8.76,0.86,11.29,35.96,14.21,71.88,530.58,57.44,4.96,76623,57442,4570,4570,2215,3068,1406,0.74,1898,7.047058823529412,2.3636961525813875,14.347305389221557,607.55,SCHW
12/31/2021,2.82,29.496453900709223,9.77,29.72,0.63,242.13,0.41,0,0,611.01,10.86,9.46,0.89,11.76,34.93,15.26,83.18,592.1,56.26,5.36,116924,56261,4708,4708,2233,3094,1449,0.77,1897,8.51381781,2.7987886944818308,132.03174603174605,667.27,SCHW
3/31/2022,2.76,30.275362318840582,9.73,25.38,4.69,266.85,0.44,0,0,632.85,13.16,9.58,0.83,11.6,26.92,15.72,83.56,610.98,48.1,5.25,145571,48098,4672,4672,2063,2853,1278,0.67,1905,8.587872559095581,3.2923561859732073,17.816631130063964,680.95,SCHW
6/30/2022,2.41,26.062240663900415,8.48,21.46,-2.85,233.71,0.41,0,0,593.04,13.32,11.22,0.89,12.57,23.49,19.08,62.81,571.93,44.51,5.79,118016,44513,5093,5093,2528,3223,1652,0.87,1904,7.406839623,2.9268406337371853,-22.03859649,637.56,SCHW
9/30/2022,3.16,22.680379746835442,10.24,19.74,5.46,204.84,0.39,0,0,540.52,14.59,13.48,0.98,14.52,16.17,24.68,71.67,519.68,37.04,6.26,90604,37041,5500,5500,2929,3543,1884,0.99,1895,6.999023438,3.630699088145897,13.126373626373626,577.56,SCHW
3/31/2009,,,,6.81,,11.37,1.29,0,0,26.99,3.98,,,,,,,8.79,6.78,,,,,,,,,,,,,,,UPS
6/30/2009,,,,6.83,,10.18,1.42,0,0,25.75,3.79,,,,,,,7.16,6.79,,3347,6793,10829,8829,895,1321,445,0.44,1004,,,,,UPS
9/30/2009,,,,7.1,,9.57,1.41,0,0,25.17,3.57,,,,,,,6.77,7.05,,2788,7046,11153,8955,929,1370,549,0.55,1004,,,,,UPS
12/31/2009,2.14,18.238317757009344,45.19,7.74,3.73,9.28,1.49,0,0,24.19,3.14,27.8,6.04,22.1,5.01,43.61,39.03,6.24,7.7,1.97,2100,7696,12377,9740,966,1416,573,0.57,1004,0.8636866563398983,5.042635658914729,10.463806970509383,31.88,UPS
3/31/2010,2.27,19.462555066079293,45.9,7.69,3.18,10.06,1.37,0,0,24.89,3.27,28.82,6.5,23.9,4.92,45.02,44.18,7.37,7.61,2.1,3115,7613,11728,9275,1042,1493,533,0.53,1004,0.9625272331154684,5.745123537061118,13.893081761006288,32.5,UPS
6/30/2010,2.67,14.719101123595506,47.29,8,3.62,11.02,1.43,0,0,25.34,3.2,33.02,7.7,26.69,5.25,51.01,39.3,7.69,7.93,2.5,4007,7930,12204,9593,1402,1851,845,0.84,1003,0.8310425037005709,4.9125,10.85635359116022,33.27,UPS
9/30/2010,3.11,14.919614147909968,48.32,8.62,3.85,10.76,1.58,0,0,24.38,2.86,37.05,9.01,30.35,5.83,56.01,46.4,6.8,8.53,2.94,3752,8526,12192,9530,1616,2064,991,0.99,1004,0.9602649006622517,5.382830626450116,12.05194805194805,32.91,UPS
12/31/2010,3.47,14.654178674351584,49.37,8.14,2.74,11.57,1.96,0,0,25.55,3.18,41.57,10.09,32.98,5.37,62.49,50.85,5.9,8.05,3.34,4081,8047,13421,10404,1581,2025,969,0.97,1003,1.0299777192627102,6.246928746928747,18.55839416058394,33.6,UPS
3/31/2011,3.82,13.725130890052357,50.25,8.35,2.35,12.62,1.66,0,0,26.36,3.2,45.45,11.07,34.21,5.53,67.7,52.43,7.61,8.23,3.72,5444,8234,12582,9711,1472,1913,915,0.91,1002,1.0433830845771144,6.279041916167665,22.31063829787234,34.59,UPS
6/30/2011,4.05,12.792592592592595,51.3,8.49,2.75,12.95,1.7,0,0,26.82,3.22,47.89,11.65,34.87,5.64,70.96,51.81,7.62,8.33,3.97,5637,8329,13191,10055,1745,2188,1092,1.09,998,1.0099415204678364,6.102473498233215,18.84,35.15,UPS
9/30/2011,4.12,10.980582524271846,52.49,8.16,3.43,12.63,1.68,0,0,27.37,3.48,49.85,11.68,34.31,5.18,74.58,45.24,7.51,7.87,4.05,5453,7869,13166,10031,1666,2113,1072,1.09,987,0.861878453,5.544117647058823,13.189504373177842,35.24,UPS
12/31/2011,3.75,14.088,53.41,7.38,5.14,12.28,1.89,0,0,27.59,3.88,48.24,10.89,32.42,4.42,73.27,52.83,6.51,7.11,3.8,4275,7108,14166,10744,1197,1648,725,0.75,991,0.9891406103725894,7.158536585365853,10.278210116731518,34.7,UPS
3/31/2012,3.87,15.165374677002584,54.37,7.82,6.18,13.47,1.79,0,0,28.46,3.8,50.11,10.94,33.01,4.69,77.47,58.69,7.54,7.5,3.86,6080,7499,13136,10092,1569,2028,970,1,972,1.079455582122494,7.505115089514066,9.496763754045308,35.96,UPS
6/30/2012,3.95,14.605063291139238,54.9,8.06,5.77,14.7,1.75,0,0,29.45,3.81,51.43,10.86,33.37,4.96,80.69,57.69,8.4,7.73,3.88,7322,7725,13349,10299,1790,2249,1116,1.15,971,1.0508196721311476,7.157568238213399,9.998266897746968,37.18,UPS
9/30/2012,3.37,15.673590504451038,55.03,8,4.93,16.34,1.59,0,0,31.45,4.13,43.81,8.93,28.62,4.83,69.43,52.82,10.29,7.61,3.28,9016,7614,13071,10053,766,1230,469,0.48,970,0.9598400872251499,6.6025,10.71399594320487,39.06,UPS
12/31/2012,0.8,68.5625,55.77,4.97,5.32,15.59,1.86,0,0,34.13,7.21,11.71,2.14,7.46,1.96,19.64,54.85,8.39,4.73,0.81,7924,4733,14571,11011,-2782,-2306,-1748,-1.8,969,0.9835036758113681,11.036217303822939,10.31015037593985,38.86,UPS
3/31/2013,0.88,73.17045454545455,56.25,4.28,4.77,14.48,1.8,0,0,33.96,8.4,14.5,2.28,7.9,1.24,26.93,64.39,8.03,4.04,0.87,7332,4043,13434,10339,1580,2054,1037,1.08,960,1.144711111111111,15.044392523364484,13.498951781970652,38.01,UPS
6/30/2013,0.86,75.90697674418605,56.69,3.87,4.89,13.23,1.84,0,0,33.07,9.11,16.56,2.17,8.14,0.8,37.56,65.28,7.18,3.63,0.83,6192,3630,13507,10475,1742,2208,1071,1.13,952,1.1515258423002295,16.868217054263567,13.349693251533743,36.7,UPS
9/30/2013,1.54,45.11038961038961,57.54,3.93,5.41,13.76,1.76,0,0,33.82,9.25,36.29,3.86,15.64,0.7,123.95,69.47,7.82,3.66,1.46,6649,3655,13521,10461,1804,2264,1097,1.16,944,1.2073340285019116,17.676844783715012,12.841035120147874,37.48,UPS
12/31/2013,4.62,17.398268398268396,58.3,7.03,5.64,13.39,1.88,0,0,29.72,4.58,98.16,11.78,45.81,3.52,279,80.38,7.13,6.49,4.37,5245,6488,14976,11410,1908,2375,1167,1.24,948,1.378730703259005,11.433854907539118,14.25177304964539,36.21,UPS
3/31/2014,4.52,16.595132743362836,59.24,6.81,6.38,14.62,1.59,0,0,30.82,4.92,84.77,11.52,44.62,3.26,204.92,75.01,9.19,6.26,4.25,7035,6262,13779,10570,1513,1981,911,0.98,923,1.2662052667116814,11.014684287812042,11.757053291536051,37.09,UPS
6/30/2014,3.88,20.51804124,60.44,6.11,4.16,12.34,1.48,0,0,29.28,5.24,66.01,9.97,37.61,2.55,144.61,79.61,8.34,5.59,3.63,4599,5585,14268,10959,747,1220,454,0.49,927,1.3171740569159498,13.029459901800326,19.13701923076923,34.86,UPS
9/30/2014,4.04,18.997524752475247,61.62,6.22,4.89,13.32,1.46,0,0,30.26,5.36,62.49,10.4,37.99,2.66,124.91,76.75,9.1,5.64,3.75,5571,5644,14290,10922,1954,2439,1214,1.32,922,1.2455371632586822,12.339228295819936,15.695296523517383,35.91,UPS
12/31/2014,3.28,26.63109756097561,63.02,2.38,3.73,11.22,1.3,0,0,33.28,15.42,61.72,8.46,33.59,-0.87,159.58,87.35,8.62,2.16,3.03,3283,2158,15895,12067,754,1251,453,0.49,924,1.3860679149476356,36.70168067226891,23.41823056300268,35.44,UPS
3/31/2015,3.42,22.429824561403507,63.4,2.05,4.24,13.92,1.31,0,0,35.49,19.21,82.63,8.77,37.41,-1.14,392.76,76.71,10.61,1.85,3.15,6417,1847,13977,11129,1673,2179,1026,1.12,913,1.2099369085173501,37.41951219512195,18.091981132075468,37.33,UPS
6/30/2015,4.28,18.049065420560748,63.53,2.2,6.25,13.77,1.34,0,0,35.28,17.93,135.08,10.75,49.57,-1.12,-3324.58,77.25,10.3,1.97,3.92,6222,1968,14095,11322,1960,2470,1230,1.35,908,1.2159609633244137,35.11363636363636,12.36,37.25,UPS
9/30/2015,4.35,18.21379310344828,63.8,2.19,6.02,13.58,1.14,0,0,37.05,19.02,200.28,10.65,53.47,-3.02,-257.91,79.23,11.87,1.95,3.97,5689,1948,14237,11332,1984,2511,1257,1.39,903,1.2418495297805643,36.178082191780824,13.161129568106315,39,UPS
12/31/2015,5.34,14.569288389513108,64.32,2.81,5.6,13.21,1.24,0,0,35.82,14.38,234.75,12.76,62.02,-2.48,-249.85,77.8,10.7,2.49,4.84,4726,2491,16054,12655,2051,2592,1331,1.49,906,1.2095771144278609,27.68683274021352,13.892857142857142,38.31,UPS
3/31/2016,5.49,15.657559198542803,65.14,2.81,5.5,13.91,1.25,0,0,36.69,14.79,222.75,12.88,60.47,-2.53,-216.42,85.96,11.1,2.48,4.95,6267,2480,14418,11579,1823,2375,1131,1.27,894,1.3196192815474361,30.590747330960852,15.629090909090907,39.17,UPS
6/30/2016,5.57,15.881508078994612,66.05,3.01,6.19,13.12,1.32,0,0,35.69,13.47,208.51,12.89,58.44,-2.33,-192.77,88.46,9.96,2.65,4.99,5672,2650,14629,11671,2038,2593,1269,1.43,890,1.3392884178652535,29.388704318936878,14.290791599353794,38.34,UPS
9/30/2016,5.62,16.094306049822066,67.25,3.17,4.4,12.85,1.18,0,0,35.58,12.86,192.57,12.98,56.43,-2.21,-209.71,90.45,10.89,2.77,5,5358,2767,14928,11789,2034,2588,1270,1.44,880,1.3449814126394053,28.53312302839117,20.55681818181818,38.34,UPS
12/31/2016,3.87,24.669250645994833,69.41,0.49,4.05,13.85,1.18,0,0,39.95,93.12,164.4,8.76,55.56,-5.09,-112.68,95.47,11.73,0.43,3.42,4567,429,17635,13063,1793,2356,-248,-0.28,887,1.3754502233107622,194.83673469387756,23.57283950617284,40.38,UPS
3/31/2017,3.92,22.971938775510203,70.93,0.65,0.76,11.49,1.01,0,0,37.82,67.54,215.86,8.9,54.62,-5,-94.61,90.05,11.41,0.56,3.46,3718,560,15510,11954,1617,2171,1166,1.33,879,1.2695615395460311,138.53846153846152,118.48684210526315,38.38,UPS
6/30/2017,4.07,22.985257985257984,72.67,1.47,0.57,12.39,1.12,0,0,38.45,30.18,284.06,9.11,53.32,-4.4,-85.61,93.55,11.08,1.27,3.57,4604,1274,15927,12305,2037,2599,1384,1.58,876,1.2873262694371816,63.63945578231292,164.12280701754386,39.72,UPS
9/30/2017,4.08,25.085784313725487,74.32,1.79,0.8,12.91,1.06,0,0,39.82,25.87,374.64,8.91,50.28,-4.2,-76.26,102.35,12.17,1.54,3.56,4461,1539,16173,12306,1812,2384,1259,1.44,869,1.3771528525296017,57.178770949720665,127.93749999999999,41.36,UPS
12/31/2017,5.62,18.201067615658364,76.12,1.19,-4.26,15.72,1.22,0,0,44.55,43.51,446.21,11.89,45.48,-4.81,-106.6,102.29,12.89,1.02,4.91,4069,1024,18975,14033,2063,2657,1096,1.26,875,1.3437992643194956,85.95798319327731,-24.01173709,45.57,UPS
3/31/2018,5.85,15.490598290598292,78.15,1.6,-0.54,13.62,1.22,0,0,43.09,31.34,390.18,11.88,39.9,-4.54,-113.29,90.62,11.15,1.38,5.08,4209,1375,17113,12784,1520,2116,1345,1.55,870,1.1595649392194498,56.6375,-167.8148148,44.46,UPS
6/30/2018,5.98,15.501672240802675,80.12,2.74,0.09,13.87,1.21,0,0,42.87,18.2,329.52,11.74,35.2,-3.51,-121.57,92.7,11.49,2.36,5.19,4934,2356,17456,12972,1773,2315,1485,1.71,866,1.1570144782825762,33.832116788321166,1030,45.22,UPS
9/30/2018,6.26,16.396166134185304,81.56,3.64,0.63,13.99,1.15,0,0,43.56,13.94,275.8,11.95,31.91,-2.77,-139.04,102.64,12.22,3.13,5.43,4841,3126,17444,12924,1727,2251,1508,1.73,870,1.2584600294261892,28.197802197802197,162.9206349206349,46.69,UPS
12/31/2018,5.51,15.689655172413794,82.69,3.54,7.43,16.21,1.15,0,0,46.98,15.47,193.69,10.28,31.06,-2.85,-140.19,86.45,14.09,3.04,4.79,5035,3037,19848,14613,2004,2549,453,0.52,870,1.0454710364010158,24.42090395480226,11.635262449528938,50.02,UPS
3/31/2019,5.24,19.06679389312977,82.77,4.05,5.38,14.9,1.13,0,0,48.58,13.94,151.85,9.4,29.82,-2.42,-157.85,99.91,13.21,3.49,4.56,5111,3485,17160,12990,1394,1962,1111,1.28,869,1.2070798598526036,24.669135802469135,18.570631970260223,52.06,UPS
6/30/2019,5.47,17.043875685557587,83.38,5.15,3.92,14.84,1.09,0,0,48.36,10.94,135.23,9.44,30.63,-1.51,-199.29,93.23,13.63,4.42,4.76,4797,4423,18048,13718,2143,2718,1685,1.94,869,1.118133845046774,18.102912621359224,23.783163265306126,52.79,UPS
9/30/2019,5.75,18.968695652173913,84.38,6.5,3.34,14.18,1.11,0,0,47.71,8.56,121.05,9.61,30.99,-0.34,-280.88,109.07,12.84,5.57,5,4538,5574,18318,14025,2128,2715,1750,2.01,870,1.2926048826736194,16.779999999999998,32.65568862275449,53.28,UPS
12/31/2019,5.11,21.013698630136982,85.24,3.83,2.67,17.1,1.11,0,0,54.57,16.62,105.93,8.22,30.84,-2.7,-254.92,107.38,15.41,3.28,4.44,5741,3283,20568,15644,2133,2763,-106,-0.12,869,1.2597372125762554,28.036553524804177,40.21722846441948,57.86,UPS
3/31/2020,4.94,17.52631578947368,86.25,3.85,3.65,19.39,1.22,0,0,57.58,17.38,103.51,7.64,28.54,-2.64,-239.05,86.58,15.85,3.31,4.29,9460,3313,18035,13780,1072,1720,965,1.11,869,1.0038260869565216,22.488311688311686,23.720547945205478,60.9,UPS
6/30/2020,5.03,20.697813121272365,89.02,5.07,5.59,20.23,1.24,0,0,57.68,13.18,105.81,7.48,28.07,-1.62,-240.03,104.11,16.27,4.38,4.38,9216,4376,20459,15690,2212,2873,1768,2.03,869,1.1695124691080656,20.534516765285996,18.62432915921288,62.06,UPS
9/30/2020,5.26,29.853612167300383,92.32,6.49,8.01,19.93,1.29,0,0,56.8,10.13,110.6,7.54,28.52,-0.5,-246.02,157.03,15.46,5.61,4.58,9241,5606,21238,16107,2363,3040,1957,2.24,872,1.7009315424610054,24.19568567026194,19.604244694132337,62.41,UPS
12/31/2020,1.63,97.96319018,97.24,0.77,5.84,20.22,1.19,0,0,61.74,92.29,38.47,2.17,28.8,-4.97,-55.22,159.68,17.02,0.67,1.34,6316,669,24896,18473,2037,2749,-3347,-3.84,871,1.642122583299054,207.37662337662337,27.34246575342466,62.41,UPS
3/31/2021,5.99,27.080133555926544,102.63,8.23,8.21,20.99,1.29,0,0,56.15,7.84,116.11,8.27,34.64,1.55,-373.02,162.21,16.31,7.16,5.17,8082,7159,22908,17239,2765,3487,4792,5.47,876,1.5805320081847414,19.70959902794654,19.757612667478682,63.31,UPS
6/30/2021,7.01,28.446504992867332,105.77,12.41,10.08,21.99,1.39,0,0,54.05,4.99,100.23,9.61,37.04,5.23,1868.72,199.41,15.77,10.82,6.08,9954,10822,23424,17464,3258,3997,2676,3.05,878,1.8853171976931078,16.06849315068493,19.782738095238095,64.87,UPS
9/30/2021,7.42,23.654986522911052,107.79,13.88,10.32,22.84,1.48,0,0,53.68,4.45,84.02,10.07,37.61,6.5,310.81,175.52,15.47,12.06,6.45,10560,12057,23184,16977,2896,3634,2329,2.65,879,1.628351424065312,12.645533141210375,17.007751937984498,65.74,UPS
12/31/2021,14.69,14.13274336283186,110.83,16.41,13.31,24.93,1.42,0,0,55.14,3.86,116.37,19.58,40.07,8.09,241.34,207.61,17.57,14.27,12.89,10593,14269,27771,20259,3891,4645,3093,3.51,878,1.873229270053235,12.651432053625838,15.598046581517657,69.41,UPS
3/31/2022,12.25,17.08,112.42,17.67,13.55,25.6,1.52,0,0,54.68,3.54,81.85,15.93,39.7,9.3,147.8,209.23,16.84,15.43,10.76,12545,15434,24378,17932,3251,4015,2662,3.03,879,1.861145703611457,11.840973401245046,15.44132841328413,70.11,UPS
6/30/2022,12.45,14.426506024096387,114.01,18.75,12.49,25.57,1.48,0,0,53.78,3.3,75.31,15.88,39.8,10.16,128.43,179.61,17.34,16.31,10.93,12071,16310,24766,18041,3535,4297,2849,3.25,876,1.5753881238487852,9.5792,14.380304243394717,70.09,UPS
9/30/2022,12.76,12.549373040752352,115.34,19.64,11.62,24.6,1.39,0,0,52.56,3.09,71.03,16.03,39.89,10.93,116.31,160.13,17.68,16.99,11.19,11376,16988,24161,17819,3113,3887,2584,2.96,872,1.3883301543263393,8.153258656,13.780550774526679,69.54,UPS
3/31/2009,,,,7.23,,5.53,4.3,4.43,3.45,2.31,0.25,,,,,,,1.29,9.21,,,,,,,,,,,,,,,TXN
6/30/2009,,,,7.3,,5.74,3.91,4.68,3.19,2.3,0.25,,,,,,,1.47,9.21,,2557,9213,2457,1124,343,576,260,0.2,1272,,,,,TXN
9/30/2009,,,,7.53,,6.14,3.69,5.02,3.02,2.47,0.26,,,,,,,1.66,9.44,,2827,9438,2880,1481,763,992,538,0.42,1268,,,,,TXN
12/31/2009,1.15,16.460869565217394,8.2,7.84,1.49,6.11,3.85,4.91,3.1,2.4,0.25,15.5,12.38,118.6,8.67,17.46,18.93,1.59,9.72,1.46,2925,9722,3004,1588,875,1098,641,0.52,1269,2.3085365853658537,2.4145408163265305,12.70469798657718,12.12,TXN
3/31/2010,1.66,10.765060240963857,9.14,8.02,1.72,6.32,3.68,5.05,2.94,2.57,0.26,21.97,17.51,118.6,8.77,24.71,17.87,1.72,9.81,2.1,2791,9805,3205,1689,950,1174,658,0.52,1246,1.9551422319474836,2.228179551122195,10.38953488372093,12.37,TXN
6/30/2010,2.08,8.211538462,10.07,8.16,1.56,6.13,3.99,4.78,3.11,2.41,0.25,26.81,21.38,118.6,8.73,30.05,17.08,1.54,9.76,2.6,2305,9755,3496,1894,1107,1334,758,0.62,1221,1.696127110228401,2.0931372549019605,10.948717948717947,12.16,TXN
9/30/2010,2.37,8.438818565400844,10.93,8.48,1.86,6.47,3.52,5.04,2.74,2.69,0.27,29.59,23.55,118.6,8.95,33.06,20,1.84,9.96,2.9,2510,9962,3740,2039,1227,1451,846,0.71,1196,1.8298261665141813,2.3584905660377355,10.75268817204301,12.65,TXN
12/31/2010,2.63,9.148288973,11.47,8.94,2.28,7.06,3.56,5.54,2.8,2.96,0.28,31.87,25.18,118.6,9.44,35.49,24.06,1.98,10.44,3.18,3072,10437,3525,1870,1230,1468,922,0.77,1213,2.097646033129904,2.691275167785235,10.552631578947368,13.4,TXN
3/31/2011,2.66,9.654135338345863,11.74,9.11,2.16,7.04,3.93,5.37,2.99,2.74,0.26,31.25,24.7,118.6,9.58,34.68,25.68,1.79,10.57,3.18,2857,10574,3392,1728,908,1139,656,0.55,1194,2.1873935264054514,2.818880351262349,11.888888888888888,13.31,TXN
6/30/2011,2.6,9.419230769230769,11.8,9.44,2.23,10.86,6.2,9.1,5.19,6.2,0.57,29.47,21.86,118.6,9.92,32.57,24.49,1.75,10.9,3.09,6400,10903,3458,1753,905,1131,661,0.56,1180,2.075423728813559,2.594279661016949,10.982062780269057,17.1,TXN
9/30/2011,2.4,8.316666666666668,11.67,9.65,2.28,7.72,2.1,5.75,1.57,9.88,0.9,26.36,17.49,52.05,3.55,34.85,19.96,3.67,11.03,2.83,2618,11026,3466,1744,814,1040,591,0.51,1157,1.710368466152528,2.0683937823834198,8.754385964912283,20.91,TXN
12/31/2011,1.87,11.72192513368984,11.69,9.61,2.1,7.83,2.24,6.04,1.73,9.55,0.87,20.26,12.26,26.71,3.6,33.04,21.92,3.5,10.95,2.2,2935,10952,3419,1547,365,790,293,0.26,1171,1.8751069289991449,2.2809573361082207,10.438095238095238,20.5,TXN
3/31/2012,1.54,16.51948051948052,11.52,9.67,2.12,7.59,2.61,5.74,1.97,8.94,0.81,16.44,9.2,16.52,3.8,34.61,25.44,2.91,11.07,1.81,2765,11071,3121,1531,397,726,261,0.22,1165,2.2083333333333335,2.6308169596690796,12,20.01,TXN
6/30/2012,1.37,15.934306569343063,11.48,9.81,2.28,7.35,1.92,5.47,1.43,8.36,0.75,14.32,7.82,14.6,3.98,42.41,21.83,3.82,11.16,1.58,2333,11158,3335,1651,598,924,438,0.38,1154,1.9015679442508708,2.225280326197757,9.574561403508772,19.52,TXN
9/30/2012,1.53,13.790849673202615,11.46,10.17,2.37,8.58,2.51,6.74,1.97,9.11,0.8,15.8,8.75,14.69,4.31,44.9,21.1,3.43,11.4,1.76,3661,11403,3390,1740,840,1167,769,0.67,1141,1.8411867364746946,2.0747295968534907,8.902953586,20.51,TXN
12/31/2012,1.51,15.781456953642383,11.14,9.89,2.55,8.23,2.4,6.47,1.89,9.06,0.83,15.5,8.63,13.18,4.04,42.85,23.83,3.43,10.96,1.73,3965,10961,2979,1446,138,557,260,0.24,1146,2.139138240574506,2.409504550050556,9.345098039215687,20.02,TXN
3/31/2013,1.61,17.111801242236023,11.03,9.87,2.51,8.21,2.64,6.51,2.09,8.75,0.8,16.39,9.14,13.2,4.12,44.32,27.55,3.11,10.95,1.82,3862,10952,2885,1374,395,740,355,0.32,1123,2.4977334542157754,2.7912867274569404,10.976095617529882,19.7,TXN
6/30/2013,1.8,15.149999999999999,10.87,10.05,2.57,8.04,2.87,6.32,2.26,8.33,0.75,18.32,10.21,14.92,4.32,48.45,27.27,2.8,11.07,2.03,3244,11068,3047,1570,906,1227,649,0.58,1117,2.5087396504139834,2.7134328358208952,10.61089494163424,19.4,TXN
9/30/2013,1.69,18.792899408284025,10.82,10.1,2.57,8.1,2.98,6.38,2.34,8.19,0.74,17.1,9.61,15.04,4.38,44.65,31.76,2.72,11.05,1.88,3593,11051,3244,1779,844,1162,618,0.56,1111,2.9353049907578557,3.1445544554455447,12.357976653696499,19.24,TXN
12/31/2013,1.92,18.15625,10.94,9.98,2.69,8.02,2.92,6.29,2.29,8.13,0.75,19.37,11,18.71,4.22,49.88,34.86,2.75,10.81,2.13,3829,10807,3029,1641,687,1000,503,0.45,1113,3.186471663619744,3.4929859719438876,12.95910780669145,18.94,TXN
3/31/2014,2.04,18.480392156862745,11.09,9.84,2.81,8.36,3.38,6.65,2.69,8.32,0.78,20.67,11.76,20.61,4.12,52.82,37.7,2.47,10.62,2.25,4032,10620,2983,1607,690,1000,480,0.44,1096,3.3994589720468893,3.8313008130081303,13.416370106761567,18.94,TXN
6/30/2014,2.08,18.490384615384617,11.39,9.8,2.94,7.46,4.14,5.71,3.17,7.34,0.7,21.18,12.14,21.24,4.04,54.26,38.46,1.8,10.47,2.27,2804,10466,3292,1881,982,1289,673,0.62,1086,3.3766461808604036,3.924489795918367,13.081632653061225,17.81,TXN
9/30/2014,2.28,16.938596491228072,11.73,9.91,3.22,7.76,2.94,6.01,2.27,7.43,0.71,23.31,13.42,23.87,4.13,59.83,38.62,2.64,10.47,2.47,3186,10471,3501,2044,1175,1483,813,0.76,1074,3.292412617220801,3.897073663,11.993788819875775,17.9,TXN
12/31/2014,2.58,16.90310078,12.04,9.93,3.53,7.42,2.79,5.64,2.12,6.98,0.67,26.48,15.42,27.1,4.13,67.69,43.61,2.66,10.39,2.78,3541,10390,3269,1895,1100,1405,811,0.75,1080,3.622093023255814,4.3917421953675735,12.354107648725213,17.37,TXN
3/31/2015,2.75,17.065454545454546,12.29,9.93,3.6,7.69,3.37,5.85,2.56,6.98,0.67,28.33,16.77,29.58,4.19,71.67,46.93,2.29,10.37,2.95,3304,10369,3150,1816,958,1254,656,0.61,1061,3.818551668022783,4.7260825780463245,13.036111111111111,17.35,TXN
6/30/2015,2.78,15.302158273381295,12.33,9.87,3.63,8.06,2.52,6.18,1.93,7.33,0.72,28.73,16.97,30.59,4.1,71.98,42.54,3.19,10.21,2.98,3306,10205,3232,1881,1010,1301,696,0.65,1051,3.4501216545012166,4.310030395136779,11.71900826446281,17.53,TXN
9/30/2015,2.78,14.812949640287771,12.38,9.78,3.67,7.29,2.92,5.52,2.21,6.57,0.66,28.93,17.22,31.08,3.95,72.4,41.18,2.5,9.97,2.96,2735,9970,3429,1997,1164,1449,798,0.76,1035,3.326332794830371,4.210633946830266,11.220708446866485,16.54,TXN
12/31/2015,2.82,16.26241134751773,12.41,9.84,3.79,7.07,2.77,5.38,2.11,6.28,0.63,29.5,17.66,32.31,4,73.58,45.86,2.56,9.95,2.99,3218,9946,3189,1881,1190,1451,836,0.8,1043,3.695406929895246,4.6605691056910565,12.100263852242744,16.23,TXN
3/31/2016,2.86,16.926573426573427,12.39,9.72,3.85,6.66,2.75,4.85,2.01,5.9,0.6,30.48,18.43,33.34,3.92,76.19,48.41,2.42,9.78,3.04,2800,9782,3008,1829,984,1233,711,0.69,1022,3.9071832122679577,4.980452674897118,12.574025974025973,15.69,TXN
6/30/2016,2.97,17.898989898989896,12.52,9.93,4.11,6.69,3.36,4.81,2.42,5.73,0.58,31.91,19.73,34.54,4.18,78.9,53.16,1.99,9.96,3.16,2539,9962,3273,2007,1131,1373,819,0.79,1020,4.246006389776357,5.353474320241691,12.934306569343065,15.69,TXN
9/30/2016,3.15,19.006349206349206,12.8,10.27,4.16,7.18,3.31,5.37,2.48,5.93,0.58,33.86,21.21,36.31,4.58,81.18,59.87,2.17,10.29,3.38,3137,10286,3675,2284,1408,1645,1018,0.98,1023,4.6773437499999995,5.829600778967867,14.391826923076922,16.22,TXN
12/31/2016,3.37,18.608308605341247,13.09,10.52,4,7.46,3.29,5.67,2.5,5.96,0.57,35.5,22.46,37.13,4.85,82.08,62.71,2.26,10.47,3.6,3490,10473,3414,2137,1332,1559,1047,1.02,1021,4.790679908326967,5.961026615969582,15.6775,16.43,TXN
3/31/2017,3.69,18.880758807588077,13.48,10.66,4.18,7.04,4.4,5.2,3.24,5.34,0.5,37.53,24.14,38.47,5.09,83.03,69.67,1.6,10.64,3.88,3049,10639,3402,2144,1252,1482,997,0.97,1019,5.1683976261127595,6.5356472795497185,16.667464114832537,15.98,TXN
6/30/2017,3.96,16.904040404040405,13.91,10.8,4,7.51,4,5.56,2.96,5.73,0.54,39.12,25.32,40.44,5.24,83.36,66.94,1.88,10.71,4.12,2984,10708,3693,2374,1480,1705,1056,1.03,1015,4.812365204888569,6.198148148148148,16.735,16.44,TXN
9/30/2017,4.28,18.33878504672897,14.4,11.14,4.24,7.99,3.89,6.08,2.96,5.94,0.54,40.97,26.67,42.61,5.6,84.4,78.49,2.06,10.99,4.39,3444,10988,4116,2656,1788,2013,1285,1.26,1008,5.450694444444444,7.0457809694793525,18.511792452830186,16.93,TXN
12/31/2017,3.6,25.566666666666666,14.77,10.51,4.65,8.73,3.87,6.78,3,7.31,0.71,34.2,21.78,43.92,5.03,69.61,92.04,2.26,10.34,3.65,4469,10337,3750,2440,1563,1787,310,0.35,1012,6.2315504400812465,8.757373929590866,19.793548387096774,17.64,TXN
3/31/2018,3.98,23.133165829145728,15.2,10.84,4.88,8.59,4.62,6.56,3.53,6.87,0.65,37.65,23.45,45.57,5.41,75.49,92.07,1.86,10.64,4.02,4079,10642,3789,2447,1548,1777,1366,1.35,1005,6.057236842105263,8.493542435424354,18.866803278688522,17.51,TXN
6/30/2018,4.35,22.593103448275865,15.59,10.91,5.71,9.59,6.54,7.5,5.12,7.89,0.74,40.99,24.73,45.67,5.49,81.12,98.28,1.47,10.63,4.37,5130,10634,4017,2619,1712,1945,1405,1.4,997,6.304041051956382,9.008249312557286,17.211908931698776,18.53,TXN
9/30/2018,4.67,20.595289079229122,15.81,10.9,5.95,9.47,3.98,7.35,3.09,8.06,0.77,44.16,25.75,46.09,5.45,87.04,96.18,2.38,10.52,4.65,5113,10516,4261,2804,1937,2180,1570,1.58,989,6.083491461,8.823853211009174,16.16470588235294,18.57,TXN
12/31/2018,5.6,15.251785714285715,15.86,9.52,6.13,8.1,3.27,5.88,2.38,8.14,0.91,54.3,30.87,46.24,4,108.84,85.41,2.47,8.99,5.54,4233,8994,3717,2407,1516,1765,1196,1.26,990,5.385245901639344,8.971638655462185,13.933115823817293,17.14,TXN
3/31/2019,5.51,17.529945553539022,15.85,9.07,6.11,7.95,3.68,5.82,2.7,8.92,1.05,55.66,30.02,45.58,3.61,116.05,96.59,2.16,8.52,5.38,4086,8519,3594,2261,1379,1637,1209,1.26,956,6.0940063091482655,10.649393605292172,15.808510638297872,17.44,TXN
6/30/2019,5.47,19.10603290676417,15.67,9.08,6.14,7.96,3.01,5.88,2.22,8.9,1.05,57.84,29.94,46.29,3.66,126.36,104.51,2.65,8.49,5.28,4218,8486,3668,2360,1506,1773,1305,1.36,953,6.669432035737078,11.509911894273129,17.021172638436482,17.38,TXN
9/30/2019,5.38,22.007434944237918,15.33,9.61,6.31,8.71,4.34,6.67,3.33,9.01,1,58.71,29.36,44.19,4.23,132.52,118.4,2.01,8.99,5.14,5067,8985,3771,2446,1589,1864,1425,1.49,950,7.723418134377039,12.320499479708639,18.763866877971477,17.99,TXN
12/31/2019,5.23,22.64435946462715,15.1,9.56,6.13,8.76,4.13,6.76,3.18,9.11,1.02,57.14,28.15,41.53,4.21,127,118.43,2.12,8.91,4.99,5387,8907,3350,2097,1249,1499,1046,1.13,952,7.843046357615894,12.388075313807532,19.319738988580752,18.02,TXN
3/31/2020,5.21,17.833013435700575,14.87,8.39,5.96,8.31,3.49,6.31,2.65,9.55,1.24,58.04,28.01,40.81,3.08,130.48,92.91,2.38,7.73,4.95,4742,7734,3329,2088,1244,1494,1174,1.24,943,6.248150638870208,11.073897497020262,15.588926174496644,17.28,TXN
6/30/2020,5.33,22.33208255159475,14.51,8.35,6.07,8.49,3.92,6.35,2.94,9.8,1.28,60.33,28.38,38.19,3.04,137.84,119.03,2.16,7.64,5.02,4960,7644,3239,2082,1228,1477,1373,1.48,927,8.203308063404549,14.255089820359283,19.60955518945634,17.45,TXN
9/30/2020,5.29,25.480151228733458,14.65,9.07,5.52,9.26,4.24,7.19,3.29,9.88,1.19,60.67,27.88,38.14,3.77,140.28,134.79,2.19,8.33,4.95,5518,8325,3817,2453,1609,1859,1353,1.45,929,9.200682593856655,14.861080485115766,24.418478260869566,18.21,TXN
12/31/2020,5.97,26.134003350083756,15.5,9.99,5.89,10.24,4.28,8.28,3.47,10.16,1.11,67.72,30.81,41.27,4.83,151.27,156.02,2.39,9.19,5.57,6568,9187,4076,2646,1813,2056,1668,1.8,933,10.065806451612904,15.617617617617618,26.48896434634975,19.35,TXN
3/31/2021,6.6,27.386363636363637,16.56,11.01,6.81,10.41,6.12,8.52,5.01,9.47,0.93,69.52,32.9,43.7,5.7,141.61,180.75,1.7,10.17,6.14,6686,10166,4289,2797,1939,2180,1745,1.87,935,10.91485507246377,16.416893732970028,26.54185022026432,19.64,TXN
6/30/2021,7.17,25.796373779637378,17.95,12.08,6.93,11.18,5.08,9.32,4.24,9.45,0.85,68.91,34.4,47.84,6.73,127.23,184.96,2.2,11.15,6.69,7390,11153,4580,3077,2213,2460,1924,2.05,937,10.304178272980502,15.311258278145695,26.689754689754693,20.6,TXN
9/30/2021,7.79,23.861360718870348,18.8,13.16,7.62,13.59,5.63,11.72,4.86,11.12,0.92,68.22,35.12,48.54,7.78,116.22,185.88,2.41,12.15,7.28,9782,12151,4643,3152,2305,2558,1938,2.07,936,9.887234043,14.124620060790273,24.393700787401574,23.27,TXN
12/31/2021,8.26,22.20096852300242,19.6,14.43,6.8,13.69,5.33,11.78,4.58,11.34,0.85,66.12,35.09,48.9,8.97,106.03,183.38,2.57,13.33,7.74,9739,13333,4832,3350,2503,2716,2129,2.27,936,9.356122449,12.708246708246708,26.96764705882353,24.68,TXN
3/31/2022,8.74,20.558352402745996,20.26,15.2,6.98,14.01,5.54,11.95,4.73,11.26,0.8,64.62,34.89,49.07,9.66,98.77,179.68,2.53,14.02,8.18,9825,14017,4905,3442,2563,2777,2192,2.35,934,8.868706811451135,11.821052631578949,25.74212034383954,25.28,TXN
6/30/2022,9.14,16.57549234135667,20.98,15.4,6.39,13.04,5.1,10.84,4.24,10.63,0.75,63.74,34.88,49.2,9.73,94.53,151.5,2.56,14.09,8.54,8387,14092,5212,3625,2723,2963,2281,2.45,930,7.221163012392755,9.837662337662337,23.708920187793428,24.72,TXN
9/30/2022,9.54,16.10062893081761,21.7,15.94,6.48,13.77,4.92,11.37,4.06,11.55,0.8,63.53,35.29,49.48,10.15,92.32,153.6,2.8,14.51,8.89,9090,14507,5241,3617,2678,2940,2284,2.47,923,7.078341013824884,9.636135508155583,23.703703703703702,26.06,TXN
3/31/2009,,,,17.82,,23.22,1.29,14.62,0.82,38.01,2.27,,,,,,,17.94,16.79,,,,,,,,,,,,,,,RTX
6/30/2009,,,,19.55,,23.64,1.27,15.1,0.81,38.14,2.07,,,,,,,18.57,18.41,,4016,18406,13196,3595,1637,1940,976,1.05,929,,,,,RTX
9/30/2009,,,,20.95,,23.73,1.3,15.64,0.86,37.93,1.93,,,,,,,18.2,19.65,,4632,19646,13375,3539,1771,2087,1058,1.14,929,,,,,RTX
12/31/2009,4.12,12.434466019417474,56.48,22.42,4.87,23.19,1.3,15.69,0.88,34.76,1.66,20.2,6.82,23.01,1.16,-1015.65,51.23,17.91,21,3.83,4449,20999,13605,3288,1719,2052,1073,1.15,929,0.9070467422096318,2.2850133809099016,10.519507186858315,55.76,RTX
3/31/2010,4.27,12.803278688524593,56.21,22.42,5.61,24.32,1.3,16.15,0.87,37.46,1.79,19.87,6.96,22.99,-0.19,25225.4,54.67,18.67,20.92,3.97,4788,20924,12040,3308,1523,1850,866,0.93,929,0.9726027397260274,2.4384478144513824,9.745098039215685,58.39,RTX
6/30/2010,4.42,10.970588235294118,56.92,22.51,5.49,24.4,1.3,16.32,0.87,37.43,1.79,19.92,7.14,23.08,0.1,1695.36,48.49,18.76,20.92,4.11,4997,20915,13802,3787,1882,2221,1110,1.2,925,0.8518973998594519,2.154153709462461,8.832422586520947,58.34,RTX
9/30/2010,4.58,11.687772925764191,57.33,24.1,5.32,25.34,1.29,16.91,0.86,38.4,1.73,19.96,7.29,22.85,0.76,926.28,53.53,19.62,22.25,4.25,5731,22253,13620,3953,1928,2270,1198,1.3,920,0.9337170765742194,2.221161825726141,10.06203007518797,60.65,RTX
12/31/2010,4.74,12.554852320675105,56.57,24.24,5.29,23.51,1.33,15.74,0.89,36.16,1.62,20.24,7.42,21.8,0.55,1431.42,59.51,17.73,22.33,4.37,4083,22332,12813,3273,1565,1857,1199,1.31,923,1.0519710093689234,2.455033003,11.24952741020794,58.49,RTX
3/31/2011,4.92,13.071138211382115,57.47,25.27,5.46,25.01,1.32,16.18,0.86,37.54,1.62,20.4,7.59,21.95,0.76,833,64.31,18.92,23.13,4.52,4440,23126,12680,3516,1688,2004,1012,1.11,915,1.1190186184096051,2.5449149188761377,11.77838827838828,60.66,RTX
6/30/2011,5.17,13.077369439071568,58.46,26.12,5.35,26.43,1.31,17.63,0.87,38.41,1.62,20.68,7.81,22.38,1.29,563.24,67.61,20.21,23.74,4.73,5396,23739,14469,4001,2150,2472,1318,1.45,910,1.1565172767704412,2.588437979,12.637383177570094,62.15,RTX
9/30/2011,5.34,10.131086142322097,59.43,26.03,5.62,26.42,1.32,17.81,0.89,38.36,1.63,20.92,7.98,22.93,1.64,458.05,54.1,20.06,23.59,4.85,5966,23588,14235,3897,2151,2475,1324,1.47,902,0.9103146558976948,2.0783711102573954,9.626334519572953,61.95,RTX
12/31/2011,5.5,10.281818181818181,61.39,25.15,6.1,25.76,1.38,17.96,0.97,38.63,1.69,21.35,8.09,23.82,0.96,428.67,56.55,18.62,22.82,4.98,5960,22820,14370,3971,1857,2158,1325,1.46,907,0.9211597980127056,2.2485089463220675,9.270491803278688,61.45,RTX
3/31/2012,4.76,13.56092437,61.27,25.84,6.1,27.85,1.52,19.48,1.06,38.18,1.62,18.34,6.95,23.91,3.61,229.14,64.55,18.33,23.55,4.3,6285,23549,12416,3486,1713,2031,330,0.36,904,1.053533540068549,2.498065015479876,10.581967213114755,61.72,RTX
6/30/2012,4.78,12.376569037656902,60.63,26.02,6.47,39.14,1.98,30.64,1.55,50.93,2.15,18.39,6.63,22.16,2.72,192.97,59.16,19.79,23.73,4.31,16681,23725,13807,3873,2179,2486,1328,1.47,905,0.9757545769421078,2.2736356648731744,9.143740340030911,74.65,RTX
9/30/2012,4.87,12.677618069815194,61.42,28.47,5.99,31.69,1.2,21.22,0.8,65.86,2.52,18.29,6.07,19.59,-16.69,-187.17,61.74,26.45,26.09,4.4,6242,26091,15042,4039,2041,2463,1415,1.56,907,1.0052100293064148,2.1685985247629085,10.307178631051753,91.95,RTX
12/31/2012,5.66,11.508833922261484,63.71,29.46,5.75,29.61,1.25,20.07,0.84,62.34,2.3,20.43,6.46,17.53,-15.92,-78.09,65.14,23.79,27.07,5.13,4819,27069,16443,4157,1751,2228,2057,2.27,907,1.0224454559723748,2.211133740665309,11.328695652173913,89.41,RTX
3/31/2013,6.68,11.175149700598803,65.73,29.98,5.72,29.16,1.29,19,0.84,60.95,2.21,23.23,7.04,16.66,-15.08,-53.96,74.65,22.56,27.56,6.07,4767,27563,14399,3934,2006,2450,1266,1.39,914,1.1357066788376693,2.489993328885924,13.050699300699302,88.51,RTX
6/30/2013,6.92,10.790462427745664,67.99,30.92,5.82,28.79,1.24,18.56,0.8,60.38,2.13,23.09,7.02,16.95,-14.77,-40.34,74.67,23.16,28.37,6.3,4909,28369,16006,4454,2507,2946,1560,1.71,914,1.0982497426092073,2.414941785252264,12.829896907216494,88.74,RTX
9/30/2013,6.93,12.564213564213564,68.29,32.61,5.65,29.35,1.25,18.59,0.79,60.41,2.02,22.37,7.08,17.59,-13.68,-42.5,87.07,23.52,29.92,6.32,4621,29919,15462,4442,2366,2818,1432,1.57,916,1.275003660858105,2.670039865072064,15.410619469026546,90.33,RTX
12/31/2013,6.27,14.73684210526316,61.89,36.24,6.28,29.44,1.29,19.11,0.84,57.38,1.73,19.22,6.39,17.05,-10.47,-42.38,92.4,22.8,33.22,5.72,4619,33219,10733,3302,1670,2070,1463,1.58,915,1.492971400872516,2.5496688741721854,14.713375796178344,90.59,RTX
3/31/2014,6.2,15.38225806451613,62.21,36.76,6.15,29.82,1.3,18.83,0.82,57.53,1.71,18.11,6.28,16.87,-10.05,-46.31,95.37,22.93,33.7,5.67,4477,33695,14745,4055,2098,2565,1213,1.32,917,1.5330332743931845,2.594396082698586,15.507317073170732,91.23,RTX
6/30/2014,6.33,14.96208530805687,63.49,38.47,5.9,29.64,1.22,19.75,0.81,56.95,1.62,17.54,6.36,16.24,-8.9,-53.72,94.71,24.33,35.19,5.79,4962,35193,17191,4260,2355,2823,1680,1.84,915,1.4917309812568906,2.461918377956849,16.052542372881355,92.14,RTX
9/30/2014,6.8,12.810294117647059,62.66,38.82,6.43,29.41,1.23,19.07,0.8,56.39,1.59,18.07,6.79,16.43,-8.46,-65.57,87.11,23.91,35.39,6.21,5035,35389,14613,4448,2612,3029,1854,2.04,910,1.3902010852218323,2.243946419371458,13.547433903576984,91.77,RTX
12/31/2014,6.82,13.985337243401759,63.38,35.81,5.91,31.48,1.34,23.84,1.02,58.64,1.8,18.18,6.79,18.27,-10.41,-65.78,95.38,23.48,32.56,6.22,5229,32564,11351,4239,2528,2996,1473,1.62,912,1.5048911328494792,2.6635018151354366,16.138747884940777,91.21,RTX
3/31/2015,7.08,13.803672316384182,62.03,33.89,6.28,29.96,1.16,19.62,0.76,61.16,2.03,19.3,7.02,18.92,-12.96,-63.17,97.73,25.73,30.17,6.43,5281,30167,13320,3814,2182,2640,1426,1.58,904,1.5755279703369338,2.8837415166715847,15.562101910828025,91.33,RTX
6/30/2015,6.97,13.344332855093258,59.75,35.86,6.01,30.67,1.29,20.37,0.86,60.84,1.91,19.36,6.86,19.19,-11.7,-57.83,93.01,23.73,31.94,6.3,5933,31938,14690,4218,2415,2872,1542,1.73,889,1.556652719665272,2.5936977133296155,15.47587354409318,92.77,RTX
9/30/2015,6.47,11.60741885625966,59.28,36.13,4.95,32.36,1.37,23.91,1.01,60.08,1.88,18.32,6.32,18.74,-10.88,-50.52,75.1,23.69,32.05,5.8,5477,32051,13788,3988,2302,2788,1362,1.54,885,1.2668690958164641,2.078605037,15.17171717171717,92.14,RTX
12/31/2015,8.71,9.368541905855338,63.02,34.41,5.78,26.71,1.18,18.57,0.82,58.64,2.03,24.74,8.37,14.65,-14.06,-61.36,81.6,22.62,28.84,7.61,7075,28844,14300,3647,392,854,3278,3.76,883,1.2948270390352268,2.3714036617262426,14.117647058823527,87.48,RTX
3/31/2016,8.56,10.004672897196262,64.36,35.73,4.93,27.53,1.34,19.02,0.93,58.67,1.96,24,8.16,13.92,-13.22,-59.09,85.64,20.52,29.9,7.37,7215,29903,13357,3703,1945,2411,1183,1.42,831,1.3306401491609696,2.396865379233138,17.371196754563897,88.57,RTX
6/30/2016,8.48,10.415094339622641,65.68,36.62,5.46,27.97,1.26,19.22,0.87,58.83,1.92,23.72,8.05,13.81,-12.73,-56.61,88.32,22.18,30.65,7.2,6785,30648,14874,4133,2337,2831,1379,1.65,834,1.3447015834348353,2.411796832332059,16.175824175824175,89.48,RTX
9/30/2016,8.72,10.09518348623853,67.37,37.36,6.63,28.55,1.27,19.47,0.86,59.3,1.93,24.37,8.23,13.75,-12.46,-55.8,88.03,22.54,30.76,7.32,7107,30764,14354,4012,2251,2747,1480,1.78,831,1.3066646875463857,2.3562633832976445,13.277526395173455,90.06,RTX
12/31/2016,6.11,15.639934533551555,68.92,36.07,5.71,28.55,1.3,19.85,0.91,60.54,2.08,16.78,5.65,16.1,-13.57,-38.9,95.56,21.91,29.17,5.06,7157,29169,14659,3925,1688,2194,1013,1.27,826,1.3865351131746952,2.649293041308567,16.73555166374781,89.71,RTX
3/31/2017,6.41,15.351014040561623,70.08,36.53,5.92,29.31,1.24,19.92,0.84,61.1,2.09,17.55,5.85,16.61,-13.78,-40.03,98.4,23.73,29.27,5.26,7156,29272,13815,3679,2144,2656,1386,1.73,802,1.404109589041096,2.6936764303312346,16.62162162162162,90.37,RTX
6/30/2017,6.56,16.413109756097562,71.38,37.75,6.32,32.83,1.37,22.97,0.96,64.64,2.14,17.82,5.83,16.01,-13.31,-40.04,107.67,23.92,30.16,5.32,9345,30155,15280,4116,2164,2691,1439,1.8,798,1.5084057158868032,2.8521854304635763,17.03639240506329,94.79,RTX
9/30/2017,6.45,15.962790697674418,73,39.68,3.84,32.96,1.31,22.88,0.91,64.66,2.04,17.19,5.57,15.23,-12.18,-39.12,102.96,25.25,31.69,5.17,8523,31691,15062,3956,2032,2575,1330,1.67,797,1.4104109589041096,2.594758064516129,26.8125,96.35,RTX
12/31/2017,5.7,19.968421052631577,74.88,39.32,4.53,32.86,1.35,22.98,0.94,65.5,2.09,14.86,4.81,15.04,-12.37,-35.26,113.82,24.39,31.42,4.55,8985,31421,15680,3885,1798,2356,397,0.5,799,1.5200320512820513,2.8947100712105795,25.125827814569533,96.92,RTX
3/31/2018,5.59,20.191413237924866,76.7,40.61,3.84,32.74,1.32,23.8,0.96,66.29,2.04,14.2,4.61,14.16,-11.84,-35.91,112.87,24.75,32.49,4.46,7667,32492,15242,3962,1928,2509,1297,1.62,800,1.4715775749674054,2.7793646885003693,29.393229166666668,98.78,RTX
6/30/2018,6.35,17.76220472440945,78.45,41.68,3.87,36.56,1.46,27.58,1.1,68.22,2.05,15.73,5.15,14.99,-10.09,-43.64,112.79,25.07,33.35,5.07,11068,33346,16705,4283,2876,3468,2048,2.56,800,1.4377310388782665,2.706094049904031,29.14470284237726,101.57,RTX
9/30/2018,6.22,20.382636655948556,80.15,42.76,6.13,40.2,1.52,31.14,1.18,80.69,2.36,15.15,4.83,13.66,-9.13,-45.86,126.78,26.5,34.25,4.98,13799,34250,16510,3974,1838,2431,1238,1.54,802,1.5817841547099187,2.9649204864359215,20.68189233278956,114.94,RTX
12/31/2018,6.55,14.825954198473283,43.55,47.14,1.49,35.5,1.13,25.42,0.81,93.6,2.31,14.98,4.69,4.22,-33.93,-32.43,97.11,31.37,40.61,5.27,6152,40610,-13756,-4983,-3765,-3635,686,0.78,810,2.229850746268657,2.060033941450997,65.17449664,134.21,RTX
3/31/2019,6.49,18.21879815100154,45.84,48.64,2.66,35.4,1.13,24.93,0.79,95.43,2.28,14.17,4.36,4.02,-32.73,-24.77,118.24,31.4,41.95,5.32,6240,41946,18365,4658,2045,2987,1346,1.56,861,2.5794066317626525,2.4309210526315788,44.451127819548866,137.38,RTX
6/30/2019,6.13,19.59053834,38.06,49.81,1.6,37.06,1.05,26.12,0.74,96.01,2.23,12.94,3.94,1.89,-31.34,-19.3,120.09,35.42,42.98,5.17,6819,42977,11329,2775,1386,1774,1900,2.2,864,3.155281135049921,2.4109616542862877,75.05624999999999,138.99,RTX
9/30/2019,5.92,21.27027027027027,30.64,49.6,1.4,37.82,1.06,26.57,0.75,96.19,2.25,12.07,3.7,1.34,-30.91,-15.76,125.92,35.57,42.82,5.08,7341,42819,11373,2864,1430,2122,1148,1.33,864,4.1096605744125325,2.5387096774193547,89.94285714285715,139.01,RTX
12/31/2019,6.41,21.656786271450855,52.57,51.17,4.58,61.58,1.32,52.53,1.13,95.38,2.16,12.88,3.99,6.02,-16.85,-19.81,138.82,46.59,44.23,5.54,4937,44231,4282,454,53,739,1143,1.32,864,2.6406695834125924,2.7129177252296266,30.31004366812227,139.62,RTX
3/31/2020,4.75,18.49684210526316,44.36,48.41,4.19,38.88,1.23,27.37,0.87,97.64,2.33,9.56,2.95,5.07,-31.15,-14.9,87.86,31.5,41.94,4.11,8001,41935,11360,2788,1295,2023,-83,-0.1,866,1.9806131650135257,1.8149142739103492,20.968973747016705,139.57,RTX
6/30/2020,0,57.20138888888889,40.6,45.1,2.53,42.27,1.2,32.02,0.91,92.63,1.34,-3.29,-1.12,-1.13,-26.38,6.18,57.9,35.29,68.89,-1.63,6975,68892,14061,1847,-3760,534,-3835,-2.55,1501,1.4261083743842364,1.2838137472283813,22.88537549407115,161.52,RTX
9/30/2020,-1.16,-46.95689655,37.18,46.14,1.85,43.51,1.22,33.67,0.95,92.32,1.32,-4.46,-1.67,-2.15,-25.01,10.11,54.47,35.56,70.08,-2.51,10001,70080,14747,1743,434,1598,264,0.17,1514,1.465034965034965,1.1805374945817078,29.44324324324324,162.4,RTX
12/31/2020,-2.39,-28.53556485,44.32,48.6,1.87,43.38,1.21,33.97,0.95,88.3,1.2,-5.53,-2.25,-1.93,-20.97,13.6,68.2,35.85,73.85,-3.52,8802,73852,16419,2153,142,1295,135,-0.11,1358,1.538808664259928,1.4032921810699588,36.470588235294116,162.15,RTX
3/31/2021,-1.79,-41.43575419,41.27,48.39,1.16,42.55,1.17,33.05,0.91,87.3,1.19,-3.75,-1.66,-2.12,-20.96,11.5,74.17,36.36,73.31,-2.68,8579,73308,15251,2714,1013,2136,753,0.5,1514,1.797189242,1.5327547013845837,63.93965517,160.61,RTX
6/30/2021,1.44,57.20138888888889,42.4,48.23,2.36,40.88,1.18,31.33,0.9,86.12,1.18,3.01,1.36,2.79,-21.2,-9.91,82.37,34.79,72.72,2.18,8051,72721,15880,3225,1282,2414,1032,0.68,1514,1.942688679245283,1.707858179556293,34.902542372881356,158.84,RTX
9/30/2021,2.2,37.95909090909091,43.42,48.73,2.55,41.99,1.23,32.57,0.95,85.84,1.18,4.53,2.07,3.65,-19.69,-16,83.51,34.13,72.94,3.31,7476,72937,16213,3124,1343,2501,1393,0.93,1506,1.9233072316904654,1.7137287092140367,32.74901960784314,158.77,RTX
12/31/2021,2.57,32.72373540856031,42.63,50,3.32,42.05,1.19,32.87,0.93,86.74,1.16,5.26,2.42,4.77,-18.29,-19.29,84.1,35.45,74.66,3.86,7832,74664,17044,3428,1320,2464,686,0.45,1509,1.9727891156462583,1.682,25.331325301204817,161.4,RTX
3/31/2022,2.79,34.88888888888889,43.05,49.75,3.12,40.74,1.16,30.99,0.88,85.38,1.15,5.7,2.63,4.81,-18.45,-21.62,97.34,35.06,73.99,4.2,6040,73986,15716,3156,1080,2094,1084,0.72,1498,2.261091753774681,1.9565829145728644,31.19871794871795,159.37,RTX
6/30/2022,2.99,31.77257525083612,43.51,48.76,3.03,41.46,1.1,31.32,0.83,87.03,1.21,6.09,2.8,4.87,-19.38,-23.57,95,37.79,71.99,4.47,4767,71990,16314,3458,1353,2352,1304,0.88,1490,2.183406113537118,1.9483182936833472,31.353135313531354,159.02,RTX
9/30/2022,3,27.13,44.2,48.8,2.21,41.82,1.09,31.38,0.82,86.49,1.21,6.1,2.8,5.02,-18.48,-23.92,81.39,38.37,71.74,4.46,5381,71735,16951,3487,1480,2527,1387,0.94,1479,1.8414027149321266,1.667827868852459,36.828054298642535,158.23,RTX
3/31/2009,,,,37.93,,20.2,0.99,13.72,0.68,87.06,1.55,,,,,,,20.33,56.19,,,,,,,,,,,,,,,COP
6/30/2009,,,,40.47,,23.07,1,16.89,0.73,90.07,1.5,,,,,,,23.09,60.01,,888,60007,36186,11334,2172,4627,859,0.57,1496,,,,,COP
9/30/2009,,,,41.85,,22.25,0.9,15.99,0.65,90.33,1.46,,,,,,,24.66,62.1,,641,62097,41271,12877,3328,5751,1470,0.97,1498,,,,,COP
12/31/2009,3.24,7.651234567901234,101.81,41.06,1.93,21.17,0.89,16.23,0.69,89.53,1.43,7.33,2.95,12.72,58.15,7.93,24.79,23.7,62.61,4.41,542,62613,43695,13310,3210,5715,1285,0.86,1498,0.24349278066987523,0.6037506088650755,12.844559585492227,152.14,COP
3/31/2010,4.08,6.151960784313726,111.35,41.53,3.29,23.59,0.89,16.29,0.61,91.39,1.44,9.21,3.75,14.7,58.97,9.93,25.1,26.61,63.42,5.71,855,63417,45762,13858,4441,6873,2098,1.4,1504,0.22541535698248769,0.6043823741873344,7.629179331306991,154.81,COP
6/30/2010,5.98,4.070234113712374,120.55,43.35,8.11,26.67,1.04,19.55,0.76,85.51,1.3,14.2,5.9,19.76,61.5,15.27,24.34,25.67,65.95,9.02,4120,65945,50127,17826,6710,9103,4164,2.77,1501,0.2019079220240564,0.5614763552479816,3.0012330456226883,151.46,COP
9/30/2010,7.03,4.091038406827881,126.19,46.39,13.03,35.32,1.39,27.58,1.09,85.42,1.22,16.19,6.91,22.13,65.47,17.37,28.76,25.42,69.92,10.6,10852,69917,49549,15246,5638,7994,3055,2.05,1493,0.22791029400110946,0.6199611985341669,2.2072141212586343,155.33,COP
12/31/2010,7.61,4.5216819973718785,133.32,47.09,16.52,34.66,1.26,29.46,1.08,87.21,1.26,16.93,7.35,23.62,64.68,18.13,34.41,27.42,69.11,11.36,11510,69109,53217,14819,4687,5919,2041,1.39,1466,0.2581008100810081,0.7307283924400084,2.0829297820823243,156.31,COP
3/31/2011,8.3,4.904819277108434,143.18,48.62,16.38,35.61,1.22,27.67,0.95,89.12,1.26,17.84,7.89,25.24,66.09,19.07,40.71,29.22,70.52,12.29,8403,70521,58247,15695,6134,8316,3028,2.09,1445,0.2843274200307305,0.837309749,2.4853479853479854,159.64,COP
6/30/2011,7.94,4.871536524,122.3,50.08,14.27,34.68,1.18,27.69,0.94,89.49,1.27,16.46,7.3,23,66.18,17.57,38.68,29.34,70.58,11.53,8140,70578,17668,9723,4881,6605,3402,2.41,1412,0.3162714636140638,0.7723642172523962,2.710581639803784,160.07,COP
9/30/2011,7.8,4.211538461538462,101.3,49.95,10.47,32.39,1.12,25.23,0.87,88.36,1.33,16.04,7.03,21.47,61.96,17.13,32.85,28.94,66.33,11.09,6026,66326,16695,8453,3992,5744,2616,1.91,1370,0.324284304,0.6576576576576576,3.137535816618911,154.69,COP
12/31/2011,8.97,4.256410256410256,77.18,51.14,8.03,30.22,1.08,25.59,0.91,87.48,1.33,18.21,7.93,20.39,61.67,19.44,38.18,28.07,65.75,12.44,6361,65749,16118,8437,3470,5061,3390,2.56,1323,0.4946877429385851,0.7465780211184982,4.754669988,153.23,COP
3/31/2012,9.15,4.392349726775956,49.32,53.02,8.58,37.07,1.02,30.99,0.85,95.84,1.43,18.31,7.83,18.9,62.97,19.53,40.19,36.43,67.04,12.35,10265,67043,16083,9330,4565,6241,2937,2.27,1293,0.814882401,0.7580158430780837,4.684149184149184,162.88,COP
6/30/2012,8.54,4.5597189695550355,48.61,38.24,5.23,16.91,0.92,15.73,0.86,67.57,1.46,18.26,7.67,19.74,46.43,19.24,38.94,18.36,46.44,11.21,6044,46443,14842,8856,4257,5940,2267,1.8,1258,0.8010697387368854,1.0183054393305437,7.445506692160611,114.01,COP
9/30/2012,8.09,4.982694684796045,48.39,39.44,4.05,15.78,0.91,14.61,0.84,67.49,1.41,18.3,7.62,20.99,47.87,18.99,40.31,17.38,47.88,10.39,3736,47877,14713,8141,3852,5602,1798,1.46,1229,0.8330233519322174,1.022058823529412,9.953086419753088,115.37,COP
12/31/2012,6.69,6.182361734,49.26,39.69,1.5,23.99,1.38,23.02,1.32,68.72,1.42,16.07,6.62,22.89,48.43,16.39,41.36,17.44,48.43,8.43,4366,48427,16366,8945,3893,5758,1426,1.19,1253,0.8396264717823793,1.0420760896951373,27.573333333333334,117.14,COP
3/31/2013,6.15,7.050406504,48.68,40.27,2.37,24.24,1.32,23.1,1.26,68.54,1.39,15.9,6.57,23.63,49.24,15.9,43.36,18.32,49.24,7.63,5445,49240,14651,8540,3987,5900,2139,1.73,1236,0.8907148726376335,1.076732059,18.29535864978903,117.78,COP
6/30/2013,6,7.3500000000000005,48.31,40.01,3.45,22.6,1.35,21.47,1.28,68.02,1.39,15.25,6.35,22.74,48.93,15.25,44.1,16.72,48.93,7.41,3984,48932,14142,8300,3933,5870,2050,1.65,1237,0.912854481,1.1022244438890278,12.782608695652174,116.95,COP
9/30/2013,6.54,7.830275229357798,48.82,41.06,3.63,22.56,1.38,21.29,1.3,68.22,1.32,16.34,6.87,23.42,51.54,16.34,51.21,16.34,51.54,8.1,3883,51537,15470,9449,4671,6679,2480,2,1240,1.0489553461696026,1.2471992206527034,14.107438016528926,119.76,COP
12/31/2013,7.38,7.120596206,47.04,42.82,8.73,19.02,1.26,17.83,1.18,65.57,1.25,18.11,7.75,21.6,52.49,18.11,52.55,15.13,52.49,9.16,6518,52492,13985,8084,2843,4853,2487,2,1240,1.1171343537414966,1.2272302662307333,6.0194730813287505,118.06,COP
3/31/2014,7.36,7.186141304347826,48.1,43.68,8.73,20.4,1.19,19.18,1.12,66.4,1.24,17.7,7.7,21.36,53.62,17.7,52.89,17.12,53.62,9.14,7730,53621,16048,8625,4004,6013,2123,1.71,1243,1.0995841995841995,1.2108516483516483,6.058419243986254,120.03,COP
6/30/2014,7.38,8.808943089430896,48.47,45.29,7.72,18.84,1.16,17.55,1.08,65.96,1.19,17.2,7.65,20.72,55.69,17.2,65.01,16.19,55.69,9.17,6430,55686,14701,8689,3742,5932,2081,1.67,1245,1.341242005364143,1.4354162066681388,8.420984456,121.65,COP
9/30/2014,7.55,7.752317880794703,46.36,45.22,7.42,16.25,1.15,14.92,1.06,63.33,1.14,17.28,7.85,18.05,55.66,17.28,58.53,14.14,55.66,9.4,5782,55661,12917,7755,2814,5030,2704,2.17,1247,1.2625107851596205,1.2943387881468378,7.888140161725068,118.99,COP
12/31/2014,5.52,9.666666666666668,44.59,42.45,0.87,15.07,1.31,13.74,1.19,64.27,1.23,12.65,5.76,14.03,52.27,12.65,53.36,11.54,52.27,6.87,5062,52273,11851,6304,-104,2294,-39,-0.04,1246,1.1966808701502578,1.2570082449941107,61.333333333333336,116.54,COP
3/31/2015,4.03,12.066997518610421,38.1,39.75,-2.01,10.84,1.13,9.61,1.01,61.03,1.25,9.44,4.3,8.64,49.01,9.44,48.63,9.56,49.01,5.02,2664,49008,8002,4283,-49,2203,272,0.22,1246,1.2763779527559056,1.2233962264150944,-24.19402985,110.04,COP
6/30/2015,2.21,21.945701357466064,33.27,39.7,-1.71,11.94,1.37,10.67,1.22,63.03,1.29,5.36,2.41,3.93,48.97,5.36,48.5,8.73,48.97,2.76,3813,48969,8660,4881,233,2684,-179,-0.15,1241,1.4577697625488426,1.2216624685138537,-28.3625731,112,COP
9/30/2015,-0.83,-46.26506024,28.96,36.09,-2.4,9.66,1.17,8.52,1.03,61.39,1.38,-2.09,-0.92,-1.9,44.56,-2.09,38.4,8.29,44.56,-1.02,2413,44555,7507,3177,-1451,942,-1071,-0.87,1242,1.3259668508287292,1.0640066500415626,-16,105.95,COP
12/31/2015,-3.58,-10.58100559,24.89,32.43,-0.42,8.79,0.95,7.67,0.83,57.4,1.43,-9.7,-4.16,-8.51,40.08,-9.7,37.88,9.26,40.08,-4.43,2368,40082,6766,1976,-4644,-2144,-3450,-2.78,1242,1.5218963439132183,1.168054270736972,-90.19047619,97.48,COP
3/31/2016,-4.98,-6.612449799,22.5,31.82,-0.56,10.93,1.24,9.86,1.12,60.43,1.53,-14.26,-5.94,-11.24,39.41,-14.26,32.93,8.83,39.41,-6.17,5173,39407,5015,2285,-1818,538,-1469,-1.18,1245,1.4635555555555555,1.0348837209302326,-58.80357143,99.83,COP
6/30/2016,-5.69,-6.30228471,20,30.55,-0.02,9.26,1.26,8.11,1.1,58.22,1.54,-17.45,-7.07,-13.82,37.83,-17.45,35.86,7.35,37.83,-7.06,4152,37831,5575,2963,-1237,1204,-1071,-0.86,1245,1.793,1.1738134206219313,-1793,96.05,COP
9/30/2016,-5.66,-6.355123675,19.19,29.42,0.48,9.64,1.28,8.53,1.13,57.83,1.59,-18.29,-7.25,-13.72,36.46,-18.29,35.97,7.54,36.46,-7.03,4324,36456,6516,3240,-1198,1335,-1040,-0.84,1246,1.874413757,1.2226376614547925,74.9375,94.28,COP
12/31/2016,-2.91,-14.34020619,19.56,28.47,0.66,8.61,1.25,7.59,1.1,54.55,1.55,-9.71,-3.81,-6.03,35.23,-9.71,41.73,6.91,35.23,-3.62,3660,35226,7254,3966,374,2531,-35,-0.03,1245,2.1334355828220857,1.465753424657534,63.22727272727272,89.77,COP
3/31/2017,-1.11,-37.59459459,21.76,28.78,2.36,10.73,1.43,9.63,1.28,52.37,1.47,-4.3,-1.7,-2.98,35.6,-4.3,41.73,7.53,35.6,-1.56,3361,35601,7771,4029,188,2262,586,0.47,1249,1.917738970588235,1.4499652536483667,17.68220338983051,87.97,COP
6/30/2017,-3.03,-12.20792079,24.46,25.06,11.33,19.88,2,18.86,1.9,47.51,1.56,-11.41,-4.49,-7.76,30.5,-11.41,36.99,9.93,30.5,-3.93,11800,30499,8882,5863,-3950,-2233,-3440,-2.78,1237,1.5122649223221587,1.4760574620909819,3.264783759929391,78,COP
9/30/2017,-1.85,-22.9027027,25.15,25.69,13.61,16.95,2.38,15.93,2.23,44.15,1.44,-7.48,-2.99,-4.29,30.71,-7.48,42.37,7.13,30.71,-2.47,11691,30712,7195,4196,998,2695,420,0.34,1215,1.6846918489065605,1.6492798754379134,3.113152094048494,74.86,COP
12/31/2017,-0.5,-93.44,26.48,26.17,13.39,16.51,1.76,15.45,1.64,42.56,1.38,-2.68,-1.09,-2.14,30.8,-2.68,46.72,9.4,30.8,-0.86,10097,30801,8736,5087,1644,3363,1579,1.27,1221,1.7643504531722054,1.7852502865876956,3.4891710231516053,73.36,COP
3/31/2018,-0.37,-137.1351351,27.81,26.25,13.57,13.19,1.86,12.13,1.71,40.01,1.3,-1.8,-0.74,1.57,30.72,-1.8,50.74,7.11,30.72,-0.55,7048,30718,8961,5152,2078,3578,888,0.75,1186,1.8245235526788925,1.932952380952381,3.739130434782609,70.73,COP
6/30/2018,3.8,15.742105263157896,28.45,26.87,5.57,11.61,1.75,10.52,1.58,37.71,1.21,14.67,6.29,15.8,31.22,14.67,59.82,6.64,31.22,4.53,6005,31222,9240,6107,2857,4384,1640,1.39,1181,2.1026362038664326,2.226274655749907,10.73967684021544,68.94,COP
9/30/2018,5.05,13.223762376237625,31.2,27.86,4.59,14.72,1.99,13.48,1.82,38.48,1.2,19.13,8.42,20.73,32.08,19.13,66.78,7.4,32.08,5.97,6677,32079,10165,6532,3186,4769,1861,1.59,1173,2.1403846153846153,2.3969849246231156,14.549019607843137,70.56,COP
12/31/2018,5.34,10.116104868913858,32.86,28.17,6.18,13.27,1.8,12.27,1.66,37.92,1.18,19.85,8.93,23.57,32.06,19.85,54.02,7.4,32.06,6.26,7625,32064,10361,6273,2923,4622,1868,1.59,1176,1.6439440048691418,1.9176428824991125,8.741100323624597,69.98,COP
3/31/2019,6.19,9.384491114701131,34.08,29.18,6.53,13.68,1.86,12.67,1.72,38.52,1.17,22.45,10.25,25.52,32.98,22.45,58.09,7.37,32.98,7.2,8272,32981,10057,6272,3018,4650,1833,1.6,1147,1.7045187793427232,1.990747087045922,8.895865237366003,71.5,COP
6/30/2019,6.2,8.60483871,33.66,29.79,6.81,15.8,1.76,14.71,1.64,38.19,1.16,21.94,10.08,24.19,33.07,21.94,53.35,9,33.07,7.14,8508,33074,8380,5584,2338,3915,1580,1.4,1131,1.584967320261438,1.7908694192682109,7.834067547723936,71.26,COP
9/30/2019,7.35,6.814965986394559,34.06,32.12,7.81,15.22,2.56,14.26,2.4,35.1,1,25.01,11.78,24.96,35.24,25.01,50.09,5.94,35.24,8.34,10052,35239,10093,7023,3742,5394,3056,2.74,1113,1.4706400469759249,1.5594645080946452,6.413572343149808,70.34,COP
12/31/2019,6.39,9.014084507042254,32.49,32.31,6.66,16.91,2.4,15.89,2.26,35.46,1.01,21.09,10.14,21.87,35.05,21.09,57.6,7.04,35.05,7.19,10227,35050,8140,5206,1596,3151,720,0.66,1124,1.7728531855955678,1.7827298050139275,8.648648649,70.51,COP
3/31/2020,3.19,8.614420062695926,28.15,29.27,6.36,13.14,2.16,12.42,2.04,33.65,1.07,10.74,5.22,12.97,31.39,10.74,27.48,6.08,31.39,3.62,8194,31387,4811,1962,-1384,94,-1739,-1.6,1085,0.9761989342806395,0.938845234,4.320754716981132,65.03,COP
6/30/2020,2.03,18.645320197044338,24.47,29.36,4.87,11.05,2.69,10.07,2.45,31.55,1,6.9,3.42,8.83,31.49,6.9,37.85,4.11,31.49,2.3,7863,31493,4016,2789,296,1520,260,0.24,1078,1.5467919901920721,1.2891689373297004,7.772073921971253,63.05,COP
9/30/2020,-1.13,-26.45132743,19.47,28.7,2,11.06,2.38,10.03,2.16,32.37,1.05,-3.76,-1.85,0.54,30.78,-3.76,29.89,4.64,30.78,-1.21,7331,30783,4380,2416,-255,1218,-450,-0.42,1077,1.5351823317925013,1.0414634146341464,14.945,63.16,COP
12/31/2020,-2.5,-14.748,17.84,27.95,1.3,12.07,2.25,11.06,2.06,32.77,1.1,-8.75,-4.26,-4.71,29.85,-8.75,36.87,5.37,29.85,-2.7,7856,29849,6049,2554,-811,787,-772,-0.73,1078,2.0667040358744395,1.3191413237924865,28.36153846153846,62.62,COP
3/31/2021,-0.15,-328.6,21.51,31.98,1.04,14.61,2.03,13.52,1.88,40.54,0.94,0.06,0.03,2.51,43.16,0.06,49.29,7.18,43.16,0.02,8499,43155,10559,5992,2021,3969,982,0.75,1303,2.2914923291492326,1.5412757973733584,47.39423076923077,83.69,COP
6/30/2021,1.16,49.23275862068966,25.33,33.06,3.3,17.17,2.11,16.03,1.97,41.13,0.93,5,2.51,8.02,44.28,5,57.11,8.15,44.28,1.85,10661,44276,10211,7156,3373,5303,2091,1.55,1353,2.2546387682589817,1.7274652147610403,17.30606060606061,85.4,COP
9/30/2021,3.36,19.0625,29.95,33.45,6.67,20.18,1.93,19.14,1.83,43.19,0.98,11.6,5.87,14.48,44.12,11.6,64.05,10.45,44.12,4.68,11927,44115,11616,7372,3852,5585,2379,1.78,1336,2.1385642737896493,1.9147982062780267,9.602698650674663,87.3,COP
12/31/2021,6.06,11.358085808580858,36.36,34.87,10.03,16.05,1.34,14.84,1.24,45.26,1,18.26,9.31,21.88,45.41,18.26,68.83,12.02,45.41,8.08,6591,45406,15963,9327,4570,6409,2627,1.99,1328,1.893014301430143,1.9739030685402925,6.862412761714856,90.66,COP
3/31/2022,9.7,9.908247422680413,43.01,38.05,12.61,17.59,1.51,16.41,1.41,44.09,0.9,28.1,14.42,31.13,49.22,28.1,96.11,11.62,49.22,12.86,7144,49218,19291,12471,8200,10084,5759,4.39,1307,2.2345966054405952,2.525886990801577,7.621728786677241,93.31,COP
6/30/2022,12.11,7.213047068538398,52.44,39.44,15.39,18.86,1.54,17.63,1.44,43.49,0.87,33.68,17.44,37.62,50.2,33.68,87.35,12.22,50.2,15.91,8181,50202,21989,12612,7857,9728,5145,3.96,1296,1.665713196033562,2.214756592292089,5.675763482781026,93.69,COP
9/30/2022,13.88,7.301152737752161,60.77,39.39,17.68,20.45,1.46,19.23,1.37,45.76,0.93,37.25,19.39,42.97,49.08,37.25,101.34,14,49.08,18.06,10422,49079,21614,12274,7606,9538,4527,3.55,1269,1.667599144314629,2.572734196496573,5.731900452488688,94.84,COP
