,IsolationForest_score,IsolationForest_flag,LOF_score,LOF_flag,OneClassSVM_score,OneClassSVM_flag,EllipticEnvelope_score,EllipticEnvelope_flag,Autoencoder_score,Autoencoder_flag
0,0.26875958837832564,0,0.030394462835687988,0,0.6206868271861203,0,0.0005364856858534728,0,6.154469248562987,0
1,0.039546472146980205,0,0.010042901789850017,0,0.42225905838035377,0,9.23530312380495e-05,0,1.8550452727855926,0
2,0.10628809712055629,0,0.03979862026819113,0,0.599022581926647,0,0.00016757509625496878,0,3.3676568110571212,0
3,0.03275808717287278,0,0.0019979829586634136,0,0.2207378808228662,0,9.379093851536763e-05,0,1.5473402901173237,0
4,0.1134476395416826,0,0.009354360741170608,0,0.6063908539454573,0,0.00014342905077231573,0,2.7125225334884844,0
5,0.026192660891136588,0,0.00273318947827783,0,0.2237650074045376,0,7.084739464981978e-05,0,1.2863651935327562,0
6,0.1113787305985022,0,0.021263873731894416,0,0.5684883172658679,0,0.00015377977669277175,0,3.4423238079021514,0
7,0.32173839923730724,0,0.02924597037075796,0,0.8011697354407383,0,0.00070678189737619,0,7.541939145547405,0
8,0.07223516329646806,0,0.013699045051699608,0,0.29760958358543377,0,0.00013808929670189663,0,2.8645810824117457,0
9,0.1295331312901627,0,0.018160519554531542,0,0.3465843608363125,0,0.00031973729032725736,0,2.067063595325863,0
10,0.08026144444050907,0,0.010998862771007426,0,0.5796889004512296,0,0.00012594890087475077,0,2.8119070405352926,0
11,0.16735432615817505,0,0.044980115229103196,0,0.6681780359802512,0,0.00030455386193836096,0,5.630578125029892,0
12,0.20698597884408598,0,0.06324390525133528,0,0.7291070175534395,0,0.00023604705630305504,0,5.019524161042327,0
13,0.23083693048058132,0,0.042839219590212634,0,0.5408873144002476,0,0.0005290780906865034,0,3.939306976991385,0
14,0.0339994653715152,0,0.00822082245620771,0,0.2741997429467779,0,5.02746160321833e-05,0,1.1609756238410627,0
15,0.282333694257391,0,0.0038216254234883806,0,0.6981969225958518,0,0.000507096022454384,0,7.738386807804647,0
16,0.13937725987010371,0,0.04530298557560459,0,0.6493590698461079,0,0.000180208401161015,0,4.221222852249608,0
17,0.05344970842952446,0,0.01151183619266722,0,0.47832472683960275,0,0.00013589289076501956,0,2.15686708700558,0
18,0.02944289305924261,0,0.0020073290483268694,0,0.30433156062101263,0,5.611398884646428e-05,0,2.0899918152558365,0
19,0.17201960654312534,0,0.06328093783183267,0,0.5259331128509807,0,0.0003813643730940054,0,5.128488693967694,0
20,0.0715758205259356,0,0.05641538049658655,0,0.3817365327295007,0,9.030046508882136e-05,0,1.8175623749850245,0
21,0.1410410534860916,0,0.014014366351167602,0,0.4750414139843047,0,0.0001697730613541367,0,2.8444310809193873,0
22,0.03019383858367407,0,0.007552965782985858,0,0.2715965589461679,0,5.613932876475672e-05,0,1.9693572219372473,0
23,0.02341442694627018,0,0.0013972654912229427,0,0.08492386275179031,0,1.7862154929536562e-05,0,0.4504003154920152,0
24,0.01936537752325984,0,0.0020708934597449035,0,0.27931901189933306,0,3.614098631750958e-05,0,1.3918683527104878,0
25,0.05305690268939462,0,0.005118422620525761,0,0.5185251509985708,0,0.00010106753560877395,0,2.382157725897862,0
26,0.0761317581591911,0,0.00727088942832044,0,0.4100758454609947,0,0.00012771036315171926,0,2.1099576120749055,0
27,0.07481098508973108,0,0.001694430978518797,0,0.24675657696305875,0,6.893617369619345e-05,0,1.9293061374217602,0
28,0.31998416177416195,0,0.025444821262400396,0,0.5439386243201783,0,0.0007735750493590254,0,9.647275359599721,0
29,0.060954152015708384,0,0.008162933983628254,0,0.14730191141042323,0,5.1559860576062586e-05,0,0.7905476836398506,0
30,0.11289953891467897,0,0.029871903201929808,0,0.652252003120255,0,0.00018569278677197556,0,4.143717937110845,0
31,0.15136936496081482,0,0.01778845597763135,0,0.4192398524420742,0,0.0003819486465243775,0,3.520661958416183,0
32,0.03257736407645394,0,0.00336202478034154,0,0.3258427154551335,0,0.00010287423703188959,0,1.9772908070213375,0
33,0.2011042087518193,0,0.004389622502040457,0,0.4713842686588989,0,0.0002800801856911556,0,3.6777082804747527,0
34,0.10190892892431762,0,0.01410141656446862,0,0.6270427086638236,0,0.00012026013131591888,0,3.5312752598813546,0
35,0.22805855013984785,0,0.03147839540774136,0,0.7861712603481442,0,0.0002861655022351202,0,6.045059426425854,0
36,0.029964595143504105,0,0.0047095319607498775,0,0.37120443685281374,0,6.081806485828761e-05,0,1.661951032579892,0
37,0.03241143633191675,0,0.015363506634036034,0,0.20227090995095004,0,6.580762339617792e-05,0,1.4630462488839744,0
38,0.0701621389444072,0,0.007759645936876585,0,0.4606999265235311,0,0.00013102228747045877,0,3.4195000953310797,0
39,0.11943169065937155,0,0.007305503803797448,0,0.4992380845003985,0,0.000179496999720326,0,2.815632137196721,0
40,0.11489614723340971,0,0.019893621295357978,0,0.7193340247410863,0,0.00017685085287066167,0,3.180331449205295,0
41,0.08156675742473904,0,0.013584907768930503,0,0.613673547438678,0,0.00010517070906885997,0,3.0376336510382886,0
42,0.1183802504146308,0,0.009208651135520458,0,0.6219041185801651,0,0.00015235670463654765,0,2.810466955667277,0
43,0.02968271991270645,0,0.014679255688758665,0,0.28109440166512506,0,8.022699430413343e-05,0,1.8326958046091728,0
44,0.08006360838154683,0,0.004293361506282131,0,0.5015882722923144,0,0.00011201743157420473,0,2.4659631696143713,0
45,0.39985040711076153,0,0.018639903466237364,0,0.8359643605446501,0,0.000951598349225357,0,8.746044786766086,0
46,0.027435231479697158,0,0.0014674034098255447,0,0.21458883629967782,0,5.704319735273731e-05,0,1.2151198710889755,0
47,0.039575185931660865,0,0.003073612768192347,0,0.349186189131755,0,0.00011491922156924056,0,2.243651748224963,0
48,0.12697347313812618,0,0.02770801145847249,0,0.6137087439576333,0,0.00019546229132844187,0,4.784488668919003,0
49,0.042386609508672644,0,0.007519114013062056,0,0.3856648912833406,0,6.564729115297952e-05,0,1.7352050215106,0
50,0.03890994527476824,0,0.006727866139451365,0,0.20653265401657617,0,0.00010559736437804766,0,1.7283561881033915,0
51,0.05527977569815923,0,0.003622571210687091,0,0.4190476148632269,0,0.00010897734337052223,0,3.0051625411507517,0
52,0.09577659590216125,0,0.013890574016664489,0,0.5637461212349358,0,8.08728344327927e-05,0,2.704284384989582,0
53,0.13768913494698906,0,0.012302827937989877,0,0.7418124162891716,0,0.00020079767607393252,0,3.4595286227618347,0
54,0.13277326573125378,0,0.005165349805971509,0,0.48552823649511523,0,0.00018843851518289965,0,2.8970585257518677,0
55,0.19362697707381035,0,0.040360563967271744,0,0.7265277484569982,0,0.00036747675958915155,0,6.226288268442481,0
56,0.1433971411390613,0,0.03730566197649044,0,0.7929283215965213,0,0.00017189386645103562,0,3.8943771115230073,0
57,0.22993734320049322,0,0.035669507004195806,0,0.7200949252596376,0,0.0005091644668418457,0,8.471481468710435,0
58,0.03791369889931315,0,0.004369449096051528,0,0.3825574208833103,0,7.429127505382493e-05,0,2.2856706678615852,0
59,0.061019457328412186,0,0.007674903828497702,0,0.3240183945281275,0,0.0001063925902137945,0,2.088536878397649,0
60,0.06225965980162665,0,0.025202970865479134,0,0.15404809297535468,0,9.83117139894682e-05,0,0.7199982483733117,0
61,0.06866014207205871,0,0.020546905403388122,0,0.39966296561500697,0,0.00012213407462595554,0,2.7284734580656265,0
62,0.07871804193911544,0,0.007135512918207811,0,0.34650136792567654,0,0.00010847335708114013,0,2.396951533798654,0
63,0.03823114474808973,0,0.013100136809455478,0,0.28485378967682873,0,4.648181327988802e-05,0,1.541461144031493,0
64,0.07785559234420718,0,0.0011519727187073267,0,0.29188563414611474,0,0.00010392569172026209,0,2.284395143717075,0
65,0.07523315792028831,0,0.018477320992055714,0,0.48841270673006026,0,0.00013180713369929817,0,3.1092102908461916,0
66,0.11130134766345473,0,0.028247825319716247,0,0.6492514945301819,0,0.00017853615460310422,0,4.090642708510004,0
67,0.3062801632121929,0,0.03356728585627074,0,0.8004571270770915,0,0.0005003704867637444,0,7.0221483834631275,0
68,0.04181158255468531,0,0.01172747213032267,0,0.4084461717704306,0,7.617612018249048e-05,0,1.7800159527828352,0
69,0.06166094674448147,0,0.009912087546621208,0,0.4695426051404233,0,0.0001612190939349865,0,2.8908498319821776,0
70,0.2508125422111884,0,0.0038097574382739154,0,0.5836173976457093,0,0.0003655447777469501,0,4.566454499233165,0
71,0.15184279122506986,0,0.03551002921316423,0,0.671172000636131,0,0.0002374388653604142,0,5.443665400355952,0
72,0.13651793427553643,0,0.025174633597157957,0,0.6671393248558353,0,0.00023703436388836378,0,5.3134670050537345,0
73,0.09249149652614207,0,0.012481796893777358,0,0.5770719155068078,0,8.234993802783812e-05,0,2.6885126260685217,0
74,0.4636124096393275,0,0.04800106739506846,0,0.9983969112737874,0,0.0007501352470514823,0,8.399081845115749,0
75,0.050617589081004874,0,0.003591386419739875,0,0.24785756426902872,0,0.00012818000089102343,0,2.0401381733685837,0
76,0.12546755532564552,0,0.011412583864874433,0,0.6924519803936081,0,0.00018182291624767018,0,3.1900978282151597,0
77,0.043720344263514115,0,0.003186009428234578,0,0.4096729325288174,0,9.462062279439587e-05,0,2.8100095807272263,0
78,0.021530707015837182,0,0.006671327129722779,0,0.3229299977857234,0,5.735237891389428e-05,0,1.6965030174123377,0
79,0.13803378903618127,0,0.03299422753576743,0,0.6855187035612553,0,0.0002044011161915324,0,4.472065978046757,0
80,0.07989451346710941,0,0.007295937523088634,0,0.34492034021120754,0,0.00010555160941930469,0,2.228270540802373,0
81,0.06798895986612903,0,0.021290517313614334,0,0.14999278507783587,0,0.00012550672868185444,0,0.8262908169257562,0
82,0.39645996724857224,0,0.03977116621784205,0,0.8945607338042313,0,0.0006237895984471884,0,8.261827241922683,0
83,0.019892334302091873,0,0.00558415154664324,0,0.27438296578644833,0,6.133650874820286e-05,0,1.2929174090255215,0
84,0.08722562696624063,0,0.0023145701949515737,0,0.2831771625633151,0,0.0001278283221695836,0,2.480770637042282,0
85,0.1031842478162457,0,0.00406644265484206,0,0.5502151950117307,0,0.00016908601299330659,0,3.632463586640508,0
86,0.03869820192559928,0,0.0028599017192377086,0,0.2405987742505064,0,6.555971240848271e-05,0,1.4989211044031638,0
87,0.05450188749550489,0,0.012670315147153829,0,0.3745788226521329,0,0.00010993589445382788,0,2.5929518622829546,0
88,0.05654682682379912,0,0.0015655241184890352,0,0.43734588092707083,0,8.011601373465525e-05,0,2.1130012870838843,0
89,0.1489031457574331,0,0.004929302033129577,0,0.6184577484377014,0,0.0001332059206517436,0,3.3067248166704055,0
90,0.4497087440278357,0,0.06455173984094909,0,0.7954663961722075,0,0.0009170274455132188,0,9.834679256370068,0
91,0.013954930246939279,0,0.010066514404736802,0,0.23636660688428415,0,4.1526250070162306e-05,0,1.292645583331233,0
92,0.30160768204122007,0,0.037002587714766284,0,0.3826688488582194,0,0.0012306771143315305,0,2.6035484527602533,0
93,0.04964933729606706,0,0.0041581755565716005,0,0.44857476111145106,0,9.047512053393187e-05,0,2.6946525518320454,0
94,0.14094182299237942,0,0.020134118299456494,0,0.431315235231522,0,0.00027505896431896643,0,3.5765413173841942,0
95,0.026172962128167474,0,0.00373127010170015,0,0.29456921832404703,0,4.538358205973421e-05,0,1.7008011767508893,0
96,0.10398049108184541,0,0.023994306613645204,0,0.3241572756162409,0,0.00013582005800747953,0,3.1429629814159767,0
97,0.03422248895723715,0,0.00883992935605042,0,0.2149558002539975,0,2.7962075338611296e-05,0,1.2541525677853853,0
98,0.2077071447665372,0,0.01406938011966563,0,0.3889570882013087,0,0.0004820337889277789,0,3.711254145292524,0
99,0.18126986150636906,0,0.010528697141942801,0,0.4337238431477227,0,0.0005019714964349842,0,4.583934983973437,0
100,0.04516699957051382,0,0.005385769672226864,0,0.29654446896220377,0,9.064712699104118e-05,0,1.4619662713622144,0
101,0.04065925832219641,0,0.005643772282358033,0,0.10576064496583935,0,3.1997188346334337e-05,0,0.6113534940592353,0
102,0.5868498164415614,0,0.049493960927612164,0,0.9673720418495874,0,0.0014844972104211614,0,17.8827720801641,0
103,0.07533784992599007,0,0.005497637644652478,0,0.5756947121529492,0,0.00012287981640243472,0,2.4715259355146757,0
104,0.03352839102317121,0,0.0028481428159828214,0,0.2585858096652303,0,6.527841831491616e-05,0,1.2199817645414903,0
105,0.10057473262557717,0,0.010646882716295237,0,0.5956283787666092,0,0.0001458442136318336,0,2.7257793278930365,0
106,0.027367480764799453,0,0.0010228870643816759,0,0.28406480456579647,0,5.126406665695873e-05,0,1.9183093165135627,0
107,0.15582697387788125,0,0.06300675439002454,0,0.45041328016637633,0,0.0001883004425413291,0,2.2535167349890544,0
108,0.12289440379777983,0,0.0329777402941451,0,0.356277978680714,0,0.0001384118272756963,0,1.5587523271136043,0
109,0.5219641959421253,0,0.03626126071923286,0,0.9994774342572194,1,0.001216463223008635,0,16.03835322296402,0
110,0.43745132182996244,0,0.025701555912126552,0,0.9808134346348233,0,0.0011700103302497717,0,10.599222232452375,0
111,0.5628509518170464,0,0.05021033347604491,0,0.9993384553367243,1,0.0014819339300493532,0,17.549830242422317,0
112,0.02582294813050766,0,0.0018504037000458271,0,0.27600352794511246,0,6.776038262016289e-05,0,2.192642981430584,0
113,0.302536023081421,0,0.061080470851778465,0,0.7833780410451737,0,0.0007773460046652562,0,9.77512069204471,0
114,0.14981765666843191,0,0.03257221463207196,0,0.4914596553071571,0,0.00017855836993902345,0,3.736683953358271,0
115,0.5259802355338234,0,0.02775734229836004,0,0.9447095180258915,0,0.0018110428010220247,0,16.56442133273876,0
116,0.20150994814887901,0,0.032259046359540286,0,0.6760840617047157,0,0.00030062262005930046,0,6.1623800199271,0
117,0.05188343362955538,0,0.00208830426202949,0,0.3249182632969607,0,0.00013719067364045495,0,2.0593401793969863,0
118,0.1495136227169634,0,0.02690173697544462,0,0.6052054311391293,0,0.00023399961669620653,0,5.117914750710988,0
119,0.2537786151095581,0,0.0030698880825517235,0,0.5216528181583429,0,0.0003922388154957232,0,5.235464098793957,0
120,0.019279293858183253,0,0.004053476970072045,0,0.2924673197470667,0,3.919857424946982e-05,0,1.3985386802740627,0
121,0.05620114420755708,0,0.008302205086166203,0,0.47567322883035373,0,0.00012582158949659658,0,3.373982265449257,0
122,0.06063688853085754,0,0.013224838313254694,0,0.3133389605729021,0,0.00015760547774329504,0,2.281102693461848,0
123,0.07943539216998534,0,0.01623350701385586,0,0.6414677585669881,0,0.00011557477978337977,0,3.1241592010647277,0
124,0.27722926064086606,0,0.00979412553447487,0,0.9980036774598345,0,0.00032258839385760436,0,5.046211096805426,0
125,0.3168316496607789,0,0.04198782913266366,0,0.7133209600603267,0,0.00039438909070851734,0,5.2937769334274325,0
126,0.07811542574478125,0,0.015597716068659366,0,0.6176482309079672,0,0.00016688113523078394,0,3.336256585729166,0
127,0.06297133168326333,0,0.006911912111220542,0,0.5119589690525415,0,9.748629033153177e-05,0,2.7367868031307445,0
128,0.4832978699312197,0,0.0839575574515461,0,0.9984433297474581,0,0.0009548286456090147,0,10.378715630693744,0
129,0.5531738921195295,0,0.03761504343489942,0,0.9977296033965249,0,0.001954448280369872,0,17.402911865738112,0
130,0.5808395848982313,0,0.09941292650309246,1,0.9968406065105863,0,0.005900361737050219,0,7.805081117552476,0
131,0.10823338086877474,0,0.006390874331725913,0,0.4396122949480238,0,0.0001343908858880123,0,2.634974707516876,0
132,0.20072133181441495,0,0.014567954386250285,0,0.6478583362668282,0,0.00027864443897986985,0,3.768346469508606,0
133,0.47004749728930617,0,0.04029175836748587,0,0.9902904891922699,0,0.0006863593945877775,0,8.634913010119044,0
134,0.0627024292611065,0,0.009122649458862523,0,0.4713664756350345,0,0.0001259620543440397,0,2.7116581443554444,0
135,0.18520879693275916,0,0.009988598734612131,0,0.7115762126773617,0,0.00019361703361458056,0,4.381976132403291,0
136,0.022204217755058236,0,0.004523487843804039,0,0.31198098626942733,0,4.015826328880555e-05,0,1.7346682035570118,0
137,0.18584747112257416,0,0.027340314389464496,0,0.5121987937484712,0,0.0004120421308900426,0,4.931121579861532,0
138,0.023285494908184035,0,0.007791015992830134,0,0.11516602877315261,0,1.1952693400188008e-05,0,0.48511302274338347,0
139,0.015592596894130003,0,0.004317063570281767,0,0.1577732450336556,0,2.4920952221453128e-05,0,0.8065075273138209,0
140,0.10509542276507021,0,0.023538493742880695,0,0.505115449094909,0,0.00017389647455389956,0,3.3063637830514567,0
141,0.024134180414155968,0,0.014282225361022756,0,0.0,0,2.326755353770193e-05,0,0.17723057952963464,0
142,0.08323865250288025,0,0.020617384180948037,0,0.3417189556304475,0,0.00015752907506869665,0,2.934427460949112,0
143,0.21300689173149254,0,0.015501453173991169,0,0.69487477399285,0,0.00023749660815316204,0,5.204549741226991,0
144,0.09700961974054464,0,0.01421291373930704,0,0.5834359562966968,0,9.649579295031982e-05,0,2.8300143782373013,0
145,0.13206222704854,0,0.0030343500658006157,0,0.47216285726308777,0,0.0001851303426232835,0,3.146767115113215,0
146,0.15283922675971037,0,0.003950448555919149,0,0.7850113660635928,0,0.0002302558394955684,0,3.9501131910672087,0
147,0.04316557722120397,0,0.003346551940119155,0,0.4309758947450918,0,9.518747012540576e-05,0,2.8641901587590124,0
148,0.029818037952940926,0,0.005350801429246177,0,0.23585253964553196,0,0.00010671955920648161,0,1.7863830365855127,0
149,0.03954617847632663,0,0.0022580658993569705,0,0.2063121492885364,0,4.480742264751128e-05,0,0.9939751324095486,0
150,0.1972464699163211,0,0.009963425701358603,0,0.5491188863464399,0,0.00028569047910796214,0,4.033708756823643,0
151,0.07612597120703159,0,0.003953510574453748,0,0.5509798851893571,0,0.0001267551517049525,0,2.387740652434422,0
152,0.15692586550770993,0,0.004937270981242295,0,0.6333501240627945,0,0.00015439408368359933,0,3.619651508862023,0
153,0.02241390870800356,0,0.001840661928492449,0,0.14045147171126088,0,2.9135511595699504e-05,0,0.6380828397951429,0
154,0.03019793667768386,0,0.004348164571288492,0,0.2103105657915942,0,3.0325286328953804e-05,0,0.8786408042776708,0
155,0.5074669049037259,0,0.028760610145587208,0,0.8818104785965069,0,0.0011705753904624756,0,16.16094627321383,0
156,0.08069108609507851,0,0.0025616730815740834,0,0.2900443838956651,0,0.00010820578525248253,0,2.5711552774131032,0
157,0.028061899763522434,0,0.004100858462563278,0,0.18548203393290127,0,4.516144351269683e-05,0,1.4929534641859843,0
158,0.02649541327813996,0,0.002668955682014531,0,0.16265461192196073,0,4.4741242260700206e-05,0,0.7253490520080202,0
159,0.061074230973518905,0,0.012947703270372776,0,0.4577992073927274,0,0.0001482780378223301,0,2.0007112042570094,0
160,0.30533683445092535,0,0.03303591998095537,0,0.7591904527447737,0,0.0004937814815602146,0,6.721716131377624,0
161,0.06876140249723028,0,0.01266992546851908,0,0.5782787107541427,0,0.0001173083867999506,0,2.855251234051765,0
162,0.40569871153528,0,0.04450380999912298,0,0.7233610355930165,0,0.0007621659694986632,0,7.964136971270956,0
163,0.18589543689223179,0,0.030649408507047025,0,0.7231473171611246,0,0.0003136906928696052,0,6.209455695634944,0
164,0.21445896553492955,0,0.017561675638756734,0,0.6748357133444047,0,0.00025888902183489847,0,5.325707055420825,0
165,0.04721675672362286,0,0.0010110401938804284,0,0.3398801021695613,0,0.00014571548067956197,0,2.220597630057107,0
166,0.2837152165879135,0,0.0064577034204770685,0,0.5386171486628886,0,0.0004013567456483345,0,5.225533164737819,0
167,0.024271478807635635,0,0.00460228013519932,0,0.2477766030924874,0,3.93947582612842e-05,0,1.3141431339375085,0
168,0.10061344862721505,0,0.014479960627690329,0,0.5687771819808305,0,8.802451862290854e-05,0,2.680468876012853,0
169,0.10452321536183122,0,0.0030982539920014615,0,0.40764915301179144,0,0.00014459038429864978,0,2.5827270570515033,0
170,0.059152836882644236,0,0.004200046975783133,0,0.24155417013947586,0,0.00015153424869991902,0,2.1824996066129247,0
171,0.061909190050522665,0,0.009583547404098091,0,0.46384188050717956,0,0.00011397879749882228,0,3.196860539106767,0
172,0.16361579786757796,0,0.003672912702292296,0,0.7564438199388885,0,0.00021334358208285732,0,3.8082768845000445,0
173,0.5139085253333252,0,0.03250124291390455,0,0.9973735596939063,0,0.0010471359088952406,0,14.006620824180482,0
174,0.020069815854021816,0,0.004133526801720602,0,0.2404566741454672,0,4.455101006929981e-05,0,1.575120608434764,0
175,0.025886786661248228,0,0.008516645952192868,0,0.21274151260110089,0,3.280570897614089e-05,0,0.9466991976767906,0
176,0.024417444067926907,0,0.0049192404713294694,0,0.2306837360111348,0,6.948935281483297e-05,0,1.9561183760733485,0
177,0.031531555013829725,0,0.004251690475056021,0,0.31656383875617633,0,4.1265817043594286e-05,0,1.5883632183989327,0
178,0.16812415125053948,0,0.05954433065239737,0,0.7371337831030881,0,0.0003106015976119671,0,3.208613723461086,0
179,0.10201536635967343,0,0.0026505276917018145,0,0.30861181589937636,0,0.00012121789211775353,0,2.429159015849666,0
180,0.1823631073821256,0,0.0609589407624833,0,0.8647682730796489,0,0.00026504344913175464,0,4.296159545850406,0
181,0.03878046351193105,0,0.006082084032823303,0,0.29389485638414026,0,7.86434805282871e-05,0,1.6858622698446066,0
182,0.05720615322171378,0,0.0017843897592979318,0,0.41466911242049453,0,0.0001681278321782217,0,2.5010197039785975,0
183,0.30927972757188493,0,0.005994649520714309,0,0.5939551333659027,0,0.0005059447867149598,0,6.45030440114345,0
184,0.23775964641269348,0,0.03234473999272749,0,0.6916809885315355,0,0.00035257989732489814,0,6.589140145209943,0
185,0.2642171757499855,0,0.015132045368533052,0,0.7272252055050177,0,0.0003898446835727182,0,6.898443240907403,0
186,0.04910324083569029,0,0.004200953883412376,0,0.3928599358979617,0,0.00010241831311720822,0,2.9011330655472527,0
187,0.13748552718737939,0,0.0026611082571056832,0,0.7083436408514682,0,0.00019607984604959452,0,3.627821067236475,0
188,0.10196268646630702,0,0.0149558037657598,0,0.5987801024830813,0,9.842375813790383e-05,0,2.8696467925389175,0
189,0.12360827606065752,0,0.003683814840567164,0,0.3979706387785666,0,0.0001703150188997528,0,3.1530366568928883,0
190,0.06194792588222858,0,0.007432431807715815,0,0.23976060123907433,0,0.00016423020238744918,0,2.232480418933314,0
191,0.09752871345788414,0,0.004048857314880398,0,0.3096847958933942,0,0.00010645179855763696,0,2.5117369768313598,0
192,0.20636390172769498,0,0.025820366161931032,0,0.5940193996925034,0,0.0005813638612785447,0,6.496567883250558,0
193,0.05240139660713729,0,0.00800904126324275,0,0.3012100259625846,0,8.72546548402308e-05,0,2.184976425053297,0
194,0.10911359106345381,0,0.01219755528499454,0,0.29236662272826175,0,0.00013348032239702713,0,1.9128193355612442,0
195,0.47787434450215477,0,0.12855258590869661,1,0.9985474974311733,0,0.0010213674876441519,0,13.713744156497839,0
196,0.3282286451424171,0,0.03505259768304189,0,0.745034941576088,0,0.0005692550597052774,0,7.708060963066143,0
197,0.44269350327463425,0,0.013311697444729813,0,0.8416926886192395,0,0.0016356776961031273,0,16.149032162830633,0
198,0.014101823950478515,0,0.00786219389788565,0,0.2240857540973319,0,2.0816166741523463e-05,0,1.2360335510390157,0
199,0.3427789943394698,0,0.020747021163867476,0,0.7621831801013154,0,0.00047359898931775385,0,8.32313739479181,0
200,0.04650647792503071,0,0.00038025150398188136,0,0.37908457915871085,0,7.52019052863442e-05,0,1.8286085594412307,0
201,0.5513189806580251,0,0.041167400885255126,0,0.8587020998001329,0,0.0013358254227130249,0,16.108901123579138,0
202,0.02115815261188618,0,0.0020934433159293204,0,0.22818328068043134,0,4.248102777237143e-05,0,1.2836746120178382,0
203,0.04849371430273526,0,0.020086274945790586,0,0.11762208029274965,0,7.828079195739123e-05,0,0.5704636986549869,0
204,0.1423144875518695,0,0.015676917308115327,0,0.618813169929261,0,0.0002105182629752949,0,4.151331142504935,0
205,0.0834825336114787,0,0.006771557820111184,0,0.37589582024629403,0,0.00013759818318206436,0,2.550868824307785,0
206,0.024976167386784348,0,0.0017534997734740493,0,0.24220509995550019,0,4.1586889428462824e-05,0,1.273362339179588,0
207,0.11546102139623389,0,0.01667667423745685,0,0.5622533865226876,0,0.00027860502956720466,0,3.15825896022677,0
208,0.38852043815876897,0,0.016034489424378393,0,0.8247365210047259,0,0.0012788034825976108,0,12.705681917715662,0
209,0.1952768386488121,0,0.021066137428004887,0,0.5274212399613588,0,0.00030472223913696744,0,6.1011569248943545,0
210,0.30670983803409113,0,0.03425959324021119,0,0.682855171096558,0,0.0005603759438606997,0,7.523821712091149,0
211,0.05595805972149656,0,0.006709575954281668,0,0.4025936278467402,0,8.463126587291752e-05,0,2.428185475784514,0
212,0.14593405910788043,0,0.0034954380654172476,0,0.5592597938125263,0,0.0004980239945362626,0,4.978616891666336,0
213,0.05691881318111656,0,0.005923056865462904,0,0.4363954900218173,0,0.00010006961138187982,0,2.803257164628034,0
214,0.04623915580622156,0,0.007398826107216496,0,0.1800123181888076,0,5.403465532578508e-05,0,0.8670170268918502,0
215,0.03388397768881126,0,0.0032615209508967393,0,0.33898387214861153,0,6.15864372314138e-05,0,1.8545177023968613,0
216,0.06518466547089223,0,0.008264998301916729,0,0.20615635356025752,0,0.0001324612835635169,0,2.5342851807320654,0
217,0.1377775984931791,0,0.006054284538263638,0,0.6357266401145668,0,0.00017725879464722057,0,3.128721708922092,0
218,0.06866244862096009,0,0.014516325267550092,0,0.4248782672752152,0,0.00010721725330976227,0,2.261864576299736,0
219,0.04488668988218531,0,0.0038055085509059675,0,0.21176633976336473,0,6.393904315614254e-05,0,0.9306259577668039,0
220,0.38315962826292116,0,0.0170846187488988,0,0.9565087663703086,0,0.0007831894030966273,0,11.004590067557976,0
221,0.09646238217826583,0,0.015852693556783003,0,0.13233952750574074,0,0.0001362060336545733,0,0.9445936455229214,0
222,0.05522843986018269,0,0.00512203271090914,0,0.332903039330394,0,0.00010310389573093488,0,1.8732495899621953,0
223,0.03700995692551936,0,0.0008752043132330439,0,0.18838746219258073,0,6.652041668304959e-05,0,1.1897248159207099,0
224,0.07116068044183456,0,0.006593419350573795,0,0.3175644376489067,0,0.00011465407603437288,0,1.7021696261223611,0
225,0.28991281222941856,0,0.00495513760454289,0,0.6567906692814613,0,0.0004530415431357783,0,5.585897284993507,0
226,0.19025104295562842,0,0.03047077848528422,0,0.7439852437730771,0,0.00030176117680218216,0,6.216161460052663,0
227,0.16909689631960212,0,0.03022864413304143,0,0.6618687654857464,0,0.0001937510756701519,0,4.481994317219831,0
228,0.055033938660034226,0,0.004336853771717638,0,0.43707392058706807,0,0.00015906050601964135,0,2.489130444534469,0
229,0.04273370548057736,0,0.004249612300251623,0,0.20431725609962095,0,0.0001234967187601086,0,1.756775025548075,0
230,0.1390373146161659,0,0.0038504716456922326,0,0.6897867084827223,0,0.0001974501481410361,0,3.5505915012877787,0
231,0.12823846587988286,0,0.0035623367446462146,0,0.3931285115834946,0,0.00017817607490118134,0,2.9734362955137783,0
232,0.052336816942109926,0,0.004613235786004052,0,0.3925938214496613,0,0.00011580627271439056,0,3.101042899818398,0
233,0.10829047528428012,0,0.01705665479646684,0,0.5914158875758867,0,0.00010764410509715281,0,2.9490313593976003,0
234,0.026722685571964125,0,0.0016062189668493482,0,0.14983822130179106,0,4.0040731618134364e-05,0,0.8818027090192866,0
235,0.05728077918074962,0,0.017200175757924277,0,0.1202351808568764,0,8.892027335145322e-05,0,0.5884457635398572,0
236,0.033121841671412064,0,0.0021984212526582557,0,0.38025276281871273,0,5.844551705892944e-05,0,2.022799650293138,0
237,0.0973251242985934,0,0.015108690337246157,0,0.5924767202827786,0,0.00017020623311797079,0,3.599945769062985,0
238,0.023274625467213938,0,0.00211257978143474,0,0.13581179515129163,0,3.181479713730939e-05,0,0.6071727078859561,0
239,0.08334968720221489,0,0.007310287484662905,0,0.504566804170445,0,0.00012792700222775532,0,2.323061767687233,0
240,0.2688615147275535,0,0.016087593447838073,0,0.5312925577001284,0,0.00045326093420699413,0,8.135085811565455,0
241,0.038303039642822355,0,0.003211494412381151,0,0.16034924219183982,0,4.094758050953982e-05,0,0.7012519116770315,0
242,0.32363885104381007,0,0.007009129838432688,0,0.7647753007955578,0,0.0011704939504814263,0,12.536577717302183,0
243,0.36520068308622017,0,0.03885062109097253,0,0.755831179039583,0,0.0006195244315271799,0,8.492453319143722,0
244,0.043412486375969235,0,0.0037365487771481225,0,0.23884567748569527,0,7.009372956360203e-05,0,1.5027205090012241,0
245,0.08447603986349049,0,0.0014283102133641082,0,0.46929393471490244,0,0.00015683607342741572,0,3.357299099749663,0
246,0.10601283402349407,0,0.0040041164075682424,0,0.37218254833598485,0,0.0001525208839514638,0,2.8339480073965033,0
247,0.14696085297259642,0,0.03210039357315503,0,0.4107111685895765,0,0.0002806646147853122,0,3.2109365706567012,0
248,0.2520225325490337,0,0.022127043719210898,0,0.6767807258295359,0,0.00064208889980411,0,7.259962066534909,0
249,0.19527969548062518,0,0.016295870101623446,0,0.25641208196110954,0,0.00032496900316888593,0,2.542094206082227,0
250,0.06308191190980501,0,0.00650964349169967,0,0.24077594098571634,0,7.732409022122827e-05,0,1.0486820195910163,0
251,0.16863518984447326,0,0.004478749789195288,0,0.5056765376518865,0,0.0002641732253648141,0,4.183726028042826,0
252,0.031570275329616565,0,0.0036026404822796657,0,0.26985350920717555,0,4.359898622155958e-05,0,1.136599081107918,0
253,0.10155397648245003,0,0.026075671960734178,0,0.302479395695564,0,0.00026148005420757243,0,1.9481804822281439,0
254,0.0971637470237562,0,0.01204831168599805,0,0.10802979486548639,0,0.00029696812447031084,0,1.6269344618022856,0
255,0.06971253940734842,0,0.012122491138311622,0,0.3055426275952643,0,0.00013888110421083908,0,1.9590193273793486,0
256,0.0665787162841225,0,0.013101532735793288,0,0.31954761659197845,0,8.10055363149036e-05,0,1.4932596813907426,0
257,0.079046379677894,0,0.007513474127875763,0,0.2003935077664056,0,0.00014836112555647162,0,2.3777054732007925,0
258,0.07343345137732481,0,0.01566224043416481,0,0.17601696654142898,0,9.651302831398296e-05,0,1.5209241774871896,0
259,0.12721530877889425,0,0.0045643971607953766,0,0.2633059249968736,0,0.00018868561662660388,0,3.2606864697078324,0
260,0.01281383792125276,0,0.0049739139710515854,0,0.10226351977575078,0,5.950780680849428e-06,0,0.5984293773237938,0
261,0.0537718743142343,0,0.010481896466435941,0,0.1941852480820692,0,0.0001393331533924303,0,1.2937214675362254,0
262,0.30175770290276965,0,0.028303519889615297,0,0.5036348254626815,0,0.0006010582744374273,0,6.625020469311548,0
263,0.25974287962027065,0,0.016712553879745858,0,0.525415632349771,0,0.0004952858942131558,0,8.93440007803502,0
264,0.06873319206862719,0,0.00782576115150082,0,0.4301351858287309,0,0.00012741607982474397,0,2.172429056785753,0
265,0.07694949422414642,0,0.00211922762105924,0,0.23075212707438322,0,7.588204808553832e-05,0,1.8641831936985063,0
266,0.32612053745902014,0,0.00403724551029665,0,0.7336127375616065,0,0.001589060524024879,0,17.518186710317178,0
267,0.08217237053031769,0,0.006046709594842499,0,0.49074631727866186,0,0.00013638750190011136,0,2.1709104839110944,0
268,0.06141300668083678,0,0.013878879094233099,0,0.17882597368291336,0,6.903758101390349e-05,0,0.90962449451561,0
269,0.1548610625043371,0,0.0100610751291857,0,0.3567294720597151,0,0.0005168730432022866,0,2.9215996277053202,0
270,0.026293970802868098,0,0.003143623806803704,0,0.20384485219077242,0,3.543097665832403e-05,0,1.0784684587410651,0
271,0.09753020871654504,0,0.003829251978055853,0,0.5287243892637529,0,0.00017046804927033595,0,3.581483845295692,0
272,0.054958591583165205,0,0.006294414202733551,0,0.2877413528208797,0,9.399057408299693e-05,0,1.899491626177889,0
273,0.026079848379554973,0,0.0018939264218756204,0,0.10228901039079263,0,2.2312576446765985e-05,0,0.5088809158764419,0
274,0.1688260248681884,0,0.033643334805059946,0,0.6351963827688538,0,0.000274292164361445,0,5.453636425379006,0
275,0.32586199688214496,0,0.023004821247104002,0,0.7638278587775363,0,0.00047310517493668095,0,8.031826875872232,0
276,0.2778300704412576,0,0.026185018490685448,0,0.5718701302520343,0,0.00045907767443914446,0,6.255629729692368,0
277,0.10459004258639394,0,0.01506836818678748,0,0.2687064147576874,0,0.00015124406839301933,0,1.8462542758217815,0
278,0.03999158352817671,0,0.018398473104210486,0,0.20186223816258786,0,4.802307159237129e-05,0,1.1599695116356188,0
279,0.14308950773075033,0,0.004228995046814784,0,0.6880813151605114,0,0.00019163314395181846,0,3.65452526355005,0
280,0.08751630752976829,0,0.006941502532577983,0,0.3535119338729353,0,0.00011095801580416083,0,2.414985099894246,0
281,0.051581879958468926,0,0.005178866064025916,0,0.18351259467663303,0,0.00014174711256020284,0,1.6798828687119756,0
282,0.13665240688756128,0,0.020085667486866337,0,0.652575734509356,0,0.00012032592419263454,0,2.723926058197468,0
283,0.0555442697216425,0,0.003311999836803671,0,0.3260623056039571,0,8.519825168977336e-05,0,2.554778195568218,0
284,0.227363156808373,0,0.003552411497617356,0,0.6360065057890681,0,0.0011403864558585405,0,12.76211195200154,0
285,0.0807673146087013,0,0.021818181346643945,0,0.19739279532229845,0,0.00011055446487848498,0,2.1196097985603672,0
286,0.28435959509230446,0,0.025316620717899717,0,0.6350744797859182,0,0.0007110416935178314,0,7.271755640765059,0
287,0.10643311108404162,0,0.007113569872972712,0,0.17386223203589826,0,0.0002481231460899782,0,2.078413783371141,0
288,0.03859950390299006,0,0.00918416035561268,0,0.1494902227632828,0,5.597102099355852e-05,0,1.6184222038929434,0
289,0.045429149998898626,0,0.012974600438924077,0,0.11847968840380456,0,6.329456593127376e-05,0,0.8200797738885066,0
290,0.13480286157842802,0,0.005099097809783028,0,0.5619797082698048,0,0.00011539727411038578,0,2.9379797847473847,0
291,0.19029804252232882,0,0.0070813084574569704,0,0.26306104082592585,0,0.0005099017987294224,0,2.8294368881679435,0
292,0.05935009971510451,0,0.01178782728448778,0,0.2411227749311878,0,0.0001637039027895042,0,1.5110402861254937,0
293,0.06443216676898085,0,0.012437454524586888,0,0.40983259083888157,0,0.00010697499016593286,0,2.7787135249255623,0
294,0.05227391092364089,0,0.009218161940048045,0,0.2447920091119485,0,7.377368066662108e-05,0,1.556925363306502,0
295,0.03736161246685817,0,0.007646155903879782,0,0.2924476491386429,0,4.7529643196726726e-05,0,1.8025030852862725,0
296,0.1666599364052591,0,0.002711976214287956,0,0.5324204406075117,0,0.0006179188778339316,0,6.019858720966368,0
297,0.2299069877040571,0,0.021739849434168398,0,0.4593965475069387,0,0.0008273554623409047,0,1.7541076418439747,0
298,0.19798028959242986,0,0.058091491064863034,0,0.9095132314158412,0,0.00027466177273467415,0,4.417546144659093,0
299,0.08138659082287124,0,0.0037129508669069655,0,0.4269990977481917,0,0.0001433671569368707,0,3.1271782797154346,0
300,0.0939566975652233,0,0.012624873757144295,0,0.4844861393225921,0,0.00015641927055281313,0,3.3707234642843438,0
301,0.08866583482225665,0,0.01018731772055473,0,0.13401102722890393,0,0.0001394129128018579,0,0.7628064069164481,0
302,0.015750759347557892,0,0.003814408298682979,0,0.14744728873273652,0,1.743297139039935e-05,0,0.7557053208120035,0
303,0.04978830976792037,0,0.006816351404920149,0,0.36139877087091327,0,9.389478769205705e-05,0,2.468296461981473,0
304,0.1380019747577055,0,0.011040294499291758,0,0.41619763047706354,0,0.000188101591126542,0,3.981798913002595,0
305,0.4844775770895043,0,0.02802632705781494,0,0.7775630882783471,0,0.0011428228196865274,0,14.878539293125598,0
306,0.03019673697528891,0,0.0020715882847356522,0,0.11051686314492357,0,3.204626794483703e-05,0,0.525427666124558,0
307,0.08534069882017829,0,0.008450621069543748,0,0.201518559719399,0,0.0001290978364030977,0,2.406031187249891,0
308,0.1234318633129133,0,0.003460113439835012,0,0.6119071416010314,0,0.00015908713076509995,0,3.2024022147116953,0
309,0.029994832260803475,0,0.006164227908110195,0,0.3130558452247825,0,4.566522329205554e-05,0,1.6333546910159877,0
310,0.05203016440078427,0,0.0013433016683718324,0,0.38697784310682093,0,8.73231888649851e-05,0,1.8347628137555159,0
311,0.025955017344337528,0,0.0018033728507956491,0,0.1966135033754817,0,3.176207080781795e-05,0,1.0837447988564168,0
312,0.03760543255415141,0,0.004068819722055532,0,0.3074729406203727,0,5.0584512233559946e-05,0,1.3707055720009467,0
313,0.037902744807527096,0,0.003103637102506621,0,0.20176444730250204,0,4.433387866363706e-05,0,0.8206377163135731,0
314,0.34051528135176046,0,0.035774523658171214,0,0.7732005556457041,0,0.0006319951780523453,0,7.8718794956960165,0
315,0.35657009255967353,0,0.01378635354698732,0,0.7460792295489629,0,0.0006626884909156527,0,7.159816053471812,0
316,0.31045794616532063,0,0.014085824967877289,0,0.6616213767226278,0,0.0006499461354251905,0,11.34952171335418,0
317,0.0834107224662615,0,0.0120972256754221,0,0.5900078144628478,0,0.00016476905950387177,0,2.5119058378851626,0
318,0.1102564107674075,0,0.014735542630566327,0,0.4929615093065502,0,0.0001849798508977053,0,3.056069234051629,0
319,0.3663719112364318,0,0.03378959189710632,0,0.999473969912646,1,0.0005415192216934123,0,9.910067273575843,0
320,0.21159358888419297,0,0.013557544198555926,0,0.7293270468894337,0,0.0002539460099361177,0,5.355663329962534,0
321,0.06240050495327355,0,0.003206596081786878,0,0.4223252933198853,0,0.00018400029998607924,0,2.7311197953487043,0
322,0.035424103564041735,0,0.004197738813273092,0,0.18654810058804008,0,6.704269775729254e-05,0,1.2093277107204112,0
323,0.22230828579961884,0,0.0012167602577485915,0,0.45846792134416053,0,0.00033528483001650267,0,4.609695833576648,0
324,0.16493652919278592,0,0.0021259363026013742,0,0.7555431338991495,0,0.00022234031015103226,0,4.0917785741563595,0
325,0.031701092171578016,0,0.0035570688037752742,0,0.352046323711353,0,7.554681881382909e-05,0,2.4994411845540414,0
326,0.11982674940880436,0,0.002026328137128369,0,0.3954884646063884,0,0.0001519100522896153,0,2.838052286171083,0
327,0.062158278652774485,0,0.005856565415271255,0,0.32363762181498373,0,0.00018096916154053386,0,2.2654071193062606,0
328,0.09778583438147503,0,0.014078791281849051,0,0.6238500365136318,0,9.835840934027254e-05,0,2.779587960016342,0
329,0.09284157969184634,0,0.004887590551086237,0,0.2245971839337888,0,0.00015975327349907744,0,2.742323342506384,0
330,0.26280688679492975,0,0.009055882483310526,0,0.6697356809515951,0,0.0007616849507494502,0,8.17865542181679,0
331,0.02758374312369329,0,0.0022158902057302864,0,0.12928262388663878,0,3.29345642050945e-05,0,0.6236162327255595,0
332,0.16805291345246579,0,0.035843975933433504,0,0.4329742015822799,0,0.00028645063430351764,0,3.5431812999927943,0
333,0.04275400556669529,0,0.0036290687625155664,0,0.32862856220372744,0,7.665745574824328e-05,0,2.2033784143112602,0
334,0.013746659700353237,0,0.0019697375038269576,0,0.07996008150936282,0,2.4580450407191333e-05,0,0.5803354129145004,0
335,0.022995649315913216,0,0.002502332236923865,0,0.21148285690044388,0,2.9708215469800365e-05,0,0.990492363974826,0
336,0.15683570899193228,0,0.004278828737590553,0,0.4130417665642115,0,0.0002467074619143409,0,3.87254462670158,0
337,0.05161169758094415,0,0.00426147963141904,0,0.25703744486857605,0,7.927138640324202e-05,0,1.557654283014923,0
338,0.02818433106450712,0,0.0020570691908193086,0,0.14167994887737242,0,3.9270450648839516e-05,0,0.5913466840930214,0
339,0.08680815378932254,0,0.007132562049458931,0,0.42501372993862335,0,0.00015593434469800266,0,2.8205490887714935,0
340,0.10920767499476784,0,0.010165637067295319,0,0.6311354634499844,0,0.0001865167899668194,0,3.7539107581485007,0
341,0.06251056376049761,0,0.002929592156415614,0,0.22072423269831176,0,8.741386957171414e-05,0,1.3068757729154243,0
342,0.15914524248674375,0,0.00515490688510244,0,0.6204089308804276,0,0.00015654053048736269,0,3.546074446759795,0
343,0.3737443452069462,0,0.02601161421624299,0,0.730428686093155,0,0.0007161241193351068,0,7.9983760388560246,0
344,0.03908557480325818,0,0.004790181125384133,0,0.37022044481882,0,5.842190737354014e-05,0,1.808347538228503,0
345,0.0516418845939714,0,0.0019439958532902091,0,0.22884209913084952,0,6.434692955014946e-05,0,1.7460237969860757,0
346,0.05837268603894021,0,0.005187715097746454,0,0.4794510657917317,0,0.00011944238784578065,0,2.137311715517224,0
347,0.15670459420927077,0,0.009649081522572161,0,0.35248671717778735,0,0.0004680969303547391,0,3.0180370490043638,0
348,0.1453673606224639,0,0.0029982585326864186,0,0.5081629703250041,0,0.0005216059917152301,0,5.049280185213336,0
349,0.05717954042229695,0,0.00749284684866924,0,0.3817740319691374,0,0.00010101452109046088,0,2.6365249371965174,0
350,0.11581738343822423,0,0.01716971818667077,0,0.3474668469427583,0,0.00016976347398424464,0,1.946504422788228,0
351,0.31704250007930046,0,0.029844979611005684,0,0.8951770950181234,0,0.0005129300063294461,0,9.100612962983838,0
352,0.06006703666194588,0,0.00323812938513172,0,0.45718026066672335,0,0.00016834682299001844,0,2.6323577353891348,0
353,0.12203010529747128,0,0.006445959221117887,0,0.3586253460519665,0,0.00025651463468066046,0,3.316818138427016,0
354,0.1918703223847411,0,0.00447422941783788,0,0.8104900794165267,0,0.00025674941323757466,0,4.221266320284515,0
355,0.10940280031708656,0,0.003334200412891273,0,0.4079545043783804,0,0.00013703560760032284,0,2.5073722072580775,0
356,0.1195431372976143,0,0.01660052705544952,0,0.6518916111089821,0,9.368980728412996e-05,0,2.7557138143699307,0
357,0.04069145505814161,0,0.005880825708690383,0,0.39532115229838644,0,9.455981068516604e-05,0,2.7795963969462396,0
358,0.03317263539173936,0,0.00304394888420958,0,0.26222646898261187,0,4.142595264962135e-05,0,1.1968953787102075,0
359,0.2839338709625768,0,0.014258373838304316,0,0.4955691346935616,0,0.0006992799451913687,0,11.137370839984943,0
360,0.11599587761344002,0,0.008863154270401498,0,0.24794187959535097,0,0.000212618381813649,0,1.9640854549598221,0
361,0.22264905027163984,0,0.0215310535357765,0,0.5366705807742301,0,0.0003529053771162779,0,4.97528689920396,0
362,0.15547552207270532,0,0.0152376541641522,0,0.1805404114383968,0,0.0002534614202426132,0,1.7170666895704383,0
363,0.011837610674213132,0,0.008489806810205437,0,0.19646007288135847,0,2.134433300070372e-05,0,0.9364654793815186,0
364,0.036812222371797904,0,0.003407141636603675,0,0.39216471739488534,0,6.420004181001003e-05,0,2.152341945085477,0
365,0.06418925541788423,0,0.006516926530156837,0,0.5062844679236577,0,0.00012124848281549619,0,3.1048932227611665,0
366,0.31585640411250177,0,0.005793589310719035,0,0.9119159415416441,0,0.0012055346769008514,0,13.60915592908368,0
367,0.26941238202513146,0,0.010990497580761554,0,0.8434849392554401,0,0.0007452253669796108,0,8.648285489633174,0
368,0.02407691813893604,0,0.003855071880084547,0,0.4049866807845617,0,6.652414998015396e-05,0,1.9762626747553234,0
369,0.10146984178878997,0,0.016534893112279684,0,0.2749256890940931,0,0.00011173404255744642,0,1.3617553109260883,0
370,0.046550286895565576,0,0.009001164501874506,0,0.3814803820498892,0,8.677200269934386e-05,0,2.030527634114432,0
371,0.057723444626755514,0,0.004759914535471976,0,0.4497858968843309,0,0.00011030961430155218,0,2.0983202447787646,0
372,0.1205054896836265,0,0.01843978488664108,0,0.47408023157929496,0,0.00029261533597136306,0,2.4149259994580925,0
373,0.052200603688346635,0,0.014701028704371896,0,0.517057967001722,0,0.00011896754621400786,0,2.8359608692032383,0
374,0.029332798528839896,0,0.0016062189668493482,0,0.14956584009941842,0,4.962888218617266e-05,0,0.8562135093790445,0
375,0.052786734552309145,0,0.007499790101140333,0,0.19915870139423286,0,9.868073604014537e-05,0,2.118312243195377,0
376,0.14225836070334577,0,0.04835925250081101,0,0.7010465793736667,0,0.000245922365044571,0,4.010998436084476,0
377,0.2788726542092584,0,0.00397936582766108,0,0.6301563886663515,0,0.00042296946546119745,0,5.641685299157478,0
378,0.06774319928227915,0,0.005428482946089493,0,0.5302949606509962,0,0.00018247267090976783,0,3.0765068811258187,0
379,0.04847437944214674,0,0.00569997829199211,0,0.17861197756000885,0,0.00012150933999118922,0,1.3572700214812472,0
380,0.2849845945879266,0,0.020738347009358536,0,0.7580914928175657,0,0.00043339633922958833,0,7.841380857863309,0
381,0.16077430390390052,0,0.024981353452459172,0,0.7512701969454475,0,0.00013691034334497313,0,3.2249343321333597,0
382,0.04158189830240177,0,0.006912095957480558,0,0.3015670715473279,0,6.398561319015384e-05,0,2.1290573026378046,0
383,0.14009071355511235,0,0.0021700617746082023,0,0.6723741637698428,0,0.00019659227843943575,0,3.7247102618340433,0
384,0.15944626580671262,0,0.02012216243621255,0,0.720669775567155,0,0.00014336645628872186,0,2.895832663293265,0
385,0.061357839258583395,0,0.003416885031229071,0,0.3372434622276586,0,0.00010372984934198271,0,2.2920339188276904,0
386,0.10477752257049082,0,0.006754036093880286,0,0.25077737461836264,0,0.00024325878508466695,0,2.773962656375358,0
387,0.26369122047903015,0,0.001755374962168464,0,0.4928743485320555,0,0.00046282503406629063,0,5.2697701921320315,0
388,0.15287562494836776,0,0.009892589258336719,0,0.2714423725786401,0,0.0004664249116576789,0,2.5056538026616275,0
389,0.04079240477208516,0,0.004347907865952495,0,0.3164377320042131,0,6.868134037106751e-05,0,2.0398034942573835,0
390,0.03521905680876098,0,0.004166309808492709,0,0.31934069805326043,0,7.749292466430047e-05,0,1.6074274111164986,0
391,0.032606640829078645,0,0.00485541975972103,0,0.2022218654193381,0,5.6779180658476805e-05,0,1.6748131443006251,0
392,0.05385652013531729,0,0.009935103964287985,0,0.2981639360298883,0,0.00011702226764787915,0,2.7118567997516534,0
393,0.16525291669970713,0,0.003924526456152902,0,0.545677283243362,0,0.0006066306732739992,0,6.090693081491604,0
394,0.31551644218219344,0,0.05575206732069846,0,0.7203968488340606,0,0.0014139076518743033,0,3.4114713033518127,0
395,0.03195258964290371,0,0.006085296678264172,0,0.3117747131360462,0,6.325243374304606e-05,0,1.482876737218477,0
396,0.2364470271725941,0,0.008967415337620684,0,0.4350803238255939,0,0.0008761882029805955,0,2.780833242098036,0
397,0.03372355363620686,0,0.008097668116956992,0,0.046870387836487365,0,3.725918552508636e-05,0,0.7273797845375999,0
398,0.31259169090901817,0,0.018609504802028744,0,0.4988219831000096,0,0.0007355414895938466,0,9.902166380050357,0
399,0.12926637912554192,0,0.011606555155015014,0,0.5299697271379523,0,0.00038194133453157557,0,3.928282825431959,0
400,0.06228089651006828,0,0.00033448776093390433,0,0.4254854361899517,0,0.00012366492365295116,0,2.976826497542861,0
401,0.14670297660736073,0,0.00424071430131594,0,0.6038790895888233,0,0.0001309982255449415,0,3.2051970553571243,0
402,0.0866495338756663,0,0.005404430481802009,0,0.2628949838355637,0,0.00016026597920298845,0,2.056064702157191,0
403,0.123986348605387,0,0.0044539871727022635,0,0.5799080397486892,0,0.00014547530550030607,0,2.856352674392589,0
404,0.1902228278463327,0,0.02610278485630782,0,0.7487434956892394,0,0.0002450913741001464,0,3.9672230603186542,0
405,0.195957203937756,0,0.009875586418241449,0,0.40908846294373963,0,0.00039730383507876054,0,6.110303836997115,0
406,0.08076961892547503,0,0.014148919275472443,0,0.39377485618990044,0,0.0001461838692596294,0,3.1750030232323687,0
407,0.018337636396883805,0,0.011201647405489831,0,0.03245966783240443,0,1.4087770371457296e-05,0,0.27634510595121686,0
408,0.1081563768724589,0,0.005941290703910868,0,0.3788282679960334,0,0.00019467575682235427,0,3.148598321778169,0
409,0.08575756856595719,0,0.007299933165462543,0,0.2143072431855642,0,0.00016370896431113402,0,2.8561434277151503,0
410,0.08095901978861421,0,0.009228519523284911,0,0.07082344551300977,0,0.00010728925059655128,0,0.6152812968448081,0
411,0.28850723158600744,0,0.0026674849941430915,0,0.6759292593310132,0,0.0005160164073464101,0,8.045019456272602,0
412,0.17043607987934056,0,0.019988089113943786,0,0.4686526466934372,0,0.00022229532948864325,0,4.349878862434565,0
413,0.01820801503177506,0,0.019339054259273354,0,0.14764860714161632,0,2.4751965678012615e-05,0,0.5751287966388235,0
414,0.021858568540041513,0,0.002336549082816801,0,0.12227633222872152,0,2.8014187222015892e-05,0,0.5167720070096825,0
415,0.054386551331901616,0,0.006417491031562531,0,0.39570413309882624,0,8.656830543283595e-05,0,2.6567947684263986,0
416,0.07642845144257601,0,0.002870807214463463,0,0.3176973703108694,0,7.221922804290004e-05,0,1.91490748235922,0
417,0.02957786973915032,0,0.0031517467691632383,0,0.2138422799866277,0,5.722081554183787e-05,0,0.9849945233278694,0
418,0.05633787733415909,0,0.0020190386531925802,0,0.4229739701167828,0,9.15088791964736e-05,0,2.712618065077768,0
419,0.053926890933916324,0,0.01609786755294633,0,0.352598400000625,0,9.007043211740419e-05,0,1.6522193985661133,0
420,0.03597005115065363,0,0.003806990856983143,0,0.44455963520759345,0,7.607889999014666e-05,0,2.160642759414783,0
421,0.4931169176932951,0,0.007196356493141806,0,0.9996337623493199,1,0.0024144493328891632,0,26.479751612164204,0
422,0.06819372973611541,0,0.011539056064494605,0,0.38766787469176545,0,7.922668652315029e-05,0,2.0273896578741604,0
423,0.3382989835740877,0,0.040165930754681736,0,0.750960147227575,0,0.0015834416732186162,0,3.7882551290573714,0
424,0.12497820512556843,0,0.011822098586461475,0,0.41834418794513106,0,0.0001629455334188559,0,2.4037228173563974,0
425,0.031370844594875755,0,0.00488021729258192,0,0.32894638148350525,0,4.869107412159846e-05,0,1.7015003569150715,0
426,0.019969141580942384,0,0.004461979588587696,0,0.18331196475796574,0,3.380811401515781e-05,0,1.2312951603403803,0
427,0.016005810692079535,0,0.004480976464873843,0,0.04110993573423149,0,1.8838049007072785e-05,0,0.4822053714683464,0
428,0.0500477812622804,0,0.01991009949522048,0,0.3891733688699014,0,0.00010352019417973974,0,2.020359408585865,0
429,0.16380751864059112,0,0.004464030671090457,0,0.6353899509861337,0,0.0004353410493843354,0,4.790282743207622,0
430,0.0526727830849635,0,0.003050306521839644,0,0.41580544896628974,0,8.379448909270484e-05,0,1.8929224660247193,0
431,0.0986600448136925,0,0.008311458338784486,0,0.3003762753155033,0,0.000139549983622209,0,1.9662375671835939,0
432,0.1669478750472282,0,0.0008133535400596284,0,0.7270809466197277,0,0.00019385696416050172,0,3.739794996168264,0
433,0.1393278404083423,0,0.003967581293729223,0,0.3741995834390614,0,0.00022182904519801159,0,3.327590574402456,0
434,0.010252224793739299,0,0.006084297493309404,0,0.13501863770772474,0,7.901593683293338e-06,0,0.6462678972077719,0
435,0.06247441943391568,0,0.002416063048858848,0,0.42824052762703135,0,0.00011396123761004979,0,3.12921965142496,0
436,0.024205710805183765,0,0.004422436919921464,0,0.31215987769384984,0,4.331184226688886e-05,0,1.8182684250759191,0
437,0.2585256648674098,0,0.02264586537269622,0,0.8686729577063175,0,0.00025991254061947757,0,5.563066547040139,0
438,0.04302495029141072,0,0.004133023900327631,0,0.3001435874843412,0,9.21560075749139e-05,0,1.7526310521707749,0
439,0.025877427943922587,0,0.004007005496835014,0,0.2836361976256286,0,4.6402866232404844e-05,0,1.688956316644553,0
440,0.22186610649448232,0,0.01907517770862124,0,0.8908056051874377,0,0.00023373644781653726,0,4.566318019336455,0
441,0.037553208390415635,0,0.0062847121626290565,0,0.2870179431547323,0,5.263094487637026e-05,0,1.7894628562870636,0
442,0.11159823908333327,0,0.017315701852602144,0,0.3464929343029342,0,0.0002626185542540516,0,2.6043191783712247,0
443,0.15820345331789534,0,0.02471775115944183,0,0.7689635520560907,0,0.00015544990880212242,0,2.976565214907507,0
444,0.08328770266366443,0,0.004457145766979867,0,0.37024869364432056,0,0.00011078711331371873,0,2.5562308128116333,0
445,0.19255248592327284,0,0.002864427288795357,0,0.7695655038779983,0,0.00023910270428794683,0,4.334809530637976,0
446,0.018163575674395256,0,0.004795922696475508,0,0.23327102684010614,0,4.476528592722247e-05,0,1.5430231299834463,0
447,0.10882504802959374,0,0.005765680335832455,0,0.39041733162212355,0,0.00022882695553930416,0,3.3686287035093643,0
448,0.03482264749088063,0,0.007354552016008343,0,0.3600487672437707,0,6.26997514821769e-05,0,2.1491222263034397,0
449,0.33458686144408395,0,0.020811371252238614,0,0.9981972314204174,0,0.000331206787482014,0,6.440843361222126,0
450,0.15989201781447498,0,0.009044863058141676,0,0.28823151128002955,0,0.0003318153908418897,0,4.951624463871359,0
451,0.04649614278970896,0,0.0029717438721580417,0,0.3461409875636871,0,6.850495352468887e-05,0,1.6010597136409768,0
452,0.0503880434553805,0,0.0015281159738102545,0,0.3623087822056565,0,6.927092825522279e-05,0,2.403180270813373,0
453,0.07020660423688053,0,0.006333366427542498,0,0.19671711564335312,0,0.00011879146040687004,0,1.726033809001493,0
454,0.07755253130205891,0,0.00572320908471303,0,0.42062443863693605,0,0.00013366855188978583,0,3.003679265886011,0
455,0.014181131438538653,0,0.005263709670991146,0,0.10756084695180394,0,3.4361819596240375e-05,0,0.5368629004279153,0
456,0.02226648056674543,0,0.003574846811056999,0,0.17023822895130858,0,4.2243640490938534e-05,0,1.050598401010713,0
457,0.11319975283319858,0,0.02276887116219967,0,0.3418285093824673,0,0.000298981958005193,0,1.6907314846003387,0
458,0.1201353514820587,0,0.015968544080509035,0,0.17557979016773004,0,0.0001912600273577761,0,1.2255481050556214,0
459,0.18423352515700525,0,0.007246185706725881,0,0.7171927941046193,0,0.00025895465526826363,0,4.628770806864889,0
460,0.08108831946293917,0,0.020112093397358123,0,0.2359890225405594,0,0.00015479088359391112,0,2.5280479369368716,0
461,0.3297550721830452,0,0.014740268796285538,0,0.8621729548900492,0,0.0006496355503151281,0,8.730952097849201,0
462,0.06327749700773216,0,0.020357997705737214,0,0.32862524415278566,0,6.769596822152332e-05,0,1.286557684366811,0
463,0.31539732880652216,0,0.03587396072501618,0,0.8789390184905459,0,0.0012666355434395435,0,3.3733535756082405,0
464,0.15868574036218483,0,0.008763064481238347,0,0.6954400221646759,0,0.0001682342279402933,0,3.460618226991791,0
465,0.22772719294946075,0,0.060143271389946115,0,0.9979217414216525,0,0.00032280971817058633,0,4.666032805725022,0
466,0.09525256082051763,0,0.006212648317422195,0,0.5690339818905642,0,0.00016567807861103754,0,3.523943259358847,0
467,0.06465609148876647,0,0.0031828952609149488,0,0.5107708504806483,0,0.00013963466242070054,0,3.171968640890841,0
468,0.07387243461804305,0,0.015290113222666164,0,0.11819340349665451,0,0.0001025478445218164,0,1.3860680730413297,0
469,0.046644246549238294,0,0.014764290915759641,0,0.4356448721774364,0,0.00013625206147682508,0,2.5658090678210383,0
470,0.15055209230131494,0,0.018153454286647087,0,0.6602818731813668,0,0.0004255421223755301,0,4.6246314865527784,0
471,0.027004970830903894,0,0.0031608477864084935,0,0.37230348818197523,0,4.9807229230810785e-05,0,1.753052317515543,0
472,0.32252342968892256,0,0.004289675321751912,0,0.6552267887968937,0,0.00159731399177199,0,17.119730543131702,0
473,0.04578401598293867,0,0.0023941531435480758,0,0.28419296128829663,0,4.9734751867271115e-05,0,1.3438979139375284,0
474,0.058910775189690706,0,0.0045546635730408175,0,0.43469540389659506,0,9.144292165507353e-05,0,2.1555073662242688,0
475,0.2429718247993056,0,0.00786740672274314,0,0.602049286910586,0,0.00036970191962731267,0,4.243114778493279,0
476,0.1802397150567664,0,0.007044508326499721,0,0.3597703403398514,0,0.0005219254690502763,0,3.245123987806656,0
477,0.12138417583961535,0,0.02626121410016065,0,0.6934807179689854,0,0.0002688584108241482,0,3.772050365094722,0
478,0.04990995146053147,0,0.006044075866185694,0,0.28119478369531425,0,5.346356399922367e-05,0,1.7715442358659463,0
479,0.035537087756475315,0,0.009938543916768674,0,0.2503212564937819,0,5.621682478710865e-05,0,1.502573707725992,0
480,0.005135300663404926,0,0.008140716111172425,0,0.11658358827692142,0,3.0527316001518026e-06,0,0.6086173819008834,0
481,0.2678814805455501,0,0.019383837218936807,0,0.5044176028154514,0,0.0016223361372478162,0,2.703269645637853,0
482,0.13932126395048317,0,0.018623915523853188,0,0.23359771859000777,0,0.0002918046238685628,0,2.407735028017785,0
483,0.13921014637016588,0,0.01624471513706254,0,0.5712885805908613,0,9.967851724921311e-05,0,3.0609455713715685,0
484,0.2743001723225043,0,0.0032423683265734174,0,0.6943748312215466,0,0.00041704427805490705,0,5.481751881931909,0
485,0.31206390800587525,0,0.02330656780322396,0,0.8286038593880813,0,0.0004715045681755939,0,8.49790839621747,0
486,0.055619856909682346,0,0.001413675751866322,0,0.3478344186485096,0,0.00013398771939265863,0,1.797029133991512,0
487,0.0976455197864047,0,0.018614269652270584,0,0.5841727952529718,0,8.343095887725384e-05,0,2.534639076174925,0
488,0.09887803930056044,0,0.0023055026869141927,0,0.39526910143135097,0,0.00014330301836191857,0,2.631752849538068,0
489,0.2208770125691137,0,0.005351720584443825,0,0.8553998432344212,0,0.00028617420952970775,0,4.79117448390182,0
490,0.035758540718592226,0,0.002573652280036728,0,0.2845894341182213,0,7.177362844487629e-05,0,2.217612223266389,0
491,0.08638097196733095,0,0.002940380859327132,0,0.3404409665156224,0,0.00019499803083779867,0,2.6500931516211805,0
492,0.14386552458335353,0,0.04729218175802454,0,0.5579544104418137,0,0.0002467550972516716,0,4.353940095792121,0
493,0.14046919034079475,0,0.006503483876414259,0,0.37208852671230364,0,0.00023553009022561828,0,3.4460244917256206,0
494,0.19447112086755083,0,0.007812824306576944,0,0.37540140810858075,0,0.0005042228862646423,0,3.4588468588812695,0
495,0.036472759513763706,0,0.0013332777943764033,0,0.21034015302638337,0,4.4524350595207084e-05,0,0.9887214475339103,0
496,0.05216964967100537,0,0.001519609683043335,0,0.4134898861574947,0,0.0001281686915247011,0,2.984246759237694,0
497,0.05840209077846604,0,0.00111126992318136,0,0.350966328664387,0,9.88010153543894e-05,0,2.5143096375968357,0
498,0.0313323917865593,0,0.004730758696660716,0,0.25295308538337596,0,6.159638075621123e-05,0,1.6588612850660085,0
499,0.19147031090639283,0,0.013289456674315683,0,0.217629663604288,0,0.00041284042788099245,0,5.67019865226856,0
500,0.063015734719123,0,0.0034007783141235546,0,0.4420898155532844,0,0.0001406411913933175,0,3.1355302737548234,0
501,0.0452227538662875,0,0.006399232892577929,0,0.276596055283444,0,5.877378119032183e-05,0,1.9742111300364615,0
502,0.1437581499966274,0,0.020172324586110058,0,0.3175037157010116,0,0.0002635185451655318,0,2.12124202830619,0
503,0.13745488551712975,0,0.0036243227062011463,0,0.6469992443551561,0,0.000178556819751185,0,3.394782494843587,0
504,0.32177758017124725,0,0.003418707310737506,0,0.568500050396002,0,0.0017441218933238632,0,19.131688072366877,0
505,0.12396303229152313,0,0.024191971648265847,0,0.3490460299714653,0,0.0003380044508762456,0,1.7114903814557547,0
506,0.2125347250399883,0,0.01805005563239954,0,0.49799582594270725,0,0.0009428246751997485,0,2.2046069141484543,0
507,0.04719062289826419,0,0.005679392403034264,0,0.07016538138239202,0,5.107224354245383e-05,0,0.9389037473420132,0
508,0.04730053327174959,0,0.006247261732281148,0,0.39475439514069055,0,7.15803491138548e-05,0,1.7937604786238162,0
509,0.2980944315161095,0,0.017429935044657913,0,0.5439324040794354,0,0.001999276130408179,0,3.2788860304560585,0
510,0.1454633219714372,0,0.0024035404050259225,0,0.6829547225895343,0,0.0004143075197287391,0,4.978160858101356,0
511,0.2307131141574606,0,0.02040072212878463,0,0.6149636427621791,0,0.0003844640668547169,0,6.57985572865722,0
512,0.0768641883228475,0,0.011542528960870657,0,0.11530582755842365,0,0.0001321862759206756,0,0.749019086387231,0
513,0.11339367765215638,0,0.0024938964663735355,0,0.3527810643784188,0,0.00015956649710285927,0,3.0704253993480415,0
514,0.060966631667355886,0,0.00407391340158656,0,0.28253572746894146,0,7.731827967497316e-05,0,1.740269251822641,0
515,0.03219189618777161,0,0.0037973800544271433,0,0.3780180192182101,0,6.06825848026265e-05,0,2.1588245038273204,0
516,0.0461610930338153,0,0.0029827561879956607,0,0.28633605471622897,0,6.666808643321717e-05,0,1.3534580519931614,0
517,0.0843676903762034,0,0.004881663139734897,0,0.21384897573940703,0,0.00014586031417022064,0,2.6811864695054277,0
518,0.2734904447106357,0,0.0034964641315361543,0,0.7348409019445921,0,0.0004915310295748835,0,7.1669976959747,0
519,0.13749104284567698,0,0.007722976328236991,0,0.652368811133198,0,0.0001419967105630909,0,3.0802966541509007,0
520,0.04663766235843321,0,0.015604737054806033,0,0.2801975877695514,0,5.613843253767333e-05,0,1.0636638915662282,0
521,0.08297572687940845,0,0.009712408934749327,0,0.5169687496288626,0,0.00013300347834056678,0,3.2771782214723553,0
522,0.04543147652973805,0,0.005964062826385808,0,0.4662683262877475,0,8.37396068696058e-05,0,2.129743282654696,0
523,0.22442220896534051,0,0.026853984660430298,0,0.5486109921392951,0,0.0002927736356152903,0,3.4199249217504475,0
524,0.07289244466622259,0,0.026949235478584976,0,0.42440566506511906,0,8.539650766996095e-05,0,1.685572295121424,0
525,0.08418098939260628,0,0.010440752772195487,0,0.6184290968104393,0,0.00012363256714944393,0,2.633769637285937,0
526,0.08071591043893465,0,0.024341553577995428,0,0.3193577588560641,0,0.00010658520063710965,0,1.2123344726623375,0
527,0.2878070609499961,0,0.015732441696251865,0,0.90516405435218,0,0.0004533788088433463,0,5.210553152926527,0
528,0.20706611328664856,0,0.006415204920246684,0,0.8153245180444572,0,0.0005593484718326148,0,6.1604578205705725,0
529,0.05865920643152888,0,0.014215017383616867,0,0.4148533140549328,0,0.00014354919381969096,0,1.7508747704871452,0
530,0.3221542333807206,0,0.012096469482805244,0,0.9270298142188506,0,0.0004770180800749202,0,6.103145801467671,0
531,0.24112198109323854,0,0.028428180779100018,0,0.4519933214776028,0,0.0004369882075180464,0,3.243122658949221,0
532,0.16345774609899727,0,0.017381010036770707,0,0.5962521343922917,0,0.00015446064655449856,0,3.6794222747453964,0
533,0.3305156661873381,0,0.026412109066548707,0,0.9426264457526183,0,0.0005795570851195846,0,10.12608149612269,0
534,0.06413355546063504,0,0.00359669738395966,0,0.5165663245739228,0,0.00019162025340362183,0,2.728783440974333,0
535,0.1378422726680716,0,0.007379816321947372,0,0.612380121314439,0,8.612065078298872e-05,0,2.8059967246767195,0
536,0.1712155119266577,0,0.0048396257454430755,0,0.4652437835427308,0,0.0002027771207931944,0,3.218062034420961,0
537,0.27284353841799636,0,0.006291861201051379,0,0.8935187223854402,0,0.0003062590371557581,0,5.1198383560593435,0
538,0.045511423089596714,0,0.005299044730022294,0,0.2939372727409,0,8.135025639688625e-05,0,2.3612289863699822,0
539,0.0926558491021862,0,0.003266764941545832,0,0.3348154848605674,0,0.00020934062125645283,0,2.808484093124057,0
540,0.16580277564078127,0,0.002597884024132649,0,0.6372207196254439,0,0.000533523471088127,0,5.812772630957573,0
541,0.29975439689426514,0,0.010056214512002549,0,0.717961991957263,0,0.0010154485172427614,0,10.50752204729263,0
542,0.08326334787132658,0,0.0072910169604977395,0,0.2694563609555946,0,0.00014954117973517357,0,1.9837493035600282,0
543,0.1216145258987135,0,0.02257087702735401,0,0.171285062491682,0,0.00013842506785736447,0,2.090748129041031,0
544,0.23671539651454376,0,0.025888023376563502,0,0.45455100156547223,0,0.001247530649068122,0,2.5250917198227727,0
545,0.07987386573434989,0,0.011443472509507025,0,0.4917304312524989,0,8.506217947307101e-05,0,2.5134581454369376,0
546,0.02002986781622297,0,0.005786843258110261,0,0.22155936258242387,0,3.24682437532258e-05,0,1.2656197439127266,0
547,0.04939449271085185,0,0.009648660795705668,0,0.3965637722864038,0,0.000110775164615062,0,2.853929876487937,0
548,0.4590875943591954,0,0.005118237643584081,0,0.8489435317640861,0,0.0023232711608475857,0,26.41386265818317,0
549,0.1978797838252673,0,0.025917685558248853,0,0.48212607570704163,0,0.00022964909556041834,0,4.9781635299032025,0
550,0.09038922817666462,0,0.007847710762995811,0,0.09911815788310968,0,0.00011864111948089984,0,0.666110682265517,0
551,0.04588054770758983,0,0.007248812295681664,0,0.2644642426097333,0,6.928187226838238e-05,0,1.8201595834480866,0
552,0.185587348991372,0,0.0020414275955349566,0,0.49528151950204746,0,0.0003249641538965255,0,5.139026265451449,0
553,0.12275059102229245,0,0.007661943536055143,0,0.16202874969358275,0,0.0002239684552382031,0,3.4507012054781776,0
554,0.06679820516858981,0,0.00944838126377933,0,0.28684227121384104,0,0.00011058143886114884,0,2.3174260813699563,0
555,0.10229790023837117,0,0.007786957115536357,0,0.5713519380393314,0,0.00010622531640992015,0,2.6415033949016054,0
556,0.015073719574109594,0,0.0037567820307814683,0,0.17096071393574103,0,3.127695978724433e-05,0,0.6705497576707147,0
557,0.23092807606788157,0,0.011329529672919978,0,0.826428395813936,0,0.0004132063921101691,0,7.075103217537745,0
558,0.23171396292609867,0,0.11404141492824364,1,0.9210066612434212,0,0.00044252118964514456,0,7.05915106334467,0
559,0.19109857321528023,0,0.016969658781096127,0,0.26147515337277805,0,0.0004560245856525665,0,6.576802632713712,0
560,0.18770064807554884,0,0.0015749379567290872,0,0.7088629571180731,0,0.00021918159625946548,0,4.049277438517296,0
561,0.029279191331195588,0,0.0019634441783542788,0,0.1389884618383006,0,3.63961392952193e-05,0,0.6145320070188433,0
562,0.2654120854968072,0,0.027987955959723084,0,0.6474334675679742,0,0.0003891710490738485,0,5.838617962795519,0
563,0.2564235271637768,0,0.014275746775214655,0,0.5198069059172645,0,0.0007587533616019261,0,2.0578808096640406,0
564,0.020382919843707013,0,0.0037669089776073143,0,0.17708008307582665,0,9.699925273888712e-05,0,0.8426606929095793,0
565,0.09611768071067615,0,0.0032530054289837966,0,0.47475892829492305,0,0.0001560597593092136,0,3.4566243177316913,0
566,0.06541126598242436,0,0.00651267500805514,0,0.3685254159069306,0,8.064823306268327e-05,0,2.406514286587443,0
567,0.05620279299992436,0,0.0037373855941984072,0,0.4174636328631878,0,7.633609275694538e-05,0,2.391619779304476,0
568,0.19464084619761338,0,0.00806651261065743,0,0.39011192994849664,0,0.0005482260953181107,0,3.2935861356842935,0
569,0.20704868908808646,0,0.03798534097716836,0,0.43173144098122335,0,0.0006167336417884261,0,1.9308509357791905,0
570,0.043170310698758506,0,0.0042343515424792455,0,0.3887417756628505,0,7.633839266505714e-05,0,2.291851859749208,0
571,0.05410775028869483,0,0.006778904992499734,0,0.32969633553058797,0,6.924648863333588e-05,0,1.773934692442523,0
572,0.023965138637548674,0,0.0014194397670050788,0,0.353181628552489,0,5.299536532323968e-05,0,1.8913187903743165,0
573,0.049096653827328356,0,0.0017007969198781165,0,0.4058752975007707,0,9.734393693442908e-05,0,2.7882438697013927,0
574,0.194431700135312,0,0.007030034149667086,0,0.6014551496293961,0,0.0003289727805185669,0,4.1663194017691625,0
575,0.0784864162449157,0,0.008394868738757914,0,0.3241908153330622,0,0.00012036275913501774,0,2.120477596750657,0
576,0.049136270017968886,0,0.002098936687474477,0,0.45643419423033416,0,0.00012097068254394846,0,2.8376601581165515,0
577,0.06033092548952605,0,0.005191561805469084,0,0.4630626859189975,0,9.155392025889157e-05,0,2.09401661298081,0
578,0.1391587782718507,0,0.020915289860450416,0,0.4230426377529611,0,0.0003117437092280819,0,1.7018850278436584,0
579,0.07721376656648513,0,0.006320413422646791,0,0.6136148914203376,0,0.00021801044363288315,0,3.2383840101057344,0
580,0.26123101367494095,0,0.023491670238397325,0,0.42918695676016927,0,0.0005252125274231576,0,4.019475368346723,0
581,0.13658597287234697,0,0.022685384352302745,0,0.6287638513481298,0,0.0001953207637013101,0,4.709674782538018,0
582,0.2863033390350215,0,0.004530963944341784,0,0.5799148598556829,0,0.00043785225936702083,0,5.941286586552924,0
583,0.17080588501762015,0,0.011082770450512959,0,0.6192408514818394,0,0.00018560287306529952,0,3.9296251968604565,0
584,0.10501838319242839,0,0.0114671695814858,0,0.5653662176355958,0,7.533961515294646e-05,0,2.4187034115052413,0
585,0.04150835182732389,0,0.005496152157955847,0,0.27581491986489837,0,7.528188013151441e-05,0,2.2823209534692728,0
586,0.23431889460434624,0,0.004153208657003282,0,0.8509388414889906,0,0.0002811661798047169,0,4.984951842019793,0
587,0.11814313414813161,0,0.010059616072085654,0,0.35298330470805767,0,0.00027778406365918236,0,3.464703382007791,0
588,0.1387578896339816,0,0.004576041327635565,0,0.3682139830664,0,0.00017548268672417495,0,3.1553629575001656,0
589,0.09548271572724407,0,0.0058124658452136085,0,0.1424479271018661,0,0.00017176288147142802,0,2.6825145343035732,0
590,0.16590049791161174,0,0.009781725274139072,0,0.4884168428602854,0,0.00028540189839531557,0,3.63377375279856,0
591,0.2119146032792391,0,0.014793448102211516,0,0.46945679545976526,0,0.0005741689249467762,0,3.8252019533411135,0
592,0.17861192324525982,0,0.0015340164507302357,0,0.5261036987006945,0,0.00032349449137690175,0,5.098446627198693,0
593,0.0478374690741372,0,0.0021808751606409247,0,0.21389908731107599,0,4.4269684572296574e-05,0,1.0414396232386363,0
594,0.06478430474802026,0,0.000797325048436957,0,0.4085199759942893,0,0.0001315658889658214,0,3.0558983040762575,0
595,0.23860994435380833,0,0.008161116048838589,0,0.34569536250719063,0,0.0005580775461719852,0,3.8939240454491717,0
596,0.2875266242052765,0,0.003521632799832932,0,0.6655653412197136,0,0.0015615958096699295,0,18.27538332409336,0
597,0.008295706084350379,0,0.009884164686340624,0,0.1533879603918581,0,9.090348122013092e-05,0,0.7571124488488763,0
598,0.26502492502780495,0,0.016379024833241895,0,0.25738000788640136,0,0.000694256651675408,0,9.099834629803937,0
599,0.08404943200333483,0,0.011033354016001336,0,0.3562296436297568,0,0.0002023991377419213,0,2.0454448331900035,0
600,0.05907370690059171,0,0.006036796578137241,0,0.12669426322237068,0,9.157468550982106e-05,0,1.7971229311787524,0
601,0.19481083792337775,0,0.009889134996632593,0,0.4909191361504665,0,0.0006180383550141597,0,1.9224221925342007,0
602,0.009276633403600354,0,0.00414221828808649,0,0.14169652601694704,0,1.898310949961578e-05,0,0.5702517850125821,0
603,0.16274779744287077,0,0.03114574609046196,0,0.4170235607369924,0,0.0004424842643691598,0,1.9601834842734192,0
604,0.04399331857017097,0,0.0033236043118186464,0,0.29598018460940284,0,8.212174005528194e-05,0,1.6174322372372303,0
605,0.058580607106176186,0,0.011381696416398017,0,0.5179662324769593,0,0.00012358961620145776,0,2.710982318302028,0
606,0.05034662530977812,0,0.004916277303419779,0,0.474057415936475,0,8.071859369483678e-05,0,2.203607278408413,0
607,0.1439041642478125,0,0.005315154546790616,0,0.5295769941667955,0,0.00019870136532727672,0,3.8048379595972803,0
608,0.27197220086785867,0,0.027350519852231234,0,0.9970908416336103,0,0.0005064195847633225,0,9.172678329024254,0
609,0.15960622050916318,0,0.008111988162760252,0,0.3225396810130453,0,0.0002428110606318845,0,2.7799753628724777,0
610,0.054741909679461756,0,0.005360676024889052,0,0.4425203911750334,0,9.023115844240718e-05,0,2.0010365235898,0
611,0.050964083623589486,0,0.004162360649150005,0,0.17288680598027942,0,7.489902360766696e-05,0,1.0807468635289363,0
612,0.33809549715129883,0,0.02776066599989225,0,0.6323010516420531,0,0.0014429253054512926,0,3.69145110396189,0
613,0.17044331507324795,0,0.002531111788704628,0,0.7264157514478612,0,0.00021206663115861174,0,3.821007007833913,0
614,0.061395000190966595,0,0.007821640940070183,0,0.5317606585802924,0,0.0001389933525062805,0,2.930289009462306,0
615,0.19355573470555432,0,0.0032999114355989735,0,0.5921239655516407,0,0.0006292304482684671,0,6.339053729815751,0
616,0.1212962637338079,0,0.012467301798748068,0,0.16000083458989328,0,0.00021250972240894215,0,1.3555763445462758,0
617,0.04814854431324143,0,0.00957533695099384,0,0.3704062996402567,0,8.743347941392103e-05,0,1.9468150768129289,0
618,0.06737395189288353,0,0.006179380355581704,0,0.4415662324525599,0,0.00010478137295412356,0,2.945277863353952,0
619,0.04910825721695724,0,0.007832107803903369,0,0.4867697670149174,0,0.00010800876676640583,0,2.7188297106110384,0
620,0.15608616102862616,0,0.007925203654421838,0,0.395463569189584,0,0.0002808078622763793,0,3.5526361152585233,0
621,0.15490689080309897,0,0.0024818579433800963,0,0.7311435920693109,0,0.0004951981813292915,0,5.849028785152487,0
622,0.04524229832700406,0,0.004285291690923867,0,0.4128134456402364,0,7.608086713268474e-05,0,2.102700073127221,0
623,0.020593442511889413,0,0.00363036820270437,0,0.21861414790102437,0,3.1598282202346484e-05,0,1.3120701804199784,0
624,0.21222703673977764,0,0.1105207766978396,1,0.6479294514891247,0,0.0003827791737383439,0,6.404450628612996,0
625,0.039614033415611836,0,0.0034396272394794252,0,0.3322844140447475,0,6.25979451866533e-05,0,2.1485101800724986,0
626,0.10079919151682697,0,0.006345007010313635,0,0.5497308793361267,0,0.00010087177830506344,0,2.6422622365414106,0
627,0.17748200405840103,0,0.021100293572087613,0,0.31069985838811015,0,0.0005213175819970882,0,2.917267133781779,0
628,0.12609971625359373,0,0.024610209493110737,0,0.6108570967119992,0,0.00018708442480402075,0,4.698784114839296,0
629,0.22352416311159165,0,0.0008934116231612649,0,0.5334048148324234,0,0.00033068787142984894,0,4.764163939309067,0
630,0.06731019467631337,0,0.0025345496272659545,0,0.444285304351825,0,0.00018694010342830877,0,2.4618771248408122,0
631,0.15024163090526477,0,0.023857608460970008,0,0.6760710411038859,0,0.0001844515844223142,0,2.7172367145743768,0
632,0.12776036507803334,0,0.015923074427930665,0,0.6103024015665881,0,9.788380150750992e-05,0,2.546613448103561,0
633,0.025263068725418128,0,0.002817827952057962,0,0.26575321626548526,0,5.455598408449427e-05,0,1.9859803550638708,0
634,0.13644371350935416,0,0.009210041114138846,0,0.41904934833833163,0,0.0002070848905300535,0,3.75879213377628,0
635,0.0698867503627666,0,0.0038164758864672453,0,0.3161526215493941,0,0.00018041826601390815,0,2.164614897842563,0
636,0.1652994101555981,0,0.003087029877321098,0,0.7503299329542603,0,0.00023158324083544848,0,4.1752059784723325,0
637,0.028957578641394442,0,0.006111464872166475,0,0.08607773971034705,0,8.102035673633925e-05,0,0.547052547946485,0
638,0.19200431256176967,0,0.013038680588270905,0,0.5601941860898796,0,0.0002869503810543912,0,3.5822867028791547,0
639,0.04451969447174825,0,0.003670898397628441,0,0.25303898277368875,0,5.414049606259545e-05,0,1.653145741831781,0
640,0.08321145322029404,0,0.005391517535802468,0,0.16954524655570585,0,0.00016464931494857693,0,1.869905923464455,0
641,0.13836106600057888,0,0.029877829740715848,0,0.32638400146142127,0,0.000411838601359072,0,1.59057031250876,0
642,0.01375923120510877,0,0.003937778245270688,0,0.30305356928434385,0,5.136773741044189e-05,0,1.4552426260866183,0
643,0.03190524255791452,0,0.003131742144293419,0,0.2036793062601,0,3.0773495554540537e-05,0,1.315835453293269,0
644,0.04315548378224122,0,0.00342610741195141,0,0.2481506581943509,0,6.852989220569025e-05,0,1.4176329437465807,0
645,0.06716269837456451,0,0.008794053841064018,0,0.4017845568750248,0,0.00011951882942285249,0,3.1692635294210474,0
646,0.15921718825352374,0,0.01062181875474401,0,0.5003375167525003,0,0.000512423112516323,0,2.258366497038426,0
647,0.16965602426884296,0,0.0005889877606356997,0,0.69928820477042,0,0.00021182438839305244,0,4.010609055885538,0
648,0.05031710917307205,0,0.006357900543916173,0,0.2898341240401802,0,6.26578368073613e-05,0,1.2726147312989344,0
649,0.21400456182929017,0,0.09472413001624883,0,0.8805169834772756,0,0.0004220009710490741,0,6.675941811465648,0
650,0.10203657886887486,0,0.013370145158870037,0,0.4348160978781799,0,0.00021917286043554094,0,1.7996573690127142,0
651,0.20035974412033944,0,0.005974190170467975,0,0.35558027705112366,0,0.000518048410390101,0,3.6397565139672508,0
652,0.24647566907582877,0,0.02816904878250519,0,0.19094838281665621,0,0.0006781250347742704,0,8.494231895646335,0
653,0.12699750951995425,0,0.004626982349814088,0,0.3455673131734594,0,0.00020984081346028138,0,2.944964728218019,0
654,0.0587551239103452,0,0.0009122217542927987,0,0.44361925776260824,0,0.0001307571100193734,0,2.978478054077936,0
655,0.04962291519518673,0,0.0006462895218909691,0,0.3941524101821964,0,0.00010417627950921414,0,2.5693563477660653,0
656,0.01904725212180282,0,0.008466517753462719,0,0.24759434940711053,0,2.4988503558497318e-05,0,1.3922828210357217,0
657,0.04801044251682534,0,0.007681188489659365,0,0.44603554623287645,0,0.00010369952189664252,0,2.6684827458823595,0
658,0.02428572529827825,0,0.003449494018765395,0,0.34607779226148433,0,4.4874665807426876e-05,0,1.641808821546384,0
659,0.49326503378616393,0,0.1025898410983531,1,0.9970378609882329,0,0.016714155690536633,1,13.740991498810308,0
660,0.19662994912388024,0,0.003028801446763959,0,0.5798871502136719,0,0.0006741474792649207,0,6.718003858835847,0
661,0.08497087838555324,0,0.002385789390442305,0,0.43455480921578044,0,0.00013464623010967124,0,2.9702306061583665,0
662,0.09867358803524046,0,0.0051232330851136,0,0.35344683449388387,0,0.00016035913532502343,0,3.1441676511115277,0
663,0.19887373891416218,0,0.005077942877902777,0,0.8178334941250054,0,0.00026765432714092886,0,4.775547928729613,0
664,0.1621260185467709,0,0.014879837122650586,0,0.4197273984852526,0,0.0003114868800359724,0,3.7939593674259315,0
665,0.09279101515185136,0,0.006614548743632683,0,0.5490194138646153,0,8.884321183476887e-05,0,2.499612490632102,0
666,0.017502267352041998,0,0.0012494087201128698,0,0.30432574268949203,0,3.3474606509676126e-05,0,1.520113769509135,0
667,0.046454785993126635,0,0.005793883286370895,0,0.3568240748114876,0,8.46005238104724e-05,0,2.234392365538969,0
668,0.014894601175284716,0,0.004137160733208616,0,0.06893016050413146,0,2.391982928180529e-05,0,0.32915911471643416,0
669,0.32807195570484987,0,0.046273513507859645,0,0.25822699297762236,0,0.0008937074816270203,0,11.027634753031313,0
670,0.12323964111157612,0,0.013548335295118482,0,0.40389635296945475,0,0.00024182361813646143,0,1.6731415939945506,0
671,0.04904367061289768,0,0.0,0,0.3892455710045424,0,0.00012500251216651122,0,2.9245987134795035,0
672,0.32700321176334296,0,0.08656245933861802,0,0.8867198495012388,0,0.003907005627849267,0,4.304399899696492,0
673,0.013600422024416128,0,0.003001303032376345,0,0.14076764062864627,0,1.5830405917200076e-05,0,0.926152756042538,0
674,0.10501564568956981,0,0.012287959905457868,0,0.1515924980998099,0,0.0001850611849558257,0,1.0389492615633047,0
675,0.060641698796744366,0,0.008375813859888897,0,0.3886580165740545,0,0.00011119036354056667,0,2.752477096215805,0
676,0.03694358865860495,0,0.005497447587131354,0,0.13682380835187508,0,4.234436099847541e-05,0,0.9763950206043892,0
677,0.07008002801589978,0,0.011673299755042587,0,0.38190083927612156,0,0.00012679960795247922,0,3.2597394722714874,0
678,0.14951619989072537,0,0.005101759565248856,0,0.5507346289002858,0,0.0002050817551594026,0,4.001732578122829,0
679,0.24490547296700904,0,0.006540509372502325,0,0.41976967448697605,0,0.0005814259046254412,0,3.9761552554653528,0
680,0.054431685933215276,0,0.004653950937966108,0,0.3637957510558576,0,9.636879972019433e-05,0,2.3077703894698636,0
681,0.31176319340831593,0,0.0039901627490162225,0,0.8509170528098654,0,0.001455352029773707,0,17.745551337746072,0
682,0.22061995660394595,0,0.010955140168866988,0,0.6814523117532193,0,0.0003506627091069883,0,4.302051428728046,0
683,0.027218120187057795,0,0.003244430217023137,0,0.3582198078821843,0,5.6764297457448315e-05,0,1.9617315322662847,0
684,0.04004971189099392,0,0.0030826650845603323,0,0.14066479119860792,0,0.00011181851273290495,0,0.8385028533050829,0
685,0.16654682195326626,0,0.013022891713618562,0,0.4426866270761621,0,0.00031283554808414444,0,4.319823893768103,0
686,0.06010800848953758,0,0.00267284517274666,0,0.44826799674557094,0,0.00013866315744110255,0,2.9373310871710805,0
687,0.29498250869254666,0,0.020899262484930837,0,0.48666310888713804,0,0.0011359845020712776,0,3.06996720468837,0
688,0.17125663981857742,0,0.00450228098039246,0,0.6395512377064818,0,0.0002017005595755782,0,3.857836664561993,0
689,0.09902978140129767,0,0.006163565350322919,0,0.23288362255571543,0,0.0001932949409404157,0,1.9700248198242012,0
690,0.1530060256878523,0,0.011399339590529137,0,0.3865978568141795,0,0.0004589090349771556,0,1.527943055749396,0
691,0.17983830374793064,0,0.003733439260014158,0,0.595106330757074,0,0.000778495549278191,0,8.171593958118484,0
692,0.1947670790248726,0,0.10068559408551696,1,0.5726884662633577,0,0.0003573763193788171,0,5.972987411442842,0
693,0.42377933428881065,0,0.02535355315113693,0,0.9996675621934179,1,0.0015949857410721884,0,16.091805983129582,0
694,0.24891704329424053,0,0.013690086809220691,0,0.904807655682595,0,0.0004866710845697733,0,9.366584622158685,0
695,0.05965241583728932,0,0.005557422845837765,0,0.26957634488886756,0,5.472882497545279e-05,0,1.5252314578292707,0
696,0.049708333643862575,0,0.002940311044522917,0,0.4020209161387535,0,7.484283257520856e-05,0,1.8422806156766005,0
697,0.11992591620826316,0,0.024824237733107497,0,0.3539637579562663,0,0.0003153138711305839,0,1.8012527430453589,0
698,0.0409480375038854,0,0.003633254601800704,0,0.26615989679014884,0,7.797385033839653e-05,0,1.5193165661068289,0
699,0.026027767473221428,0,0.002322707202055828,0,0.13484765721965516,0,4.661196767150332e-05,0,0.8567877331452196,0
700,0.20766336537699087,0,0.0026530078396822068,0,0.6590400858106058,0,0.0003565216264332563,0,6.139925609927405,0
701,0.065987758542693,0,0.004222056935642665,0,0.39223616711217635,0,8.421915964541547e-05,0,2.4031372881667066,0
702,0.2599151995975332,0,0.0030986019743994967,0,0.6949184971394942,0,0.00039535738952433617,0,5.532767985796289,0
703,0.1877487310717483,0,0.02884261328931587,0,0.5547540498371076,0,0.00026310324529929855,0,6.011576239967172,0
704,0.19164998495081736,0,0.011444254764995975,0,0.7766870600745073,0,0.00023320033829635052,0,3.5805547965712976,0
705,0.12824356744394447,0,0.021154854266811983,0,0.19246476757300962,0,0.0005027159944088262,0,2.35535807444078,0
706,0.08037196879971234,0,0.002187298970327235,0,0.4305572876660354,0,0.00021175980612133592,0,2.481652933314716,0
707,0.031696637550849914,0,0.0028178279520580233,0,0.26683331317229364,0,6.0132273186665793e-05,0,2.06678836418135,0
708,0.20961045184564958,0,0.007218693039783383,0,0.8728919695916948,0,0.0002893897319968995,0,5.159917046821064,0
709,0.11510771543408053,0,0.012356827258519207,0,0.5330475296131076,0,7.544564687977934e-05,0,2.500302477795295,0
710,0.07263764958595925,0,0.0013160695846013573,0,0.34171436391297216,0,0.00018494796114726787,0,2.4675359132905266,0
711,0.12563428834562482,0,0.00713336417214693,0,0.365253689331344,0,0.00019485197210715585,0,3.423974554512937,0
712,0.18472575797399163,0,0.005381707039622399,0,0.5851501665899899,0,0.0007515876274780786,0,7.7381293053460665,0
713,0.06077168933083099,0,0.013292206603431084,0,0.04280184057395625,0,7.038852486787599e-05,0,0.6149355911314599,0
714,0.1703827577759306,0,0.0011681192860700032,0,0.5006256343098724,0,0.00030543389964942925,0,4.9865813319830306,0
715,0.22920018147692633,0,0.029829222351891317,0,0.45935245087585347,0,0.0011352943109627313,0,2.9811937671692865,0
716,0.03002193173288753,0,0.0033277279754573698,0,0.29343712446579234,0,4.318338665489099e-05,0,1.7841520530662058,0
717,0.042165257202468796,0,0.004917664598742647,0,0.2782084266297826,0,7.340160698857108e-05,0,1.8361425232322381,0
718,0.18959309216116335,0,0.005924900812724802,0,0.2773030867042019,0,0.0005561844079855174,0,2.988907856993394,0
719,0.19411352049999903,0,0.03416073747198806,0,0.40717982427023125,0,0.0006337429001759458,0,1.8640958372098162,0
720,0.03599033351673976,0,0.014536357790478504,0,0.2248660709817025,0,6.876936585809318e-05,0,2.0843550637156367,0
721,0.032229142718136476,0,0.004302302207425932,0,0.07128939983567431,0,2.8645909089314204e-05,0,0.584059035548863,0
722,0.2511604052034522,0,0.01742265505938718,0,0.7142685011237243,0,0.0003601947616168051,0,4.386354698658488,0
723,0.018467493605078034,0,0.008815852144036304,0,0.08911964361873163,0,2.0352573036503297e-05,0,0.7092316068051837,0
724,0.060008090251828225,0,0.01501101649878676,0,0.5305341526585264,0,0.00011936701052833474,0,2.616910880354143,0
725,0.08167527669972892,0,0.006683516223285464,0,0.4448780009270719,0,9.093819629194021e-05,0,2.542238097111525,0
726,0.19894998456652704,0,0.011199536449845445,0,0.6038825477334203,0,0.0004897469345787259,0,2.3947535180304254,0
727,0.12102142954649964,0,0.007869634818705463,0,0.6370077588606182,0,0.00013908178162596699,0,3.0172239386895385,0
728,0.14708975666952107,0,0.039809016168207055,0,0.6391691701214351,0,0.00024334138823766592,0,4.361707566795677,0
729,0.12699663729058744,0,0.01021219479698576,0,0.3802606440810166,0,0.000217687432133917,0,2.843843828802604,0
730,0.5908988445822464,0,0.15495922074721333,1,0.997281139632781,0,0.048563186131527096,1,38.0302058850504,0
731,0.587065673006095,0,0.045742565768146906,0,0.9973557698553425,0,0.0017470453067856405,0,20.348925326868095,0
732,0.043288558579845204,0,0.012046657116799298,0,0.4711074031055856,0,9.23328119660521e-05,0,2.379892001273141,0
733,0.15977549983665873,0,0.007358155536570201,0,0.38947532471160884,0,0.0003057798789139362,0,3.526503257575449,0
734,0.12021515585348425,0,0.015569083008344316,0,0.18842100693776367,0,0.00019858039900070814,0,1.3368249668755552,0
735,0.09889319642815847,0,0.016274251854715573,0,0.5148876625247456,0,0.0002455487778081757,0,1.8766068581902746,0
736,0.2706221888442425,0,0.007345935473422558,0,0.9571558659421171,0,0.0005160077487012959,0,9.384872466027584,0
737,0.07059770017452731,0,0.005745544732539862,0,0.5498418385146989,0,0.0001515846574013446,0,3.269671835507915,0
738,0.11419431217187505,0,0.0023953417073637696,0,0.5814827161233006,0,0.00016185832958784586,0,3.0353837319083254,0
739,0.4571331501512308,0,0.00536389808774674,0,0.8161965875488134,0,0.002296091550100994,0,27.154433455888853,0
740,0.04240811968371066,0,0.005362328036019008,0,0.35890484717237164,0,9.594550894565375e-05,0,2.4161485011410164,0
741,0.019374823189763683,0,0.0033348130198957737,0,0.3001686816483002,0,4.0449406857028454e-05,0,1.6140106376574301,0
742,0.05271564590606982,0,0.006624502792450714,0,0.2681215479607326,0,5.945513575905786e-05,0,1.6359146109894263,0
743,0.14287965245358691,0,0.004748292529547458,0,0.5113318808092472,0,0.00020684842264980985,0,4.158025403240439,0
744,0.022113473159429103,0,0.004892967074550888,0,0.2670992949749924,0,5.507459293965035e-05,0,1.3225790292849458,0
745,0.07185060087990197,0,0.011378262049172411,0,0.34901315261485577,0,0.0001241047136083458,0,3.151843972068209,0
746,0.055899465087432855,0,0.029280367133596375,0,0.3629505956685465,0,0.00014416184482968735,0,3.0462520677325853,0
747,0.3917428093693099,0,0.018568121122681722,0,0.8911453677665987,0,0.0015184584346891697,0,15.118454577436163,0
748,0.059078992382832145,0,0.006419150536069183,0,0.44569154346668616,0,8.258325593916871e-05,0,1.9555020408721375,0
749,0.041577340426337685,0,0.006149914219429474,0,0.14608323125531322,0,0.00013491040466691979,0,0.6682138616539228,0
750,0.0826696006861461,0,0.003773671354557671,0,0.548951009690146,0,0.00023262811267977526,0,3.0855840289625025,0
751,0.2713287187146508,0,0.003022741159118189,0,0.6773382142696812,0,0.0004152098770734587,0,5.91752919562776,0
752,0.1767418913611672,0,0.010265827169366071,0,0.6049707240109553,0,0.0002668591680532236,0,3.8577971299331653,0
753,0.21622748704302017,0,0.025664680296585043,0,0.2559127585957245,0,0.0008843131692173279,0,2.815400848758666,0
754,0.21552060848888177,0,0.019407452445898133,0,0.4803650523183004,0,0.0003383939593983227,0,6.713374008992604,0
755,0.02505201990058661,0,0.0040785337289319335,0,0.2319285207628594,0,5.997968077611168e-05,0,1.9553340871256306,0
756,0.10156715066770608,0,0.003831928005194011,0,0.33739260176459235,0,0.00014602619338166116,0,2.904988366973023,0
757,0.24574977656231667,0,0.009113395935354821,0,0.8957651694162143,0,0.00030481289243197116,0,5.3303046565512515,0
758,0.11695593919423955,0,0.01317616075241946,0,0.5166357586553628,0,8.354379557986967e-05,0,2.564568110784557,0
759,0.08438574320249198,0,0.004176844747003181,0,0.3473818348923803,0,0.00020995629117483462,0,2.6175518802045774,0
760,0.06275905703233588,0,0.00705242007875094,0,0.44972929627018016,0,7.927809383879624e-05,0,1.9593359952907505,0
761,0.3182683824833046,0,0.04318514888140893,0,0.5860552561394179,0,0.0023198119543695645,0,3.7065101640114726,0
762,0.06425665757241213,0,0.012357467607597863,0,0.36288999888856294,0,0.0001556073965866729,0,2.9704501048724916,0
763,0.5315845786531218,0,0.045352635806336083,0,0.800882475457881,0,0.0017840132767408862,0,21.114578136311614,0
764,0.11765267873004022,0,0.010633303788488181,0,0.14102401846158666,0,0.00019136496516771796,0,1.1627020014498533,0
765,0.03846040693793889,0,0.01071683439729351,0,0.21590992388273156,0,5.91963861761276e-05,0,1.427529222922919,0
766,0.03797377927236789,0,0.005061988134336441,0,0.2297602317150513,0,4.3230729613859324e-05,0,1.4476684855086126,0
767,0.05538998817252412,0,0.010136529856003447,0,0.31515989918929366,0,0.00011535845067793333,0,2.6429684647759504,0
768,0.04303547462661074,0,0.009811798326588208,0,0.04965070965557768,0,3.302211888458481e-05,0,0.4837557661577968,0
769,0.19770288667655858,0,0.0026241504909936915,0,0.5345347862776206,0,0.00039954637763249057,0,6.690293217076011,0
770,0.14434418708410118,0,0.009586306912179396,0,0.4347877219744959,0,0.0003770658200953377,0,2.2076816616968533,0
771,0.2692164950037168,0,0.004926301185745475,0,0.7818443767505521,0,0.0005435072474481284,0,9.680897448998948,0
772,0.12870010648934166,0,0.002995926907171854,0,0.47935169399241173,0,0.00026454884966891485,0,3.588766570709437,0
773,0.018265963773652364,0,0.007935880530342526,0,0.1152925345082915,0,3.07374140793656e-05,0,0.7377254769756485,0
774,0.011422709466513496,0,0.0030067748823079973,0,0.09198474262818346,0,2.1420673610247712e-05,0,0.36586883709342033,0
775,0.33446050295406854,0,0.0034478143946707718,0,0.7774820563904252,0,0.001676997184183264,0,20.48339747017352,0
776,0.09463709164929936,0,0.005844521828625418,0,0.5361696168630081,0,9.181125382259339e-05,0,2.493597434861246,0
777,0.4315868103770782,0,0.02595263135951744,0,0.9996790561567181,1,0.0017359547234059582,0,16.967828546982158,0
778,0.06720240778736533,0,0.0037563584797695873,0,0.41917311704316235,0,0.00012262010213454625,0,2.68893002490057,0
779,0.08864954209041391,0,0.006759170850392313,0,0.20433294268217,0,0.0001991114315669587,0,2.306303457237187,0
780,0.13197684213625746,0,0.010666303314123023,0,0.3880063656806569,0,0.00031621394829681366,0,3.568030268001448,0
781,0.14612950301834204,0,0.003733733900535134,0,0.6287433118363631,0,0.00018714090959242596,0,3.5081794793119263,0
782,0.12096679040142341,0,0.009352551037909104,0,0.42341619684174736,0,0.00020580125949806705,0,4.406310875049253,0
783,0.02047644457247351,0,0.0028709073266742703,0,0.19365856607242427,0,2.0451169134071397e-05,0,1.1043983934406194,0
784,0.02719483357056503,0,0.005626446466835194,0,0.27502594004878017,0,4.298067208966339e-05,0,1.628632186762422,0
785,0.5269929009902383,0,0.11350208285554698,1,0.7918352736319028,0,0.025451653772538784,1,20.381525036299585,0
786,0.18513696829117784,0,0.003733439260014158,0,0.6276659187990011,0,0.0007725610967164429,0,8.176461774352516,0
787,0.055558173608112674,0,0.007634342030550606,0,0.34896203980538343,0,8.164190093153063e-05,0,1.7671615982245659,0
788,0.238765962612373,0,0.012683631655974241,0,0.5950048390541062,0,0.00032605750702927283,0,3.9312804368995344,0
789,0.16142411838238027,0,0.00654059361651972,0,0.29917031972048225,0,0.0005310186365851183,0,2.8256778971580565,0
790,0.18983856409642597,0,0.03447691116198086,0,0.4225088798153762,0,0.0005484811725270855,0,1.9531333130653343,0
791,0.027054328006836086,0,0.004084080221554484,0,0.3024485332751344,0,7.0531798311216e-05,0,1.492799055049161,0
792,0.04329000768164759,0,0.0028144452342903337,0,0.11211665409843763,0,4.4809981783236175e-05,0,0.772885030436104,0
793,0.04259986918519307,0,0.004485320487299451,0,0.3787946035254002,0,9.555247465082367e-05,0,2.39244148352278,0
794,0.04351372368210279,0,0.000690059157830429,0,0.42473710883021965,0,6.395941048464079e-05,0,1.962192870207171,0
795,0.009879382630576217,0,0.005485630099142922,0,0.06355789135774714,0,5.333268614179456e-07,0,0.4198451570737049,0
796,0.05712465982030964,0,0.013886413516997558,0,0.46135409103064506,0,0.00010423293300913012,0,2.3142480331752884,0
797,0.04791238783150441,0,0.0054060650794900385,0,0.22123486102751821,0,0.0001495800700344821,0,1.0426275237064795,0
798,0.12057675344806656,0,0.011055579167467326,0,0.5105374164144593,0,0.00023112938290875237,0,1.8301706527205919,0
799,0.10403537154040582,0,0.011240645530063122,0,0.6854460893965417,0,0.0002554940067358313,0,3.7633385080978186,0
800,0.2667295822779563,0,0.004716237119105355,0,0.7795670370706762,0,0.0004163558841295481,0,5.630024810998296,0
801,0.41461241277583505,0,0.016148392951478678,0,0.9512906417423989,0,0.0008874865500377814,0,14.967470334310036,0
802,0.30950119153935096,0,0.03186006897420769,0,0.41324758698481434,0,0.0012908461358080068,0,4.093567122380801,0
803,0.1893758217988804,0,0.009548509176974602,0,0.5288078574404965,0,0.0002893239510934008,0,4.16086499820604,0
804,0.03204986885876534,0,0.013198631663961357,0,0.1585861387343314,0,3.67665174025402e-05,0,0.5693978375516362,0
805,0.2726387388040183,0,0.012044964987905369,0,0.8943859514221869,0,0.0003343467593257577,0,5.793574269393609,0
806,0.024196759619861546,0,0.0028832714994495843,0,0.24983645645692645,0,5.87171582967605e-05,0,2.0022687594302453,0
807,0.1588168433547391,0,0.015404561353212408,0,0.6116981382948573,0,0.00014145960234421514,0,3.3746171951741517,0
808,0.07894210477763744,0,0.0032985820864080855,0,0.3311622868932981,0,0.00011534756382998241,0,2.5186830864712304,0
809,0.05016102185020901,0,0.013183458431601073,0,0.2652781782378982,0,0.00010138893923851017,0,2.1908174716842783,0
810,0.04610296681206637,0,0.007509945279750199,0,0.3762673721951341,0,7.175407269882986e-05,0,1.7155864430288408,0
811,0.1600055274983949,0,0.009672676670513273,0,0.6123103982912602,0,0.00020227660125840042,0,3.7857530609065266,0
812,0.1276340969168129,0,0.007890391996581867,0,0.3619320466229495,0,0.0003290168521332485,0,3.235914036145431,0
813,0.06412027068182946,0,0.006623905545224031,0,0.04882103655730856,0,0.00011598758236011795,0,0.7802484025829768,0
814,0.3638851722100859,0,0.03825528796812724,0,0.7958721667074511,0,0.00536077967183677,0,5.111345890902456,0
815,0.020828892861247505,0,0.007348255595771498,0,0.18114373835896283,0,3.383374794035697e-05,0,0.9633426061373773,0
816,0.37153894196334586,0,0.035060751391479635,0,0.6410461962744765,0,0.0028215875831618734,0,4.854352293651607,0
817,0.034507369120583324,0,0.0041872607514226185,0,0.2708732217974961,0,4.4586925167296976e-05,0,1.823777796168087,0
818,0.38241848476093565,0,0.012111470104068186,0,0.5330342431425781,0,0.0006756258017323532,0,7.885401047441493,0
819,0.20928562851399773,0,0.004488819654755,0,0.6550806856370794,0,0.0010883184579771068,0,11.922539250030933,0
820,0.008236716504058928,0,0.005493502120638204,0,0.06722927938666436,0,1.6910509307860818e-05,0,0.4622421409761236,0
821,0.0379828453562651,0,0.004751625296920784,0,0.3262154286811248,0,8.28833820032664e-05,0,1.9068022085950411,0
822,0.04867778150694961,0,0.00725887313655254,0,0.48182097601751994,0,0.00013848414677149762,0,2.97255575615365,0
823,0.20271062001789203,0,0.008875880600767149,0,0.5797483488852819,0,0.0003121404140286461,0,4.089356516264507,0
824,0.251327365970146,0,0.0024988405372549445,0,0.7559908118264589,0,0.0004441643745482222,0,6.951917293925798,0
825,0.2017042712899551,0,0.006388754163617995,0,0.4035105480539867,0,0.0005184887704756323,0,3.614822257016995,0
826,0.20572214702196018,0,0.09676659440839053,1,0.6883750285829957,0,0.00039162722842966865,0,6.488955796573523,0
827,0.015239130921846493,0,0.002881506769014492,0,0.21433064741130622,0,2.3619331382116774e-05,0,1.050779009597072,0
828,0.04765926959565541,0,0.004934077522394317,0,0.38932405825513394,0,7.57748907059425e-05,0,2.17263261141366,0
829,0.04564446415359903,0,0.004163115682374951,0,0.13551506073326394,0,0.00014927097223538938,0,0.973556033113425,0
830,0.02272027792801244,0,0.004920111680241796,0,0.1499866582837686,0,3.344086276723074e-05,0,0.5585167453708697,0
831,0.28071005711751684,0,0.0031155951241673644,0,0.8632108976329369,0,0.0005504211019957482,0,9.159377487147148,0
832,0.10907079978250112,0,0.004485215144113276,0,0.4801342284402809,0,0.00022713719004786306,0,1.999895750464202,0
833,0.03845621766010493,0,0.0073206719671590785,0,0.06645485965264568,0,3.571170050575432e-05,0,0.8205146974516572,0
834,0.12947942662511414,0,0.012173501736896887,0,0.45678136518074414,0,0.00021848020840456878,0,4.430016512179139,0
835,0.16062370958500966,0,0.010865143528410807,0,0.5798441374597915,0,0.0003900691431546595,0,2.3788641697268655,0
836,0.30324322532186465,0,0.0037885441743791414,0,0.794499654949529,0,0.0015223783397897092,0,18.400867692271014,0
837,0.12636575947050782,0,0.002020473714582743,0,0.5123455068588674,0,0.000214924510974182,0,3.6420125878254614,0
838,0.12426764613249341,0,0.03255550072178271,0,0.3557272679184215,0,0.0004194048637390094,0,1.5697547494369974,0
839,0.3858812250067763,0,0.017908657666622814,0,0.9371018195495442,0,0.0014806172439005131,0,15.161701497637381,0
840,0.15147394373894327,0,0.0050668671167359534,0,0.6442910021544306,0,0.0001522336994252895,0,3.3299692388447086,0
841,0.023851929525243287,0,0.003719348824398883,0,0.3495200142049699,0,4.980582793606924e-05,0,1.6608073814307818,0
842,0.056677555723124606,0,0.00639558111625985,0,0.4448961648388342,0,0.0001235670775517087,0,2.7533621630302423,0
843,0.050565905111836514,0,0.00499126000441612,0,0.11304955956963716,0,6.848352866775801e-05,0,1.0884970321696907,0
844,0.5792496163835993,0,0.04799225780557899,0,0.8559480172699377,0,0.0018609831273512579,0,21.704859671978383,0
845,0.030576828317483595,0,0.0064059855023689905,0,0.2166577002343609,0,5.676855056153056e-05,0,1.4011993964533684,0
846,0.02709276608587632,0,0.006286451615751006,0,0.33770982775833025,0,8.105070300351466e-05,0,2.1511376144722862,0
847,0.31055107966899653,0,0.043067333548960834,0,0.4415614493186591,0,0.0015819672215107838,0,4.576274649985895,0
848,0.06900815784897592,0,0.004216677086276804,0,0.4603187783283718,0,0.0001690864059457261,0,2.3399249447841526,0
849,0.24906765813733817,0,0.008100128997459653,0,0.6865935232165117,0,0.0003774795287770407,0,4.842557910690042,0
850,0.4918084569911251,0,0.014201447059656189,0,0.6892255176510099,0,0.0009382930529422752,0,14.558389723346199,0
851,0.1899579114952254,0,0.0024209992832198465,0,0.45616754906628026,0,0.0002942756614712125,0,4.779957502934638,0
852,0.09816616362107548,0,0.018494854322259002,0,0.38894823614346996,0,0.00022674124004234958,0,2.233793092588663,0
853,0.0670442764199951,0,0.00737065347713603,0,0.2786604171239883,0,9.9732524839382e-05,0,2.2389904255170436,0
854,0.16536425800073598,0,0.00892923608657194,0,0.7446507517966644,0,0.000259986907945998,0,4.623223834107046,0
855,0.18674438858717582,0,0.014788593088312051,0,0.6336259331327009,0,0.00016609751859517373,0,3.5016313465278417,0
856,0.05078104833534469,0,0.003522417255818726,0,0.2448083306929187,0,4.508754273030973e-05,0,1.7701953247162283,0
857,0.5947219572805227,0,0.04405080695436315,0,0.9982400471739573,0,0.0021803438372200706,0,24.960113738290833,0
858,0.043061693053913594,0,0.012597709586242246,0,0.30755977600150564,0,4.2580340509112594e-05,0,1.3743967296125832,0
859,0.17271985588457542,0,0.009443487862552271,0,0.3666747989611212,0,0.00026759470240305484,0,3.3643302103267607,0
860,0.11149014141980686,0,0.007249235853298847,0,0.24341977108549126,0,0.00029804222804871353,0,1.3393531700390917,0
861,0.19426662823096721,0,0.009120871877341449,0,0.22931202429415556,0,0.0006046072173778417,0,3.6296812249569816,0
862,0.04336019553566822,0,0.006917944186540765,0,0.1275906142534491,0,5.1843008146808143e-05,0,1.3450708609465232,0
863,0.10977728622061891,0,0.01133061603795651,0,0.18965105411616467,0,0.00020055331049638014,0,2.721811195178425,0
864,0.0526378011840713,0,0.014589278550985407,0,0.27305943332990273,0,9.092131319101179e-05,0,2.1710267530610023,0
865,0.11334708171175223,0,0.008941392999669439,0,0.28504813801117457,0,0.000184526821000447,0,3.625432296654556,0
866,0.21715949527775483,0,0.004771184861711469,0,0.7483653438848625,0,0.0011173281532551346,0,11.999981409166613,0
867,0.12057069867981159,0,0.05664135605969751,0,0.5502898263606831,0,0.00033448644344108154,0,2.1969354491797795,0
868,0.14860134800889085,0,0.01121166573676754,0,0.3624647714401306,0,0.0003701751048482469,0,3.7809105070338553,0
869,0.02153673129985762,0,0.002273177753817101,0,0.12328084881971467,0,1.63327084120511e-05,0,0.6185626468495022,0
870,0.043994544565467246,0,0.0037864651281248178,0,0.3110189407498047,0,7.753610239086308e-05,0,1.5204627375531468,0
871,0.08773574331260216,0,0.007357557122166331,0,0.10217851945173022,0,0.000135900691853133,0,1.066668638354153,0
872,0.04057965524711799,0,0.003462887022989626,0,0.31746581640625743,0,7.452517111766292e-05,0,2.0033009748882153,0
873,0.12309728710561914,0,0.0019457063586977258,0,0.475475757268953,0,0.00021434415411369416,0,3.5972754148350354,0
874,0.0428033053629351,0,0.0041631658391252475,0,0.36971982515516033,0,9.55816792944892e-05,0,2.4061424024700844,0
875,0.1440319230937084,0,0.004979089556527012,0,0.6002676082229993,0,0.0001357988728207123,0,3.249850000696628,0
876,0.34662385939414103,0,0.027810059216720844,0,0.7783603140387556,0,0.0041244408974801805,0,4.830584157690206,0
877,0.03309680067470156,0,0.016007700831981362,0,0.15773328686893834,0,5.787449866356239e-05,0,0.6415011371068802,0
878,0.3085236947735853,0,0.02899209013400838,0,0.4348608205570373,0,0.0011131443662251946,0,4.347806881026801,0
879,0.11649709676784081,0,0.0057284395074456654,0,0.4971271714756524,0,0.0002662193841993467,0,1.9912458086342286,0
880,0.03971470335993101,0,0.0033264330600753706,0,0.3472005921789767,0,6.026272229501554e-05,0,2.0316098083129948,0
881,0.40054528554891444,0,0.014573012024553278,0,0.9976715471831789,0,0.0017595147142951005,0,18.225968181590353,0
882,0.3652649415564419,0,0.00491024937059435,0,0.9011648409313106,0,0.001867844600011067,0,23.063528390785375,0
883,0.06896933549394223,0,0.018568282832170793,0,0.42961686135389093,0,0.00010818210192206911,0,2.4606168290823023,0
884,0.136593272416852,0,0.02527593829987082,0,0.32227842813989394,0,0.0003889071698787606,0,1.4350574935366942,0
885,0.2650010169881274,0,0.003839137524073857,0,0.791450197425551,0,0.0005091200392779613,0,7.5284747764631295,0
886,0.05998612419908419,0,0.005868853681937417,0,0.495571178152549,0,0.00010812036750175405,0,2.1767212219660044,0
887,0.03179607732178133,0,0.008787778729252536,0,0.09234937742316733,0,4.8304731200825674e-05,0,1.0242168380801018,0
888,0.049841642142917746,0,0.005038668710674892,0,0.4833110533432545,0,9.228455964713511e-05,0,2.4008574676296695,0
889,0.05188328023811389,0,0.010720890397137518,0,0.4694803369840817,0,0.00013302693769164662,0,2.915556443139453,0
890,0.2078294519175996,0,0.012626392501547222,0,0.7166647896038073,0,0.00026475981865486736,0,4.792592155992709,0
891,0.028422759505600977,0,0.006842387007091853,0,0.06260426676806743,0,9.083560238449559e-05,0,0.5754742728762636,0
892,0.29011346446483394,0,0.005724032274877063,0,0.608958414247195,0,0.0005945774248321578,0,9.663986749582572,0
893,0.0210032630990169,0,0.005936634203664829,0,0.15306970290664867,0,2.9326868988808747e-05,0,1.2248573806444907,0
894,0.02768848722360404,0,0.006397566673315358,0,0.04759094994444672,0,3.131196241953743e-05,0,0.22222524768306706,0
895,0.3255232696094955,0,0.03435932247783216,0,0.44644226007635446,0,0.0030284087538776797,0,4.583652522265394,0
896,0.5107025856835736,0,0.018800630442207162,0,0.7722311293377523,0,0.0010724763519821962,0,16.91837530432542,0
897,0.07765958973225844,0,0.006687267262086575,0,0.4543497589394484,0,0.00017161397703931343,0,2.377911534869611,0
898,0.23830618218327146,0,0.009640321928449913,0,0.69768173932917,0,0.0005299765149932928,0,4.739553819011139,0
899,0.19791222724180235,0,0.0052442359100993,0,0.42905754674628993,0,0.00027029395391238236,0,4.605867830471596,0
900,0.15286820035487622,0,0.00790205406500336,0,0.6616436896361025,0,0.0002361695725459922,0,4.215584863305181,0
901,0.03184086968678006,0,0.005857923617636049,0,0.25236685009402243,0,4.45028347710087e-05,0,1.6310677472203836,0
902,0.2122504669954662,0,0.010250135528827094,0,0.7177762763509489,0,0.00024370731860824747,0,4.336357067446203,0
903,0.0753594814870856,0,0.006031562931386196,0,0.2656976816096041,0,0.0001056729748379599,0,2.2365217072683796,0
904,0.2157510808788363,0,0.03408542659102762,0,0.5484806148038206,0,0.00040391065496657886,0,4.219385694398509,0
905,0.08253515046108512,0,0.014528630214893508,0,0.25694475950601525,0,0.00014105022930660258,0,2.5145568410398123,0
906,0.06527677743823278,0,0.0154404637180199,0,0.35737038245904335,0,8.593781347711495e-05,0,1.6264300965594984,0
907,0.033174269710651856,0,0.006248230811778693,0,0.048961549135221036,0,3.5645519560405144e-05,0,0.809907510224766,0
908,0.07453099527118705,0,0.011715556653619333,0,0.1869565016977462,0,0.00011513450764163855,0,1.844230914636918,0
909,0.00831038156266749,0,0.009262022471681083,0,0.04116914768688605,0,2.6852923921581502e-06,0,0.2139263645337414,0
910,0.10878380818553297,0,0.011755409460573865,0,0.5214340150897322,0,0.00016825408621628382,0,2.759447820551815,0
911,0.02686111505939372,0,0.010295043101173683,0,0.11932084044352834,0,0.0001414528792420388,0,0.5225849638597613,0
912,0.5279264760485569,0,0.021754239390976267,0,0.9976702690407363,0,0.003310930337528745,0,40.55897384383862,0
913,0.045424135007897194,0,0.027817975854889807,0,0.15331116422580507,0,7.271639453930293e-05,0,0.8054852630740408,0
914,0.17192348676252164,0,0.00809620709686587,0,0.3783368397089989,0,0.00028328584015391495,0,3.499680458673634,0
915,0.2929407794159641,0,0.03862293979398695,0,0.6186104278817268,0,0.000700417353130754,0,5.403305727225819,0
916,0.16530725998896106,0,0.015749470806432152,0,0.3414097166628119,0,0.0007423837321363265,0,1.3992430559750093,0
917,0.6101347917038102,0,0.039484105502732444,0,0.9197985358431743,0,0.002173890278491141,0,23.818452323490554,0
918,0.14694177439762834,0,0.024622127570769363,0,0.2998498906836526,0,0.00032472876478554835,0,2.266764466478796,0
919,0.043805787036060986,0,0.01113450689664865,0,0.16415565114089684,0,0.00017656223744646007,0,1.3125683827152952,0
920,0.10637692467983076,0,0.0029930885839084443,0,0.38450694880868225,0,0.00020967724690182997,0,3.755111443190087,0
921,0.08422970731526393,0,0.008048477291125799,0,0.5456135272977204,0,8.990807354536288e-05,0,2.3663929050378854,0
922,0.2940276276280946,0,0.008943103434425299,0,0.7837112787545725,0,0.0006597227263480289,0,11.215606193018676,0
923,0.24028253895766855,0,0.003744079750020342,0,0.5346747772875309,0,0.0004983835676368857,0,7.3456193036624,0
924,0.06749550516269305,0,0.013531639632356299,0,0.297989451829852,0,0.00012355617011009927,0,2.5649946606432747,0
925,0.364642991462303,0,0.009768573227504906,0,0.9547459511245743,0,0.0012931802163144944,0,13.717351249250935,0
926,0.09287972653796556,0,0.014142621070925046,0,0.4363501381534702,0,0.00012287195930601094,0,3.1915790418894048,0
927,0.19174411132961636,0,0.00590690748751788,0,0.7938984051837884,0,0.0007348398903451669,0,8.457856283961046,0
928,0.264025516809176,0,0.023167503862745093,0,0.4295356565510438,0,0.0012416906505417628,0,3.333011840023326,0
929,0.05592274572452371,0,0.01740344481181792,0,0.23547190471211862,0,7.498328764512545e-05,0,2.226671103399251,0
930,0.11137403327521025,0,0.006630328929023556,0,0.38371517701755187,0,0.0001698862363022156,0,3.867497969409152,0
931,0.43790533317722136,0,0.07621448238165843,0,0.9997735619232315,1,0.0106093953937265,1,9.217461723855804,0
932,0.08224860287074502,0,0.014605357295189877,0,0.1027809591034878,0,8.49280211192502e-05,0,1.1715903986809726,0
933,0.024111020441383236,0,0.010175389064098189,0,0.30050630461868866,0,5.95815329046757e-05,0,1.3756615472151092,0
934,0.05515475770940965,0,0.011936351592667123,0,0.06600222506661231,0,9.374944719121338e-05,0,1.3297434032534174,0
935,0.07676559301911631,0,0.024821804626660157,0,0.5831696974428466,0,0.0001386685133386917,0,2.9964789817558852,0
936,0.013053374615331459,0,0.007413914963535029,0,0.1134422103986894,0,2.479407742365462e-05,0,0.8799382431230995,0
937,0.02744994798451197,0,0.006287133223838998,0,0.3828391556739579,0,8.58530815376911e-05,0,2.2375532212268685,0
938,0.07739845546289424,0,0.011794886859154495,0,0.39962142270394835,0,0.00010665914696672753,0,1.572791050069802,0
939,0.05384430377292671,0,0.017208566795078546,0,0.36216752009598746,0,7.259399898713898e-05,0,1.7495127135189672,0
940,0.10450195587960633,0,0.00801340358916788,0,0.40371040416631615,0,0.00011635377982352896,0,2.971557631166738,0
941,0.15690110152926828,0,0.01090258283744037,0,0.41895492789645156,0,0.0004282331049080569,0,3.691119252199944,0
942,0.1334353876842761,0,0.014535987592001993,0,0.5351585064026833,0,0.00036280411165854693,0,2.30265688040326,0
943,0.05163181142930336,0,0.005480366524108218,0,0.401429463188,0,0.00012503440742271576,0,2.856065702312802,0
944,0.5145995435157334,0,0.07083631241406108,0,0.8893887929522504,0,0.01108501393717896,1,11.787115319040595,0
945,0.22897396197425235,0,0.0005850207621431176,0,0.5769205054203849,0,0.00034305211557211296,0,5.4519656620661126,0
946,0.5479164828407674,0,0.021188347334817996,0,0.8296197582496997,0,0.0011639694959435806,0,18.201019544968602,0
947,0.3931101509252959,0,0.03061494973995914,0,0.9979985027512172,0,0.0009543911235134614,0,12.588041615810164,0
948,0.1463798519680938,0,0.016610039570804574,0,0.3848297171588094,0,0.00013848523886632897,0,2.9892266804769947,0
949,0.043817232689658175,0,0.004459984433954854,0,0.3344781740904523,0,5.3913030128707726e-05,0,2.045291135211213,0
950,0.1634962422339025,0,0.003125312823346668,0,0.691780814723272,0,0.00022593102219209857,0,3.8747587017172025,0
951,0.1359917430882959,0,0.021925243297925546,0,0.5182008689472747,0,0.00026497264697222664,0,3.6074945402173313,0
952,0.23003558872837684,0,0.009876119795227631,0,0.6934410435225777,0,0.00027891420029158985,0,4.715275909946827,0
953,0.10712832068569975,0,0.008515051648573078,0,0.34892101088503713,0,0.00015641389341425796,0,3.137121185019149,0
954,0.028267496308699448,0,0.012019046673430032,0,0.24658319670215606,0,5.699027056691376e-05,0,1.523889909507615,0
955,0.20854786922182247,0,0.014290890272858297,0,0.635497826622596,0,0.0002657921839431959,0,4.106972216663294,0
956,0.26552517380530805,0,0.006076748592760522,0,0.8564174106270714,0,0.0011371016646967863,0,11.222289024961519,0
957,0.041674227753294324,0,0.004629457421837713,0,0.13521376254245018,0,7.324201775857734e-05,0,1.7632794933493365,0
958,0.04557851956266489,0,0.014677068957188916,0,0.12227136196327427,0,0.00015499514362583513,0,0.5415640483962774,0
959,0.03662617526193623,0,0.014070084311149311,0,0.1814497406998698,0,4.051925070381615e-05,0,0.992295268059088,0
960,0.0026405521560815544,0,0.011139323183307029,0,0.05117999855249157,0,1.3180759678077112e-06,0,0.39585945181377796,0
961,0.4990458676057733,0,0.032610575770621444,0,0.532755605941154,0,0.0016500435678733732,0,17.45436421062255,0
962,0.23458711080360733,0,0.02651408171256841,0,0.45623571440585964,0,0.0016368843880739672,0,1.6998348579753582,0
963,0.038575864095334055,0,0.011929212125679727,0,0.29499509380472755,0,6.581943469089267e-05,0,1.7717430629539375,0
964,0.057221068830731345,0,0.0029834327123017886,0,0.2467876745340839,0,5.473324169065106e-05,0,1.5247218199829706,0
965,0.3048917868126938,0,0.013828962793843437,0,0.7572795529301627,0,0.0007496746639697751,0,12.765938596434525,0
966,0.25927715469992946,0,0.0026253147084329058,0,0.5543120075686153,0,0.0005104982447240115,0,8.23048655145713,0
967,0.02460357279647728,0,0.006387338427528761,0,0.12001290800008381,0,3.8801058995039e-05,0,1.3480462523905619,0
968,0.033744341983610204,0,0.007139847061773947,0,0.09603688202508939,0,6.359107569053307e-05,0,0.5325807503131305,0
969,0.03137251637892977,0,0.007650845484102532,0,0.24681831779956034,0,4.8316886698713175e-05,0,1.5930972225460325,0
970,0.08835537869447231,0,0.007270260287034803,0,0.33050784642955827,0,0.00018156647025810075,0,2.0690118745298305,0
971,0.35921701387891886,0,0.03630604773144805,0,0.7964353737264184,0,0.0051485137312878146,0,4.9755949726094295,0
972,0.12371585838952694,0,0.0038340938539315767,0,0.3600662933752068,0,0.00022787915563130527,0,4.108276236328917,0
973,0.3820182578076797,0,0.0048181329645179335,0,0.5848643135547611,0,0.0022020045029718027,0,26.137874109260117,0
974,0.1941828156480275,0,0.006897866215967983,0,0.25848338146065214,0,0.000535411629084183,0,2.9221414526720286,0
975,0.22395060232208366,0,0.020198738156063996,0,0.48080075738494626,0,0.0005849739086526355,0,5.004246233960367,0
976,0.11175873415424215,0,0.004728425435898792,0,0.5637804079824982,0,0.00010864127435831115,0,2.705759552201239,0
977,0.033068421236897586,0,0.00806242330225931,0,0.25972183370882973,0,7.250668439507448e-05,0,1.9189582723251497,0
978,0.057383422444460284,0,0.008651897278194527,0,0.1649696228884821,0,0.00016866268515578696,0,1.3288326227872402,0
979,0.13083918706609315,0,0.00806824726419202,0,0.35865258902264113,0,0.00022825772104920596,0,4.466954557163669,0
980,0.06251219127981694,0,0.01758188055727548,0,0.07094258283580004,0,0.00013069435967877062,0,1.3849304281786998,0
981,0.10318010182141951,0,0.025999836516414417,0,0.037264840765838476,0,0.00016845323831396204,0,1.3706036149491274,0
982,0.06805680288081456,0,0.01735707958412695,0,0.32393297890120665,0,0.00013990673815178983,0,2.731222108039637,0
983,0.2443694386085133,0,0.0034109480058875457,0,0.473379322208833,0,0.00035449593724065626,0,4.288630498070671,0
984,0.06913960294758108,0,0.010888743681418065,0,0.22511272197871332,0,0.00010578179478149009,0,1.7203437901275265,0
985,0.12325322204678209,0,0.022495309601253913,0,0.43409127404366427,0,0.0003523143452904001,0,1.8331100577342139,0
986,0.33812620953354167,0,0.007879389432799708,0,0.869122102702635,0,0.0015416726936219225,0,16.035636351905403,0
987,0.07739689908310435,0,0.012103271012923302,0,0.2724384323347998,0,0.00012896260720067363,0,2.606206277659913,0
988,0.2018309686915959,0,0.018624261174789134,0,0.3342092598241823,0,0.0006665677986344575,0,2.542120569480251,0
989,0.021427387975128723,0,0.01052289008067685,0,0.03606171641642275,0,2.739775991073566e-05,0,0.22723810203529649,0
990,0.0481080483196934,0,0.004141577503035366,0,0.36067056051346286,0,7.064522064906504e-05,0,1.6504606470124106,0
991,0.04500266491064278,0,0.007841022647212044,0,0.07523047442610127,0,4.3641003578711415e-05,0,0.7228943069243906,0
992,0.052408208009901244,0,0.006568283007319313,0,0.29570074787780803,0,5.3629261232449136e-05,0,1.2066011712372888,0
993,0.4637455546250803,0,0.023811187335754977,0,0.9981234172759434,0,0.0012583840248408932,0,19.686712070369694,0
994,0.056481716904342394,0,0.0049033918679700535,0,0.4111803146861341,0,9.474163210107349e-05,0,2.3047284472402385,0
995,0.5245626068513881,0,0.07186451682566591,0,0.9973441810795944,0,0.009695591871304018,1,11.321237536959709,0
996,0.23445156404482503,0,0.0021636755370881967,0,0.6589783585609467,0,0.000339595524853327,0,5.340286439928059,0
997,0.2983575489265569,0,0.02655313477087325,0,0.6652140185058772,0,0.0006843220084177501,0,8.205625259491672,0
998,0.24133217655250422,0,0.010241959311800644,0,0.8285471576050243,0,0.0003026266330732966,0,5.230924681243574,0
999,0.019161160318868508,0,0.0051324859019418285,0,0.2706258658354045,0,3.352356929461386e-05,0,1.546070543664642,0
1000,0.09777671126343294,0,0.005556740205216269,0,0.29141171696430446,0,0.00013969733585648413,0,2.750870422561424,0
1001,0.03582487041833566,0,0.012328701954105462,0,0.18725464767460692,0,4.248730561966282e-05,0,0.9486726743723922,0
1002,0.30232994122489015,0,0.014764914786622904,0,0.985037278524751,0,0.0005340198470300091,0,9.12418307913845,0
1003,0.02054553319536962,0,0.01625317980838473,0,0.0744615316961565,0,2.1389503302888e-05,0,0.48611855725105657,0
1004,0.21102605655933673,0,0.008602622297052095,0,0.21554314423713822,0,0.0006248548400233278,0,2.9501327271961477,0
1005,0.0363087643089218,0,0.009732311281679349,0,0.09490292681928186,0,3.3700036277178594e-05,0,0.6995793053503465,0
1006,0.22969791273492018,0,0.004971248929762313,0,0.41846064464371185,0,0.00048516594772797327,0,7.689237148745642,0
1007,0.09765239089267781,0,0.012833290882750464,0,0.21280311568019966,0,0.00012325179812900698,0,2.035820654659398,0
1008,0.5558606524564362,0,0.023866252117452125,0,0.710989119746393,0,0.001996615894656057,0,21.131692415604657,0
1009,0.04758941348202441,0,0.01199449020681052,0,0.11110701817009638,0,0.00018904224546961588,0,0.49546013752553664,0
1010,0.243412837080605,0,0.010637200653755287,0,0.37555987102488314,0,0.0004733429373352591,0,7.046704546676624,0
1011,0.25072047700249045,0,0.020109846900091592,0,0.5433787234741336,0,0.0008210826306119936,0,5.273557541761578,0
1012,0.04580051427234663,0,0.015612964503237065,0,0.2327481496650598,0,5.528145732352663e-05,0,1.4396556632534145,0
1013,0.061488267715350146,0,0.01660564118371824,0,0.34443935028470307,0,0.00010717886929063951,0,2.3967919136674527,0
1014,0.017718677264630514,0,0.003963629707360323,0,0.1521427795712101,0,4.406235647485338e-05,0,1.3457246654795312,0
1015,0.09670863033832497,0,0.009217744643615331,0,0.2098116275938728,0,0.00023515021292844798,0,1.9020080651101918,0
1016,0.05003990129912765,0,0.014453653861924967,0,0.024978482860481283,0,4.408695797482125e-05,0,0.60436296710577,0
1017,0.262098155250709,0,0.020917061993329825,0,0.4421359171804773,0,0.0018093279583574575,0,2.0062815926339708,0
1018,0.1761103404455661,0,0.015285869276583396,0,0.304607042895913,0,0.0004484646225862239,0,2.2997074975001657,0
1019,0.17181685359087412,0,0.019286774224854572,0,0.5361573551302239,0,0.0004974466142484724,0,2.7840785817711673,0
1020,0.040598676393834875,0,0.006243069098194665,0,0.13000086744687936,0,5.347730581482214e-05,0,1.603294339101166,0
1021,0.06586915548390986,0,0.010596704125630569,0,0.3591977134435111,0,0.00010998120325929282,0,2.7840336659281526,0
1022,0.30713182410679596,0,0.00567139730732345,0,0.8426507744197366,0,0.0012026815939696247,0,12.760451495035877,0
1023,0.21647113231774714,0,0.07146709007740973,0,0.5099812884112142,0,0.0017773466200694706,0,2.226425078939939,0
1024,0.05700704528336589,0,0.004511603133665931,0,0.2885743439390054,0,5.827905198296523e-05,0,1.2923280305951845,0
1025,0.15490134022556187,0,0.01176420032982414,0,0.5948339816518812,0,0.00024298481539542958,0,3.9665246055972183,0
1026,0.009578064914809305,0,0.00933946803278057,0,0.06462863910134362,0,1.2583464478314585e-06,0,0.5063064016502046,0
1027,0.03197000861505653,0,0.01034679029179505,0,0.04196680135498253,0,3.186955956268826e-05,0,0.2623457580786458,0
1028,0.03904859810385288,0,0.009785591715886107,0,0.1451126332183786,0,0.00013432631017102768,0,1.0685721768575112,0
1029,0.24732647425829993,0,0.004261321405946211,0,0.440078598681531,0,0.00036456718708424045,0,4.366113209071216,0
1030,0.30846157039444305,0,0.0013211356538431777,0,0.5668650300916589,0,0.0017936967915903226,0,20.820234048589,0
1031,0.1339678541518549,0,0.0025020012528860123,0,0.39473585748948115,0,0.00023920945980705676,0,4.101350268285235,0
1032,0.09055987038750858,0,0.027496871841876155,0,0.36964583279319024,0,0.0001688521775947125,0,3.370005567496631,0
1033,0.042379621573327815,0,0.007441709953340021,0,0.18772447319423766,0,5.106456425725434e-05,0,1.088062429122284,0
1034,0.11150719147821102,0,0.005113550234662298,0,0.5719674592271986,0,0.00011835313504349848,0,2.8795605137636655,0
1035,0.34007798577613685,0,0.013325415758320695,0,0.7104293035498311,0,0.0008286292724200463,0,13.03193998216012,0
1036,0.028636367454693473,0,0.007071257636733855,0,0.24850043763665708,0,7.73525213448382e-05,0,1.9826186994823356,0
1037,0.0558109060881826,0,0.01051410097247549,0,0.299321806693575,0,6.967372628570082e-05,0,1.497833074204007,0
1038,0.219998842891055,0,0.003965365422178368,0,0.579300078689828,0,0.0011976385022201958,0,12.422592900834227,0
1039,0.05053812438901036,0,0.016621847361803457,0,0.08431405445112176,0,6.790200630378771e-05,0,0.19966025713659108,0
1040,0.09097237738269999,0,0.007839221119140522,0,0.30065976970201413,0,0.00016434128465234833,0,1.6963869020483195,0
1041,0.4560215137085821,0,0.0737994759928227,0,0.7770897857135427,0,0.00593993261759577,0,8.427991199442364,0
1042,0.21693694843894712,0,0.02094533287084664,0,0.5208149129679043,0,0.0004129259890483633,0,6.104239167369441,0
1043,0.4720037832310747,0,0.015549245469147774,0,0.7137488055889201,0,0.0010680551836242441,0,16.50738427578952,0
1044,0.1836581514008298,0,0.004203206727734434,0,0.5446209580630414,0,0.00027709028038742873,0,4.882401228513868,0
1045,0.07372868666848391,0,0.0074458216257626275,0,0.3461927391351463,0,0.0001027661564218811,0,2.17632636743912,0
1046,0.2808562753154212,0,0.01383745439509863,0,0.8860027837501039,0,0.0005123472158076291,0,8.335098799676762,0
1047,0.04530175324016626,0,0.00543993747213639,0,0.10850084247391481,0,5.515807312597064e-05,0,0.7331031454098678,0
1048,0.12342128385028671,0,0.011123537559252826,0,0.33444735140862253,0,0.00017143666421914655,0,3.3087285929679147,0
1049,0.23176251779944967,0,0.02352771483859384,0,0.8925839767105845,0,0.0003906454327073423,0,6.7233604323760705,0
1050,0.04316788278530797,0,0.010014824849067135,0,0.2594343431845265,0,5.7563978180206564e-05,0,1.3106749025901203,0
1051,0.20072366425143068,0,0.0075963756017530856,0,0.2229201874408439,0,0.0006464788972091321,0,3.3596202753368503,0
1052,0.04179233327097721,0,0.012254777857750102,0,0.1756125828530399,0,5.956745897390219e-05,0,1.0304112474120175,0
1053,0.04964877858785937,0,0.020989999293853756,0,0.2578267267308804,0,7.278784570180521e-05,0,1.3952217813331047,0
1054,0.4336770221537,0,0.006596048114354232,0,0.4470708620981744,0,0.002569876854628168,0,28.40622752380748,0
1055,0.028039391172164592,0,0.0035291665490783143,0,0.0770654347329114,0,2.5726273352138377e-05,0,0.8429280564945485,0
1056,0.08787422131494742,0,0.01072730044760253,0,0.26364069505131377,0,0.0001843280834394085,0,1.028237735222423,0
1057,0.14486744647201538,0,0.0032032049441573294,0,0.29735533284137433,0,0.0002588535761677724,0,4.618913883997676,0
1058,0.1229832028309518,0,0.00840234289780372,0,0.3010746910480111,0,0.0002866606034879309,0,2.16097479337924,0
1059,0.07633961006106528,0,0.00931873177835081,0,0.16425047266027448,0,0.00010694019649631884,0,1.6353323999833846,0
1060,0.2220118127703137,0,0.007823827236191443,0,0.38133447081405303,0,0.00040349097417235406,0,4.792747128612687,0
1061,0.03909991794740828,0,0.01333347228361201,0,0.015525277696797513,0,2.794804285633731e-05,0,0.3600080455711182,0
1062,0.2032667434931522,0,0.003856316674690056,0,0.6394746032735238,0,0.0003510195469550439,0,5.491233145722919,0
1063,0.1993456926638766,0,0.023741062279147688,0,0.34981888889387497,0,0.0011326703530997377,0,1.8267546550955018,0
1064,0.16071437872225133,0,0.010932229965366155,0,0.3277849800583297,0,0.00040587303958103225,0,2.4977683185192054,0
1065,0.04604167752244325,0,0.0073021424405973305,0,0.12987765318577474,0,0.00013445463921741017,0,1.0643808524600413,0
1066,0.029018620796941993,0,0.010974659485200097,0,0.03339602909136659,0,3.910515623220596e-05,0,0.21449159133216217,0
1067,0.02490726300152107,0,0.006569297636144552,0,0.18921894602515946,0,3.397090580914848e-05,0,1.3458616322490067,0
1068,0.09659576581247238,0,0.007194208934242885,0,0.5399962565308428,0,9.941910348809021e-05,0,2.5032242017531643,0
1069,0.12896120114889253,0,0.0028450239461865383,0,0.33273627822643864,0,0.00021094208633466691,0,4.175654917125458,0
1070,0.038235414244948356,0,0.007711581219264768,0,0.33025297627721195,0,6.23964180682888e-05,0,1.49681115395872,0
1071,0.04362844421309692,0,0.003792668476535564,0,0.24645942053933273,0,4.985438633330605e-05,0,1.2239660136174466,0
1072,0.038078124737955264,0,0.010115489047676628,0,0.1167789588246825,0,0.000144024726442379,0,0.5053232209511914,0
1073,0.01847490758767363,0,0.007072349379603816,0,0.11482744903801842,0,1.7485720898585723e-05,0,0.7107880039980821,0
1074,0.3449465402388411,0,0.00559569117784927,0,0.8684614385072672,0,0.0017696726899446935,0,19.018345303944223,0
1075,0.25553834456881663,0,0.004184599946884603,0,0.6232909749959301,0,0.0013787870634822345,0,14.228549927450226,0
1076,0.29215421728174246,0,0.007777442084251542,0,0.6299062661470161,0,0.0006612800374102642,0,9.689980623667566,0
1077,0.37502999177101926,0,0.01552908054967144,0,0.8859449333122233,0,0.0008863811097717397,0,14.251132533063984,0
1078,0.009556369111817715,0,0.004785805827776598,0,0.13942781862534365,0,1.5366618504478467e-05,0,0.5995711911855441,0
1079,0.04561422979679232,0,0.008373212328245101,0,0.29259761009198476,0,5.580709728020416e-05,0,1.985346187377321,0
1080,0.10307753244189818,0,0.008130811665648737,0,0.3354151792227323,0,0.00019448538622077391,0,2.125708868621541,0
1081,0.07205846089074283,0,0.012171109255846226,0,0.4344919332511152,0,0.00011026397999110286,0,1.6272172576007287,0
1082,0.039487132785248416,0,0.01790140407855374,0,0.4706221843818877,0,0.00010264642014981576,0,2.139549479130923,0
1083,0.27115841268065116,0,0.0645249593154127,0,0.55579643478386,0,0.0024159833137467877,0,2.809788387480306,0
1084,0.3286764106147861,0,0.024407933097539705,0,0.7372006544159574,0,0.0009288579223942165,0,7.927641482750512,0
1085,0.21003801352763846,0,0.02432653027801615,0,0.4464013929921062,0,0.0005959000214052879,0,2.9064627700957812,0
1086,0.030304321024673387,0,0.00561788904211433,0,0.2353925102722578,0,4.4726172470945205e-05,0,1.470313251703528,0
1087,0.5851290063966954,0,0.02281309735356752,0,0.7057863831902883,0,0.0016729876871879729,0,17.744111038333443,0
1088,0.20432071603108953,0,0.021726878581224945,0,0.49244361192433234,0,0.000407799017766536,0,5.994724152290948,0
1089,0.02147343665214203,0,0.010032402161323173,0,0.03392077690536284,0,9.2765867128169e-06,0,0.3401232389113305,0
1090,0.13272438048733018,0,0.004436452392776018,0,0.3480766751013483,0,0.00022272051199837394,0,4.305281560184446,0
1091,0.4693579818704419,0,0.015839647740631416,0,0.8659761338045191,0,0.0029022363486327363,0,35.402388613311814,0
1092,0.3598513854661062,0,0.01746611243035321,0,0.7421653879869352,0,0.0008294977127070252,0,13.514298252685057,0
1093,0.19696068187115912,0,0.037093474629472434,0,0.3953442612061979,0,0.0005021934981044136,0,2.697716593290447,0
1094,0.09071051400065895,0,0.003540024090778609,0,0.16386313224491375,0,0.00011749079592101448,0,2.250157800955943,0
1095,0.04031808504736671,0,0.013633399848424523,0,0.15184293307121163,0,0.00011673189080642277,0,1.1525141269366308,0
1096,0.14916023610756637,0,0.015936233624319382,0,0.5470008874188725,0,0.000480223655027589,0,4.243359486686964,0
1097,0.03875020706948312,0,0.02099780083054857,0,0.29533697434030626,0,6.651692688558873e-05,0,2.2175367924322926,0
1098,0.24201316359264158,0,0.002052830908753202,0,0.44978901759030315,0,0.00041190349381808205,0,4.814894366011325,0
1099,0.05596347435111638,0,0.006848650487039113,0,0.046540432621381855,0,7.057665407269777e-05,0,0.49038216479772745,0
1100,0.008920272948552565,0,0.009180926165005071,0,0.10149871651285525,0,1.14918669885095e-05,0,0.4941772824299219,0
1101,0.0434831328538747,0,0.0037731199262312563,0,0.36496745482032333,0,7.565960863776226e-05,0,1.6498033252098812,0
1102,0.014043506047504803,0,0.005488234056358668,0,0.2522621709285358,0,4.15381575185905e-05,0,1.4988413814938846,0
1103,0.240943633282755,0,0.030186369508773625,0,0.4832979402405624,0,0.0011438880864424556,0,2.324287568111524,0
1104,0.22304334367318582,0,0.009453390003556971,0,0.39605966540836157,0,0.0006479087255139188,0,3.5596373928180647,0
1105,0.27944148567928223,0,0.03054283089603157,0,0.4867520256454583,0,0.0005806423197858948,0,4.690083548188913,0
1106,0.13825609363516392,0,0.02949028554032949,0,0.14584256376070429,0,0.00023630749125342742,0,1.834720176593701,0
1107,0.06912243926155343,0,0.004629039093031214,0,0.3925805739016202,0,0.00010752566029627459,0,2.201092625067987,0
1108,0.028231961349317478,0,0.010156895566827246,0,0.23829833466531783,0,4.529494130933775e-05,0,1.3357646019218543,0
1109,0.07206840687301523,0,0.007692835102031577,0,0.3053841965803853,0,0.00010015894018979758,0,1.6557251490308236,0
1110,0.33335246258479856,0,0.004621041817413143,0,0.8333122056079185,0,0.0006535811628448132,0,9.340036636193872,0
1111,0.06295946014453119,0,0.02147973350729291,0,0.5649374342747272,0,0.00013830214808249313,0,2.646157896070509,0
1112,0.022211162760629594,0,0.017990672452055986,0,0.2629103612373968,0,5.837775634744797e-05,0,1.1506349206734185,0
1113,0.06722540960797918,0,0.02167560259602292,0,0.3549921236114241,0,8.898878755689858e-05,0,2.5921386385278447,0
1114,0.09195140040293556,0,0.004213203533031754,0,0.32898880339910663,0,0.00012011251670162699,0,2.7218136417836307,0
1115,0.5947643693721694,0,0.0232312265943832,0,0.9262856598729623,0,0.0016957020398160971,0,16.19820201458424,0
1116,0.02976732357174901,0,0.0021552283704709962,0,0.13333420063493207,0,3.4639674582307066e-05,0,0.5778108058421662,0
1117,0.30107060197498864,0,0.0012462457823389594,0,0.758206994990298,0,0.00044557131767372643,0,6.69557175758865,0
1118,0.04261009173285715,0,0.006277574738921037,0,0.3126435889466763,0,7.67022029336867e-05,0,1.3806725658749897,0
1119,0.6047953171762209,0,0.08475204846420138,0,0.9719189700514362,0,0.005531796507937288,0,10.42456031508227,0
1120,0.3741980833484305,0,0.014937190973750415,0,0.7491245689973296,0,0.0008801326055710458,0,14.275341719226194,0
1121,0.2593006743816356,0,0.006009394591857878,0,0.6856386441552479,0,0.00044312940200232244,0,7.9500065980829735,0
1122,0.03968792188306669,0,0.011518317471259061,0,0.21007382967423693,0,7.154056757292615e-05,0,1.5556062472918695,0
1123,0.14041098325507512,0,0.012336489855333936,0,0.39440196830367513,0,0.00019705430456113155,0,3.9879415921806953,0
1124,0.24956301920887966,0,0.02351277678715301,0,0.9185819707250725,0,0.00038613243954708565,0,6.801366698892538,0
1125,0.2756101797865027,0,0.01332559969106759,0,0.7963470717679707,0,0.00046345917593644857,0,7.489670470714826,0
1126,0.02998941387827618,0,0.007179170021656084,0,0.08582865455366091,0,7.758786144181109e-05,0,0.27530598103322906,0
1127,0.09890212126281739,0,0.021011725255411874,0,0.37216143247366695,0,0.00021095706626465452,0,2.164729752103442,0
1128,0.20330481950108426,0,0.04910316006418923,0,0.23741912350231895,0,0.0006021738494080482,0,5.410245782762524,0
1129,0.22877812699455993,0,0.010931931550243,0,0.4334336384479595,0,0.0006244708999230365,0,3.326050251966241,0
1130,0.02072734799249866,0,0.0071702245714563295,0,0.17990935679890943,0,2.4840583595357328e-05,0,1.194929028844048,0
1131,0.2110085354099098,0,0.008939608512185605,0,0.3950554663025928,0,0.0003589391051976666,0,4.050616092539277,0
1132,0.2056433221986353,0,0.0023694426845424143,0,0.46865590079856356,0,0.0004309614559933854,0,6.965856205787107,0
1133,0.08154537734150936,0,0.009890764298884998,0,0.2003911950427649,0,0.00013089924527529996,0,1.5143611126190246,0
1134,0.08668498549566395,0,0.005764978771101029,0,0.1515276364896775,0,0.00011402400391883724,0,2.52081368214299,0
1135,0.04341378092895825,0,0.007904702901851484,0,0.14608044314709664,0,0.0001261200075160989,0,1.0546126143728487,0
1136,0.05419885501880628,0,0.015485403532517837,0,0.22094094685767837,0,8.337955347002811e-05,0,1.9781514958488848,0
1137,0.03655453242467432,0,0.004927169859674456,0,0.061758229282837716,0,2.3798850829439724e-05,0,0.5577700343962383,0
1138,0.09837292992342281,0,0.018576729189312,0,0.09774064673854506,0,0.0001750794945982256,0,1.2140441346377213,0
1139,0.2165051515372265,0,0.03089688561414051,0,0.35790856402575494,0,0.0015256460496889943,0,2.155018194326953,0
1140,0.30244935679827595,0,0.00752708375697031,0,0.6079757977973788,0,0.0017099243195538134,0,16.53260334622918,0
1141,0.048141002240436645,0,0.017022928063048795,0,0.21703862755984013,0,5.5667202993261876e-05,0,1.162193451139116,0
1142,0.044092308693623725,0,0.01357457633948644,0,0.2022749635202294,0,9.859029827621805e-05,0,2.3763668249996264,0
1143,0.11934791668423038,0,0.016444963754023337,0,0.1350356529297197,0,0.00024082209705380463,0,2.196232870654767,0
1144,0.06350517667219648,0,0.009557306882554895,0,0.10552525978726549,0,0.0001450251458240534,0,1.1035064343273069,0
1145,0.0,0,0.006357748235515646,0,0.07290878928934182,0,4.422595304945535e-06,0,0.3581197401825393,0
1146,0.36974792440956866,0,0.0023859290963326903,0,0.5170994161284838,0,0.0019658911711572372,0,21.972535761313335,0
1147,0.2600196257026894,0,0.006145327419896857,0,0.7138446560719869,0,0.00043088452256878553,0,7.134535793073016,0
1148,0.3239354261598009,0,0.01309039077231513,0,0.5555651021373285,0,0.0008066286982552572,0,12.402063950563205,0
1149,0.34682165977037493,0,0.01852344236542122,0,0.7256392281929496,0,0.001169914799775976,0,7.997149904880542,0
1150,0.3475228584165839,0,0.006844733721104215,0,0.8580666510524165,0,0.0016419806968246558,0,17.123811964380373,0
1151,0.07046210387187568,0,0.021656832321479014,0,0.35781435837569225,0,0.00011457292097441351,0,1.4919280529593588,0
1152,0.13840841517253546,0,0.003722874007630338,0,0.25721648306710754,0,0.000229176107371008,0,3.970121726104311,0
1153,0.01137622525241524,0,0.009383299551798428,0,0.019543803582252512,0,4.144299775197614e-06,0,0.16782768032276796,0
1154,0.006289525006177485,0,0.0057532672256959926,0,0.05517294107209305,0,0.0,0,0.29974891056647657,0
1155,0.18920194517612812,0,0.031224756355330577,0,0.4048405169491568,0,0.0009463720500577031,0,1.7429561479286644,0
1156,0.16205817592042554,0,0.013382346504784965,0,0.508885274410685,0,0.0005325797892215121,0,4.102806430163994,0
1157,0.08801773117408361,0,0.03608316099901748,0,0.2295403361356063,0,0.000385675513723797,0,1.233077015334213,0
1158,0.0312631139809066,0,0.008011346080898906,0,0.21675883947585478,0,4.552292427876455e-05,0,1.509027889912656,0
1159,0.14030810908405236,0,0.007140519874148546,0,0.3156922458734961,0,0.00019779980215957143,0,3.9678307363412273,0
1160,0.09143629650401316,0,0.03703861284895314,0,0.1588757849712377,0,0.0001247549992532125,0,1.4457766705220119,0
1161,0.07647403883538277,0,0.008905744165829772,0,0.3583782325148922,0,0.00010052791971129952,0,2.2599195169435515,0
1162,0.23125671852263655,0,0.008432985970369549,0,0.258584859006419,0,0.0005823527328013265,0,4.024147298137432,0
1163,0.09924472369642966,0,0.0033952020384225242,0,0.241701330704547,0,0.00016441356524392176,0,2.609405300235283,0
1164,0.06131482334298381,0,0.009239166376403223,0,0.037789049943020236,0,9.620335584216723e-05,0,0.6431150812491248,0
1165,0.20734129393865305,0,0.004299980072954009,0,0.534227599326961,0,0.0003224564649489404,0,5.577082136580176,0
1166,0.5676738933571809,0,0.09580239708486724,0,0.8883799955270476,0,0.00944569161970933,0,12.539919668279463,0
1167,0.45753875878327754,0,0.017446867907567814,0,0.8487500755789703,0,0.001035728761280058,0,16.22014438482139,0
1168,0.0290188602275628,0,0.013539905416856512,0,0.22926469472821343,0,6.235924209271925e-05,0,0.9964473088392148,0
1169,0.3084971819278138,0,0.004816842506982418,0,0.7314795286149542,0,0.0004945085777640919,0,8.492778316652302,0
1170,0.28442358142460106,0,0.02836049932265421,0,0.963939626325122,0,0.00041417505663173497,0,7.250981684128957,0
1171,0.15561351019779218,0,0.017257813032991093,0,0.40862645478197285,0,0.00022230622693868922,0,4.330177426300475,0
1172,0.027755634196915624,0,0.007067299733233021,0,0.06882636228719774,0,7.390085159893076e-05,0,0.16907608256729129,0
1173,0.042120046725582505,0,0.007191580967219145,0,0.20708488389100208,0,5.3334025609159644e-05,0,1.3536510595216429,0
1174,0.24011513923241629,0,0.010319745855376707,0,0.6977153085009393,0,0.0004079878302208675,0,6.389377060367633,0
1175,0.0913651477874928,0,0.009863373068879862,0,0.13887940132885546,0,0.00015793140398678786,0,1.7898894408576846,0
1176,0.2607765406666553,0,0.012222703965573236,0,0.5041233711314863,0,0.000654228332548446,0,10.711958449430725,0
1177,0.248414138841539,0,0.007736884405496758,0,0.2326008860129761,0,0.0006878643956825684,0,4.6053491408702145,0
1178,0.0958083947005739,0,0.019220517437114358,0,0.2530660625756304,0,0.00011647971965822759,0,1.5786642241026212,0
1179,0.08774522212362774,0,0.008401276240705602,0,0.3634653461107278,0,0.00022054929494963482,0,3.4308081010640317,0
1180,0.035096301187388934,0,0.010334001671574104,0,0.053971557925085525,0,5.4825966811669234e-05,0,0.4017311855776267,0
1181,0.06028228184847451,0,0.006877505170770549,0,0.15557495494854018,0,8.977757381891571e-05,0,1.5580980208774309,0
1182,0.14251888254697317,0,0.013081456052256808,0,0.28949691512608716,0,0.0003897317616138643,0,2.924988339439067,0
1183,0.06359744574719452,0,0.006115437577176691,0,0.1093767264369873,0,9.087569544603115e-05,0,1.7936325139689608,0
1184,0.18318291016237737,0,0.010881076788423616,0,0.5351485039688748,0,0.0006630191421752976,0,5.43036603506393,0
1185,0.11487804545968326,0,0.006407645595084064,0,0.11138140528004759,0,0.00014563442881516803,0,2.829978247202716,0
1186,0.07893547256148974,0,0.02833720696700628,0,0.13574505335028925,0,0.00011145059318631574,0,1.1977590581689541,0
1187,0.009500191583528954,0,0.009755638521707506,0,0.07024020368132419,0,1.4635196952160516e-05,0,0.4441747175220357,0
1188,0.10132825979703822,0,0.023196412752261385,0,0.23320418517359137,0,0.00032117300706002786,0,1.3043632026547578,0
1189,0.1339061342008449,0,0.0037585014567532746,0,0.27469499931611707,0,0.00023370403488644342,0,4.130012261881388,0
1190,0.08750960360345948,0,0.010715332109545677,0,0.10067004209911086,0,0.0001551905226914195,0,1.049823072226728,0
1191,0.12061829185058193,0,0.026350005710560814,0,0.2971374765276162,0,0.0005590305246134922,0,1.3370075295113775,0
1192,0.005072803677325567,0,0.012282757395441322,0,0.09214453754661353,0,1.411811893000755e-05,0,0.4006523853368874,0
1193,0.056044262970028805,0,0.008054799369958558,0,0.1056671862046328,0,0.00016401064965293133,0,0.9924309539647929,0
1194,0.3791494262655219,0,0.0013678932105273382,0,0.8098049480299057,0,0.002010943035692905,0,21.618670608672222,0
1195,0.11392689264497705,0,0.0018251117464563702,0,0.5002385860104386,0,0.00021870820056225248,0,2.9100919497313464,0
1196,0.06987713416057934,0,0.030491096770365763,0,0.2333861929454884,0,0.00012104942550427667,0,2.5769764281624523,0
1197,0.06291911589208028,0,0.009325776474027665,0,0.19860669151732285,0,0.00018123689812584617,0,1.6103549777655626,0
1198,0.22452384068142897,0,0.027341078395171213,0,0.3445947009466879,0,0.0009271909282707545,0,1.8729323155893067,0
1199,0.29720198171403234,0,0.06848276681689365,0,0.28856260923554317,0,0.0005926031414439404,0,5.3519220872121736,0
1200,0.0441464799372311,0,0.00567326259009899,0,0.17674184487541647,0,7.250780275245665e-05,0,0.9114543696935102,0
1201,0.04428542605390626,0,0.01950693387845755,0,0.37727365755153874,0,8.173742336258179e-05,0,1.858090814529558,0
1202,0.2536246968466471,0,0.0008523548297948947,0,0.5110322072469036,0,0.0004546046819410487,0,5.109405534463738,0
1203,0.05001901986363791,0,0.011317518515509873,0,0.29258914012108034,0,8.67511514385879e-05,0,2.157704338390069,0
1204,0.3491281021626544,0,0.002807272260744921,0,0.575599529625404,0,0.0018845903130679182,0,20.789101605140473,0
1205,0.2514859282088382,0,0.0023501994778348276,0,0.733224554090762,0,0.0005080420132894001,0,8.058050431559648,0
1206,0.34601882917655674,0,0.01279859031039969,0,0.8468146457257482,0,0.000598522177568404,0,10.199123671817638,0
1207,0.42969279560977647,0,0.01953627864883854,0,0.9866175077525166,0,0.0016251311593158428,0,11.459627261502451,0
1208,0.228906936536896,0,0.008799560363274915,0,0.5015483465380188,0,0.0006667664652273345,0,4.34818427513868,0
1209,0.35659181937352,0,0.012202583633842233,0,0.6921942431819789,0,0.0021297911846302857,0,20.30499080031652,0
1210,0.07087829864447122,0,0.017295351110351832,0,0.22261131303067005,0,8.360624610215731e-05,0,1.240305486189035,0
1211,0.07933632177631494,0,0.018076193921446337,0,0.3392360085114492,0,0.00011362153179884288,0,1.4636646456274265,0
1212,0.5785822822040725,0,0.1399403860407889,1,0.9984362961388173,0,0.021834196708238444,1,21.222246199877745,0
1213,0.6198428277416193,0,0.021368909977073993,0,0.8601701928209567,0,0.0011950294600936876,0,16.987252815969885,0
1214,0.2593268691918711,0,0.002209205150032703,0,0.6692121480261065,0,0.00046437345952401093,0,6.975873262426759,0
1215,0.02897006148884126,0,0.007167568280745176,0,0.1426798650857504,0,6.36110463076826e-05,0,0.5626963302160812,0
1216,0.22697815666914473,0,0.008433707265798746,0,0.48460432807171744,0,0.0003501484592241236,0,5.708461090257616,0
1217,0.1977121354175979,0,0.009697396268525805,0,0.686202473482399,0,0.000424347094402848,0,5.943781732829038,0
1218,0.05116526909574353,0,0.009254127559922313,0,0.22058921749745997,0,8.049897862873403e-05,0,1.2398295130641153,0
1219,0.11683681169933835,0,0.012516215423247604,0,0.2991571926878595,0,0.00016851014556149073,0,3.1969394672931677,0
1220,0.04293219054455043,0,0.005318355471390135,0,0.11497904257292357,0,0.00011564835441575957,0,0.5710120927046807,0
1221,0.28377964454582666,0,0.02140422253115275,0,0.9085636471293924,0,0.0005193257966267305,0,8.793713160829801,0
1222,0.4049727742058604,0,0.005673213221830893,0,0.4811840017544798,0,0.00251017264639957,0,27.14116411582443,0
1223,0.1360357655021248,0,0.024892888629401973,0,0.5476952945887903,0,0.00024499434562171214,0,2.91954641378428,0
1224,0.06860564374513026,0,0.016390065153968056,0,0.13737732439431094,0,7.331239750833645e-05,0,1.0628549405361718,0
1225,0.15573043130451386,0,0.008905428843479212,0,0.20844400756904774,0,0.0002448960792912586,0,4.138674298847144,0
1226,0.08932592018479106,0,0.008330270418978063,0,0.1834128046889796,0,0.000140802270692172,0,1.4285126053115333,0
1227,0.22399013334914525,0,0.011564522315846624,0,0.35277862841752355,0,0.000379978354891351,0,4.25581509544674,0
1228,0.05932028758700295,0,0.007044998354117224,0,0.14893072913380043,0,9.552513688399202e-05,0,1.5804711022533022,0
1229,0.18642421988165844,0,0.017078370108382715,0,0.5991926660168468,0,0.0005854804370385546,0,5.977107502025119,0
1230,0.23272405103668609,0,0.0557289606841725,0,0.37945716715521566,0,0.000620242966880129,0,4.9264019299779225,0
1231,0.08134885748464922,0,0.011706797237064167,0,0.21691111996094048,0,0.0001164858903712762,0,1.3200454692923291,0
1232,0.1458662811076443,0,0.011835715424617104,0,0.326448141550124,0,0.00038005594074188106,0,2.682851228334852,0
1233,0.04578264014516673,0,0.006696099804172968,0,0.1163127550968592,0,0.00016317306853778045,0,0.9987792768844782,0
1234,0.09381171910091368,0,0.04143018089646139,0,0.26514856196793296,0,0.00015888143101496592,0,2.539821132258857,0
1235,0.0555086135511952,0,0.010675264245364462,0,0.26054591508824104,0,0.00014108023258155425,0,1.2456682915230624,0
1236,0.35111930235512767,0,0.009803356636912583,0,0.6840439053903417,0,0.002092817285962773,0,20.23497223506954,0
1237,0.11484470912849197,0,0.0281438711727947,0,0.2313964767155837,0,0.00038816485565194115,0,1.2656654055336947,0
1238,0.030561447257205276,0,0.010565784227467952,0,0.03419800981206829,0,1.359509724181541e-05,0,0.3096012929450966,0
1239,0.04582986014911239,0,0.020391290797789424,0,0.09178594337034576,0,4.974512534977659e-05,0,0.5395167388448685,0
1240,0.038396879433011136,0,0.01768655439437553,0,0.34936379303346166,0,8.777200755858998e-05,0,2.037812856175406,0
1241,0.19745096981783866,0,0.012890067046613314,0,0.39106057114835735,0,0.00047066267853840916,0,3.870142312223245,0
1242,0.2554334280302887,0,0.003183347992043853,0,0.7524239815004148,0,0.0004865425540424301,0,7.866887659938587,0
1243,0.20893581166918146,0,0.008138591635050556,0,0.29696812374997245,0,0.0005388124712128219,0,3.8331702293564947,0
1244,0.034501265633053876,0,0.013555188220424405,0,0.3027048415726595,0,8.085184630603829e-05,0,2.2002192767581805,0
1245,0.10106827510955133,0,0.0029540494262718037,0,0.3352487045092796,0,0.0001664570450547181,0,2.5959569157414126,0
1246,0.14072584254161294,0,0.007612941683113712,0,0.38284809851157764,0,0.00029549900074918046,0,5.307236310896264,0
1247,0.20485795401178367,0,0.03182098782862912,0,0.29169715807858476,0,0.000701100275814614,0,1.8123098442230208,0
1248,0.07472509123142983,0,0.003316350369059451,0,0.21127204543828124,0,7.291869749548067e-05,0,1.8192923073807177,0
1249,0.037592184275414296,0,0.010111115000088104,0,0.018714654642855832,0,4.924237600912102e-05,0,0.3140115862884725,0
1250,0.05589032554344737,0,0.013145661713495828,0,0.05051685553069309,0,0.00014690865864982013,0,0.7597362512034959,0
1251,0.35834715813293894,0,0.0014935609108087022,0,0.7460445145104424,0,0.0019818364748035756,0,21.360246603661043,0
1252,0.10820196368719759,0,0.026002507570977725,0,0.3200233421009123,0,0.0004265708860835918,0,1.580906665350708,0
1253,0.005736170072499051,0,0.009722944812029295,0,0.09674516600591677,0,1.3492347626037697e-05,0,0.4561998295486747,0
1254,0.011192387168343981,0,0.002323681998002129,0,0.08292707455269092,0,4.0755361355637975e-06,0,0.40870258057902753,0
1255,0.4293761445562103,0,0.022668915816295054,0,0.880061496582198,0,0.0016027804537428237,0,10.211247708552614,0
1256,0.2851009995188804,0,0.011196660379804116,0,0.5731776562495896,0,0.0007352998709147176,0,11.450409245294122,0
1257,0.23292621290021454,0,0.0023431132740533477,0,0.5901600875528238,0,0.00043660371961919207,0,6.397860090050454,0
1258,0.05322434039966121,0,0.018922094747793168,0,0.13650332924030978,0,8.337772780330056e-05,0,1.021725508983155,0
1259,0.5332462043198399,0,0.015323430954730426,0,0.6701372688876356,0,0.0010150398856165344,0,13.828326133283593,0
1260,0.6024595558149404,0,0.16118493830126523,1,0.932841198346262,0,0.027440673306246666,1,26.856821024869834,0
1261,0.27989579769250056,0,0.0025606742317116657,0,0.6770490126271804,0,0.0005204996920890089,0,7.374723255015786,0
1262,0.02298391736436269,0,0.006796715881218667,0,0.11493580692486954,0,5.541566267567094e-05,0,0.44284540698492786,0
1263,0.2578188113755765,0,0.011631872043237172,0,0.49433597486515046,0,0.00037394421799673896,0,5.826282970458417,0
1264,0.11002871252110859,0,0.011541287940372237,0,0.27201862720714526,0,0.0001609118214278863,0,3.012938521131651,0
1265,0.21468190392893008,0,0.010564209467210654,0,0.6752707575065225,0,0.00046702939444440877,0,6.801913243400998,0
1266,0.06609175225294976,0,0.008317673179934622,0,0.22024629773411467,0,9.187815074532827e-05,0,1.3472365577230532,0
1267,0.06748965245543571,0,0.007391650830680552,0,0.15143142416286043,0,0.00017641783743867415,0,0.6841549231320759,0
1268,0.2928288932753961,0,0.016442206447888488,0,0.917768632058421,0,0.0005417825596576072,0,9.13708417620975,0
1269,0.09752658685155574,0,0.006899457675266438,0,0.14761404720239799,0,0.0001633890313123759,0,0.8513270417770313,0
1270,0.18300757824743477,0,0.008725848444963937,0,0.37481104705089485,0,0.0004971530380538959,0,3.6664591134360007,0
1271,0.170594128431593,0,0.008770621490193971,0,0.47727727003219445,0,0.00030885152929722065,0,5.0453257596670795,0
1272,0.09123568392838909,0,0.02335413252064536,0,0.149133866130684,0,0.00011673553081182796,0,1.190024107629453,0
1273,0.2766155151419813,0,0.009498077902069598,0,0.26176506846509123,0,0.0007724879322782937,0,4.685767244954871,0
1274,0.1857824823121655,0,0.008881884761118139,0,0.3762548766841044,0,0.0004577498034042955,0,2.6966080711692753,0
1275,0.05386551238406668,0,0.007086691963880832,0,0.14759512299102961,0,6.570514868899892e-05,0,1.32897630913904,0
1276,0.11557146247647,0,0.017005904364560228,0,0.26368742528058586,0,0.0001968916628337921,0,3.0701441377051073,0
1277,0.12687679852493888,0,0.02254141574191702,0,0.3417519147552042,0,0.0002889247432175041,0,2.1871247007083157,0
1278,0.03911817074076998,0,0.008861209430865675,0,0.09373297044782594,0,5.9653805850345234e-05,0,0.7658849104937259,0
1279,0.22690399590472898,0,0.001774642165869233,0,0.5255835992127065,0,0.00046382565738844854,0,6.622332919341093,0
1280,0.1411128367483796,0,0.02757031198506917,0,0.5359502997798663,0,0.00024676768644862543,0,2.5709479767105448,0
1281,0.44734120212226774,0,0.019255824281710434,0,0.9853519135547397,0,0.0017919785767127319,0,12.69839020467896,0
1282,0.1982637137620441,0,0.037445779569427136,0,0.253124244671639,0,0.0008751860890999777,0,1.6998061016592185,0
1283,0.20297406872405485,0,0.023694232307777504,0,0.29058972743774064,0,0.0003279855323124226,0,3.841527552384009,0
1284,0.2403895840117891,0,0.0379668690890401,0,0.39215545910551264,0,0.0015240687260403897,0,2.261329539539372,0
1285,0.020162644458458286,0,0.006432435963317598,0,0.027816835876126697,0,1.2214938747546259e-05,0,0.3239671960578657,0
1286,0.226977491867431,0,0.0333309157456122,0,0.4774286225798952,0,0.0013208804571723134,0,1.9769356900790065,0
1287,0.10685957552505934,0,0.0031860913775479966,0,0.26271694748636265,0,0.0001696482339483716,0,2.6165116288040338,0
1288,0.4652806767594593,0,0.010781929970994236,0,0.7361520979733158,0,0.002594314210221797,0,25.58414972717002,0
1289,0.15242838847353726,0,0.0065351890019741425,0,0.3344049787663474,0,0.0002565467663365165,0,4.909944060157455,0
1290,0.035382496252207525,0,0.007978107547333798,0,0.07401377892895165,0,9.859851962361012e-05,0,0.3866992840170135,0
1291,0.05117229639452142,0,0.0057311205202514965,0,0.13658987815848936,0,5.997447420980014e-05,0,0.9899073442489629,0
1292,0.12340251526733288,0,0.014236417877570967,0,0.23098566556977174,0,0.0001403254656962783,0,1.835299763807043,0
1293,0.27354840395563595,0,0.017855631404821527,0,0.7724234395321176,0,0.000606825218586945,0,11.319129385711603,0
1294,0.2507871156998207,0,0.005941178123743439,0,0.6271574986050654,0,0.0005190853940793366,0,9.157747504359865,0
1295,0.10246602718192523,0,0.015941600999823103,0,0.2118027991418056,0,0.00013649240691077108,0,2.845268585637072,0
1296,0.21776740268148867,0,0.010443252330395402,0,0.5874255925284494,0,0.0004933056167314652,0,7.049888140125743,0
1297,0.08070701652363198,0,0.009499518575317858,0,0.12540051270902816,0,0.00012600501853547152,0,1.969289753071435,0
1298,0.29327596623719693,0,0.05839246765685079,0,0.5149087859020459,0,0.0008526570771323525,0,7.2701103570091705,0
1299,0.06125628205949392,0,0.014855528330612223,0,0.22780048438229283,0,0.00010970712740843456,0,1.2565075838440873,0
1300,0.06076562261178701,0,0.0068496476204963,0,0.14185858239217733,0,0.00018141093720024047,0,1.095882346673931,0
1301,0.07388232324521472,0,0.004589643116094444,0,0.14575136095437316,0,7.660796738955124e-05,0,1.8965697930762668,0
1302,0.049426898986144586,0,0.023659579132314593,0,0.2436723518909286,0,6.998418508508207e-05,0,1.5909770474058562,0
1303,0.06408266834082686,0,0.005426958591402456,0,0.13091227622491172,0,9.241499292907322e-05,0,1.9232437400347258,0
1304,0.39379880898541875,0,0.0022264396081301176,0,0.717651786118859,0,0.002175339554363077,0,24.09398159558281,0
1305,0.031405534069599346,0,0.013375248688580763,0,0.04298019643551966,0,2.6689491692135173e-05,0,0.35297612772802334,0
1306,0.18061488766259295,0,0.01589923105327508,0,0.48541164435917883,0,0.0006965482837534685,0,7.354573618251827,0
1307,0.5486932846288373,0,0.01362444691131955,0,0.6954703231370691,0,0.003953895856347761,0,42.37386730824298,0
1308,0.06054623437238077,0,0.00615064087579874,0,0.2820566727374831,0,8.634028681005999e-05,0,1.7477210682125386,0
1309,0.417696245712318,0,0.06708504030867804,0,0.6025992375584731,0,0.003610998133776846,0,7.589222574078313,0
1310,0.5470114947823723,0,0.017173867725418897,0,0.6789898018090601,0,0.0010064661957251745,0,13.69159398826813,0
1311,0.2586254071990334,0,0.01042561602647119,0,0.5256891537857421,0,0.00040408817584674806,0,6.514121740619719,0
1312,0.278165306780204,0,0.002483728223851382,0,0.6679436552727916,0,0.0004910589615992727,0,6.948780858199053,0
1313,0.042090159111398115,0,0.008871567367437602,0,0.22068652657592278,0,7.593945538227245e-05,0,1.2358222775562617,0
1314,0.3503696273270883,0,0.018295298890102882,0,0.8114419912392501,0,0.000804699292255171,0,11.582246360513937,0
1315,0.13400287269256708,0,0.008261458410499623,0,0.35298663999011515,0,0.00020183948207584622,0,3.6641021937430827,0
1316,0.32922527308105043,0,0.02087296143091732,0,0.9912865999235306,0,0.0005521675808575742,0,9.486279244364276,0
1317,0.04288479178444241,0,0.009465510222820123,0,0.12228829188442743,0,0.00017553892849466512,0,0.4265781887737206,0
1318,0.17648537886500223,0,0.01917614491942062,0,0.2582789615100518,0,0.0003410047664746703,0,2.700321019601682,0
1319,0.06809639257684341,0,0.02319161154011735,0,0.28795114812666894,0,0.00010487530205852185,0,1.6269136315477912,0
1320,0.3308353164563079,0,0.01238152816905678,0,0.3486413396012474,0,0.0009796005560061636,0,6.794828338373511,0
1321,0.03752075025085193,0,0.007872624577808398,0,0.16667251066428435,0,0.00012304843802474666,0,0.9714883670514338,0
1322,0.18763368885109302,0,0.00835075257063444,0,0.4498468535607111,0,0.0004526401807071632,0,2.226539735571104,0
1323,0.030067069325759366,0,0.013555308359161907,0,0.11890415140302098,0,0.00013320654194966147,0,0.5417324505950258,0
1324,0.09410844153782602,0,0.008753291433081355,0,0.11441718240259131,0,0.0001379819487680038,0,2.4336887876007944,0
1325,0.11290289243764884,0,0.009660613279194964,0,0.04655619195729828,0,0.0001507762739610726,0,2.147066112687109,0
1326,0.02856214438459525,0,0.009094008316441459,0,0.039032690341913666,0,3.761116071754207e-05,0,0.3867804708673243,0
1327,0.33773192099585075,0,0.020612320956296053,0,0.6140598154225154,0,0.001389164383025059,0,7.070915580086253,0
1328,0.11877766785454488,0,0.022645271899711543,0,0.29437187036659385,0,0.0002017349324815954,0,2.849034773332354,0
1329,0.19893080882397635,0,0.030822514058137962,0,0.43988736721511235,0,0.0012489653276499496,0,1.8270184462525791,0
1330,0.19625084740519264,0,0.014929923527824884,0,0.4937708992136935,0,0.000770554201882737,0,7.575293070115703,0
1331,0.10617285137892271,0,0.016723699315216656,0,0.14206651904986398,0,0.000124488250403053,0,1.8042231408154854,0
1332,0.12106030858795325,0,0.013187499791164752,0,0.2452033462237242,0,0.00031478623489659117,0,2.196765350156901,0
1333,0.0907835715250046,0,0.008672582978918283,0,0.12257723464646904,0,0.00012944058213065836,0,2.4440179360674983,0
1334,0.033011964784852195,0,0.008481321140695709,0,0.031178363392965723,0,2.1666500199674356e-05,0,0.4449961958181302,0
1335,0.2273878686734938,0,0.018929798745514703,0,0.6418781028105829,0,0.0003942695254164068,0,7.188979399731862,0
1336,0.45913938689472955,0,0.010423168471049956,0,0.7702707966354144,0,0.0025782137687766988,0,25.115664193727515,0
1337,0.09092614836614263,0,0.0038178349584468327,0,0.22844896993299174,0,0.00015068495722225962,0,2.3867908466676733,0
1338,0.21952457850872525,0,0.011250444974717102,0,0.41330808472628155,0,0.0003152226116135251,0,4.046081425385725,0
1339,0.05915336102416679,0,0.008564649528648523,0,0.2439412191182703,0,8.191198650155718e-05,0,2.0085785740100017,0
1340,0.008260719316139664,0,0.0054005198106355035,0,0.05239370269695404,0,1.3952597346937906e-05,0,0.20997632502115846,0
1341,0.09977627846881952,0,0.025703997871018316,0,0.517162022123936,0,0.00019750931500328646,0,2.3904538033577123,0
1342,0.20071735224992956,0,0.05548438677946997,0,0.2837180035925904,0,0.0010069991420360977,0,1.6629392535183523,0
1343,0.026670657498101057,0,0.005098965502509308,0,0.1689603147505066,0,4.675424765417066e-05,0,1.404432756920463,0
1344,0.03451498474441982,0,0.011505550906814247,0,0.2743475840777479,0,5.511728619472664e-05,0,1.253504993925451,0
1345,0.23766027354511832,0,0.007732190748287469,0,0.6662559689287649,0,0.00045753097870665884,0,8.189426161586344,0
1346,0.26102786891394647,0,0.002400312278022534,0,0.6161696809115558,0,0.0005369981024495586,0,7.932943082387704,0
1347,0.3977345580360808,0,0.003361536122367681,0,0.4417231699948648,0,0.002300078509716277,0,22.6525223346177,0
1348,0.15645426852100497,0,0.006869714377545918,0,0.1799344955084427,0,0.00020974057748274894,0,3.721339952868985,0
1349,0.03984019299625227,0,0.004829217609070686,0,0.11009595377893386,0,9.512873535498722e-05,0,0.6041841871358334,0
1350,0.08948468554694641,0,0.014951771913403921,0,0.1420078963186445,0,0.00018668515680231502,0,1.2582277928010102,0
1351,0.4082144802351018,0,0.041218832526150675,0,0.5111046448288175,0,0.0010948870798017567,0,9.960322174932697,0
1352,0.3549006009757411,0,0.001644566663916486,0,0.7415403471390268,0,0.0018127716001761552,0,19.46400427364306,0
1353,0.10286146095679612,0,0.005691219667317787,0,0.09397149787602407,0,0.00010704778135027279,0,2.374178238241446,0
1354,0.22428822488249,0,0.03653334123632655,0,0.4001012785786187,0,0.0011386070172852295,0,2.0445742209316693,0
1355,0.1173974583983938,0,0.005892385286399664,0,0.3876045579156257,0,0.0001975507153125215,0,3.705890085607158,0
1356,0.6759806884567999,0,0.03028898668937758,0,1.0,1,0.0016427318799387813,0,21.270680785571063,0
1357,0.41903071897013805,0,0.06742636984745339,0,0.5850728063863855,0,0.0031766182841177883,0,7.651508897935922,0
1358,0.28198132011393284,0,0.009106685321075727,0,0.5490956059305218,0,0.0004304254395530223,0,6.428952445193929,0
1359,0.22865666299820958,0,0.002461386761590934,0,0.5730911530713221,0,0.00039675472102544045,0,5.45042312351094,0
1360,0.021473703539469213,0,0.00637765456292193,0,0.09970129238521926,0,3.700316319681318e-05,0,0.4562747155119459,0
1361,0.35541221747934326,0,0.021231398148244658,0,0.9483941810230999,0,0.0006967831360910836,0,11.61762535475032,0
1362,0.12615637983287115,0,0.021017568839694818,0,0.5124308974007136,0,0.00019748840775609322,0,2.14227149844062,0
1363,0.4385734753810078,0,0.014320115296085139,0,0.8231941715542115,0,0.0011925782770790042,0,15.597974582414272,0
1364,0.18756581747391804,0,0.0024938918617580775,0,0.4758268455054473,0,0.00039480591624192085,0,6.0763119870195546,0
1365,0.11527273284037542,0,0.008468573493828343,0,0.2922968834681253,0,0.0004295353736131555,0,0.8987844965771099,0
1366,0.4623392678492407,0,0.01075462741561959,0,0.935558901179584,0,0.0018362357941294639,0,14.160554090711866,0
1367,0.09125371895304711,0,0.01315527948544672,0,0.2795322850406764,0,0.00019565774207068942,0,1.4152030957126,0
1368,0.09345918973369914,0,0.0028910181564585436,0,0.2520249768680783,0,0.00018262950008204637,0,0.9778213580438837,0
1369,0.16947991922361583,0,0.022330734237912854,0,0.4675424023188148,0,0.000924142901813665,0,2.120379180968535,0
1370,0.5134725131041282,0,0.006369603874788496,0,0.8158929258925341,0,0.0033239824904643753,0,30.668193076847537,0
1371,0.08666221708587858,0,0.00464608318219022,0,0.15041748764726126,0,0.00014385887156476534,0,0.6225428393778517,0
1372,0.10808329112443296,0,0.006894820718263464,0,0.05828282365699884,0,0.00017103586805321957,0,2.556278172705851,0
1373,0.43991087303160076,0,0.02219906104496126,0,0.4582353188974563,0,0.0011404350770933516,0,9.939849641737277,0
1374,0.5286331366398596,0,0.011706429886698073,0,0.96926560520067,0,0.003283525638349972,0,31.208241527883224,0
1375,0.3788456622742832,0,0.009557647516900079,0,0.5240603745759633,0,0.0008691457784273609,0,11.240287760510336,0
1376,0.35890451504447857,0,0.03916371893887397,0,0.3379885143828634,0,0.0007746739372159231,0,7.852585158510683,0
1377,0.11980336244769528,0,0.0073423888645118155,0,0.09972982911001554,0,0.00025899649025557274,0,2.8099557923756566,0
1378,0.37545098458780296,0,0.031115964512405645,0,0.35996769920140753,0,0.0007058825876116705,0,9.293137394370456,0
1379,0.3007895038134945,0,0.008983074424792984,0,0.6163580536764767,0,0.0007712189775632873,0,5.547735785456029,0
1380,0.2794062437253653,0,0.019104744016741552,0,0.2897091534436825,0,0.00048100629063097027,0,7.021298895620798,0
1381,0.12190461971253656,0,0.005098831643260268,0,0.26002161541221336,0,0.00023434435974427215,0,1.2751955920481024,0
1382,0.37625347385233165,0,0.02221167735805715,0,0.6185522120004983,0,0.0014281302312419216,0,13.21919099566341,0
1383,0.14429335966931447,0,0.012894008368459378,0,0.5095452436667196,0,0.00028485667213262863,0,2.359992949667803,0
1384,0.09344638271612131,0,0.014044596772991727,0,0.24634320979485022,0,0.0001456959564888606,0,1.6660173813068369,0
1385,0.11460307757439295,0,0.00891639307306696,0,0.12275787752177057,0,0.00016380757588003861,0,2.3028003546570286,0
1386,0.36799371218474614,0,0.005645449937320869,0,0.9981735295430945,0,0.0018295178798777658,0,20.523211439016475,0
1387,0.13136207322169058,0,0.015224601081799929,0,0.23655281417809979,0,0.00038712711609796194,0,1.9468995213399467,0
1388,0.42656384603644987,0,0.047277037431408986,0,0.6704010923504365,0,0.0009070085820629554,0,12.728026833059397,0
1389,0.07329711494779309,0,0.01254010492032733,0,0.14071562685190372,0,0.0002075815948547758,0,0.6170289647909019,0
1390,0.252759187058343,0,0.03948628488721642,0,0.1700085532122515,0,0.000439055424607152,0,5.975792868857529,0
1391,0.047963211003108235,0,0.013680811406343191,0,0.05098423103537482,0,6.783406704821239e-05,0,0.8557586315712389,0
1392,0.1840202956675986,0,0.008956063810380928,0,0.41452782223094,0,0.0002899208031980472,0,4.398971558124636,0
1393,0.1428747201404126,0,0.02600974333232026,0,0.5629882829725146,0,0.00025098451961928607,0,2.7937837375125856,0
1394,0.09294472320740166,0,0.002766209246864636,0,0.32377394583672314,0,0.000161906160451093,0,2.535728132458968,0
1395,0.6118455745830181,0,0.01349267401936686,0,0.7397053292054059,0,0.0016843792809851717,0,16.57180147072777,0
1396,0.038301284057710425,0,0.007640962949321875,0,0.1651105881125239,0,4.8532781449817353e-05,0,1.1503597474645475,0
1397,0.17411327985834932,0,0.011933893031985368,0,0.4920982009119317,0,0.0003589881344271901,0,3.132453946088825,0
1398,0.061241275468632846,0,0.01071746164352738,0,0.25865703061630524,0,0.00014163046264388532,0,2.16081390764592,0
1399,0.05290207899664679,0,0.008610434734610017,0,0.1500525454821633,0,9.205970456853965e-05,0,0.9843795048154098,0
1400,0.11359455956889417,0,0.025202648843409052,0,0.10796346254362564,0,0.00019614310032075452,0,2.8071403174195355,0
1401,0.15979278742818753,0,0.028755240714765453,0,0.32637940198175314,0,0.000765711991032725,0,2.343663152028876,0
1402,0.07595385312096627,0,0.03736769662289986,0,0.17983281505521426,0,6.851148778420088e-05,0,1.4292796192969124,0
1403,0.29798655469415186,0,0.018509374097061316,0,0.5625872078046179,0,0.0005520980069715493,0,7.910911510265026,0
1404,0.43220155690586176,0,0.012339717623201891,0,0.44745151939041933,0,0.0007675556846268584,0,10.868508160418864,0
1405,0.035952616517429155,0,0.011717545295756094,0,0.21997978446998798,0,5.759260986730868e-05,0,1.0740943927610949,0
1406,0.354853523511791,0,0.005012952301043662,0,0.6551721730959571,0,0.0006804434004307758,0,10.472110612318868,0
1407,0.6940231242076038,0,0.5447696830264387,1,0.9990025051363827,0,0.2517718309990451,1,196.13768516831738,1
1408,0.1141091962484168,0,0.020081723740850987,0,0.22183293267113896,0,0.000527420887221166,0,0.6152818462218612,0
1409,0.5996536414253776,0,0.015340605377722936,0,0.9979408100372733,0,0.0025334014527284717,0,35.286402784934246,0
1410,0.22090995309016725,0,0.0026899210556610236,0,0.4632580048340269,0,0.0005504064586079877,0,7.468485724725477,0
1411,0.17633152610560102,0,0.00897629196176929,0,0.5572904830332699,0,0.00032935700199500855,0,2.360779514144484,0
1412,0.4314067372994966,0,0.023196688637959935,0,0.7553832617167026,0,0.0009797663503746117,0,14.60979092184102,0
1413,0.24412421231940015,0,0.007613796024161116,0,0.7744164760134726,0,0.0005819305423474061,0,4.999864196236364,0
1414,0.6358879896884708,0,0.008300853899174144,0,0.8112765187679882,0,0.004332485536210796,0,36.49376251811893,0
1415,0.3595751743183778,0,0.008764458926146006,0,0.6656566357687688,0,0.000902516691614219,0,6.709975259505019,0
1416,0.28077211728910717,0,0.01926318916093437,0,0.2947420547008164,0,0.0004563232938590876,0,6.922911522798133,0
1417,0.19645293602547548,0,0.010729339186796347,0,0.6083717108379607,0,0.0007253157280607651,0,2.8775939586106105,0
1418,0.11314134488628758,0,0.004240997950899758,0,0.3596829639873772,0,0.000255006237994139,0,2.112943869247756,0
1419,0.15382472306161818,0,0.007781991994104895,0,0.20525840761246436,0,0.000271767710130824,0,2.904148462369906,0
1420,0.5624994967570112,0,0.010851796616766027,0,0.9065158874134647,0,0.0035823292635010105,0,34.247133036576855,0
1421,0.17644509323347718,0,0.015601842203680476,0,0.23312875265176355,0,0.00032960165648649,0,3.9383757847521594,0
1422,0.49263393600709876,0,0.018627964475188077,0,0.5637572839490362,0,0.0017394507825595393,0,16.150603714835782,0
1423,0.39486022973316764,0,0.016262206678279555,0,0.5321303315921607,0,0.0006887842088770213,0,10.674888380993128,0
1424,0.1170480606029656,0,0.00580264176763368,0,0.28172359115245293,0,0.0002631429945701428,0,1.2992898766519834,0
1425,0.09706119324454704,0,0.005827442583569648,0,0.23349387436901597,0,0.00030731065088435497,0,1.1396223430286443,0
1426,0.08879095348387485,0,0.0036458339503568343,0,0.24638854319123818,0,0.00018900144583240434,0,1.0308916636160144,0
1427,0.28346071804826434,0,0.018347430279042426,0,0.3558902138536171,0,0.0004822191816096088,0,7.509875651525192,0
1428,0.13991421260448278,0,0.006549569084457924,0,0.3184839249387743,0,0.00048318840770157195,0,1.865008360195543,0
1429,0.2684054191157645,0,0.02936405725042129,0,0.2772526030698411,0,0.00046892801182983444,0,6.300298389561147,0
1430,0.20559317725325937,0,0.008087084092484457,0,0.4399853488328635,0,0.0005255137844496813,0,2.8884816457869253,0
1431,0.17895203494317302,0,0.009313335527253656,0,0.4429457115205045,0,0.00033596287070686114,0,5.252814942547708,0
1432,0.5329437765064776,0,0.00682498489582612,0,0.6541586624945521,0,0.0013987653789467795,0,21.489901957331906,0
1433,0.11328650702191397,0,0.00572076281826991,0,0.1969135602619051,0,0.0002108986492439233,0,1.948836362269995,0
1434,0.2916749775859999,0,0.012283011969529103,0,0.8190212691169909,0,0.0005859700406885655,0,6.491390968697635,0
1435,0.1962815388738446,0,0.03595920096661451,0,0.39777205625283846,0,0.00039340580495908923,0,4.273016865717705,0
1436,0.171712015803742,0,0.016252379232618002,0,0.4391137780666455,0,0.0007935620576863981,0,2.5199662666541522,0
1437,0.47471411153974896,0,0.02054755425087048,0,0.4801171934052494,0,0.0012787752123790672,0,10.198144996890571,0
1438,0.11905220393676,0,0.010294782752419818,0,0.26070073736656635,0,0.0002407376362973544,0,1.1969065320303247,0
1439,0.19749318204781507,0,0.008673384789406647,0,0.11807596159159287,0,0.00043400867335285773,0,5.024491424583317,0
1440,0.15283281050342398,0,0.004361625604010225,0,0.11651161649322755,0,0.00024561103984972537,0,2.7907063181950944,0
1441,0.5230597703149059,0,0.011258430982823161,0,0.8168456874572607,0,0.002087323637145128,0,11.017063560748625,0
1442,0.12577187005618942,0,0.0036367400131419305,0,0.3156841520408382,0,0.0002849571162318137,0,1.737230673175398,0
1443,0.1663688408596819,0,0.005335363254625854,0,0.11707148598202326,0,0.0003225978012538088,0,3.853501700572989,0
1444,0.17901177447246722,0,0.009385190746788659,0,0.45561186744201176,0,0.00040412880111612056,0,2.524196865551679,0
1445,0.4216654553497854,0,0.016295248052117593,0,0.5919295750658483,0,0.0020096256229429187,0,19.165385265923476,0
1446,0.1113757874645257,0,0.0068748388201168775,0,0.06791823849151368,0,0.00021326283021470214,0,2.2929638705465387,0
1447,0.48369497493511165,0,0.008842311145756844,0,0.9989470205970856,0,0.0026378386856811685,0,28.88288280282972,0
1448,0.15649770414758127,0,0.0044925543659764654,0,0.3118160448011863,0,0.0003835408200482584,0,3.079712373230052,0
1449,0.12015685765478086,0,0.002861360856809118,0,0.3087516501105663,0,0.0003014942712208313,0,2.185579840488224,0
1450,0.09954242192896064,0,0.0068367004087226055,0,0.21310394269021973,0,0.00014465988138564982,0,1.198567042530938,0
1451,0.6093228377995045,0,0.08075742915829219,0,0.6984439726746778,0,0.018591450387873392,1,21.499242943790655,0
1452,0.29804274699310673,0,0.02880716543808956,0,0.6326005666292651,0,0.0005910528847449582,0,8.313865954101464,0
1453,0.36307032015012936,0,0.010213995005880251,0,0.5891959917753373,0,0.0009001767467928459,0,10.963453047813925,0
1454,0.4671649793863656,0,0.021119267465556497,0,0.7571834977488142,0,0.0009003385393441766,0,9.008776371006658,0
1455,0.5676416206522275,0,0.007394368669247215,0,0.8261147374350859,0,0.002087042921219468,0,27.692360685970733,0
1456,0.4804979042730599,0,0.018578354983379276,0,0.7793849727613784,0,0.0012010340038006737,0,18.1948198980749,0
1457,0.2514373501217353,0,0.01450647334133188,0,0.5456886460371793,0,0.0009699103065611333,0,1.9321566221314328,0
1458,0.18897267323798525,0,0.002119751291773044,0,0.42377833244598195,0,0.0005278921195606583,0,6.676948782610968,0
1459,0.19939840596301237,0,0.010636990538799436,0,0.5951589160894857,0,0.00037681719220260533,0,2.5227365823501953,0
1460,0.19066173338118358,0,0.008380586207634978,0,0.5189305963364458,0,0.0006895813972979438,0,2.2950752413367144,0
1461,0.14563659139978563,0,0.006068109986767998,0,0.24504317769690998,0,0.00029660598577751037,0,2.773069470274198,0
1462,0.10340842608897655,0,0.004775407665932694,0,0.17006987054119616,0,0.00021695534928276017,0,1.5665026989441615,0
1463,0.11158881096931958,0,0.004160818556111714,0,0.2650701263288513,0,0.00024810223252343713,0,1.2100046546347167,0
1464,0.19724768111407512,0,0.009441265093156488,0,0.2745045493655292,0,0.00036032358444376553,0,3.582174226136398,0
1465,0.16027000886628037,0,0.003454094510535881,0,0.1074534132101469,0,0.0002713073758919482,0,3.0617297334193987,0
1466,0.4808019763298711,0,0.08581076941911848,0,0.9929364748665455,0,0.0009381892522213904,0,11.413763910955574,0
1467,0.17414810955238552,0,0.007909520408849069,0,0.14958499818191492,0,0.0003319102927371113,0,4.65785857447469,0
1468,0.6538403278518176,0,0.009605260450155183,0,0.7428121201315065,0,0.004151154697210909,0,40.407313758757375,0
1469,0.14442489374997752,0,0.007853204835456084,0,0.35096495703490227,0,0.0002884051592470164,0,2.276791841685178,0
1470,0.46620115725373296,0,0.01285061902243418,0,0.45651209429906453,0,0.0022680296481100972,0,24.01352615341733,0
1471,0.1741916550953571,0,0.01090414041969437,0,0.11010516405204283,0,0.0003829592898256215,0,4.539623402360016,0
1472,0.5893977082117997,0,0.07836262667141185,0,0.9990149675908436,0,0.0013372436728383687,0,17.007276862764737,0
1473,0.7563380212201039,1,0.00957792701131964,0,0.4964413106133619,0,0.007179458384876161,0,67.08631988604398,1
1474,0.44480447079613816,0,0.010593621985441599,0,0.57869223639291,0,0.0014001751849453796,0,17.2063821080923,0
1475,0.11012559104011438,0,0.011407376667274196,0,0.40034824993141316,0,0.000265573461151026,0,2.290698025237842,0
1476,0.1581991092683418,0,0.01330093593756151,0,0.391390241929512,0,0.0006372004536514103,0,1.9661704137135931,0
1477,0.0827421630733535,0,0.004687720711626464,0,0.22290190283392572,0,0.00014475297729007468,0,1.0374951725866428,0
1478,0.48982104599283804,0,0.010555004978112296,0,0.7320434458050284,0,0.0032079584581169085,0,36.056075304601734,0
1479,0.12119043496894565,0,0.004887144253326176,0,0.22986558715618763,0,0.00022084935919366205,0,1.2156261084762163,0
1480,0.24120814757123457,0,0.014247970749461093,0,0.7544163959963123,0,0.00048622912042768136,0,5.176868337329017,0
1481,0.3758928818083145,0,0.020657794440341243,0,0.4705752021421812,0,0.0006172470957157765,0,9.826266026341528,0
1482,0.5832332971326224,0,0.013836399287485179,0,0.9815701695348212,0,0.002529178215848403,0,17.000094903504113,0
1483,0.1692263825010875,0,0.005675567706018885,0,0.44091746057953474,0,0.0004353303209636023,0,3.119780852112079,0
1484,0.2320315225236765,0,0.008141071614953645,0,0.17181407075748248,0,0.0004910351833189672,0,6.138034003619511,0
1485,0.3356273397993231,0,0.04449330436475196,0,0.6325361826659666,0,0.0006725473536335142,0,7.012542987554741,0
1486,0.696253811088365,0,0.005447802104870112,0,0.49658093452057067,0,0.0022741848657903156,0,30.249180807108985,0
1487,0.49774701647394953,0,0.016322235372483576,0,0.9826729637623896,0,0.001447362635540352,0,10.64377903503293,0
1488,0.6859001867283984,0,0.15961686044754825,1,0.9980865552829205,0,0.050080489071524986,1,39.7010932967375,0
1489,0.22731070910858334,0,0.008837996086688848,0,0.6337846676463906,0,0.0005184273668685605,0,3.7410900168860386,0
1490,0.25997299827716075,0,0.00877896317214285,0,0.7372866993767023,0,0.0009329130177054137,0,4.5714975258329975,0
1491,0.5973216553275709,0,0.027246520127660642,0,0.5799148757164772,0,0.002441624741232815,0,23.6293812397192,0
1492,0.2801661173854248,0,0.006174253991754008,0,0.2164259574168018,0,0.000548638510219189,0,5.7014018754036,0
1493,0.1904541283180206,0,0.014782817306839825,0,0.2663016899652261,0,0.0003662205870558322,0,3.91705644298034,0
1494,0.18246505493664084,0,0.005954643715264262,0,0.6006569924922577,0,0.00043770872180753267,0,3.4508734631913436,0
1495,0.1123969313618396,0,0.010953073964835741,0,0.28427494053812963,0,0.0002525483622259802,0,1.3422015082700391,0
1496,0.2999965329422502,0,0.010591201700891294,0,0.6936606471621166,0,0.000790098735460113,0,3.722281429712652,0
1497,0.3195510910725699,0,0.014527209316974718,0,0.5543730067684516,0,0.000582259004826628,0,6.763408534334291,0
1498,0.614042841574,0,0.018668827823638497,0,0.5905392705330438,0,0.0014977026476391138,0,16.13470430181395,0
1499,0.3250749318798709,0,0.028807664381196346,0,0.4964074917539435,0,0.0005209094110168527,0,8.08929420997033,0
1500,0.4482236468714927,0,0.06985066272843755,0,0.5980300885356965,0,0.0071129471887706385,0,9.40585921744564,0
1501,0.43353418435107427,0,0.021583964656865122,0,0.6877127952858829,0,0.0008394345378400692,0,8.221511895980218,0
1502,0.12641488428532302,0,0.010716973102579633,0,0.26090540616034286,0,0.00015245559583395684,0,1.481139801628601,0
1503,0.5097339123919623,0,0.006389004546057854,0,0.470650532874151,0,0.0014774641224390187,0,17.940818229616806,0
1504,0.23483348760956735,0,0.01739212077827426,0,0.5326695213847205,0,0.0009224813774515781,0,1.8008615091878952,0
1505,0.1677974449816252,0,0.011255608453099704,0,0.5196085894415624,0,0.0003232913262626319,0,2.249421557827578,0
1506,0.16446674880069498,0,0.0024902415974020096,0,0.33450833655175205,0,0.00032372926932621945,0,4.525065147997758,0
1507,0.38714271620872376,0,0.02668483937078382,0,0.9198816970606707,0,0.0007333851984495739,0,11.699752543947005,0
1508,0.4553352677234777,0,0.007839032888221426,0,0.8109227577931751,0,0.0014719476171838753,0,20.287155967537615,0
1509,0.24033369903988847,0,0.006486049026382861,0,0.6953093974237229,0,0.0005105212563354815,0,6.0607824225563895,0
1510,0.20128196618867658,0,0.014902422405266257,0,0.3254811981044441,0,0.0006827348388567735,0,3.7504324959419177,0
1511,0.5481498152443318,0,0.0051603792405582015,0,0.396268049357089,0,0.0016286632429851336,0,22.660391221448627,0
1512,0.0801484160575557,0,0.003657337777182722,0,0.2118225060052611,0,0.00019455152714736808,0,1.3766317645263286,0
1513,0.12237912266259982,0,0.010739034703806447,0,0.2895741464584144,0,0.0002686819797723732,0,2.19422077102724,0
1514,0.5870774104548561,0,0.013373661701938822,0,0.96709796633547,0,0.0025610098854449183,0,17.161553948521593,0
1515,0.19715436216629226,0,0.012918414457577767,0,0.5767049091207844,0,0.0004986702582581187,0,4.0014999559216395,0
1516,0.5389100733305032,0,0.01573434185685897,0,0.7945738438077954,0,0.0025957171328513367,0,25.928315724182994,0
1517,0.2649480466888034,0,0.005016734440809122,0,0.4612822951009384,0,0.0006838353186887495,0,5.93251842797482,0
1518,0.2636589549019724,0,0.005785685347123305,0,0.5679373678052991,0,0.000692583171580154,0,5.099136047375831,0
1519,0.2443071260754622,0,0.009003429100660031,0,0.3250925239349352,0,0.0005363060361222577,0,4.913287532014477,0
1520,0.3662219060634494,0,0.009673084638639431,0,0.31381544401824074,0,0.0006763420634451515,0,7.262381879910643,0
1521,0.505800620747345,0,0.023474350567990365,0,0.6049405514378797,0,0.0011095550720765055,0,11.312100876577102,0
1522,0.301465632318696,0,0.013167558360267282,0,0.7841482458744692,0,0.0009524996495089654,0,4.04723017216696,0
1523,0.1877334577865413,0,0.007349575671604393,0,0.5792321333905405,0,0.0004787036420766849,0,3.2648951092853458,0
1524,0.2169622898101176,0,0.005945200764113527,0,0.2729922848798731,0,0.00048270136231304793,0,4.855118623363919,0
1525,0.6797468945028058,0,0.010431880481591025,0,0.8899480695089712,0,0.0044845103326630826,0,42.86589355202727,0
1526,0.19774146187511557,0,0.01353706564024914,0,0.6776704806374764,0,0.0006791870445966979,0,2.9229285898080084,0
1527,0.6146316916927618,0,0.023403085789664078,0,0.627488199248913,0,0.0025993670217789484,0,24.896939610929444,0
1528,0.11462100036602776,0,0.0015939190471662714,0,0.36683655824094813,0,0.00027285665864646515,0,1.7381544535870734,0
1529,0.1369299242624082,0,0.0055087116966611735,0,0.3432579520326046,0,0.00038294521545655623,0,1.6166003670393945,0
1530,0.4023811574259644,0,0.022521583143330342,0,0.6854304845303153,0,0.0007525029948386781,0,13.115913768335329,0
1531,0.112995666585868,0,0.0030522673561575375,0,0.24831902078299817,0,0.00023654930234936442,0,1.148946416847671,0
1532,0.09618223721794149,0,0.004142804662698185,0,0.201270329588882,0,0.00023192994963215153,0,1.8833416653196877,0
1533,0.6482707174011769,0,0.020310122040215553,0,0.5405337284210897,0,0.0015637921989284887,0,16.85998097721223,0
1534,0.1194520221770176,0,0.018990735641588086,0,0.1812703360281855,0,0.00042468942110688717,0,1.163883175363403,0
1535,0.08806349410146931,0,0.006935002397799378,0,0.1544124948626869,0,0.00010987437314417063,0,2.5134621368817993,0
1536,0.10699441703614876,0,0.0032926524129383147,0,0.278432527340701,0,0.0001307739309632467,0,3.242556337626854,0
1537,0.3384958793846334,0,0.040797932939962464,0,0.9884305059106059,0,0.0005321946009981494,0,11.006264214984055,0
1538,0.1876029704926527,0,0.00934920773351832,0,0.3748418981355709,0,0.000519905148496864,0,3.889785052561437,0
1539,0.21808408361775147,0,0.03238728621202638,0,0.40563043751146,0,0.0004610432254332102,0,4.492253046005305,0
1540,0.5734062688595196,0,0.01079300031455597,0,0.8261344502140378,0,0.003948220333247888,0,43.53447650188163,0
1541,0.08893147052342383,0,0.006819415043795365,0,0.15159698562139143,0,9.42864782164645e-05,0,1.0420826353795423,0
1542,0.09785173131838358,0,0.015070462807928493,0,0.20380794653065973,0,0.0002278429923638721,0,1.584723150488968,0
1543,0.07237593120088415,0,0.006995688991885346,0,0.08604396198652134,0,0.0001734722849734531,0,1.0827781172651139,0
1544,0.7441004708473817,1,0.008669134000606822,0,0.9683182845394115,0,0.0058216768776244016,0,52.77484747487786,1
1545,0.1320429400406275,0,0.006775571895878398,0,0.24534316140985973,0,0.00021247617373087204,0,3.132646757445045,0
1546,0.5482900363253563,0,0.005489658132702319,0,0.44811351941573124,0,0.0015030838804734035,0,21.685106597061736,0
1547,0.0684408702649624,0,0.007871700575153703,0,0.20690018541324234,0,0.00014232712619865955,0,0.7806588735126903,0
1548,0.7212704356856907,0,0.1080229867462151,1,0.998555538860991,0,0.021667970849522118,1,30.833375464109423,0
1549,0.292866514884612,0,0.028032489020876357,0,0.6374838362178585,0,0.0005508003677407445,0,7.719273866366931,0
1550,0.5074193214140416,0,0.022288449565979595,0,0.6702468532436672,0,0.001066810691300621,0,10.191012749881708,0
1551,0.12109680638079598,0,0.006932231430958397,0,0.3792022196360439,0,0.0002649351406496986,0,1.8772337253565374,0
1552,0.4547845335337967,0,0.02419237399552341,0,0.8477534874418419,0,0.0010121997642672691,0,15.408236452599485,0
1553,0.2557899639578231,0,0.00308262120528203,0,0.38316235186092296,0,0.0006033928089297493,0,8.43901676086862,0
1554,0.5156242913077093,0,0.007973958046615106,0,0.7843614387714001,0,0.001920951555152508,0,24.22013380558968,0
1555,0.3548951750180146,0,0.03947220944529301,0,0.842046630110006,0,0.0027344424835880382,0,3.364178148190711,0
1556,0.3338699590785616,0,0.017872252749848133,0,0.790004466477557,0,0.001296382623837391,0,6.280341526505623,0
1557,0.12260730178571684,0,0.0076999115764401285,0,0.3746146824300323,0,0.0004227796002377462,0,2.076470163716829,0
1558,0.7097596533764051,0,0.010084258761531968,0,0.6898477702299873,0,0.005138984715945305,0,49.16727824945988,0
1559,0.10537665107550921,0,0.003713363208852982,0,0.2972298208697955,0,0.00026285086710412013,0,1.9040553013664874,0
1560,0.16751026855833634,0,0.008656546321792424,0,0.3402400701133218,0,0.0005192877801394417,0,2.9402211527168833,0
1561,0.20017893405737644,0,0.013032931965919998,0,0.2105208674927997,0,0.0003928613127165312,0,4.205696920308789,0
1562,0.6734757928813878,0,0.021043260922392556,0,0.5515321637440671,0,0.0016724723778722308,0,16.45600983338597,0
1563,0.40323145044787373,0,0.01822675624368724,0,0.5161417958081105,0,0.0008167492775855693,0,8.94819592417984,0
1564,0.11991004384741423,0,0.003649374459670528,0,0.3296245271974671,0,0.0002573930144333492,0,1.9054849659785869,0
1565,0.22226422690416844,0,0.015821964825466075,0,0.23635427140396187,0,0.0003679713685853229,0,4.537946965597037,0
1566,0.32612456680821494,0,0.03594348109738608,0,0.7211323346917496,0,0.0007109152966224622,0,12.812738839974665,0
1567,0.16326904046385454,0,0.010736639970656449,0,0.29777158538662324,0,0.0006574835634300467,0,1.8389075015436422,0
1568,0.31235836266482014,0,0.010766010339779091,0,0.6483963006864586,0,0.0008521421049545233,0,5.7901144479810585,0
1569,0.17094549682408963,0,0.01382485895997642,0,0.41073098966334426,0,0.0003485102353051527,0,2.2455518348944317,0
1570,0.09479628377150665,0,0.011742623485726992,0,0.1984937428068532,0,0.0002663213428339201,0,1.2076731590637197,0
1571,0.17279485885273801,0,0.012490941480799433,0,0.3968297402040153,0,0.00069821129263822,0,2.875901307680663,0
1572,0.6838009732553593,0,0.009306559514422134,0,0.9983330622647402,0,0.004920411795211955,0,53.400818052580476,1
1573,0.15349197066967554,0,0.007837445620898142,0,0.24591177573510759,0,0.000261607425768076,0,3.604761770453604,0
1574,0.03537309260718747,0,0.014471913439866561,0,0.0025377640282009204,0,5.4228910374311414e-05,0,0.23935713577867088,0
1575,0.7872724710322395,1,0.03668503728405039,0,0.9990866914911564,0,0.0033700839526946682,0,34.444472946900156,0
1576,0.23204371620532444,0,0.005985064468877131,0,0.6903634052978137,0,0.00044392774401345777,0,6.380415339087986,0
1577,0.7770571387368705,1,0.006307329918168939,0,0.8896299881598262,0,0.006154105412199308,0,51.60433939588211,1
1578,0.4442348211870945,0,0.013112122563782727,0,0.32504333069163815,0,0.002388843798101563,0,25.42832092258481,0
1579,0.0895122523475507,0,0.01790375813287624,0,0.07550995235278485,0,0.00012876809383115473,0,1.9635031319377916,0
1580,0.15882533320345463,0,0.004588013472207325,0,0.3845760689947979,0,0.0003996491267708525,0,2.9406872545159457,0
1581,0.08484343589708147,0,0.006054673891239908,0,0.09457896849370459,0,0.0001051117236745411,0,1.686026045873763,0
1582,0.24373472247945643,0,0.010293299196182833,0,0.678223516756532,0,0.0006168515642130761,0,4.089808603101018,0
1583,0.5923539717449698,0,0.013873603982805028,0,0.99797829410152,0,0.002649885945884209,0,17.952043460985184,0
1584,0.1748370042186927,0,0.009773629325085877,0,0.4729012208859167,0,0.00043914652942328577,0,2.766442045177805,0
1585,0.24077638375547378,0,0.011968195355949519,0,0.6558644318708003,0,0.0005898041734918771,0,4.478409357988911,0
1586,0.614707988471493,0,0.003942354753736003,0,0.46462577351245077,0,0.0021241837529420394,0,25.8939275100092,0
1587,0.2869958991776616,0,0.009307168418298938,0,0.5866423339355391,0,0.0006583201359173806,0,5.2911269267664665,0
1588,0.1968263285679503,0,0.006101271224048908,0,0.5641370564192415,0,0.0005460811137636903,0,3.557900212649204,0
1589,0.48561684745502215,0,0.014854376241590821,0,0.5108485223825264,0,0.0009022340564184895,0,11.669086079167254,0
1590,0.29775790399129165,0,0.008095846463723617,0,0.4145097658308092,0,0.000703787785194543,0,6.258198093623145,0
1591,0.34739043535744224,0,0.02200983590668686,0,0.8847758243279874,0,0.0007784129913125853,0,5.52874514888836,0
1592,0.6997450158202227,0,0.0894951985875793,0,0.998780880356409,0,0.015622388364052456,1,22.87684021149226,0
1593,0.6589761350386976,0,0.015790960895169976,0,0.9994682713454001,1,0.002087182511715209,0,20.439574170680295,0
1594,0.6511210225106154,0,0.039780464911851124,0,0.9671589392259778,0,0.0022749998905555622,0,19.585908317614233,0
1595,0.2626483109536752,0,0.011317036671103077,0,0.8448484334698092,0,0.0007191416150330341,0,4.395274460688103,0
1596,0.4870782855506445,0,0.02519398503620903,0,0.9983573775604941,0,0.0009716709144702224,0,11.431058513601645,0
1597,0.337937598326639,0,0.017793218825650107,0,0.9587124139856572,0,0.0008456049967098234,0,5.329733573129118,0
1598,0.7065335776243284,0,0.2704412480612351,1,0.9972401410771221,0,0.0630797930305005,1,51.959277549182524,1
1599,0.37874611255656415,0,0.010506798728171245,0,0.5750249493674626,0,0.001118921771329318,0,11.045165483152829,0
1600,0.7340419993210157,1,0.028165844249746205,0,0.999682156600396,1,0.0037031327728560305,0,42.77928476481726,0
1601,0.5680543102007438,0,0.007881391835364583,0,0.8538773579125072,0,0.0018205690289568954,0,26.06378512609544,0
1602,0.4593469615645564,0,0.02118578192728418,0,0.9990463091823701,0,0.0011402139469396343,0,11.245668270207336,0
1603,0.8367462016188313,1,0.009341651063414662,0,0.5901957160199272,0,0.0075778847838823315,0,63.10900612632054,1
1604,0.1980585316439524,0,0.0032978599352074564,0,0.5399837114262925,0,0.0005381355318384048,0,3.3581055796012613,0
1605,0.2930991428353489,0,0.01333894311546478,0,0.6750955083911053,0,0.0006253017449024578,0,3.1396675014151523,0
1606,0.570659861703656,0,0.013836181834164631,0,0.9410691552348435,0,0.002394187560914669,0,14.146963064972605,0
1607,0.21533193161220085,0,0.017162027578433752,0,0.7642773605300183,0,0.0006716419034095736,0,4.305044132798413,0
1608,0.3913507729519465,0,0.015429064355340335,0,0.8803548136213901,0,0.0014934670709833336,0,6.4074064641800295,0
1609,0.582688836070938,0,0.04259287423575277,0,0.6688839223754369,0,0.001841464127612969,0,16.361073119601507,0
1610,0.6462123425063424,0,0.0045564201069835195,0,0.44421660185973394,0,0.0022130446058636,0,28.013256082431003,0
1611,0.705552396470264,0,0.024601367627025313,0,0.6347970403584747,0,0.0019215761309964152,0,17.633539365462603,0
1612,0.7308862802338962,1,0.00880559526733036,0,0.8933458168321777,0,0.005788033751522931,0,63.68930555263438,1
1613,0.5382216298731529,0,0.020549942465067358,0,0.8462842443980987,0,0.002425017318028588,0,26.52079115239612,0
1614,0.4373221930829418,0,0.015979233085701754,0,0.5698723596464047,0,0.0009144444426281795,0,13.791976948991922,0
1615,0.32733427085896544,0,0.009550406618624633,0,0.8579446945856728,0,0.0008382893817431385,0,6.587399647832044,0
1616,0.3276799273825412,0,0.01686292849318427,0,0.5153232340159775,0,0.0006114393800078736,0,6.403960739402699,0
1617,0.2608674663444412,0,0.0046714628339038465,0,0.3093032705299164,0,0.0005731222992023338,0,5.06708666635907,0
1618,0.2434980423192786,0,0.00463811434765908,0,0.3959606456980436,0,0.0005428987206150647,0,4.931008069066048,0
1619,0.13486582802709,0,0.0037704466264636563,0,0.2961824587764248,0,0.0002852530003329703,0,1.4704335209989103,0
1620,0.1774402489536779,0,0.0061234765645010215,0,0.5295119618681279,0,0.0005080754125312061,0,3.236366713359095,0
1621,0.28011117069202857,0,0.022575505463827354,0,0.7491247833636677,0,0.0006564905889872112,0,4.660860252997138,0
1622,0.3417659254265316,0,0.012741286965623778,0,0.6365668995343633,0,0.000839844935447918,0,6.993178439856543,0
1623,0.312456239661428,0,0.01784490326652474,0,0.8528267686366469,0,0.0007447594307511375,0,5.0036177032947675,0
1624,0.5206960153885156,0,0.017564515972987048,0,0.553890426470741,0,0.0009996405228666918,0,13.850632334982063,0
1625,0.33187386787115297,0,0.013194459926109962,0,0.4298334289030732,0,0.0007755389358842244,0,7.260995801295385,0
1626,0.35579767983126526,0,0.02739719716612442,0,0.9969640416923297,0,0.0011089031479389541,0,8.813863033034849,0
1627,0.2896006226111201,0,0.008475353399919859,0,0.8177297924750686,0,0.0008815646886020668,0,4.957213758360497,0
1628,0.8222267050084272,1,0.010484202240274201,0,0.9993268168938981,1,0.006330553615153595,0,60.7753734723104,1
1629,0.21147970287977985,0,0.008261227915994814,0,0.5628021319571788,0,0.0006037345176374193,0,3.6815302956579403,0
1630,0.28326124012097353,0,0.011652153878235705,0,0.4181537826112463,0,0.0007248876861722174,0,6.881235069356871,0
1631,0.22477640366605459,0,0.009287153392588343,0,0.7733389146785111,0,0.0006791208277601114,0,4.288556450168904,0
1632,0.3096211183232579,0,0.011894045815063176,0,0.7946583366801884,0,0.001057551157103972,0,4.583261482605231,0
1633,0.4744683107026944,0,0.01836511169662664,0,0.9998581947567321,1,0.0014214743917005336,0,9.82649231043736,0
1634,0.27474644350239824,0,0.00722794354082951,0,0.7187651575529614,0,0.0009539556202113096,0,5.14881671618471,0
1635,0.16450476264330194,0,0.0029083071310585513,0,0.4557239262029219,0,0.0004359332380557113,0,2.5933633737205612,0
1636,0.33771327092015213,0,0.019196517866410003,0,0.7828091134134156,0,0.0008055378949308993,0,7.112265385034422,0
1637,0.3016217901445267,0,0.014694053022108808,0,0.3754352056044917,0,0.0007510612520876719,0,9.195979525297574,0
1638,0.6196274516473887,0,0.0511985958861994,0,0.9992093981213755,1,0.0032355322125251712,0,31.968909417754638,0
1639,0.09058976385357433,0,0.0068587686346128635,0,0.19194191335247895,0,0.00019988840032544473,0,1.5515134465013525,0
1640,0.29127020785821295,0,0.02032576074815941,0,0.5824809427430376,0,0.0004828281936637267,0,7.5781342613905895,0
1641,0.5887626999641361,0,0.003512227575515924,0,0.37358707138978114,0,0.0019137352311619194,0,25.599139800509413,0
1642,0.7402482034200326,1,0.053280260831269854,0,0.8966301846425175,0,0.002339454711782172,0,23.955875004624925,0
1643,0.0762932838629633,0,0.00866714836050104,0,0.2264542251341655,0,0.00016072423478226,0,0.7394917719053696,0
1644,0.7650273775327793,1,0.16342024166225555,1,0.9989512853278758,0,0.06770166080782397,1,61.48137682915444,1
1645,0.5982127757101625,0,0.009655373255348371,0,0.9997173799827218,1,0.0018425178797330127,0,28.401024757471408,0
1646,0.2255583055864649,0,0.008606244905644439,0,0.5527110459444174,0,0.00045680440523699473,0,3.7094180079252324,0
1647,0.29056940018736965,0,0.02502958404949703,0,0.7081617782348409,0,0.0009013460980428978,0,3.1460456718252274,0
1648,0.7216226333426977,0,0.022016363802577,0,0.9341420157756657,0,0.0032781435327977793,0,38.20737956074294,0
1649,0.3477504534012237,0,0.012237555200811653,0,0.4010035065563499,0,0.0011446784869750123,0,13.077748214358504,0
1650,0.25971528032739133,0,0.011596421751220446,0,0.8522341310663896,0,0.0007087230171427962,0,4.723454829349297,0
1651,0.5216317454067755,0,0.01999646883095688,0,0.9654301798005326,0,0.0012711790166631061,0,13.21794722519763,0
1652,0.21448926892429787,0,0.0074723263369625105,0,0.6668823237605336,0,0.0007103115827676943,0,3.63754490741985,0
1653,0.34571094680021325,0,0.010049025417321436,0,0.9032921085115222,0,0.0011220291562514491,0,6.298766504006387,0
1654,0.19102629462258566,0,0.00391688564310527,0,0.4662293629783985,0,0.0005000862053087766,0,3.549954809178689,0
1655,0.27428023193020573,0,0.022758276083476026,0,0.7528056359008363,0,0.0006311134991193579,0,5.056351614648276,0
1656,0.2753280197601774,0,0.005527046045765469,0,0.4316068278443873,0,0.0006592257610998681,0,5.348905837026533,0
1657,0.19858769958349878,0,0.010049775438618175,0,0.3955071675098564,0,0.0006038640941915145,0,3.941061560217945,0
1658,0.2964599082099549,0,0.010565702950661334,0,0.28538814972502713,0,0.0006459792793034132,0,7.035146679954143,0
1659,0.7323553796872773,1,0.0164381333880397,0,0.9983157036745046,0,0.006894834092462593,0,76.50064245835287,1
1660,0.31631678419567616,0,0.00928470376901524,0,0.7929744101660071,0,0.0008385824266016992,0,6.471925823549563,0
1661,0.8867142719737552,1,0.0408208533980841,0,0.9977410772622399,0,0.011718649250098093,1,108.11422935850926,1
1662,0.8280016547411844,1,0.010694522214401626,0,0.7451954541017821,0,0.006764806182749952,0,65.28898069242098,1
1663,0.4263955269600417,0,0.028361625097387443,0,0.9410854675401091,0,0.0020480225832874214,0,6.73066468926603,0
1664,0.4182180262318988,0,0.03296124567277277,0,0.6060208213769785,0,0.0012395298376909054,0,18.89599275379687,0
1665,0.4339849503153508,0,0.018319356384005267,0,0.5346870182997508,0,0.0009607816744739597,0,9.955731823144998,0
1666,0.6777886208242182,0,0.05537060422038641,0,0.9987474095273553,0,0.004571488451635139,0,60.529510530058914,1
1667,0.23158464710962795,0,0.008636585731508469,0,0.6342521172702854,0,0.0009537505835499626,0,4.02300122784663,0
1668,0.374592146160762,0,0.019215363780035702,0,0.5591743804739429,0,0.0008687906635588193,0,11.379189654995765,0
1669,0.24857586549546937,0,0.005727352880324379,0,0.5034023135553116,0,0.0005798686443827659,0,5.05226898221782,0
1670,0.15112468902073725,0,0.0026858455589648944,0,0.42000718557261324,0,0.00043912007575327175,0,2.76712630857926,0
1671,0.5834230199623875,0,0.04642223912104825,0,0.8602208984041243,0,0.002809770878098007,0,27.20827191350974,0
1672,0.560212192245929,0,0.011708892112552433,0,0.8656316549563111,0,0.002320370922009414,0,14.670859159708744,0
1673,0.7751227992343772,1,0.04573406197557531,0,0.9996139183854725,1,0.0028244584385351767,0,25.04789802427447,0
1674,0.1814664176786629,0,0.006441362426115299,0,0.6203563818267507,0,0.00060112734532735,0,3.3287233368212967,0
1675,0.1518246038872498,0,0.004029760923421067,0,0.42172740116254104,0,0.0003838472788359602,0,2.312628578936584,0
1676,0.3205879377704331,0,0.015025848887823113,0,0.3782895012613963,0,0.0007978910406596545,0,10.498024957858672,0
1677,0.2168796175531224,0,0.009323538761181561,0,0.6997651820121925,0,0.0006114868289411587,0,3.97144521057542,0
1678,0.2654369790298586,0,0.005225861806653303,0,0.33525367054711364,0,0.0006167816284758064,0,5.459160801045106,0
1679,0.2624698105143837,0,0.025181335305063703,0,0.8499425200618332,0,0.0007382307310333921,0,5.02617321852261,0
1680,0.5881776988234637,0,0.022368637533435726,0,0.9985667439250171,0,0.0032552851699913115,0,38.40502894962987,0
1681,0.26249281618847664,0,0.022278927872484953,0,0.7893683212539889,0,0.0006454435614721866,0,4.072514843087343,0
1682,0.3544755178662945,0,0.024206166389042265,0,0.8605734605977727,0,0.000762379186184472,0,5.497990914036507,0
1683,0.280608582807043,0,0.015384382335816802,0,0.6417839032676219,0,0.0006347023862525419,0,2.915278005869117,0
1684,0.29443583144381413,0,0.007282942695358968,0,0.302126623621641,0,0.000617225394618573,0,6.1936820748541965,0
1685,0.18680388543349608,0,0.012145082949292077,0,0.3099492542417057,0,0.00038629198296165357,0,4.948648919809473,0
1686,0.7142580486893021,0,0.015502146790687187,0,0.9695076833913326,0,0.002892290966317082,0,41.376802233602305,0
1687,0.3871547099175888,0,0.013478338246786488,0,0.7158692698203368,0,0.0012236687751886537,0,9.187275962565213,0
1688,0.6945843999074836,0,0.012914268933240401,0,0.5426952767272197,0,0.002941499970571225,0,38.03103719723297,0
1689,0.6917913155781173,0,0.11408299062081027,1,0.9985084714633988,0,0.021838520123778342,1,32.07984199624619,0
1690,0.21536401504989638,0,0.0094376508285985,0,0.6309437514316151,0,0.0005195353523438003,0,2.8465885914196716,0
1691,0.6949495151507188,0,0.05626139971558477,0,0.9977983505828646,0,0.002720824752015886,0,24.267290118280748,0
1692,0.4521744874944682,0,0.03639650013899481,0,0.9619440869133766,0,0.0008379199328756848,0,10.509511258723418,0
1693,0.5310492001209741,0,0.009362893976762673,0,0.6928574522258796,0,0.002232947871007085,0,25.430548540174605,0
1694,0.3740228339498023,0,0.026172723145681653,0,0.9974450404663981,0,0.0015500686744348822,0,5.022580631151347,0
1695,0.6329250895570785,0,0.008643865203896024,0,0.9993321886544132,1,0.0020612947845263067,0,27.267856626237954,0
1696,0.33033770189007644,0,0.012101973727326423,0,0.9330619802725676,0,0.0007506429539532874,0,5.002404671925069,0
1697,0.35999346538927474,0,0.01000984694104206,0,0.5514519363164797,0,0.0010628314048962118,0,10.87384028271437,0
1698,0.4397316041949856,0,0.015700318945462654,0,0.5880759473869805,0,0.0010864157067994392,0,13.202100008188655,0
1699,0.36986902703299945,0,0.014257336228993427,0,0.7544098536708055,0,0.0007939599804001588,0,6.480801223428253,0
1700,0.24990826256889795,0,0.00865455952396032,0,0.7506426520178954,0,0.000668043028169085,0,3.96830631945911,0
1701,0.3393832636544384,0,0.025419667327686458,0,0.9181288511233551,0,0.0008433530902686721,0,7.100611095395666,0
1702,0.310929007827463,0,0.008169948919685355,0,0.5410954383853562,0,0.0007696239636065977,0,6.1867617749878745,0
1703,0.560928023738535,0,0.01417722162101195,0,0.9376188973132995,0,0.002346793945945155,0,13.135673800944861,0
1704,0.2553243566503965,0,0.012907320589155481,0,0.6980356870564138,0,0.0006077858949013322,0,3.810881970695892,0
1705,0.5537151980323802,0,0.026182859476761702,0,0.9988493882971922,0,0.0023392962450996843,0,27.585266521215267,0
1706,0.14030862708511818,0,0.001775688855261914,0,0.43229138923333493,0,0.00035457068749276006,0,2.061142944161309,0
1707,0.49324671375369233,0,0.03157642160898983,0,0.792320498646798,0,0.0013468026264958307,0,20.35368445213738,0
1708,0.37364440963102347,0,0.014162904317032017,0,0.7962712763576548,0,0.0008475279526305358,0,8.909674141448424,0
1709,0.27895234704623667,0,0.01320356740972518,0,0.5624650309303314,0,0.0006129455373167363,0,5.295059001205398,0
1710,0.12015935851981156,0,0.005484560566459321,0,0.3187082964661733,0,0.00039871342561930204,0,1.8725187860746502,0
1711,0.4380445213010684,0,0.019447490963786774,0,0.493938103779415,0,0.0009667989476506767,0,9.920718035497263,0
1712,0.22599847919503185,0,0.011666907369194532,0,0.20595400067579547,0,0.0004196808533011542,0,5.209710629488981,0
1713,0.6805651685553474,0,0.007056049464090463,0,0.5181462017470827,0,0.005834611977615406,0,64.14696968596189,1
1714,0.25669758043392227,0,0.019059333932208253,0,0.4112797257943864,0,0.0007026700293342374,0,11.38502676587978,0
1715,0.54793763814509,0,0.024140195727073904,0,0.7699258109019085,0,0.001643873496256842,0,15.666053208028506,0
1716,0.8298792675254538,1,0.014203104468090448,0,0.9984162007327404,0,0.008732116850235557,0,74.75718315174807,1
1717,0.09063687183110145,0,0.013558191744955013,0,0.05658164035803574,0,0.00012342434028061924,0,1.621806030201641,0
1718,0.06314424962661176,0,0.0140746446928656,0,0.045032621521491095,0,0.0001265177725169211,0,0.9232373896253533,0
1719,0.6739510657898826,0,0.025376407486893765,0,0.7606212413196274,0,0.0021978782220876698,0,20.532079209062392,0
1720,0.023681297174199947,0,0.010361422140667608,0,0.073928561842477,0,3.338347209815229e-05,0,0.15536566908764451,0
1721,0.16382784737375494,0,0.009741897687062236,0,0.21474920387338348,0,0.0002831482802919567,0,4.136206575178722,0
1722,0.10868356377610883,0,0.018574366444515298,0,0.1786771408537281,0,0.00024125586586100104,0,1.8692237648786059,0
1723,0.09260505377902382,0,0.0025307725491395755,0,0.25642174149648145,0,0.00011572905514886502,0,2.8753812795536886,0
1724,0.32179926337019954,0,0.030967800024170582,0,0.5286835752009936,0,0.000630536517862143,0,7.400771216782815,0
1725,0.1184522817674122,0,0.0019461264379262494,0,0.36365983003934904,0,0.00030184204390610073,0,1.8795709241002831,0
1726,0.32596116746044457,0,0.00796488489404754,0,0.5063406746066836,0,0.0008683730857782434,0,9.155387009997536,0
1727,0.21326111883790208,0,0.012221735909896803,0,0.25520004069525254,0,0.0006327962166183769,0,6.194656115006931,0
1728,0.3543372897065737,0,0.016347981348584954,0,0.8745886601978532,0,0.001260295534131688,0,6.548192496273356,0
1729,0.34710443466287094,0,0.010222048153334093,0,0.5812585359300295,0,0.001022724035258871,0,7.774504968531176,0
1730,0.7579993402103012,1,0.011763230995510379,0,0.9976544500262509,0,0.005739590710648274,0,54.95873348783622,1
1731,0.11516279055683913,0,0.004043240822494913,0,0.2637235700992221,0,0.00028701549185872384,0,1.4815506433508987,0
1732,0.17896393615406117,0,0.008128968751534384,0,0.4177064214283103,0,0.0007780133736368013,0,2.862302339635222,0
1733,0.6825405790753502,0,0.007072215549467526,0,0.6323539353993931,0,0.0022714293892500547,0,30.968824433024444,0
1734,0.2266368748448558,0,0.007972708471339258,0,0.49043700684482266,0,0.0004989386505712761,0,2.9592495765430744,0
1735,0.3288352450980196,0,0.00933037727639036,0,0.5869951723382145,0,0.0011495812995924544,0,8.235802954841539,0
1736,0.6919296288121317,0,0.17923197403099445,1,0.9994015224652817,1,0.04247551216123915,1,45.094504229121696,0
1737,0.17033506340247598,0,0.004224921164461378,0,0.4404264259400024,0,0.0003411600092315468,0,2.020050057523288,0
1738,0.5334538882996606,0,0.022049101227275863,0,0.7577659867682277,0,0.0013727046820878658,0,11.716471206777962,0
1739,0.6309888103564844,0,0.006413586324658341,0,0.4250778049286364,0,0.002429305296839017,0,31.077704936236692,0
1740,0.3354568983476184,0,0.03716580248934102,0,0.6783422138646402,0,0.0006272984387087906,0,8.187601366174812,0
1741,0.5258825835146312,0,0.010819901393647193,0,0.8803506806536364,0,0.001534336341419673,0,22.60042023008187,0
1742,0.21382442797524254,0,0.0038074406838519903,0,0.34773603239364964,0,0.0006259798905075584,0,7.4448116683182235,0
1743,0.43695419686666587,0,0.012784590061198033,0,0.6004601745541049,0,0.0015332097777104856,0,16.12222079661676,0
1744,0.11334847513727977,0,0.0093583790534323,0,0.3601521270881451,0,0.00021300852650596314,0,1.5945806579812043,0
1745,0.3327026284607208,0,0.06277441067191364,0,0.6507816893591775,0,0.0018976273778848957,0,3.1560739169859198,0
1746,0.4397382627819421,0,0.05090113542294974,0,0.9989463341525673,0,0.0011223278832002048,0,13.858454618959858,0
1747,0.4161032586172336,0,0.009757513789267197,0,0.5843643596322631,0,0.0017791254004508761,0,9.16274648091613,0
1748,0.43445945756044874,0,0.02928364104423648,0,0.6996808130993069,0,0.0017997426016360422,0,25.1482082976491,0
1749,0.6386267683213059,0,0.0050612812447876744,0,0.5429258104623137,0,0.0018157950025623304,0,23.506987080332713,0
1750,0.18449879240365097,0,0.004328020085784878,0,0.19274320470243336,0,0.0003857875481130997,0,3.9096856766209784,0
1751,0.2559235148410461,0,0.025443530051339872,0,0.8601689618625352,0,0.0007302032924044537,0,4.92487362296616,0
1752,0.31325972990863715,0,0.05336302259328272,0,0.717481629324414,0,0.0011012570575222032,0,9.384313027828926,0
1753,0.21048920275854527,0,0.006557360394303486,0,0.5303482313487149,0,0.0008383877544024142,0,2.605805468811023,0
1754,0.21763656448832575,0,0.004114180056104602,0,0.16692101474153337,0,0.0004539754990878357,0,4.757288704819274,0
1755,0.20515998369393018,0,0.0041056363162690806,0,0.18695122247599757,0,0.00043299843018962966,0,4.166944582016927,0
1756,0.22479205234536512,0,0.013448410733695147,0,0.5043034466554375,0,0.00042809214650146496,0,3.2931095688376066,0
1757,0.79595133718472,1,0.04097339512655653,0,0.999613905039344,1,0.0027002755220066088,0,25.221204522421733,0
1758,0.11504040333227929,0,0.010035715654501016,0,0.3402410374549501,0,0.00028539815234278993,0,1.917284182561977,0
1759,0.19512243672350404,0,0.004123645237333123,0,0.18740315039339234,0,0.0003730036098074519,0,4.15865765459093,0
1760,0.13831000342915364,0,0.009426772652234652,0,0.2625688702678572,0,0.00023389691999703522,0,1.2954174197599992,0
1761,0.7888155790939518,1,0.00603960706910697,0,0.5961792935044449,0,0.006697929178935258,0,56.24826224132678,1
1762,0.19066085763285606,0,0.014236404436935923,0,0.6383639545930927,0,0.0005255684421827521,0,5.73507291315664,0
1763,0.41735757360971415,0,0.04098174090676361,0,0.8715765043549542,0,0.0014343996694422348,0,21.730671143495833,0
1764,0.24790847425580645,0,0.010595109914358141,0,0.4810262477996451,0,0.0009065575489266751,0,4.983096360008515,0
1765,0.10644769312635548,0,0.006080714789614407,0,0.22655251625277345,0,0.0002712083237421171,0,1.1367093193840034,0
1766,0.13567547663984947,0,0.003998109867106071,0,0.21739748929534752,0,0.00029143010156077717,0,2.567888647293836,0
1767,0.2913876026575603,0,0.014048806527901999,0,0.3865810282985296,0,0.0006472271259297924,0,7.364818316238238,0
1768,0.02626048302436145,0,0.01277400323550493,0,0.034042665985751494,0,5.0510667271974255e-06,0,0.2590044855912213,0
1769,0.24477190425345655,0,0.009853843275659073,0,0.4013026807749285,0,0.0007451667128368271,0,3.2988822383001577,0
1770,0.039102471073459204,0,0.015052364976564786,0,0.008899431646586594,0,5.452466206873107e-05,0,0.18841362761676927,0
1771,0.6502799641864135,0,0.012968191817908226,0,0.9989693552456674,0,0.0046309495721214506,0,51.96634402072044,1
1772,0.2430405235971393,0,0.014302667717728295,0,0.4336843710534205,0,0.0006894968396052705,0,11.362144225760307,0
1773,0.666279803795945,0,0.00742831966690026,0,0.9016147114783668,0,0.004869212591821715,0,49.21146846125214,1
1774,0.1415952358886617,0,0.010195081624581995,0,0.2416687135966486,0,0.00041124661733689676,0,2.99253003468072,0
1775,0.14581581720184209,0,0.020959836061468628,0,0.18992309851726713,0,0.0002906960150268345,0,3.3263224866302403,0
1776,0.15105439829454867,0,0.018525912147855594,0,0.21280278949085457,0,0.00040225680774863716,0,4.329354053264121,0
1777,0.5108216726085028,0,0.03106906405732367,0,0.9993316575179512,1,0.00208616127617843,0,29.9107515389719,0
1778,0.07823567183185366,0,0.00939942219087874,0,0.16835233269495928,0,0.0001371947147240201,0,0.46996220355899787,0
1779,0.13238226577862677,0,0.014312394686028932,0,0.22701935537938803,0,0.0003708582193445194,0,1.3423065928794085,0
1780,0.2292606508826832,0,0.01078673353749368,0,0.7382216846519775,0,0.0004709018960603091,0,5.217057757924924,0
1781,0.05336964801345345,0,0.004451625053779893,0,0.1384070614774238,0,0.00013942143480090614,0,1.1027250381430442,0
1782,0.15255294468739952,0,0.007332320447986352,0,0.3746075985258865,0,0.00037888274295360736,0,3.786721433802356,0
1783,0.6222911793935245,0,0.007096393723047957,0,0.5020131668585907,0,0.002432170258789765,0,33.89418989345669,0
1784,0.41485397037096927,0,0.008928188173335329,0,0.6889353782246211,0,0.0008696611802900228,0,7.35558526086695,0
1785,1.0,1,1.0,1,0.9987542734284615,0,1.0,1,743.7454537764391,1
1786,0.11046122622830327,0,0.003872848834729512,0,0.30788973401706304,0,0.00022877539270169705,0,1.3931863673577956,0
1787,0.36326252746220117,0,0.03327779507170898,0,0.7183796695059822,0,0.000647787118100626,0,9.293829169799091,0
1788,0.3381664231506752,0,0.010486439318478018,0,0.5227552953670808,0,0.0010304958730676292,0,12.523771020775095,0
1789,0.2460211377179789,0,0.0033573813920447196,0,0.33750594923199284,0,0.0006143139846620301,0,7.840374884390987,0
1790,0.41316248225743646,0,0.0739203623763507,0,0.9232852152851181,0,0.002711186019377083,0,4.150333018306833,0
1791,0.14108559056516565,0,0.007018771572497243,0,0.3798293209896764,0,0.00023135201586676273,0,1.5981623610102689,0
1792,0.5576587241147225,0,0.014110596327784474,0,0.9873022439745202,0,0.0015586557334307742,0,22.694587300196865,0
1793,0.24977713870407628,0,0.006636516354922336,0,0.5899092849922515,0,0.0006643993443232577,0,5.785434251677396,0
1794,0.2704004888976688,0,0.03651403797850882,0,0.5901686787202746,0,0.0006130192506663189,0,4.962054396122203,0
1795,0.11172621166464083,0,0.0018628935824420564,0,0.3725834377921109,0,0.00028306213350236617,0,1.8341449086165844,0
1796,0.18910486035191235,0,0.00337401636639092,0,0.45419344489194385,0,0.0004067525161024023,0,2.463129397376702,0
1797,0.22576099929308766,0,0.017892142174597177,0,0.607536077801516,0,0.0005078943149282999,0,3.4304911640330005,0
1798,0.2950032865178545,0,0.012661221031689996,0,0.6396778280916807,0,0.0008944537306301517,0,3.291640840920975,0
1799,0.3487024611998914,0,0.025271294624489498,0,0.4386788724903835,0,0.0009613401175576988,0,14.325570802844771,0
1800,0.21201795267103335,0,0.016771951940632208,0,0.7086200644227775,0,0.0005172617211540165,0,5.167153733056052,0
1801,0.20278629551700172,0,0.0037843984369703735,0,0.14574526569206264,0,0.00043655498383873663,0,4.591682256725605,0
1802,0.5718608139416983,0,0.009220486383671673,0,0.5942835038925767,0,0.0015712256781872645,0,18.82617313870181,0
1803,0.18446914517939086,0,0.008015394893902366,0,0.36906044067104204,0,0.0004230167134561523,0,1.7743369446653645,0
1804,0.6838519460953816,0,0.007116996067410753,0,0.3902856691047699,0,0.005001067974399084,0,50.95189431019092,1
1805,0.32814084319312087,0,0.009451491176046972,0,0.5689173767862818,0,0.001103958122760519,0,7.671650217469946,0
1806,0.10938662545677623,0,0.0038599250049070194,0,0.29846256955837314,0,0.0003046027870393236,0,1.5397237800815435,0
1807,0.27343445857319115,0,0.01118314086677278,0,0.5614611806237593,0,0.0007006426788819087,0,4.400232714895556,0
1808,0.1455722080261857,0,0.010426432566115494,0,0.2377159787764178,0,0.00035436742301840044,0,3.0068633221073133,0
1809,0.09750392434044852,0,0.001982851538579942,0,0.2615216206538382,0,0.0002806995588988628,0,2.061942144319545,0
